/*
 * Generated by 4.Software/UI/tools/build_lvgl_assets.py.
 * Font: Microsoft YaHei (regular), 14px, 4bpp.
 * Contains only glyphs used by the EasyGo simulator UI.
 */
#include "lvgl.h"

static LV_ATTRIBUTE_LARGE_CONST const uint8_t glyph_bitmap[] = {
    0x08, 0xd0, 0x08, 0xd0, 0x07, 0xc0, 0x07, 0xc0, 0x07, 0xc0, 0x06, 0xb0, 0x06, 0xb0, 0x06, 0xb0,
    0x00, 0x00, 0x04, 0x90, 0x07, 0xc0, 0x08, 0xca, 0x90, 0x07, 0xa9, 0x80, 0x05, 0x98, 0x70, 0x00,
    0x00, 0x00, 0x00, 0x00, 0x00, 0x00, 0x00, 0x00, 0x00, 0x00, 0x00, 0x00, 0x00, 0x00, 0x00, 0x00,
    0x00, 0x00, 0x00, 0x00, 0x00, 0x00, 0x00, 0x00, 0x09, 0x60, 0xb3, 0x00, 0x00, 0xc3, 0x0e, 0x10,
    0x00, 0x0e, 0x02, 0xc0, 0x02, 0xdd, 0xed, 0xee, 0xd7, 0x00, 0x69, 0x09, 0x60, 0x00, 0x09, 0x60,
    0xc3, 0x00, 0x8d, 0xfd, 0xdf, 0xdc, 0x00, 0x0e, 0x03, 0xc0, 0x00, 0x03, 0xc0, 0x69, 0x00, 0x00,
    0x69, 0x09, 0x60, 0x00, 0x00, 0x00, 0x00, 0x00, 0x00, 0x00, 0x03, 0x90, 0x00, 0x00, 0x7d, 0xfc,
    0x30, 0x06, 0xe7, 0xa6, 0x90, 0x0c, 0x83, 0x90, 0x00, 0x0b, 0xa3, 0x90, 0x00, 0x05, 0xfb, 0x90,
    0x00, 0x00, 0x5d, 0xe6, 0x00, 0x00, 0x03, 0xde, 0xa0, 0x00, 0x03, 0x94, 0xf3, 0x01, 0x03, 0x91,
    0xf3, 0x0b, 0x75, 0xaa, 0xd0, 0x04, 0xce, 0xea, 0x20, 0x00, 0x03, 0x90, 0x00, 0x00, 0x03, 0x90,
    0x00, 0x05, 0xdd, 0x80, 0x00, 0x4d, 0x00, 0x2e, 0x21, 0xd4, 0x00, 0xd4, 0x00, 0x5a, 0x00, 0x87,
    0x08, 0x90, 0x00, 0x5b, 0x00, 0x97, 0x2e, 0x10, 0x00, 0x2e, 0x32, 0xd2, 0xb6, 0x00, 0x00, 0x04,
    0xcc, 0x56, 0xb2, 0xbe, 0xb1, 0x00, 0x00, 0x1e, 0x2b, 0x60, 0x99, 0x00, 0x00, 0x98, 0x0f, 0x10,
    0x3c, 0x00, 0x04, 0xd1, 0x0f, 0x10, 0x3c, 0x00, 0x0c, 0x40, 0x0b, 0x60, 0x98, 0x00, 0x7a, 0x00,
    0x02, 0xcd, 0xa1, 0x00, 0x1a, 0xee, 0x80, 0x00, 0x00, 0x00, 0xab, 0x23, 0xe5, 0x00, 0x00, 0x00,
    0xd6, 0x00, 0xc7, 0x07, 0xc0, 0x00, 0xab, 0x05, 0xe2, 0x06, 0xc0, 0x00, 0x1e, 0xed, 0x30, 0x08,
    0xa0, 0x02, 0xdb, 0x7d, 0xa1, 0x0b, 0x60, 0x0c, 0xa0, 0x01, 0xbb, 0x2e, 0x10, 0x1f, 0x40, 0x00,
    0x1d, 0xe8, 0x00, 0x1f, 0x50, 0x00, 0x09, 0xf4, 0x00, 0x0a, 0xd5, 0x34, 0xbd, 0x9e, 0x53, 0x01,
    0x8d, 0xfd, 0x81, 0x09, 0xed, 0x0d, 0x60, 0x0c, 0x50, 0x0b, 0x40, 0x00, 0x00, 0x00, 0x00, 0x00,
    0x00, 0x00, 0x00, 0x00, 0x00, 0x00, 0x00, 0x00, 0x00, 0x00, 0x00, 0x00, 0x1e, 0x30, 0x0a, 0x80,
    0x02, 0xe1, 0x00, 0x8a, 0x00, 0x0b, 0x60, 0x00, 0xd4, 0x00, 0x0e, 0x40, 0x00, 0xd4, 0x00, 0x0c,
    0x60, 0x00, 0x8a, 0x00, 0x03, 0xe1, 0x00, 0x0a, 0x80, 0x00, 0x2d, 0x30, 0x8a, 0x00, 0x00, 0xc5,
    0x00, 0x05, 0xd0, 0x00, 0x0f, 0x30, 0x00, 0xb7, 0x00, 0x09, 0x90, 0x00, 0x8a, 0x00, 0x09, 0x90,
    0x00, 0xb7, 0x00, 0x0e, 0x30, 0x05, 0xd0, 0x00, 0xc6, 0x00, 0x7b, 0x00, 0x00, 0x00, 0x5b, 0x00,
    0x00, 0x4a, 0x00, 0x4c, 0x9b, 0xa9, 0x02, 0xbe, 0x41, 0x03, 0xc6, 0x90, 0x08, 0x50, 0xb1, 0x00,
    0x00, 0x00, 0x00, 0x00, 0x00, 0x00, 0x00, 0x00, 0x00, 0x00, 0x00, 0x00, 0x00, 0x00, 0x00, 0x00,
    0x5b, 0x00, 0x00, 0x00, 0x00, 0x5b, 0x00, 0x00, 0x00, 0x00, 0x5b, 0x00, 0x00, 0x04, 0xff, 0xff,
    0xff, 0xa0, 0x00, 0x11, 0x5b, 0x11, 0x00, 0x00, 0x00, 0x5b, 0x00, 0x00, 0x00, 0x00, 0x5b, 0x00,
    0x00, 0x00, 0x00, 0x00, 0x00, 0x00, 0x0e, 0x43, 0xe0, 0x6a, 0x09, 0x60, 0x0e, 0xff, 0xf1, 0x00,
    0x00, 0x00, 0x00, 0x00, 0x00, 0x00, 0x00, 0x00, 0x00, 0x00, 0x00, 0x0a, 0x41, 0xd6, 0x00, 0x00,
    0x05, 0xd0, 0x00, 0x00, 0x0b, 0x80, 0x00, 0x00, 0x2f, 0x20, 0x00, 0x00, 0x8b, 0x00, 0x00, 0x00,
    0xd5, 0x00, 0x00, 0x04, 0xe0, 0x00, 0x00, 0x0a, 0x90, 0x00, 0x00, 0x1f, 0x30, 0x00, 0x00, 0x7c,
    0x00, 0x00, 0x00, 0xd6, 0x00, 0x00, 0x04, 0xe1, 0x00, 0x00, 0x0a, 0x90, 0x00, 0x00, 0x1e, 0x30,
    0x00, 0x00, 0x00, 0x7d, 0xeb, 0x20, 0x07, 0xe4, 0x3c, 0xc0, 0x0e, 0x70, 0x03, 0xf4, 0x3f, 0x20,
    0x00, 0xe7, 0x5f, 0x00, 0x00, 0xc9, 0x5f, 0x00, 0x00, 0xc9, 0x5f, 0x00, 0x00, 0xc8, 0x3f, 0x20,
    0x00, 0xe6, 0x1e, 0x60, 0x03, 0xf2, 0x08, 0xe4, 0x3c, 0xa0, 0x00, 0x9e, 0xe9, 0x10, 0x00, 0x02,
    0xc3, 0x00, 0x01, 0x7e, 0xf3, 0x00, 0x08, 0xd7, 0xf3, 0x00, 0x02, 0x02, 0xf3, 0x00, 0x00, 0x02,
    0xf3, 0x00, 0x00, 0x02, 0xf3, 0x00, 0x00, 0x02, 0xf3, 0x00, 0x00, 0x02, 0xf3, 0x00, 0x00, 0x02,
    0xf3, 0x00, 0x00, 0x02, 0xf3, 0x00, 0x00, 0x02, 0xf3, 0x00, 0x02, 0xbe, 0xea, 0x10, 0x0b, 0x73,
    0x4c, 0xc0, 0x01, 0x00, 0x04, 0xf1, 0x00, 0x00, 0x04, 0xf1, 0x00, 0x00, 0x0a, 0xc0, 0x00, 0x00,
    0x8f, 0x30, 0x00, 0x1b, 0xe3, 0x00, 0x02, 0xdb, 0x10, 0x00, 0x0b, 0xa0, 0x00, 0x00, 0x1f, 0x63,
    0x33, 0x31, 0x3f, 0xff, 0xff, 0xf7, 0x02, 0xae, 0xd8, 0x00, 0x08, 0x62, 0x5e, 0x70, 0x00, 0x00,
    0x0a, 0xb0, 0x00, 0x00, 0x0a, 0xa0, 0x00, 0x01, 0x6e, 0x30, 0x00, 0xef, 0xe6, 0x00, 0x00, 0x22,
    0x5d, 0x90, 0x00, 0x00, 0x05, 0xf1, 0x00, 0x00, 0x05, 0xf1, 0x0c, 0x42, 0x5d, 0xa0, 0x07, 0xde,
    0xd7, 0x10, 0x00, 0x00, 0x5f, 0x50, 0x00, 0x00, 0xdf, 0x50, 0x00, 0x07, 0xbe, 0x50, 0x00, 0x3e,
    0x2e, 0x50, 0x00, 0xc7, 0x0e, 0x50, 0x09, 0xb0, 0x0e, 0x50, 0x6e, 0x20, 0x0e, 0x50, 0xdf, 0xff,
    0xff, 0xfe, 0x12, 0x22, 0x2e, 0x62, 0x00, 0x00, 0x0e, 0x50, 0x00, 0x00, 0x0e, 0x50, 0x05, 0xff,
    0xff, 0xa0, 0x05, 0xd3, 0x33, 0x20, 0x06, 0xc0, 0x00, 0x00, 0x07, 0xb0, 0x00, 0x00, 0x08, 0xa0,
    0x00, 0x00, 0x09, 0xff, 0xd9, 0x10, 0x02, 0x33, 0x6d, 0xc0, 0x00, 0x00, 0x04, 0xf2, 0x00, 0x00,
    0x04, 0xf2, 0x03, 0x22, 0x5d, 0xb0, 0x0a, 0xef, 0xd8, 0x10, 0x00, 0x19, 0xee, 0x70, 0x00, 0xcb,
    0x43, 0xa0, 0x07, 0xd1, 0x00, 0x00, 0x0d, 0x70, 0x00, 0x00, 0x1f, 0x6b, 0xec, 0x40, 0x2f, 0xd5,
    0x29, 0xf2, 0x3f, 0x60, 0x00, 0xd7, 0x1f, 0x40, 0x00, 0xc9, 0x0d, 0x80, 0x00, 0xe6, 0x06, 0xe5,
    0x39, 0xe1, 0x00, 0x7d, 0xfb, 0x30, 0x4f, 0xff, 0xff, 0xf7, 0x13, 0x33, 0x35, 0xf2, 0x00, 0x00,
    0x0a, 0x90, 0x00, 0x00, 0x3f, 0x20, 0x00, 0x00, 0xaa, 0x00, 0x00, 0x01, 0xf4, 0x00, 0x00, 0x07,
    0xd0, 0x00, 0x00, 0x0c, 0x80, 0x00, 0x00, 0x2f, 0x30, 0x00, 0x00, 0x6e, 0x00, 0x00, 0x00, 0x9c,
    0x00, 0x00, 0x00, 0x8e, 0xea, 0x10, 0x08, 0xe4, 0x3c, 0xb0, 0x0d, 0x70, 0x03, 0xf1, 0x0b, 0x70,
    0x03, 0xe0, 0x02, 0xc3, 0x1b, 0x50, 0x03, 0xdf, 0xfe, 0x50, 0x1e, 0xc4, 0x3a, 0xf3, 0x4f, 0x20,
    0x00, 0xd7, 0x4f, 0x10, 0x00, 0xd7, 0x0c, 0xb3, 0x39, 0xe2, 0x01, 0xae, 0xeb, 0x30, 0x01, 0x9e,
    0xea, 0x10, 0x09, 0xd4, 0x3d, 0xb0, 0x2f, 0x40, 0x03, 0xf2, 0x4f, 0x10, 0x00, 0xf6, 0x3f, 0x30,
    0x01, 0xf7, 0x0d, 0xb2, 0x1a, 0xf7, 0x03, 0xcf, 0xf8, 0xe5, 0x00, 0x01, 0x11, 0xf3, 0x00, 0x00,
    0x07, 0xc0, 0x09, 0x42, 0x7e, 0x40, 0x04, 0xde, 0xc4, 0x00, 0x1d, 0x60, 0x93, 0x00, 0x00, 0x00,
    0x00, 0x00, 0x00, 0x0a, 0x41, 0xd6, 0x1d, 0x60, 0x94, 0x00, 0x00, 0x00, 0x00, 0x00, 0x00, 0x09,
    0x32, 0xf1, 0x6b, 0x09, 0x60, 0x00, 0x00, 0x00, 0x29, 0x60, 0x00, 0x00, 0x3a, 0xe9, 0x20, 0x00,
    0x3b, 0xe8, 0x20, 0x00, 0x00, 0xfe, 0x30, 0x00, 0x00, 0x00, 0x4b, 0xfa, 0x20, 0x00, 0x00, 0x00,
    0x3a, 0xfa, 0x20, 0x00, 0x00, 0x00, 0x29, 0x60, 0x00, 0x00, 0x00, 0x00, 0x00, 0x04, 0xff, 0xff,
    0xff, 0xa0, 0x00, 0x00, 0x00, 0x00, 0x00, 0x00, 0x00, 0x00, 0x00, 0x00, 0x04, 0xff, 0xff, 0xff,
    0xa0, 0x00, 0x00, 0x00, 0x00, 0x00, 0x00, 0x00, 0x00, 0x00, 0x00, 0x00, 0x00, 0x00, 0x00, 0x00,
    0x00, 0xc4, 0x00, 0x00, 0x00, 0x00, 0x6d, 0xc5, 0x00, 0x00, 0x00, 0x00, 0x5c, 0xd6, 0x10, 0x00,
    0x00, 0x00, 0xaf, 0x60, 0x00, 0x00, 0x6d, 0xd6, 0x10, 0x00, 0x6d, 0xc5, 0x00, 0x00, 0x00, 0xc5,
    0x00, 0x00, 0x00, 0x00, 0x00, 0x00, 0x00, 0x00, 0x07, 0xde, 0xb3, 0x01, 0xb3, 0x3b, 0xd0, 0x00,
    0x00, 0x5f, 0x00, 0x00, 0x08, 0xc0, 0x00, 0x05, 0xe3, 0x00, 0x04, 0xe3, 0x00, 0x00, 0xa9, 0x00,
    0x00, 0x0a, 0x90, 0x00, 0x00, 0x00, 0x00, 0x00, 0x05, 0x80, 0x00, 0x00, 0x8c, 0x00, 0x00, 0x00,
    0x00, 0x5b, 0xdd, 0xda, 0x40, 0x00, 0x00, 0x0a, 0xc4, 0x00, 0x04, 0xc9, 0x00, 0x00, 0x9a, 0x00,
    0x00, 0x00, 0x0b, 0x70, 0x03, 0xe1, 0x05, 0xdd, 0x9b, 0x03, 0xe0, 0x08, 0x80, 0x4e, 0x20, 0xab,
    0x00, 0xe3, 0x0b, 0x60, 0xa7, 0x00, 0x79, 0x00, 0xe3, 0x0b, 0x50, 0xc5, 0x00, 0xa8, 0x01, 0xe0,
    0x09, 0x80, 0x9a, 0x15, 0xba, 0x1a, 0x80, 0x05, 0xd0, 0x1a, 0xd9, 0x1b, 0xd8, 0x00, 0x00, 0xc8,
    0x00, 0x00, 0x00, 0x10, 0x00, 0x00, 0x1c, 0xb4, 0x10, 0x39, 0x50, 0x00, 0x00, 0x00, 0x6a, 0xdd,
    0xb5, 0x00, 0x00, 0x00, 0x01, 0xed, 0x00, 0x00, 0x00, 0x05, 0xcf, 0x30, 0x00, 0x00, 0x0b, 0x8b,
    0x90, 0x00, 0x00, 0x2f, 0x36, 0xe0, 0x00, 0x00, 0x7d, 0x02, 0xf5, 0x00, 0x00, 0xc9, 0x00, 0xca,
    0x00, 0x03, 0xf4, 0x00, 0x7f, 0x10, 0x08, 0xff, 0xff, 0xff, 0x60, 0x0e, 0xa3, 0x33, 0x3c, 0xc0,
    0x4f, 0x30, 0x00, 0x06, 0xf2, 0xad, 0x00, 0x00, 0x01, 0xe8, 0x09, 0xff, 0xfd, 0x50, 0x00, 0x9c,
    0x34, 0xaf, 0x30, 0x09, 0xb0, 0x00, 0xf7, 0x00, 0x9b, 0x00, 0x0f, 0x60, 0x09, 0xb0, 0x19, 0xd1,
    0x00, 0x9f, 0xff, 0xe5, 0x00, 0x09, 0xc3, 0x36, 0xe8, 0x00, 0x9b, 0x00, 0x07, 0xe0, 0x09, 0xb0,
    0x00, 0x7e, 0x00, 0x9c, 0x33, 0x6e, 0x80, 0x09, 0xff, 0xfd, 0x70, 0x00, 0x00, 0x05, 0xbe, 0xeb,
    0x30, 0x0a, 0xf9, 0x44, 0x89, 0x07, 0xf4, 0x00, 0x00, 0x10, 0xe8, 0x00, 0x00, 0x00, 0x3f, 0x40,
    0x00, 0x00, 0x04, 0xf2, 0x00, 0x00, 0x00, 0x4f, 0x30, 0x00, 0x00, 0x01, 0xf7, 0x00, 0x00, 0x00,
    0x0a, 0xe2, 0x00, 0x00, 0x10, 0x1d, 0xe7, 0x44, 0x89, 0x00, 0x18, 0xdf, 0xda, 0x20, 0x09, 0xff,
    0xfd, 0xa3, 0x00, 0x00, 0x9c, 0x34, 0x5b, 0xf6, 0x00, 0x09, 0xb0, 0x00, 0x07, 0xf3, 0x00, 0x9b,
    0x00, 0x00, 0x0c, 0xa0, 0x09, 0xb0, 0x00, 0x00, 0x8e, 0x00, 0x9b, 0x00, 0x00, 0x07, 0xe0, 0x09,
    0xb0, 0x00, 0x00, 0x9d, 0x00, 0x9b, 0x00, 0x00, 0x0d, 0x90, 0x09, 0xb0, 0x00, 0x08, 0xf2, 0x00,
    0x9c, 0x33, 0x5b, 0xf5, 0x00, 0x09, 0xff, 0xfd, 0x92, 0x00, 0x00, 0x09, 0xff, 0xff, 0xc0, 0x09,
    0xc3, 0x33, 0x30, 0x09, 0xb0, 0x00, 0x00, 0x09, 0xb0, 0x00, 0x00, 0x09, 0xb0, 0x00, 0x00, 0x09,
    0xff, 0xff, 0x80, 0x09, 0xc3, 0x33, 0x20, 0x09, 0xb0, 0x00, 0x00, 0x09, 0xb0, 0x00, 0x00, 0x09,
    0xc3, 0x33, 0x30, 0x09, 0xff, 0xff, 0xf1, 0x09, 0xff, 0xff, 0xc0, 0x9c, 0x33, 0x33, 0x09, 0xb0,
    0x00, 0x00, 0x9b, 0x00, 0x00, 0x09, 0xb0, 0x00, 0x00, 0x9f, 0xff, 0xf8, 0x09, 0xc3, 0x33, 0x20,
    0x9b, 0x00, 0x00, 0x09, 0xb0, 0x00, 0x00, 0x9b, 0x00, 0x00, 0x09, 0xb0, 0x00, 0x00, 0x00, 0x05,
    0xbe, 0xed, 0x80, 0x00, 0x9f, 0x84, 0x46, 0xd2, 0x07, 0xf4, 0x00, 0x00, 0x00, 0x0e, 0x80, 0x00,
    0x00, 0x00, 0x3f, 0x40, 0x00, 0x00, 0x00, 0x4f, 0x20, 0x04, 0xff, 0xf6, 0x4f, 0x30, 0x01, 0x33,
    0xf6, 0x1f, 0x70, 0x00, 0x00, 0xf6, 0x0a, 0xe2, 0x00, 0x00, 0xf6, 0x01, 0xce, 0x74, 0x48, 0xf6,
    0x00, 0x18, 0xdf, 0xec, 0x61, 0x09, 0xb0, 0x00, 0x00, 0xe7, 0x00, 0x9b, 0x00, 0x00, 0x0e, 0x70,
    0x09, 0xb0, 0x00, 0x00, 0xe7, 0x00, 0x9b, 0x00, 0x00, 0x0e, 0x70, 0x09, 0xb0, 0x00, 0x00, 0xe7,
    0x00, 0x9f, 0xff, 0xff, 0xff, 0x70, 0x09, 0xc3, 0x33, 0x33, 0xe7, 0x00, 0x9b, 0x00, 0x00, 0x0e,
    0x70, 0x09, 0xb0, 0x00, 0x00, 0xe7, 0x00, 0x9b, 0x00, 0x00, 0x0e, 0x70, 0x09, 0xb0, 0x00, 0x00,
    0xe7, 0x00, 0x09, 0xb0, 0x09, 0xb0, 0x09, 0xb0, 0x09, 0xb0, 0x09, 0xb0, 0x09, 0xb0, 0x09, 0xb0,
    0x09, 0xb0, 0x09, 0xb0, 0x09, 0xb0, 0x09, 0xb0, 0x00, 0x1f, 0x40, 0x00, 0x1f, 0x40, 0x00, 0x1f,
    0x40, 0x00, 0x1f, 0x40, 0x00, 0x1f, 0x40, 0x00, 0x1f, 0x40, 0x00, 0x1f, 0x40, 0x00, 0x2f, 0x30,
    0x00, 0x5f, 0x10, 0x74, 0xda, 0x00, 0xbf, 0xa1, 0x00, 0x09, 0xb0, 0x00, 0x8e, 0x30, 0x9b, 0x00,
    0x5f, 0x50, 0x09, 0xb0, 0x3f, 0x70, 0x00, 0x9b, 0x2e, 0xa0, 0x00, 0x09, 0xcc, 0xc0, 0x00, 0x00,
    0x9f, 0xf6, 0x00, 0x00, 0x09, 0xba, 0xe3, 0x00, 0x00, 0x9b, 0x1c, 0xd1, 0x00, 0x09, 0xb0, 0x2e,
    0xc0, 0x00, 0x9b, 0x00, 0x4f, 0xa0, 0x09, 0xb0, 0x00, 0x6f, 0x70, 0x09, 0xb0, 0x00, 0x00, 0x9b,
    0x00, 0x00, 0x09, 0xb0, 0x00, 0x00, 0x9b, 0x00, 0x00, 0x09, 0xb0, 0x00, 0x00, 0x9b, 0x00, 0x00,
    0x09, 0xb0, 0x00, 0x00, 0x9b, 0x00, 0x00, 0x09, 0xb0, 0x00, 0x00, 0x9c, 0x33, 0x33, 0x09, 0xff,
    0xff, 0xe0, 0x09, 0xf6, 0x00, 0x00, 0x00, 0xaf, 0x50, 0x09, 0xec, 0x00, 0x00, 0x01, 0xef, 0x50,
    0x09, 0xbf, 0x40, 0x00, 0x08, 0xbf, 0x50, 0x09, 0xaa, 0xa0, 0x00, 0x0e, 0x5f, 0x50, 0x09, 0xa4,
    0xf1, 0x00, 0x5d, 0x1f, 0x50, 0x09, 0xa0, 0xd7, 0x00, 0xb7, 0x1f, 0x50, 0x09, 0xa0, 0x7d, 0x03,
    0xf1, 0x1f, 0x50, 0x09, 0xa0, 0x1e, 0x49, 0xa0, 0x1f, 0x50, 0x09, 0xa0, 0x09, 0xae, 0x40, 0x1f,
    0x50, 0x09, 0xa0, 0x03, 0xfc, 0x00, 0x1f, 0x50, 0x09, 0xa0, 0x00, 0xb6, 0x00, 0x1f, 0x50, 0x09,
    0xf6, 0x00, 0x00, 0x5f, 0x00, 0x9f, 0xe1, 0x00, 0x05, 0xf0, 0x09, 0xce, 0xa0, 0x00, 0x5f, 0x00,
    0x9b, 0x6f, 0x40, 0x05, 0xf0, 0x09, 0xb0, 0xcd, 0x10, 0x5f, 0x00, 0x9b, 0x02, 0xf8, 0x05, 0xf0,
    0x09, 0xb0, 0x08, 0xf3, 0x5f, 0x00, 0x9b, 0x00, 0x0d, 0xc5, 0xf0, 0x09, 0xb0, 0x00, 0x3f, 0xbf,
    0x00, 0x9b, 0x00, 0x00, 0x9f, 0xf0, 0x09, 0xb0, 0x00, 0x01, 0xdf, 0x00, 0x00, 0x17, 0xdf, 0xeb,
    0x40, 0x00, 0x1c, 0xe7, 0x45, 0xaf, 0x50, 0x09, 0xf2, 0x00, 0x00, 0x9e, 0x11, 0xe8, 0x00, 0x00,
    0x01, 0xf7, 0x3f, 0x40, 0x00, 0x00, 0x0d, 0xa4, 0xf2, 0x00, 0x00, 0x00, 0xbb, 0x4f, 0x40, 0x00,
    0x00, 0x0d, 0xa1, 0xf8, 0x00, 0x00, 0x01, 0xf6, 0x0a, 0xe2, 0x00, 0x00, 0x9e, 0x10, 0x1d, 0xe6,
    0x45, 0xaf, 0x50, 0x00, 0x18, 0xdf, 0xea, 0x30, 0x00, 0x09, 0xff, 0xfc, 0x60, 0x00, 0x9c, 0x34,
    0x8f, 0x60, 0x09, 0xb0, 0x00, 0xac, 0x00, 0x9b, 0x00, 0x07, 0xe0, 0x09, 0xb0, 0x00, 0xad, 0x00,
    0x9b, 0x01, 0x6f, 0x60, 0x09, 0xff, 0xfe, 0x70, 0x00, 0x9c, 0x33, 0x10, 0x00, 0x09, 0xb0, 0x00,
    0x00, 0x00, 0x9b, 0x00, 0x00, 0x00, 0x09, 0xb0, 0x00, 0x00, 0x00, 0x00, 0x17, 0xdf, 0xeb, 0x40,
    0x00, 0x01, 0xce, 0x74, 0x5a, 0xf5, 0x00, 0x09, 0xf2, 0x00, 0x00, 0x9e, 0x10, 0x1e, 0x80, 0x00,
    0x00, 0x1f, 0x70, 0x3f, 0x40, 0x00, 0x00, 0x0d, 0xa0, 0x4f, 0x20, 0x00, 0x00, 0x0b, 0xb0, 0x4f,
    0x40, 0x00, 0x00, 0x0d, 0xa0, 0x1f, 0x80, 0x00, 0x00, 0x1f, 0x60, 0x0a, 0xe2, 0x00, 0x00, 0x9e,
    0x10, 0x01, 0xde, 0x64, 0x5a, 0xf5, 0x00, 0x00, 0x18, 0xdf, 0xdd, 0xe5, 0x00, 0x00, 0x00, 0x00,
    0x00, 0x7e, 0xb2, 0x09, 0xff, 0xfd, 0x80, 0x00, 0x09, 0xc3, 0x37, 0xf8, 0x00, 0x09, 0xb0, 0x00,
    0xac, 0x00, 0x09, 0xb0, 0x00, 0xac, 0x00, 0x09, 0xb0, 0x05, 0xf6, 0x00, 0x09, 0xff, 0xfd, 0x50,
    0x00, 0x09, 0xc3, 0x7f, 0x50, 0x00, 0x09, 0xb0, 0x07, 0xe1, 0x00, 0x09, 0xb0, 0x00, 0xd9, 0x00,
    0x09, 0xb0, 0x00, 0x5f, 0x30, 0x09, 0xb0, 0x00, 0x0c, 0xc0, 0x00, 0x7d, 0xed, 0x70, 0x0a, 0xe6,
    0x35, 0xc0, 0x1f, 0x60, 0x00, 0x10, 0x1f, 0x70, 0x00, 0x00, 0x0a, 0xf7, 0x00, 0x00, 0x00, 0x8f,
    0xd5, 0x00, 0x00, 0x02, 0xaf, 0x90, 0x00, 0x00, 0x06, 0xf3, 0x00, 0x00, 0x02, 0xf5, 0x2c, 0x63,
    0x4b, 0xe1, 0x19, 0xdf, 0xda, 0x30, 0xbf, 0xff, 0xff, 0xfc, 0x23, 0x3b, 0xc3, 0x32, 0x00, 0x0a,
    0xb0, 0x00, 0x00, 0x0a, 0xb0, 0x00, 0x00, 0x0a, 0xb0, 0x00, 0x00, 0x0a, 0xb0, 0x00, 0x00, 0x0a,
    0xb0, 0x00, 0x00, 0x0a, 0xb0, 0x00, 0x00, 0x0a, 0xb0, 0x00, 0x00, 0x0a, 0xb0, 0x00, 0x00, 0x0a,
    0xb0, 0x00, 0x0c, 0x90, 0x00, 0x02, 0xf3, 0x0c, 0x90, 0x00, 0x02, 0xf3, 0x0c, 0x90, 0x00, 0x02,
    0xf3, 0x0c, 0x90, 0x00, 0x02, 0xf3, 0x0c, 0x90, 0x00, 0x02, 0xf3, 0x0c, 0x90, 0x00, 0x02, 0xf3,
    0x0b, 0x90, 0x00, 0x02, 0xf3, 0x0b, 0xb0, 0x00, 0x04, 0xf2, 0x08, 0xe1, 0x00, 0x08, 0xe0, 0x02,
    0xec, 0x54, 0x8f, 0x60, 0x00, 0x3b, 0xef, 0xc6, 0x00, 0xbc, 0x00, 0x00, 0x04, 0xf2, 0x5f, 0x20,
    0x00, 0x09, 0xc0, 0x1e, 0x60, 0x00, 0x0e, 0x70, 0x0a, 0xb0, 0x00, 0x4f, 0x20, 0x05, 0xf1, 0x00,
    0x9b, 0x00, 0x00, 0xe6, 0x00, 0xe6, 0x00, 0x00, 0x9b, 0x04, 0xf1, 0x00, 0x00, 0x4f, 0x18, 0xa0,
    0x00, 0x00, 0x0e, 0x5d, 0x50, 0x00, 0x00, 0x09, 0xbe, 0x10, 0x00, 0x00, 0x04, 0xf9, 0x00, 0x00,
    0xac, 0x00, 0x00, 0x8f, 0x10, 0x00, 0x8e, 0x06, 0xf1, 0x00, 0x0d, 0xe5, 0x00, 0x0c, 0xa0, 0x2f,
    0x50, 0x02, 0xfa, 0x90, 0x01, 0xf6, 0x00, 0xd9, 0x00, 0x6c, 0x6d, 0x00, 0x4f, 0x20, 0x08, 0xd0,
    0x0a, 0x82, 0xf2, 0x08, 0xd0, 0x00, 0x4f, 0x20, 0xe4, 0x0e, 0x50, 0xb9, 0x00, 0x01, 0xf6, 0x3e,
    0x00, 0xa9, 0x0f, 0x50, 0x00, 0x0b, 0xa7, 0xb0, 0x06, 0xd4, 0xf1, 0x00, 0x00, 0x7d, 0xb7, 0x00,
    0x2f, 0x9c, 0x00, 0x00, 0x03, 0xfe, 0x30, 0x00, 0xde, 0x80, 0x00, 0x00, 0x0d, 0xe0, 0x00, 0x09,
    0xf4, 0x00, 0x00, 0x4f, 0x60, 0x00, 0x2e, 0x70, 0xae, 0x10, 0x0a, 0xd0, 0x02, 0xe8, 0x04, 0xf4,
    0x00, 0x07, 0xf2, 0xda, 0x00, 0x00, 0x0d, 0xde, 0x10, 0x00, 0x00, 0x7f, 0x90, 0x00, 0x00, 0x1d,
    0xdf, 0x20, 0x00, 0x09, 0xe2, 0xdb, 0x00, 0x04, 0xf6, 0x05, 0xf5, 0x00, 0xdb, 0x00, 0x0b, 0xd1,
    0x8f, 0x30, 0x00, 0x2f, 0x80, 0xad, 0x00, 0x00, 0x5f, 0x23, 0xf5, 0x00, 0x0b, 0xa0, 0x0b, 0xb0,
    0x03, 0xf3, 0x00, 0x4f, 0x20, 0x9a, 0x00, 0x00, 0xc8, 0x1f, 0x30, 0x00, 0x05, 0xe8, 0xb0, 0x00,
    0x00, 0x0d, 0xf4, 0x00, 0x00, 0x00, 0x8e, 0x00, 0x00, 0x00, 0x07, 0xd0, 0x00, 0x00, 0x00, 0x7d,
    0x00, 0x00, 0x00, 0x07, 0xd0, 0x00, 0x00, 0x4f, 0xff, 0xff, 0xff, 0x41, 0x33, 0x33, 0x4e, 0xa0,
    0x00, 0x00, 0x08, 0xe1, 0x00, 0x00, 0x03, 0xf5, 0x00, 0x00, 0x00, 0xcb, 0x00, 0x00, 0x00, 0x7e,
    0x20, 0x00, 0x00, 0x2f, 0x60, 0x00, 0x00, 0x0c, 0xb0, 0x00, 0x00, 0x06, 0xe2, 0x00, 0x00, 0x02,
    0xe9, 0x33, 0x33, 0x31, 0xaf, 0xff, 0xff, 0xff, 0x30, 0x08, 0xfe, 0x40, 0x8a, 0x00, 0x08, 0xa0,
    0x00, 0x8a, 0x00, 0x08, 0xa0, 0x00, 0x8a, 0x00, 0x08, 0xa0, 0x00, 0x8a, 0x00, 0x08, 0xa0, 0x00,
    0x8a, 0x00, 0x08, 0xa0, 0x00, 0x8a, 0x00, 0x08, 0xfe, 0x40, 0x1e, 0x40, 0x00, 0x00, 0x08, 0xa0,
    0x00, 0x00, 0x02, 0xf2, 0x00, 0x00, 0x00, 0xb8, 0x00, 0x00, 0x00, 0x5e, 0x00, 0x00, 0x00, 0x0d,
    0x50, 0x00, 0x00, 0x07, 0xb0, 0x00, 0x00, 0x01, 0xf3, 0x00, 0x00, 0x00, 0xa9, 0x00, 0x00, 0x00,
    0x3e, 0x10, 0x00, 0x00, 0x0c, 0x60, 0x00, 0x00, 0x06, 0xc0, 0x8e, 0xf3, 0x00, 0x0f, 0x30, 0x00,
    0xf3, 0x00, 0x0f, 0x30, 0x00, 0xf3, 0x00, 0x0f, 0x30, 0x00, 0xf3, 0x00, 0x0f, 0x30, 0x00, 0xf3,
    0x00, 0x0f, 0x30, 0x00, 0xf3, 0x00, 0x0f, 0x30, 0x8e, 0xf3, 0x00, 0x00, 0x00, 0x7a, 0x00, 0x00,
    0x00, 0x01, 0xee, 0x30, 0x00, 0x00, 0x08, 0xa6, 0xb0, 0x00, 0x00, 0x1e, 0x20, 0xc5, 0x00, 0x00,
    0x89, 0x00, 0x4d, 0x00, 0x02, 0xe2, 0x00, 0x0b, 0x70, 0x00, 0x00, 0x00, 0x00, 0x00, 0x00, 0x00,
    0x00, 0x00, 0x00, 0x00, 0x00, 0x00, 0x00, 0x00, 0x00, 0x00, 0x00, 0x00, 0x00, 0x00, 0x00, 0x00,
    0x00, 0x00, 0x00, 0x00, 0x00, 0x00, 0x00, 0x00, 0x00, 0x00, 0x00, 0x00, 0x0d, 0xdd, 0xdd, 0xd4,
    0x1c, 0x50, 0x01, 0xc3, 0x00, 0x00, 0x00, 0x00, 0x00, 0x00, 0x00, 0x00, 0x00, 0x00, 0x00, 0x00,
    0x00, 0x00, 0x00, 0x00, 0x00, 0x00, 0x04, 0xbe, 0xe9, 0x00, 0x08, 0x62, 0x4e, 0x60, 0x00, 0x00,
    0x0a, 0xa0, 0x02, 0x8b, 0xef, 0xb0, 0x1e, 0xa4, 0x29, 0xb0, 0x5f, 0x00, 0x0c, 0xb0, 0x3f, 0x62,
    0x8e, 0xb0, 0x07, 0xee, 0x89, 0xb0, 0x0c, 0x80, 0x00, 0x00, 0x00, 0xc8, 0x00, 0x00, 0x00, 0x0c,
    0x80, 0x00, 0x00, 0x00, 0xc8, 0x7e, 0xea, 0x10, 0x0c, 0xd9, 0x34, 0xda, 0x00, 0xcc, 0x00, 0x05,
    0xf1, 0x0c, 0x80, 0x00, 0x2f, 0x30, 0xc8, 0x00, 0x03, 0xf2, 0x0c, 0xb0, 0x00, 0x7e, 0x00, 0xcf,
    0x72, 0x5e, 0x70, 0x0c, 0x9a, 0xee, 0x80, 0x00, 0x00, 0x6d, 0xfc, 0x30, 0x7e, 0x72, 0x55, 0x1e,
    0x70, 0x00, 0x04, 0xf2, 0x00, 0x00, 0x4f, 0x20, 0x00, 0x01, 0xf6, 0x00, 0x00, 0x09, 0xe6, 0x26,
    0x50, 0x08, 0xee, 0xb2, 0x00, 0x00, 0x00, 0x9c, 0x00, 0x00, 0x00, 0x09, 0xc0, 0x00, 0x00, 0x00,
    0x9c, 0x00, 0x08, 0xee, 0x89, 0xc0, 0x08, 0xe5, 0x28, 0xec, 0x01, 0xf6, 0x00, 0x0b, 0xc0, 0x3f,
    0x20, 0x00, 0x9c, 0x04, 0xf2, 0x00, 0x09, 0xc0, 0x2f, 0x50, 0x00, 0xdc, 0x00, 0xbd, 0x43, 0x9f,
    0xc0, 0x01, 0xaf, 0xe8, 0x9c, 0x00, 0x00, 0x8e, 0xeb, 0x20, 0x08, 0xd4, 0x29, 0xd0, 0x1f, 0x40,
    0x01, 0xf3, 0x3f, 0xff, 0xff, 0xf5, 0x4f, 0x31, 0x11, 0x10, 0x1f, 0x60, 0x00, 0x00, 0x0a, 0xe5,
    0x25, 0xa0, 0x01, 0x9e, 0xfc, 0x30, 0x00, 0x7e, 0xf1, 0x03, 0xf5, 0x20, 0x05, 0xf0, 0x00, 0x9f,
    0xff, 0xc0, 0x16, 0xf2, 0x10, 0x05, 0xf0, 0x00, 0x05, 0xf0, 0x00, 0x05, 0xf0, 0x00, 0x05, 0xf0,
    0x00, 0x05, 0xf0, 0x00, 0x05, 0xf0, 0x00, 0x00, 0x8e, 0xe9, 0x9c, 0x00, 0x8e, 0x52, 0x8f, 0xc0,
    0x1f, 0x60, 0x00, 0xbc, 0x03, 0xf2, 0x00, 0x09, 0xc0, 0x4f, 0x20, 0x00, 0x9c, 0x02, 0xf5, 0x00,
    0x0d, 0xc0, 0x0b, 0xd4, 0x39, 0xeb, 0x00, 0x1a, 0xfe, 0x79, 0xb0, 0x01, 0x00, 0x00, 0xc8, 0x00,
    0xa6, 0x23, 0xae, 0x20, 0x03, 0xbe, 0xeb, 0x30, 0x00, 0x0c, 0x80, 0x00, 0x00, 0x00, 0xc8, 0x00,
    0x00, 0x00, 0x0c, 0x80, 0x00, 0x00, 0x00, 0xc8, 0x8e, 0xe8, 0x00, 0x0c, 0xe8, 0x27, 0xf4, 0x00,
    0xcb, 0x00, 0x0d, 0x70, 0x0c, 0x80, 0x00, 0xb9, 0x00, 0xc8, 0x00, 0x0b, 0x90, 0x0c, 0x80, 0x00,
    0xb9, 0x00, 0xc8, 0x00, 0x0b, 0x90, 0x0c, 0x80, 0x00, 0xb9, 0x00, 0x0b, 0x80, 0x07, 0x40, 0x00,
    0x00, 0x0c, 0x80, 0x0c, 0x80, 0x0c, 0x80, 0x0c, 0x80, 0x0c, 0x80, 0x0c, 0x80, 0x0c, 0x80, 0x0c,
    0x80, 0x00, 0x0b, 0x80, 0x00, 0x07, 0x40, 0x00, 0x00, 0x00, 0x00, 0x0c, 0x80, 0x00, 0x0c, 0x80,
    0x00, 0x0c, 0x80, 0x00, 0x0c, 0x80, 0x00, 0x0c, 0x80, 0x00, 0x0c, 0x80, 0x00, 0x0c, 0x80, 0x00,
    0x0c, 0x70, 0x00, 0x0e, 0x60, 0x12, 0x8e, 0x10, 0x6f, 0xc4, 0x00, 0x0c, 0x80, 0x00, 0x00, 0x0c,
    0x80, 0x00, 0x00, 0x0c, 0x80, 0x00, 0x00, 0x0c, 0x80, 0x0b, 0xd1, 0x0c, 0x80, 0x9e, 0x20, 0x0c,
    0x87, 0xe3, 0x00, 0x0c, 0xcf, 0x40, 0x00, 0x0c, 0xbe, 0x80, 0x00, 0x0c, 0x85, 0xf6, 0x00, 0x0c,
    0x80, 0x7f, 0x50, 0x0c, 0x80, 0x09, 0xe3, 0x0c, 0x80, 0x0c, 0x80, 0x0c, 0x80, 0x0c, 0x80, 0x0c,
    0x80, 0x0c, 0x80, 0x0c, 0x80, 0x0c, 0x80, 0x0c, 0x80, 0x0c, 0x80, 0x0c, 0x80, 0x0c, 0x89, 0xed,
    0x52, 0xce, 0xc3, 0x00, 0xce, 0x63, 0xae, 0xc5, 0x3c, 0xc0, 0x0c, 0xb0, 0x02, 0xf8, 0x00, 0x6f,
    0x00, 0xc8, 0x00, 0x1f, 0x50, 0x04, 0xf1, 0x0c, 0x80, 0x00, 0xf5, 0x00, 0x4f, 0x10, 0xc8, 0x00,
    0x0f, 0x50, 0x04, 0xf1, 0x0c, 0x80, 0x00, 0xf5, 0x00, 0x4f, 0x10, 0xc8, 0x00, 0x0f, 0x50, 0x04,
    0xf1, 0x0c, 0x88, 0xee, 0x80, 0x00, 0xce, 0x72, 0x7f, 0x40, 0x0c, 0xb0, 0x00, 0xd8, 0x00, 0xc8,
    0x00, 0x0b, 0x90, 0x0c, 0x80, 0x00, 0xb9, 0x00, 0xc8, 0x00, 0x0b, 0x90, 0x0c, 0x80, 0x00, 0xb9,
    0x00, 0xc8, 0x00, 0x0b, 0x90, 0x00, 0x7d, 0xfd, 0x70, 0x00, 0x8e, 0x52, 0x6e, 0x70, 0x1f, 0x60,
    0x00, 0x7e, 0x04, 0xf2, 0x00, 0x03, 0xf2, 0x4f, 0x20, 0x00, 0x3f, 0x21, 0xf6, 0x00, 0x07, 0xe0,
    0x08, 0xe5, 0x25, 0xe7, 0x00, 0x08, 0xdf, 0xd6, 0x00, 0x0c, 0x87, 0xee, 0xa1, 0x00, 0xcd, 0x93,
    0x4d, 0xa0, 0x0c, 0xc0, 0x00, 0x5f, 0x10, 0xc8, 0x00, 0x02, 0xf3, 0x0c, 0x80, 0x00, 0x3f, 0x20,
    0xcb, 0x00, 0x07, 0xe0, 0x0c, 0xf7, 0x25, 0xe8, 0x00, 0xc9, 0xae, 0xe8, 0x00, 0x0c, 0x80, 0x00,
    0x00, 0x00, 0xc8, 0x00, 0x00, 0x00, 0x0c, 0x80, 0x00, 0x00, 0x00, 0x00, 0x8e, 0xea, 0xac, 0x00,
    0x8e, 0x52, 0x8f, 0xc0, 0x1f, 0x60, 0x00, 0xbc, 0x03, 0xf2, 0x00, 0x09, 0xc0, 0x4f, 0x20, 0x00,
    0x9c, 0x02, 0xf5, 0x00, 0x0c, 0xc0, 0x0b, 0xd4, 0x39, 0xcc, 0x00, 0x1a, 0xed, 0x69, 0xc0, 0x00,
    0x00, 0x00, 0x9c, 0x00, 0x00, 0x00, 0x09, 0xc0, 0x00, 0x00, 0x00, 0x9c, 0x00, 0x00, 0x00, 0x00,
    0x0c, 0x89, 0xf4, 0x0c, 0xd9, 0x41, 0x0c, 0xc0, 0x00, 0x0c, 0x90, 0x00, 0x0c, 0x80, 0x00, 0x0c,
    0x80, 0x00, 0x0c, 0x80, 0x00, 0x0c, 0x80, 0x00, 0x04, 0xce, 0xc3, 0x1e, 0x82, 0x56, 0x3f, 0x40,
    0x00, 0x0b, 0xf9, 0x20, 0x00, 0x5c, 0xf5, 0x00, 0x00, 0xac, 0x38, 0x32, 0xba, 0x2b, 0xee, 0xa1,
    0x04, 0xc0, 0x00, 0x6e, 0x00, 0xaf, 0xff, 0xc1, 0x7e, 0x21, 0x06, 0xe0, 0x00, 0x6e, 0x00, 0x06,
    0xe0, 0x00, 0x6f, 0x00, 0x04, 0xf4, 0x20, 0x0a, 0xec, 0x0e, 0x60, 0x00, 0xe7, 0x00, 0xe6, 0x00,
    0x0e, 0x70, 0x0e, 0x60, 0x00, 0xe7, 0x00, 0xe6, 0x00, 0x0e, 0x70, 0x0e, 0x60, 0x00, 0xe7, 0x00,
    0xd8, 0x00, 0x2f, 0x70, 0x09, 0xe4, 0x3b, 0xf7, 0x00, 0x1a, 0xed, 0x5e, 0x70, 0xbb, 0x00, 0x04,
    0xf2, 0x6f, 0x10, 0x09, 0xb0, 0x1f, 0x50, 0x0e, 0x50, 0x0a, 0xa0, 0x4e, 0x00, 0x05, 0xe1, 0x99,
    0x00, 0x00, 0xe5, 0xe3, 0x00, 0x00, 0x9c, 0xd0, 0x00, 0x00, 0x4f, 0x70, 0x00, 0xaa, 0x00, 0x2f,
    0x50, 0x08, 0xb6, 0xe0, 0x06, 0xf9, 0x00, 0xc7, 0x2f, 0x20, 0xab, 0xd0, 0x1f, 0x30, 0xd6, 0x0e,
    0x4f, 0x24, 0xd0, 0x08, 0xa3, 0xd0, 0xb6, 0x79, 0x00, 0x4d, 0x78, 0x07, 0x9b, 0x50, 0x00, 0xec,
    0x40, 0x3d, 0xe1, 0x00, 0x0b, 0xe0, 0x00, 0xec, 0x00, 0x6f, 0x20, 0x0c, 0x90, 0xca, 0x06, 0xe1,
    0x03, 0xf3, 0xd5, 0x00, 0x09, 0xeb, 0x00, 0x00, 0x8f, 0xa0, 0x00, 0x3f, 0x4f, 0x50, 0x0c, 0x90,
    0x8d, 0x18, 0xe1, 0x01, 0xe9, 0xbb, 0x00, 0x03, 0xf2, 0x5f, 0x20, 0x09, 0xb0, 0x0d, 0x70, 0x0e,
    0x50, 0x08, 0xc0, 0x5e, 0x00, 0x02, 0xf2, 0xa8, 0x00, 0x00, 0xb9, 0xf2, 0x00, 0x00, 0x5f, 0xb0,
    0x00, 0x00, 0x1f, 0x50, 0x00, 0x00, 0x6e, 0x00, 0x00, 0x24, 0xd7, 0x00, 0x00, 0x9e, 0x80, 0x00,
    0x00, 0x5f, 0xff, 0xff, 0x71, 0x22, 0x2b, 0xc0, 0x00, 0x05, 0xf3, 0x00, 0x01, 0xe7, 0x00, 0x00,
    0xac, 0x00, 0x00, 0x5e, 0x20, 0x00, 0x2e, 0x82, 0x22, 0x1a, 0xff, 0xff, 0xf8, 0x00, 0x6d, 0x30,
    0x1f, 0x50, 0x02, 0xf0, 0x00, 0x2f, 0x00, 0x03, 0xf0, 0x00, 0x7c, 0x00, 0x4f, 0x50, 0x00, 0x6d,
    0x00, 0x03, 0xf0, 0x00, 0x2f, 0x00, 0x02, 0xf0, 0x00, 0x1f, 0x40, 0x00, 0x6d, 0x30, 0x0a, 0x70,
    0x0a, 0x70, 0x0a, 0x70, 0x0a, 0x70, 0x0a, 0x70, 0x0a, 0x70, 0x0a, 0x70, 0x0a, 0x70, 0x0a, 0x70,
    0x0a, 0x70, 0x0a, 0x70, 0x0a, 0x70, 0x0a, 0x70, 0x0a, 0x70, 0x0a, 0x70, 0x7c, 0x30, 0x00, 0x9a,
    0x00, 0x05, 0xd0, 0x00, 0x5d, 0x00, 0x05, 0xd0, 0x00, 0x2f, 0x30, 0x00, 0x9f, 0x00, 0x2f, 0x20,
    0x05, 0xd0, 0x00, 0x5d, 0x00, 0x05, 0xd0, 0x00, 0x9a, 0x00, 0x7c, 0x30, 0x00, 0x00, 0xae, 0xc7,
    0x16, 0xb0, 0x05, 0xc2, 0x4b, 0xfd, 0x30, 0x00, 0x00, 0x00, 0x00, 0x00, 0x00, 0x00, 0x00, 0x00,
    0x00, 0x00, 0x00, 0x00, 0x00, 0x00, 0x00, 0x00, 0x00, 0x00, 0x00, 0x00, 0x01, 0x8a, 0xaa, 0xa4,
    0x00, 0x00, 0x03, 0xb3, 0x14, 0x41, 0x88, 0x00, 0x01, 0xb1, 0x5e, 0xcc, 0xc0, 0x76, 0x00, 0x74,
    0x3e, 0x40, 0x04, 0x00, 0xb0, 0x0a, 0x08, 0xa0, 0x00, 0x00, 0x08, 0x30, 0xa0, 0xa8, 0x00, 0x00,
    0x00, 0x74, 0x0a, 0x17, 0xb0, 0x00, 0x20, 0x09, 0x20, 0x56, 0x2e, 0x81, 0x19, 0x01, 0xb0, 0x00,
    0xa3, 0x2b, 0xed, 0x30, 0xa3, 0x00, 0x01, 0xa8, 0x20, 0x15, 0xb4, 0x00, 0x00, 0x00, 0x38, 0xa9,
    0x61, 0x00, 0x00, 0x1e, 0x60, 0x94, 0x00, 0x00, 0x00, 0x00, 0x00, 0x00, 0x0c, 0xff, 0xff, 0xff,
    0x80, 0x0c, 0x61, 0x11, 0x19, 0x80, 0x0c, 0x50, 0x00, 0x08, 0x80, 0x0c, 0x50, 0x00, 0x08, 0x80,
    0x0c, 0x50, 0x00, 0x08, 0x80, 0x0c, 0x50, 0x00, 0x08, 0x80, 0x0c, 0x50, 0x00, 0x08, 0x80, 0x0c,
    0x50, 0x00, 0x08, 0x80, 0x0c, 0x61, 0x11, 0x19, 0x80, 0x0c, 0xff, 0xff, 0xff, 0x80, 0x0b, 0x30,
    0x00, 0x00, 0x00, 0x00, 0x00, 0x03, 0xd5, 0x00, 0x00, 0x00, 0x00, 0x00, 0x00, 0x3c, 0x10, 0x00,
    0x00, 0x00, 0x00, 0xcf, 0xff, 0xff, 0xff, 0xff, 0xff, 0xfc, 0x23, 0x33, 0x33, 0x33, 0x33, 0x33,
    0x32, 0x00, 0x00, 0x00, 0x00, 0x00, 0x00, 0x00, 0x00, 0x00, 0x00, 0x00, 0x00, 0x00, 0x00, 0x00,
    0x00, 0x00, 0x00, 0x00, 0x00, 0x00, 0x00, 0x00, 0x04, 0xe0, 0x00, 0x00, 0x00, 0x00, 0x00, 0x04,
    0xe0, 0x00, 0x00, 0x00, 0x00, 0x00, 0x04, 0xe0, 0x00, 0x00, 0x00, 0x00, 0x00, 0x04, 0xe0, 0x00,
    0x00, 0x00, 0x00, 0x00, 0x04, 0xff, 0xff, 0xff, 0x90, 0x00, 0x00, 0x04, 0xe1, 0x11, 0x11, 0x10,
    0x00, 0x00, 0x04, 0xe0, 0x00, 0x00, 0x00, 0x00, 0x00, 0x04, 0xe0, 0x00, 0x00, 0x00, 0x00, 0x00,
    0x04, 0xe0, 0x00, 0x00, 0x00, 0x00, 0x00, 0x04, 0xe0, 0x00, 0x00, 0x00, 0x00, 0x00, 0x04, 0xe0,
    0x00, 0x00, 0x00, 0xaf, 0xff, 0xff, 0xff, 0xff, 0xff, 0xfa, 0x11, 0x11, 0x11, 0x11, 0x11, 0x11,
    0x11, 0xaf, 0xff, 0xff, 0xff, 0xff, 0xff, 0xfa, 0x12, 0x22, 0x25, 0xf2, 0x22, 0x22, 0x21, 0x00,
    0x00, 0x04, 0xf0, 0x00, 0x00, 0x00, 0x00, 0x00, 0x04, 0xf1, 0x00, 0x00, 0x00, 0x00, 0x00, 0x04,
    0xfc, 0xb2, 0x00, 0x00, 0x00, 0x00, 0x04, 0xf2, 0xae, 0x70, 0x00, 0x00, 0x00, 0x04, 0xf0, 0x04,
    0xdc, 0x20, 0x00, 0x00, 0x04, 0xf0, 0x00, 0x19, 0x80, 0x00, 0x00, 0x04, 0xf0, 0x00, 0x00, 0x00,
    0x00, 0x00, 0x04, 0xf0, 0x00, 0x00, 0x00, 0x00, 0x00, 0x04, 0xf0, 0x00, 0x00, 0x00, 0x00, 0x00,
    0x04, 0xf0, 0x00, 0x00, 0x00, 0x8f, 0xff, 0xff, 0xff, 0xff, 0xff, 0xf8, 0x01, 0x11, 0x11, 0x4f,
    0x41, 0x11, 0x10, 0x00, 0x00, 0x00, 0xca, 0x00, 0x00, 0x00, 0x00, 0x00, 0x06, 0xe1, 0x00, 0x00,
    0x00, 0x00, 0x00, 0x3e, 0xd8, 0x00, 0x00, 0x00, 0x00, 0x01, 0xd7, 0xa8, 0x79, 0x10, 0x00, 0x00,
    0x1c, 0x90, 0xa8, 0x08, 0xd5, 0x00, 0x01, 0xba, 0x00, 0xa8, 0x00, 0x3d, 0xa2, 0x2d, 0x90, 0x00,
    0xa8, 0x00, 0x01, 0x97, 0x97, 0x00, 0x00, 0xa8, 0x00, 0x00, 0x00, 0x00, 0x00, 0x00, 0xa8, 0x00,
    0x00, 0x00, 0x00, 0x00, 0x00, 0xa8, 0x00, 0x00, 0x00, 0x00, 0x0e, 0x20, 0x00, 0x00, 0x00, 0x00,
    0x00, 0x1f, 0x10, 0x00, 0x00, 0x00, 0x00, 0x00, 0x3f, 0xff, 0xff, 0xff, 0xff, 0xfb, 0x00, 0x4d,
    0x11, 0x11, 0x11, 0x11, 0x10, 0x00, 0x6b, 0x00, 0x00, 0x00, 0x00, 0x00, 0x00, 0x7f, 0xff, 0xff,
    0xff, 0xff, 0xa0, 0x00, 0x01, 0x11, 0x11, 0x11, 0x18, 0x90, 0x00, 0x00, 0x00, 0x00, 0x00, 0x09,
    0x80, 0xcf, 0xff, 0xff, 0xff, 0xff, 0x5a, 0x70, 0x11, 0x11, 0x11, 0x11, 0x11, 0x0b, 0x60, 0x00,
    0x00, 0x00, 0x00, 0x00, 0x2e, 0x30, 0x00, 0x00, 0x00, 0xcf, 0xed, 0xe8, 0x00, 0x00, 0x00, 0x00,
    0x22, 0x21, 0x00, 0x00, 0x00, 0x00, 0x5c, 0x00, 0xc5, 0x00, 0x00, 0x00, 0x00, 0x5c, 0x00, 0xc5,
    0x00, 0x00, 0x00, 0x00, 0x5c, 0x00, 0xc5, 0x00, 0x00, 0x1c, 0x10, 0x5c, 0x00, 0xc5, 0x01, 0xc1,
    0x0b, 0x70, 0x5c, 0x00, 0xc5, 0x07, 0xc0, 0x06, 0xd0, 0x5c, 0x00, 0xc5, 0x0c, 0x60, 0x01, 0xe4,
    0x5c, 0x00, 0xc5, 0x4e, 0x10, 0x00, 0xaa, 0x5c, 0x00, 0xc5, 0xb8, 0x00, 0x00, 0x4a, 0x5c, 0x00,
    0xc6, 0xc1, 0x00, 0x00, 0x00, 0x5c, 0x00, 0xc5, 0x00, 0x00, 0x00, 0x00, 0x5c, 0x00, 0xc5, 0x00,
    0x00, 0xbf, 0xff, 0xff, 0xff, 0xff, 0xff, 0xfc, 0x00, 0x00, 0x00, 0x00, 0x00, 0x00, 0x00, 0x00,
    0x00, 0x00, 0xcd, 0x00, 0x00, 0x00, 0x00, 0x00, 0x07, 0xdd, 0x70, 0x00, 0x00, 0x00, 0x00, 0x5e,
    0x33, 0xe3, 0x00, 0x00, 0x00, 0x04, 0xe4, 0x00, 0x6e, 0x30, 0x00, 0x00, 0x6e, 0x50, 0x99, 0x06,
    0xe5, 0x00, 0x2b, 0xd3, 0x00, 0x99, 0x00, 0x4e, 0xa3, 0x89, 0x10, 0x00, 0x99, 0x00, 0x01, 0xa7,
    0x00, 0x00, 0x00, 0x99, 0x00, 0x00, 0x00, 0x00, 0x00, 0x00, 0x99, 0x00, 0x00, 0x00, 0x00, 0x00,
    0x00, 0x99, 0x00, 0x00, 0x00, 0x00, 0x00, 0x00, 0x99, 0x00, 0x00, 0x00, 0x00, 0x00, 0x00, 0x99,
    0x00, 0x00, 0x00, 0x00, 0x00, 0x00, 0x99, 0x00, 0x00, 0x00, 0x00, 0x00, 0x00, 0x99, 0x00, 0x00,
    0x00, 0x0d, 0xff, 0xff, 0xff, 0xff, 0xff, 0xe0, 0x0d, 0x40, 0x00, 0x99, 0x00, 0x03, 0xe0, 0x0d,
    0x40, 0x00, 0x99, 0x00, 0x03, 0xe0, 0x0d, 0x40, 0x00, 0x99, 0x00, 0x03, 0xe0, 0x0d, 0x40, 0x00,
    0x99, 0x00, 0x03, 0xe0, 0x0d, 0xff, 0xff, 0xff, 0xff, 0xff, 0xe0, 0x0d, 0x40, 0x00, 0x99, 0x00,
    0x03, 0xe0, 0x00, 0x00, 0x00, 0x99, 0x00, 0x00, 0x00, 0x00, 0x00, 0x00, 0x99, 0x00, 0x00, 0x00,
    0x00, 0x00, 0x00, 0x99, 0x00, 0x00, 0x00, 0x01, 0xb2, 0x00, 0xe4, 0x00, 0x00, 0x00, 0x00, 0x8d,
    0x20, 0xe4, 0x00, 0x00, 0x00, 0x00, 0x09, 0x50, 0xf3, 0x00, 0x00, 0x00, 0x00, 0x00, 0x01, 0xf2,
    0x00, 0x00, 0x00, 0x3f, 0xff, 0xff, 0xff, 0xff, 0xff, 0xd0, 0x01, 0x11, 0x17, 0xc1, 0x11, 0x15,
    0xd0, 0x00, 0x00, 0x0c, 0x70, 0x00, 0x05, 0xc0, 0x00, 0x00, 0x4e, 0x26, 0xb4, 0x06, 0xc0, 0x00,
    0x01, 0xd7, 0x00, 0x6c, 0x27, 0xb0, 0x00, 0x1c, 0xa0, 0x00, 0x00, 0x08, 0xa0, 0x05, 0xd9, 0x00,
    0x02, 0x10, 0x2d, 0x80, 0x3c, 0x40, 0x00, 0x0a, 0xff, 0xfc, 0x10, 0x00, 0x00, 0x00, 0x01, 0x22,
    0x10, 0x00, 0x09, 0xff, 0xff, 0xff, 0xff, 0xff, 0xa0, 0x01, 0x11, 0x11, 0x6c, 0x11, 0x11, 0x10,
    0x00, 0x00, 0x00, 0x6c, 0x00, 0x00, 0x00, 0x00, 0x00, 0x00, 0x6c, 0x00, 0x00, 0x00, 0x00, 0x00,
    0x00, 0x6c, 0x00, 0x00, 0x00, 0xbf, 0xff, 0xff, 0xff, 0xff, 0xff, 0xfb, 0x11, 0x11, 0x11, 0x6c,
    0x11, 0x11, 0x11, 0x00, 0x00, 0x00, 0x6c, 0x00, 0x00, 0x00, 0x00, 0x00, 0x00, 0x6c, 0x00, 0x00,
    0x00, 0x00, 0x00, 0x00, 0x6c, 0x00, 0x00, 0x00, 0x00, 0x00, 0x00, 0x8b, 0x00, 0x00, 0x00, 0x00,
    0x07, 0xff, 0xf7, 0x00, 0x00, 0x00, 0x00, 0x01, 0x33, 0x10, 0x00, 0x00, 0x00, 0x00, 0x00, 0x00,
    0xa5, 0x00, 0x00, 0x00, 0x5e, 0xff, 0xff, 0xff, 0xff, 0xff, 0xe6, 0x00, 0x59, 0x00, 0x00, 0x00,
    0xa4, 0x00, 0x00, 0x5e, 0xdd, 0xdd, 0xdd, 0xe4, 0x00, 0x00, 0x59, 0x00, 0x00, 0x00, 0xa4, 0x00,
    0x00, 0x00, 0x00, 0x00, 0x00, 0x00, 0x00, 0x3f, 0xee, 0xee, 0xee, 0xee, 0xee, 0xf3, 0x3d, 0x00,
    0x00, 0x00, 0x00, 0x00, 0xd3, 0x00, 0x01, 0xfe, 0xee, 0xec, 0x00, 0x00, 0x00, 0x04, 0xd0, 0x00,
    0x4c, 0x00, 0x49, 0x02, 0x7e, 0x60, 0x00, 0x4d, 0x10, 0x89, 0x6d, 0xa4, 0x00, 0x00, 0x1c, 0xef,
    0xd3, 0x00, 0x00, 0x00, 0xa4, 0x00, 0x00, 0x00, 0x00, 0x00, 0x00, 0x8b, 0x00, 0x00, 0x00, 0x0f,
    0xff, 0xff, 0xff, 0xff, 0xff, 0xf0, 0x00, 0x07, 0x70, 0x00, 0x09, 0x70, 0x00, 0x00, 0x02, 0xd2,
    0x00, 0x5d, 0x10, 0x00, 0xaf, 0xff, 0xff, 0xff, 0xff, 0xff, 0xfa, 0x00, 0x00, 0x00, 0x5b, 0x00,
    0x00, 0x00, 0x1f, 0xff, 0xff, 0xff, 0xff, 0xff, 0xf0, 0x00, 0x00, 0x00, 0x5b, 0x00, 0x00, 0x00,
    0x00, 0x2c, 0x20, 0x5b, 0x07, 0x91, 0x00, 0x05, 0xd6, 0x10, 0x8b, 0x00, 0x8d, 0x40, 0x3c, 0x22,
    0xff, 0xf5, 0x00, 0x04, 0xc1, 0x00, 0x00, 0x01, 0x00, 0x00, 0x00, 0x00, 0x00, 0x00, 0x00, 0x8a,
    0x00, 0x00, 0x00, 0x00, 0x00, 0x00, 0x98, 0x00, 0x00, 0x00, 0x00, 0x00, 0x00, 0xc7, 0x00, 0x00,
    0x00, 0x00, 0x00, 0x00, 0xeb, 0x00, 0x00, 0x00, 0x00, 0x00, 0x04, 0xee, 0x10, 0x00, 0x00, 0x00,
    0x00, 0x09, 0x99, 0x70, 0x00, 0x00, 0x00, 0x00, 0x2f, 0x33, 0xe1, 0x00, 0x00, 0x00, 0x00, 0xaa,
    0x00, 0xa9, 0x00, 0x00, 0x00, 0x07, 0xe1, 0x00, 0x1e, 0x50, 0x00, 0x00, 0x6e, 0x30, 0x00, 0x04,
    0xe6, 0x00, 0x19, 0xe4, 0x00, 0x00, 0x00, 0x5f, 0xa2, 0x6b, 0x20, 0x00, 0x00, 0x00, 0x02, 0xc5,
    0x00, 0x0c, 0x29, 0x50, 0x00, 0x00, 0x00, 0x00, 0x5c, 0x04, 0xe2, 0x9f, 0xff, 0xf1, 0x00, 0xc6,
    0x00, 0x85, 0x11, 0x12, 0xf1, 0x05, 0xf2, 0x0e, 0x30, 0x00, 0x01, 0xf1, 0x1d, 0xf2, 0x0e, 0x30,
    0x00, 0x01, 0xf1, 0x98, 0xf2, 0x0e, 0x30, 0x00, 0x01, 0xf1, 0x71, 0xf2, 0x0e, 0x30, 0x00, 0x01,
    0xf1, 0x00, 0xf2, 0x0e, 0x30, 0x00, 0x01, 0xf1, 0x00, 0xf2, 0x0e, 0x30, 0x00, 0x01, 0xf1, 0x00,
    0xf2, 0x0e, 0x30, 0x00, 0x01, 0xf1, 0x00, 0xf2, 0x0e, 0x30, 0x00, 0x03, 0xf0, 0x00, 0xf2, 0x0e,
    0x30, 0x1f, 0xff, 0x90, 0x00, 0x00, 0x00, 0x00, 0x01, 0x10, 0x00, 0x00, 0x1d, 0x20, 0x00, 0x0f,
    0x20, 0x00, 0x00, 0x7d, 0x00, 0xd2, 0x0f, 0x20, 0x00, 0x00, 0xd6, 0x05, 0xd0, 0x0f, 0x20, 0x00,
    0x05, 0xf3, 0x0b, 0xfe, 0xef, 0xee, 0xe5, 0x1e, 0xf3, 0x4e, 0x20, 0x0f, 0x20, 0x00, 0x99, 0xd3,
    0x67, 0x00, 0x0f, 0x20, 0x00, 0x71, 0xd3, 0x00, 0x00, 0x0f, 0x20, 0x00, 0x00, 0xd3, 0xbe, 0xee,
    0xef, 0xee, 0xec, 0x00, 0xd3, 0x00, 0x00, 0x0f, 0x20, 0x00, 0x00, 0xd3, 0x00, 0x00, 0x0f, 0x20,
    0x00, 0x00, 0xd3, 0x00, 0x00, 0x0f, 0x20, 0x00, 0x00, 0xd3, 0x00, 0x00, 0x0f, 0x20, 0x00, 0x00,
    0x0a, 0x50, 0x00, 0x97, 0x00, 0x00, 0x00, 0x2e, 0x3c, 0x40, 0x97, 0x01, 0xb2, 0x00, 0x99, 0x05,
    0xc1, 0x97, 0x0b, 0xb0, 0x03, 0xf5, 0x00, 0x00, 0x97, 0x3b, 0x10, 0x0c, 0xf5, 0x6f, 0xff, 0xff,
    0xff, 0xf3, 0x9c, 0xc5, 0x01, 0x11, 0xa7, 0x11, 0x10, 0x72, 0xb5, 0x00, 0x00, 0x97, 0x00, 0x00,
    0x00, 0xb5, 0x00, 0x00, 0x97, 0x00, 0x00, 0x00, 0xb5, 0xef, 0xff, 0xff, 0xff, 0xfc, 0x00, 0xb5,
    0x11, 0x11, 0xa7, 0x11, 0x11, 0x00, 0xb5, 0x00, 0x00, 0x97, 0x00, 0x00, 0x00, 0xb5, 0x00, 0x00,
    0x97, 0x00, 0x00, 0x00, 0x1d, 0x20, 0x01, 0xc3, 0x00, 0x00, 0x00, 0x7b, 0x00, 0x00, 0x7b, 0x00,
    0x00, 0x00, 0xd5, 0xcf, 0xff, 0xff, 0xff, 0xf9, 0x06, 0xf1, 0x00, 0x00, 0x00, 0x00, 0x00, 0x2e,
    0xf1, 0x0b, 0x40, 0x00, 0x09, 0x70, 0xa9, 0xe1, 0x09, 0x90, 0x00, 0x0e, 0x50, 0x71, 0xe1, 0x03,
    0xe0, 0x00, 0x3e, 0x10, 0x00, 0xe1, 0x00, 0xd5, 0x00, 0x8a, 0x00, 0x00, 0xe1, 0x00, 0x9a, 0x00,
    0xd4, 0x00, 0x00, 0xe1, 0x00, 0x4c, 0x03, 0xe0, 0x00, 0x00, 0xe1, 0x00, 0x00, 0x08, 0x90, 0x00,
    0x00, 0xe3, 0xff, 0xff, 0xff, 0xff, 0xfc, 0x00, 0x00, 0x00, 0x00, 0x00, 0x00, 0x00, 0x00, 0x2c,
    0x00, 0x00, 0xe1, 0x00, 0x00, 0x00, 0x79, 0x00, 0x00, 0xe1, 0x00, 0x00, 0x00, 0xd5, 0xff, 0xff,
    0xff, 0xff, 0xf6, 0x05, 0xe0, 0x00, 0x2d, 0xed, 0x20, 0x00, 0x1d, 0xe0, 0x00, 0x78, 0xe9, 0x60,
    0x00, 0x9b, 0xe0, 0x00, 0xc3, 0xe4, 0xc0, 0x00, 0x72, 0xe0, 0x04, 0xc0, 0xe1, 0xd3, 0x00, 0x01,
    0xe0, 0x0c, 0x50, 0xe1, 0x6b, 0x00, 0x01, 0xe0, 0x6b, 0x00, 0xe1, 0x0d, 0x50, 0x01, 0xe3, 0xe2,
    0xef, 0xff, 0xf5, 0xe3, 0x01, 0xe9, 0x40, 0x00, 0xe1, 0x00, 0x68, 0x01, 0xe0, 0x00, 0x00, 0xe1,
    0x00, 0x00, 0x01, 0xe0, 0x00, 0x00, 0xe1, 0x00, 0x00, 0x00, 0x2c, 0x00, 0x00, 0xb5, 0x00, 0x00,
    0x00, 0x8a, 0xee, 0xee, 0xfe, 0xee, 0xea, 0x00, 0xd3, 0x00, 0x00, 0xb5, 0x00, 0x00, 0x05, 0xd0,
    0x7f, 0xee, 0xfe, 0xee, 0xf0, 0x1e, 0xc0, 0x79, 0x00, 0xb5, 0x01, 0xf0, 0x8c, 0xc0, 0x79, 0x00,
    0xb4, 0x01, 0xf0, 0x73, 0xc0, 0x6e, 0xee, 0xfe, 0xee, 0xf0, 0x02, 0xc0, 0x04, 0x10, 0xe1, 0x01,
    0xf0, 0x02, 0xc0, 0x0a, 0xb5, 0xd0, 0x00, 0x00, 0x02, 0xc0, 0x00, 0xbf, 0x90, 0x00, 0x00, 0x02,
    0xc0, 0x16, 0xdb, 0xec, 0x84, 0x20, 0x02, 0xc3, 0xd8, 0x30, 0x16, 0xae, 0xf8, 0x00, 0x00, 0x00,
    0x00, 0x00, 0x00, 0x10, 0x00, 0x0c, 0x9e, 0xee, 0xfe, 0xee, 0xe8, 0x00, 0x5d, 0x00, 0x00, 0x95,
    0x00, 0x00, 0x00, 0xc6, 0x4e, 0xdd, 0xee, 0xdd, 0xf0, 0x05, 0xf0, 0x4a, 0x00, 0x95, 0x00, 0xe0,
    0x1d, 0xf0, 0x4e, 0xdd, 0xed, 0xdd, 0xf0, 0xab, 0xf0, 0x4a, 0x00, 0xa5, 0x00, 0xe0, 0x71, 0xf0,
    0x4d, 0xdd, 0xfe, 0xdd, 0xf0, 0x00, 0xf0, 0x00, 0x00, 0xd2, 0x00, 0xe0, 0x00, 0xf0, 0x0b, 0x41,
    0xe0, 0x00, 0x00, 0x00, 0xf0, 0x04, 0xec, 0xa0, 0x00, 0x00, 0x00, 0xf0, 0x02, 0x9e, 0xfb, 0x74,
    0x20, 0x00, 0xf2, 0xca, 0x61, 0x26, 0xad, 0xf7, 0x00, 0x00, 0x00, 0x00, 0x00, 0x00, 0x00, 0x00,
    0x1d, 0x10, 0x01, 0xb3, 0x00, 0x00, 0x00, 0x8a, 0xde, 0xee, 0xee, 0xee, 0xeb, 0x02, 0xe3, 0x00,
    0x00, 0x00, 0x00, 0x00, 0x0b, 0xf0, 0x2e, 0xee, 0xee, 0xee, 0xd0, 0x8d, 0xf0, 0x00, 0x00, 0x00,
    0x00, 0x00, 0x73, 0xf0, 0x2e, 0xee, 0xee, 0xee, 0xd0, 0x01, 0xf0, 0x00, 0x00, 0x00, 0x00, 0x00,
    0x01, 0xf0, 0x0f, 0xee, 0xee, 0xee, 0xc0, 0x01, 0xf0, 0x0f, 0x10, 0x00, 0x04, 0xc0, 0x01, 0xf0,
    0x0f, 0x10, 0x00, 0x04, 0xc0, 0x01, 0xf0, 0x0f, 0xee, 0xee, 0xee, 0xc0, 0x01, 0xf0, 0x0f, 0x10,
    0x00, 0x04, 0xc0, 0x00, 0x04, 0xd0, 0x01, 0xf2, 0x00, 0x00, 0x00, 0x04, 0xd0, 0x01, 0xf2, 0x00,
    0x00, 0x00, 0x04, 0xd0, 0x01, 0xf2, 0x00, 0x00, 0x00, 0x04, 0xd0, 0x01, 0xf2, 0x00, 0x00, 0x00,
    0x05, 0xd0, 0x01, 0xf2, 0x00, 0x00, 0x00, 0x05, 0xc0, 0x01, 0xf2, 0x00, 0x00, 0x00, 0x07, 0xb0,
    0x01, 0xf2, 0x00, 0x00, 0x00, 0x0a, 0x80, 0x01, 0xf2, 0x00, 0x68, 0x00, 0x2f, 0x30, 0x01, 0xf2,
    0x00, 0x7b, 0x01, 0xc9, 0x00, 0x01, 0xf2, 0x00, 0x99, 0x1c, 0xb0, 0x00, 0x00, 0xf5, 0x01, 0xd7,
    0x79, 0x00, 0x00, 0x00, 0x8f, 0xff, 0xc1, 0x00, 0x00, 0x00, 0x00, 0x00, 0x11, 0x00, 0x00, 0x00,
    0x97, 0x00, 0x00, 0x00, 0x00, 0x00, 0x00, 0x2d, 0x50, 0x00, 0x00, 0x00, 0x00, 0x00, 0x04, 0xe1,
    0x00, 0x00, 0x00, 0x00, 0x00, 0x00, 0xe8, 0x00, 0x00, 0x00, 0x00, 0x00, 0x04, 0xee, 0x10, 0x00,
    0x00, 0x00, 0x00, 0x09, 0x8a, 0x70, 0x00, 0x00, 0x00, 0x00, 0x1e, 0x32, 0xe1, 0x00, 0x00, 0x00,
    0x00, 0x9b, 0x00, 0xa8, 0x00, 0x00, 0x00, 0x02, 0xe3, 0x00, 0x2e, 0x20, 0x00, 0x00, 0x1d, 0x80,
    0x00, 0x07, 0xc0, 0x00, 0x01, 0xbb, 0x00, 0x00, 0x00, 0xba, 0x00, 0x2c, 0xb1, 0x00, 0x00, 0x00,
    0x1d, 0xb2, 0x79, 0x00, 0x00, 0x00, 0x00, 0x01, 0xb6, 0x00, 0x00, 0x87, 0x00, 0xc3, 0x00, 0x00,
    0x00, 0x03, 0xf3, 0x00, 0x8b, 0x00, 0x00, 0x00, 0x1d, 0x70, 0x00, 0x1d, 0x70, 0x00, 0x01, 0xca,
    0x00, 0x00, 0x03, 0xe7, 0x00, 0x3d, 0xb0, 0x00, 0x00, 0x00, 0x2d, 0xa1, 0x79, 0x00, 0x05, 0xb0,
    0x00, 0x01, 0xa7, 0x00, 0x00, 0x0d, 0x80, 0x00, 0x00, 0x00, 0x00, 0x00, 0x7d, 0x10, 0x87, 0x00,
    0x00, 0x00, 0x02, 0xe4, 0x00, 0x2e, 0x40, 0x00, 0x00, 0x0c, 0x80, 0x00, 0x07, 0xe2, 0x00, 0x01,
    0xad, 0x35, 0x8b, 0xed, 0xdc, 0x00, 0x06, 0xff, 0xd9, 0x64, 0x10, 0x1c, 0x20, 0x00, 0x11, 0x00,
    0x00, 0x00, 0x00, 0x00, 0x00, 0x03, 0xe0, 0x00, 0x0e, 0x30, 0x00, 0x00, 0x03, 0xe0, 0x00, 0x0e,
    0x30, 0x00, 0x00, 0x03, 0xe0, 0x00, 0x0e, 0x30, 0x00, 0x3f, 0xff, 0xff, 0xff, 0xff, 0xff, 0xf3,
    0x01, 0x14, 0xe1, 0x11, 0x1e, 0x31, 0x10, 0x00, 0x03, 0xe0, 0x00, 0x0e, 0x30, 0x00, 0x00, 0x03,
    0xe0, 0x00, 0x0e, 0x30, 0x00, 0xbf, 0xff, 0xff, 0xff, 0xff, 0xff, 0xfb, 0x01, 0x11, 0x11, 0x11,
    0x11, 0x11, 0x10, 0x00, 0x04, 0xc5, 0x00, 0x7a, 0x30, 0x00, 0x04, 0xbb, 0x40, 0x00, 0x05, 0xdb,
    0x30, 0x6b, 0x40, 0x00, 0x00, 0x00, 0x06, 0xc2, 0x00, 0x2b, 0x10, 0x00, 0x07, 0x90, 0x00, 0x00,
    0x09, 0xd1, 0x00, 0x2e, 0x50, 0x00, 0x00, 0x00, 0xb4, 0x00, 0xb9, 0x00, 0x00, 0x09, 0xff, 0xff,
    0xff, 0xff, 0xff, 0xa0, 0x00, 0x11, 0x11, 0xa8, 0x11, 0x11, 0x00, 0x00, 0x00, 0x00, 0xa8, 0x00,
    0x00, 0x00, 0x7f, 0xff, 0xff, 0xff, 0xff, 0xff, 0xf8, 0x01, 0x11, 0x13, 0xed, 0x21, 0x11, 0x10,
    0x00, 0x00, 0x1b, 0x77, 0xb1, 0x00, 0x00, 0x00, 0x02, 0xc9, 0x00, 0x9c, 0x30, 0x00, 0x03, 0x9d,
    0x60, 0x00, 0x06, 0xea, 0x40, 0x5c, 0x61, 0x00, 0x00, 0x00, 0x17, 0xd5, 0x06, 0xfe, 0xef, 0x13,
    0xfe, 0xef, 0x40, 0x06, 0xa0, 0x0f, 0x13, 0xc0, 0x0b, 0x40, 0x06, 0xa0, 0x0f, 0x13, 0xc0, 0x0b,
    0x40, 0x06, 0xa0, 0x0f, 0x13, 0xc0, 0x0b, 0x40, 0x06, 0xa0, 0x0f, 0x13, 0xc0, 0x0b, 0x40, 0xbf,
    0xff, 0xff, 0xff, 0xff, 0xff, 0xfb, 0x06, 0xa0, 0x0f, 0x13, 0xc0, 0x0b, 0x50, 0x06, 0x90, 0x0f,
    0x14, 0xb0, 0x0b, 0x40, 0x08, 0x80, 0x0f, 0x16, 0xa0, 0x0b, 0x40, 0x0c, 0x50, 0x0f, 0x1a, 0x70,
    0x0b, 0x40, 0x4e, 0x11, 0x1f, 0x3e, 0x20, 0x0c, 0x40, 0x66, 0x0b, 0xea, 0x48, 0x0d, 0xee, 0x20,
    0x00, 0x00, 0x00, 0x00, 0x00, 0x10, 0x00, 0x00, 0x00, 0x01, 0xd1, 0x2c, 0x10, 0x00, 0x5c, 0x40,
    0x09, 0xa0, 0x0a, 0x50, 0x00, 0x06, 0xc2, 0x4f, 0xee, 0xef, 0xee, 0xe8, 0x00, 0x03, 0xdf, 0x10,
    0x0d, 0x40, 0x00, 0x00, 0x09, 0x4f, 0xee, 0xef, 0xee, 0xe3, 0x00, 0x41, 0x0f, 0x10, 0x0d, 0x40,
    0x00, 0x01, 0xe3, 0x0f, 0x10, 0x0d, 0x40, 0x00, 0x06, 0xc0, 0x0f, 0xee, 0xef, 0xee, 0xe3, 0x0b,
    0x70, 0x0f, 0x10, 0x0d, 0x40, 0x00, 0x3f, 0x10, 0x0f, 0x10, 0x0d, 0x40, 0x00, 0x59, 0x00, 0x0f,
    0xee, 0xee, 0xee, 0xea, 0x00, 0x00, 0x0f, 0x10, 0x00, 0x00, 0x00, 0x00, 0x00, 0x00, 0x98, 0x00,
    0x00, 0x00, 0x05, 0xc0, 0x00, 0x98, 0x00, 0x0d, 0x50, 0x05, 0xc0, 0x00, 0x98, 0x00, 0x0d, 0x50,
    0x05, 0xc0, 0x00, 0x98, 0x00, 0x0d, 0x50, 0x05, 0xff, 0xff, 0xff, 0xff, 0xff, 0x50, 0x00, 0x11,
    0x11, 0xa9, 0x11, 0x1d, 0x50, 0x0b, 0x70, 0x00, 0x98, 0x00, 0x07, 0xb0, 0x0b, 0x70, 0x00, 0x98,
    0x00, 0x07, 0xb0, 0x0b, 0x70, 0x00, 0x98, 0x00, 0x07, 0xb0, 0x0b, 0x70, 0x00, 0x98, 0x00, 0x07,
    0xb0, 0x0b, 0xff, 0xff, 0xff, 0xff, 0xff, 0xb0, 0x00, 0x11, 0x11, 0x11, 0x11, 0x17, 0xb0, 0x00,
    0x00, 0x00, 0x99, 0x00, 0x00, 0x00, 0x00, 0x00, 0x00, 0x99, 0x00, 0x00, 0x00, 0x0b, 0xff, 0xff,
    0xff, 0xff, 0xff, 0xb0, 0x00, 0x11, 0x11, 0x99, 0x11, 0x11, 0x10, 0x00, 0x00, 0x00, 0x99, 0x00,
    0x00, 0x00, 0xbf, 0xff, 0xff, 0xff, 0xff, 0xff, 0xfa, 0x01, 0x11, 0x11, 0x99, 0x11, 0x11, 0x10,
    0x06, 0xc0, 0x00, 0x99, 0x00, 0x0b, 0x70, 0x06, 0xc0, 0x00, 0x99, 0x00, 0x0b, 0x70, 0x06, 0xc0,
    0x00, 0x99, 0x00, 0x0b, 0x70, 0x06, 0xff, 0xff, 0xff, 0xff, 0xff, 0x70, 0x00, 0x11, 0x11, 0x11,
    0x11, 0x1b, 0x70, 0x00, 0x00, 0x78, 0x02, 0xc1, 0x00, 0x00, 0x00, 0x05, 0xe2, 0x00, 0xaa, 0x00,
    0x00, 0x00, 0x6e, 0x30, 0x00, 0x0b, 0xb1, 0x00, 0x19, 0xd3, 0x00, 0x00, 0x00, 0x9e, 0x61, 0x89,
    0x10, 0x00, 0x00, 0x00, 0x03, 0xb7, 0x00, 0xff, 0xff, 0xff, 0xff, 0xf1, 0x00, 0x00, 0x00, 0x7a,
    0x00, 0x02, 0xf0, 0x00, 0x00, 0x00, 0x98, 0x00, 0x02, 0xe0, 0x00, 0x00, 0x00, 0xd4, 0x00, 0x03,
    0xe0, 0x00, 0x00, 0x04, 0xe0, 0x00, 0x04, 0xd0, 0x00, 0x00, 0x1d, 0x60, 0x10, 0x1a, 0xa0, 0x00,
    0x03, 0xd8, 0x00, 0xff, 0xfc, 0x20, 0x00, 0x3c, 0x50, 0x00, 0x01, 0x10, 0x00, 0x00, 0x00, 0xf1,
    0x00, 0x00, 0x00, 0x00, 0x00, 0x00, 0xf1, 0x0d, 0xff, 0xff, 0xff, 0xf1, 0x00, 0xf1, 0x02, 0x07,
    0xa0, 0x02, 0xf0, 0x02, 0xf8, 0xcd, 0x07, 0x90, 0x02, 0xf0, 0xad, 0xf7, 0x30, 0x07, 0x90, 0x02,
    0xe0, 0x10, 0xf1, 0x00, 0x08, 0x80, 0x03, 0xe0, 0x00, 0xf1, 0x00, 0x09, 0x70, 0x03, 0xd0, 0x00,
    0xf1, 0x19, 0x0c, 0x50, 0x04, 0xd0, 0x00, 0xf4, 0xd9, 0x1e, 0x20, 0x05, 0xc0, 0x01, 0xfe, 0x50,
    0x6b, 0x00, 0x06, 0xb0, 0x03, 0xb1, 0x02, 0xe4, 0x31, 0x1a, 0x90, 0x00, 0x00, 0x2c, 0x80, 0xcf,
    0xfd, 0x20, 0x00, 0x00, 0x97, 0x00, 0x01, 0x10, 0x00, 0x7f, 0xff, 0xff, 0xff, 0x60, 0x00, 0xe3,
    0x00, 0x4e, 0x20, 0x00, 0x0d, 0x30, 0xe3, 0x01, 0xd5, 0x06, 0x90, 0x0d, 0x30, 0xe3, 0x1b, 0xa1,
    0x12, 0xe4, 0x0d, 0x30, 0xe3, 0x1f, 0xff, 0xee, 0xee, 0x1d, 0x30, 0xe3, 0x00, 0x00, 0x00, 0x05,
    0x0d, 0x30, 0xe3, 0x00, 0x03, 0xe0, 0x00, 0x0d, 0x30, 0xe3, 0x6f, 0xff, 0xff, 0xff, 0x1d, 0x30,
    0xe3, 0x00, 0x03, 0xe0, 0x00, 0x0d, 0x30, 0xe3, 0x00, 0x03, 0xe0, 0x00, 0x00, 0x00, 0xe3, 0x24,
    0x68, 0xfa, 0xce, 0x40, 0x02, 0xf3, 0x9d, 0xba, 0x86, 0x42, 0x08, 0xff, 0xd1, 0x00, 0x00, 0x00,
    0x00, 0x02, 0x32, 0x00, 0x00, 0x02, 0xb1, 0x00, 0x0b, 0x50, 0x00, 0x00, 0x00, 0xa8, 0x00, 0x6c,
    0x10, 0x00, 0xae, 0xee, 0xee, 0xee, 0xee, 0xee, 0xea, 0x00, 0x00, 0x00, 0x00, 0x00, 0x00, 0x00,
    0x0c, 0xee, 0xee, 0xf3, 0x2d, 0x05, 0xb0, 0x0c, 0x40, 0x00, 0xc3, 0x2d, 0x05, 0xb0, 0x0c, 0xee,
    0xee, 0xf3, 0x2d, 0x05, 0xb0, 0x0c, 0x40, 0x00, 0xc3, 0x2d, 0x05, 0xb0, 0x0c, 0xee, 0xee, 0xf3,
    0x2d, 0x05, 0xb0, 0x0c, 0x40, 0x00, 0xc3, 0x2d, 0x05, 0xb0, 0x0c, 0x40, 0x00, 0xd3, 0x00, 0x08,
    0xb0, 0x0c, 0x40, 0xdf, 0xd1, 0x0c, 0xff, 0x60, 0x00, 0x00, 0x00, 0x00, 0x00, 0x10, 0x00, 0x00,
    0x00, 0x00, 0x05, 0xb0, 0x00, 0x00, 0x9f, 0xff, 0xfd, 0x05, 0xb0, 0x00, 0x00, 0x11, 0x99, 0x11,
    0x06, 0xb0, 0x00, 0x00, 0x00, 0x88, 0x08, 0xff, 0xff, 0xff, 0xf1, 0x00, 0x88, 0x00, 0x17, 0xa1,
    0x12, 0xf0, 0x00, 0x88, 0x00, 0x08, 0x90, 0x02, 0xf0, 0x00, 0x88, 0x00, 0x0b, 0x60, 0x02, 0xe0,
    0x00, 0x88, 0x00, 0x0e, 0x30, 0x03, 0xe0, 0x35, 0xbd, 0xcc, 0x6c, 0x00, 0x04, 0xd0, 0x9c, 0xa7,
    0x55, 0xe4, 0x00, 0x04, 0xc0, 0x00, 0x00, 0x5e, 0x50, 0x21, 0x08, 0xa0, 0x00, 0x03, 0xc3, 0x00,
    0xdf, 0xfe, 0x30, 0x00, 0x00, 0x00, 0x00, 0x01, 0x10, 0x00, 0x00, 0x97, 0x00, 0x00, 0x00, 0x00,
    0x00, 0x00, 0x97, 0x00, 0x00, 0x00, 0x00, 0x00, 0x00, 0x97, 0x00, 0x00, 0xff, 0xff, 0xf3, 0x8f,
    0xff, 0xff, 0xa0, 0xf2, 0x00, 0xd3, 0x01, 0x97, 0x17, 0xa0, 0xf1, 0x00, 0xd3, 0x00, 0xa6, 0x07,
    0x90, 0xf1, 0x00, 0xd3, 0x00, 0xb5, 0x07, 0x90, 0xf1, 0x00, 0xd3, 0x00, 0xc4, 0x07, 0x90, 0xf1,
    0x00, 0xd3, 0x00, 0xf1, 0x08, 0x80, 0xf1, 0x00, 0xd3, 0x04, 0xd0, 0x09, 0x80, 0xf1, 0x00, 0xd3,
    0x0b, 0x70, 0x0c, 0x70, 0xff, 0xff, 0xf3, 0x4e, 0x2f, 0xfe, 0x20, 0xf1, 0x00, 0xd3, 0x94, 0x01,
    0x10, 0x00, 0xf1, 0x00, 0xd3, 0x00, 0x04, 0xb0, 0x00, 0x00, 0x00, 0x00, 0x00, 0x4e, 0xee, 0xee,
    0xee, 0xee, 0x00, 0x07, 0xe8, 0xd3, 0x00, 0x06, 0xe5, 0x00, 0x4b, 0x20, 0x5d, 0x85, 0xcc, 0x30,
    0x00, 0x00, 0x02, 0x59, 0xff, 0xd7, 0x43, 0x10, 0x8c, 0xca, 0x85, 0x21, 0x69, 0xce, 0xf9, 0x00,
    0x00, 0x0a, 0x70, 0x00, 0x00, 0x10, 0x0a, 0xff, 0xff, 0xff, 0xff, 0xfd, 0x00, 0x00, 0x00, 0x3e,
    0x00, 0x00, 0x4c, 0x00, 0x00, 0x02, 0xd5, 0x00, 0x00, 0x6a, 0x00, 0x01, 0x7d, 0x50, 0x00, 0x01,
    0xa8, 0x00, 0x3c, 0x71, 0x00, 0x3f, 0xff, 0xe2, 0x00, 0x00, 0x00, 0x00, 0x02, 0x23, 0x00, 0x00,
    0x00, 0x00, 0x00, 0x00, 0x7a, 0x00, 0x00, 0x2f, 0xff, 0xff, 0x60, 0x7a, 0x00, 0x00, 0x00, 0x00,
    0x00, 0x00, 0x7a, 0x00, 0x00, 0x00, 0x00, 0x00, 0x7f, 0xff, 0xff, 0xf5, 0x00, 0x00, 0x00, 0x01,
    0x89, 0x11, 0xc4, 0xaf, 0xff, 0xff, 0xe0, 0x88, 0x00, 0xd4, 0x00, 0x98, 0x00, 0x00, 0xa7, 0x00,
    0xd3, 0x01, 0xe1, 0x00, 0x00, 0xc5, 0x00, 0xe3, 0x08, 0x80, 0x56, 0x01, 0xf1, 0x00, 0xe2, 0x4e,
    0x69, 0xce, 0x26, 0xb0, 0x00, 0xf2, 0x7c, 0x95, 0x26, 0x7e, 0x40, 0x04, 0xf0, 0x00, 0x00, 0x00,
    0xba, 0x0a, 0xff, 0x90, 0x00, 0x00, 0x03, 0xb0, 0x01, 0x11, 0x00, 0x00, 0x00, 0x00, 0x00, 0x79,
    0x00, 0x00, 0x09, 0xee, 0xef, 0x30, 0x89, 0x00, 0x00, 0x09, 0x60, 0x0d, 0x30, 0x89, 0x00, 0x00,
    0x09, 0x60, 0x0d, 0x4f, 0xff, 0xff, 0xf1, 0x09, 0xee, 0xef, 0x30, 0x88, 0x01, 0xf0, 0x09, 0x60,
    0x0d, 0x30, 0x97, 0x02, 0xf0, 0x09, 0x60, 0x0d, 0x30, 0xa6, 0x02, 0xe0, 0x09, 0xee, 0xef, 0x30,
    0xd4, 0x03, 0xe0, 0x09, 0x60, 0x0d, 0x52, 0xe1, 0x03, 0xd0, 0x2b, 0xba, 0xdf, 0xda, 0x90, 0x04,
    0xc0, 0xac, 0x96, 0x31, 0xad, 0x22, 0x08, 0xb0, 0x00, 0x00, 0x01, 0xb2, 0x1f, 0xff, 0x50, 0x00,
    0x00, 0x00, 0x00, 0x01, 0x21, 0x00, 0x0a, 0xff, 0xff, 0xff, 0xff, 0xff, 0xf1, 0x0a, 0x81, 0x11,
    0x11, 0x11, 0x11, 0x10, 0x0a, 0x73, 0xb2, 0x00, 0x01, 0xb4, 0x00, 0x0a, 0x70, 0x9d, 0x30, 0x0b,
    0xc1, 0x00, 0x0a, 0x70, 0x07, 0xe5, 0xac, 0x10, 0x00, 0x0a, 0x70, 0x00, 0x6f, 0xe1, 0x00, 0x00,
    0x0a, 0x70, 0x00, 0x9d, 0xf7, 0x00, 0x00, 0x0a, 0x70, 0x1b, 0xc1, 0x4f, 0x80, 0x00, 0x0a, 0x74,
    0xdb, 0x10, 0x04, 0xf9, 0x00, 0x0a, 0x79, 0x80, 0x00, 0x00, 0x4b, 0x10, 0x0a, 0x70, 0x00, 0x00,
    0x00, 0x00, 0x00, 0x0a, 0xff, 0xff, 0xff, 0xff, 0xff, 0xf4, 0x00, 0x11, 0x11, 0x11, 0x11, 0x11,
    0x10, 0x00, 0x09, 0x60, 0x00, 0x08, 0x80, 0x00, 0x00, 0x02, 0xd5, 0x00, 0x5e, 0x20, 0x00, 0x05,
    0xfe, 0xee, 0xff, 0xee, 0xef, 0x60, 0x05, 0xa0, 0x00, 0x88, 0x00, 0x0a, 0x60, 0x05, 0xfe, 0xee,
    0xff, 0xee, 0xef, 0x60, 0x05, 0xa0, 0x00, 0x88, 0x00, 0x0a, 0x60, 0x05, 0xfe, 0xee, 0xff, 0xee,
    0xef, 0x60, 0x05, 0xa0, 0x00, 0x88, 0x00, 0x0a, 0x60, 0x00, 0x00, 0x00, 0x88, 0x00, 0x00, 0x00,
    0xbf, 0xff, 0xff, 0xff, 0xff, 0xff, 0xfb, 0x00, 0x00, 0x00, 0x88, 0x00, 0x00, 0x00, 0x00, 0x00,
    0x00, 0x88, 0x00, 0x00, 0x00, 0x00, 0x00, 0x00, 0x89, 0x00, 0x00, 0x00, 0x00, 0x00, 0x00, 0x89,
    0x00, 0x00, 0x00, 0x9f, 0xff, 0xff, 0xff, 0xff, 0xff, 0xf9, 0x00, 0x00, 0x00, 0x89, 0x00, 0x00,
    0x00, 0x0c, 0xfe, 0xee, 0xee, 0xee, 0xee, 0xd0, 0x0c, 0x50, 0x86, 0x00, 0x68, 0x04, 0xd0, 0x0c,
    0x50, 0x2c, 0x12, 0xe3, 0x04, 0xd0, 0x0c, 0x5a, 0xee, 0xee, 0xee, 0xb4, 0xd0, 0x0c, 0x50, 0x00,
    0x79, 0x00, 0x04, 0xd0, 0x0c, 0x7e, 0xee, 0xee, 0xee, 0xe7, 0xd0, 0x0c, 0x50, 0x00, 0x79, 0x00,
    0x06, 0xd0, 0x0c, 0x50, 0x00, 0x79, 0x1f, 0xff, 0x80, 0x00, 0x00, 0x00, 0x00, 0x02, 0x11, 0x00,
    0x00, 0x00, 0x02, 0xf0, 0x00, 0x00, 0x00, 0x00, 0x00, 0x02, 0xf0, 0x00, 0x00, 0x00, 0x00, 0x00,
    0x02, 0xff, 0xff, 0xff, 0xc0, 0x00, 0x00, 0x02, 0xf1, 0x00, 0x00, 0x00, 0x00, 0x00, 0x02, 0xf0,
    0x00, 0x00, 0x00, 0x9f, 0xff, 0xff, 0xff, 0xff, 0xff, 0xf9, 0x01, 0x11, 0x13, 0xf1, 0x11, 0x11,
    0x10, 0x00, 0x00, 0x02, 0xfb, 0x93, 0x00, 0x00, 0x00, 0x00, 0x02, 0xf1, 0x7d, 0xb4, 0x00, 0x00,
    0x00, 0x02, 0xf0, 0x00, 0x5c, 0x80, 0x00, 0x00, 0x02, 0xf0, 0x00, 0x00, 0x00, 0x00, 0x00, 0x02,
    0xf0, 0x00, 0x00, 0x00, 0x0b, 0xfe, 0xee, 0xee, 0xee, 0xee, 0xe9, 0x0b, 0x50, 0x00, 0x00, 0x00,
    0x00, 0x00, 0x0b, 0x58, 0xff, 0xff, 0xb0, 0x00, 0xe0, 0x0b, 0x58, 0x60, 0x04, 0xb1, 0xc0, 0xe0,
    0x0b, 0x58, 0x65, 0x84, 0xb1, 0xc0, 0xe0, 0x0b, 0x58, 0x65, 0x84, 0xb1, 0xc0, 0xe0, 0x0b, 0x58,
    0x65, 0x84, 0xb1, 0xc0, 0xe0, 0x0c, 0x48, 0x67, 0x74, 0xb1, 0xc0, 0xe0, 0x0e, 0x28, 0x69, 0x84,
    0xb1, 0xc0, 0xe0, 0x2e, 0x00, 0x2d, 0xc6, 0x00, 0x00, 0xe0, 0x7a, 0x03, 0xc4, 0x1d, 0x60, 0x01,
    0xf0, 0x93, 0x3b, 0x20, 0x02, 0xb4, 0xee, 0xa0, 0x00, 0x00, 0x5c, 0x00, 0x00, 0x00, 0x00, 0x00,
    0x00, 0x7b, 0x00, 0x00, 0x00, 0x00, 0x6f, 0xff, 0xff, 0xff, 0xff, 0xff, 0xf9, 0x01, 0x11, 0xd5,
    0x11, 0x11, 0x11, 0x10, 0x00, 0x02, 0xf1, 0x00, 0x00, 0x00, 0x00, 0x00, 0x06, 0xff, 0xff, 0xff,
    0xff, 0x10, 0x00, 0x0c, 0x9e, 0x10, 0x00, 0x6c, 0x00, 0x00, 0x3f, 0x19, 0xa0, 0x02, 0xe3, 0x00,
    0x00, 0xb8, 0x01, 0xca, 0x5d, 0x50, 0x00, 0x06, 0xe1, 0x00, 0x2e, 0xf8, 0x00, 0x00, 0x3e, 0x41,
    0x5a, 0xe9, 0x6d, 0xd7, 0x41, 0x95, 0x2d, 0xa5, 0x10, 0x00, 0x49, 0xd5, 0x04, 0xc0, 0x08, 0x80,
    0x0b, 0x60, 0x00, 0x09, 0x90, 0x0b, 0x60, 0x01, 0x99, 0x00, 0x0e, 0x40, 0x0e, 0x30, 0x00, 0x00,
    0x00, 0x1f, 0xff, 0xff, 0xff, 0xff, 0xff, 0xfa, 0x00, 0x00, 0x79, 0x00, 0x00, 0x00, 0x00, 0x00,
    0x00, 0xdf, 0xee, 0xee, 0xef, 0x10, 0x00, 0x04, 0xbc, 0x30, 0x00, 0x6c, 0x00, 0x00, 0x0c, 0x44,
    0xc1, 0x02, 0xe3, 0x00, 0x00, 0x6a, 0x00, 0x7b, 0x4d, 0x60, 0x00, 0x02, 0xd2, 0x00, 0x1c, 0xfa,
    0x00, 0x00, 0x2d, 0x41, 0x5a, 0xe8, 0x4a, 0xd7, 0x30, 0x86, 0x2d, 0xa5, 0x10, 0x00, 0x28, 0xd5,
    0x9f, 0xfe, 0xef, 0xe1, 0x00, 0x00, 0x00, 0x09, 0x70, 0x0d, 0x2f, 0xfe, 0xee, 0xf1, 0x09, 0x70,
    0x0d, 0x27, 0x80, 0x01, 0xe0, 0x09, 0xed, 0xdf, 0x24, 0xa0, 0x04, 0xb0, 0x09, 0x70, 0x0d, 0x21,
    0xd0, 0x08, 0x70, 0x09, 0xed, 0xdf, 0x20, 0xd2, 0x0d, 0x30, 0x09, 0x70, 0x0d, 0x20, 0x88, 0x3d,
    0x00, 0x09, 0x70, 0x0d, 0x32, 0x2e, 0xc6, 0x00, 0x1a, 0xa8, 0xaf, 0xd8, 0x0a, 0xe0, 0x00, 0xac,
    0x96, 0x4e, 0x20, 0x8d, 0xc8, 0x00, 0x00, 0x00, 0x0d, 0x5b, 0xd2, 0x1c, 0xa1, 0x00, 0x00, 0x0d,
    0xa9, 0x10, 0x01, 0x97, 0x00, 0x00, 0x00, 0x00, 0x00, 0x00, 0x00, 0x00, 0x11, 0x23, 0x45, 0x79,
    0xbd, 0x70, 0x0b, 0xed, 0xcb, 0xa9, 0x75, 0x42, 0x00, 0x00, 0xa5, 0x01, 0xc2, 0x00, 0xa6, 0x00,
    0x00, 0x3b, 0x00, 0x78, 0x08, 0xb1, 0x00, 0x4f, 0xee, 0xee, 0xee, 0xee, 0xee, 0xf4, 0x4c, 0x00,
    0x00, 0x00, 0x00, 0x00, 0xc4, 0x00, 0x9f, 0xee, 0xee, 0xee, 0xf0, 0x00, 0x00, 0x04, 0xc1, 0x00,
    0x1c, 0x80, 0x00, 0x00, 0x00, 0x7c, 0x23, 0xc8, 0x00, 0x00, 0x00, 0x00, 0x08, 0xef, 0x50, 0x00,
    0x00, 0x00, 0x37, 0xbd, 0x8a, 0xea, 0x74, 0x10, 0x6d, 0xa7, 0x30, 0x00, 0x15, 0x8b, 0xe7, 0x00,
    0x00, 0x00, 0x00, 0x00, 0x07, 0xa0, 0x0c, 0xff, 0xf9, 0x08, 0x80, 0x07, 0xa0, 0x0c, 0x40, 0x79,
    0x08, 0x80, 0x07, 0xa0, 0x0c, 0x40, 0x79, 0x08, 0x80, 0x07, 0xa0, 0x0c, 0x40, 0x79, 0x08, 0x80,
    0x07, 0xa0, 0x0c, 0x40, 0x79, 0x08, 0x80, 0x07, 0xa0, 0x0c, 0x40, 0x79, 0x08, 0x80, 0x07, 0xa0,
    0x0c, 0x40, 0x79, 0x08, 0x80, 0x08, 0xa0, 0x0c, 0x40, 0x79, 0x0a, 0xba, 0xef, 0xa0, 0x0c, 0xff,
    0xf9, 0x0b, 0xa5, 0x27, 0xa0, 0x0c, 0x40, 0x79, 0x00, 0x00, 0x07, 0xa0, 0x00, 0x00, 0x00, 0x00,
    0x00, 0x07, 0xa0, 0xbf, 0xff, 0xff, 0xff, 0xff, 0xff, 0xfc, 0x01, 0x11, 0x11, 0x11, 0x11, 0xa8,
    0x11, 0x00, 0x00, 0x00, 0x00, 0x00, 0xa8, 0x00, 0x03, 0xff, 0xff, 0xfc, 0x00, 0xa8, 0x00, 0x03,
    0xd0, 0x00, 0x4c, 0x00, 0xa8, 0x00, 0x03, 0xd0, 0x00, 0x4c, 0x00, 0xa8, 0x00, 0x03, 0xd0, 0x00,
    0x4c, 0x00, 0xa8, 0x00, 0x03, 0xd0, 0x00, 0x4c, 0x00, 0xa8, 0x00, 0x03, 0xff, 0xff, 0xfc, 0x00,
    0xa8, 0x00, 0x03, 0xd0, 0x00, 0x00, 0x00, 0xa8, 0x00, 0x00, 0x00, 0x00, 0x03, 0x33, 0xd7, 0x00,
    0x00, 0x00, 0x00, 0x0d, 0xff, 0xc2, 0x00, 0x00, 0xaf, 0xff, 0xff, 0xff, 0xfa, 0x00, 0x00, 0xa7,
    0x00, 0x00, 0x00, 0x7a, 0x00, 0x00, 0xaf, 0xff, 0xff, 0xff, 0xfa, 0x00, 0x00, 0xa7, 0x00, 0x00,
    0x00, 0x7a, 0x00, 0x00, 0x00, 0x00, 0x00, 0x00, 0x00, 0x00, 0xcf, 0xff, 0xff, 0xff, 0xff, 0xff,
    0xfc, 0x00, 0x0e, 0x30, 0x00, 0x00, 0x00, 0x00, 0x00, 0x4d, 0x00, 0x00, 0x00, 0x00, 0x00, 0x00,
    0x6f, 0xff, 0xff, 0xff, 0xfd, 0x00, 0x00, 0x00, 0x00, 0x00, 0x00, 0x6b, 0x00, 0x00, 0x00, 0x00,
    0x00, 0x00, 0xb8, 0x00, 0x00, 0x00, 0x07, 0xfe, 0xde, 0xd1, 0x00, 0x00, 0x00, 0x01, 0x32, 0x33,
    0x00, 0x00, 0x00, 0x11, 0x23, 0x46, 0x79, 0xbd, 0x90, 0x04, 0xff, 0xed, 0xcb, 0xa8, 0x65, 0x30,
    0x04, 0xd0, 0x00, 0x00, 0x00, 0x00, 0x00, 0x04, 0xd0, 0x00, 0x00, 0x00, 0x00, 0x00, 0x04, 0xff,
    0xff, 0xff, 0xff, 0xff, 0xfb, 0x04, 0xd0, 0x00, 0x00, 0x00, 0x00, 0x00, 0x04, 0xd0, 0x00, 0x00,
    0x00, 0x00, 0x00, 0x05, 0xc0, 0xdf, 0xff, 0xff, 0xff, 0x70, 0x08, 0xa0, 0xd3, 0x00, 0x00, 0x0a,
    0x70, 0x0d, 0x50, 0xd3, 0x00, 0x00, 0x0a, 0x70, 0x6d, 0x00, 0xdf, 0xff, 0xff, 0xff, 0x70, 0x93,
    0x00, 0xd3, 0x00, 0x00, 0x0a, 0x70, 0x00, 0x00, 0x00, 0x78, 0x00, 0x00, 0x00, 0x04, 0xfe, 0xee,
    0xee, 0xee, 0xee, 0xf0, 0x04, 0xc0, 0x00, 0x00, 0x00, 0x01, 0xf0, 0x04, 0xc0, 0x00, 0x00, 0x00,
    0x01, 0xf0, 0x04, 0xfe, 0xee, 0xee, 0xee, 0xee, 0xf0, 0x05, 0xc0, 0x00, 0x00, 0x00, 0x00, 0x00,
    0x05, 0xb0, 0x00, 0x00, 0x00, 0x00, 0x00, 0x07, 0xa3, 0xfe, 0xee, 0xee, 0xee, 0xd0, 0x0a, 0x73,
    0xd0, 0x00, 0x00, 0x04, 0xd0, 0x0e, 0x33, 0xd0, 0x00, 0x00, 0x04, 0xd0, 0x5d, 0x03, 0xfe, 0xee,
    0xee, 0xee, 0xd0, 0x94, 0x03, 0xd0, 0x00, 0x00, 0x04, 0xd0, 0x00, 0x00, 0x00, 0x23, 0x46, 0x8b,
    0xe2, 0x0f, 0xff, 0x99, 0xed, 0xdf, 0x96, 0x30, 0x0f, 0x06, 0x90, 0x00, 0x2e, 0x00, 0x00, 0x0f,
    0x06, 0x92, 0xc2, 0x2e, 0x04, 0xc1, 0x0f, 0x06, 0x90, 0x79, 0x2e, 0x1c, 0x30, 0x0f, 0x06, 0x90,
    0x00, 0x2e, 0x00, 0x00, 0x0f, 0x06, 0x9e, 0xff, 0xff, 0xff, 0xfb, 0x0f, 0x06, 0x90, 0x00, 0x2e,
    0x00, 0x00, 0x0f, 0xff, 0x90, 0x00, 0x2e, 0x00, 0x00, 0x0f, 0x06, 0x90, 0x00, 0x2e, 0x00, 0x00,
    0x00, 0x00, 0x00, 0x00, 0x4d, 0x00, 0x00, 0x00, 0x00, 0x00, 0xdf, 0xf9, 0x00, 0x00, 0x00, 0x00,
    0x00, 0x22, 0x10, 0x00, 0x00, 0x09, 0xed, 0xde, 0x35, 0xed, 0xde, 0x80, 0x09, 0x50, 0x0c, 0x35,
    0x90, 0x07, 0x80, 0x09, 0xed, 0xde, 0x35, 0xed, 0xde, 0x80, 0x00, 0x00, 0x00, 0x00, 0x0a, 0x30,
    0x00, 0x00, 0x00, 0x00, 0xa4, 0x03, 0xe1, 0x00, 0x5e, 0xee, 0xee, 0xff, 0xee, 0xee, 0xe6, 0x00,
    0x14, 0x8d, 0x46, 0xd8, 0x42, 0x11, 0x7d, 0xda, 0x51, 0x00, 0x27, 0xbe, 0xf7, 0x09, 0xed, 0xde,
    0x35, 0xed, 0xde, 0x80, 0x09, 0x50, 0x0b, 0x35, 0xa0, 0x07, 0x80, 0x09, 0xed, 0xde, 0x35, 0xed,
    0xde, 0x80, 0x09, 0x50, 0x0b, 0x35, 0xa0, 0x07, 0x80, 0x0e, 0xff, 0xff, 0xff, 0xff, 0xff, 0xf0,
    0x0e, 0x30, 0x00, 0x00, 0x00, 0x03, 0xf0, 0x0e, 0x30, 0x00, 0x00, 0x00, 0x02, 0xf0, 0x0e, 0x30,
    0xde, 0xee, 0xee, 0x02, 0xf0, 0x0e, 0x30, 0xd3, 0x00, 0x2e, 0x02, 0xf0, 0x0e, 0x30, 0xd3, 0x00,
    0x2e, 0x02, 0xf0, 0x0e, 0x30, 0xd3, 0x00, 0x2e, 0x02, 0xf0, 0x0e, 0x30, 0xd3, 0x00, 0x2e, 0x02,
    0xf0, 0x0e, 0x30, 0xde, 0xee, 0xee, 0x02, 0xf0, 0x0e, 0x30, 0xd3, 0x00, 0x2e, 0x02, 0xf0, 0x0e,
    0x30, 0x00, 0x00, 0x00, 0x02, 0xf0, 0x0e, 0xff, 0xff, 0xff, 0xff, 0xff, 0xf0, 0x0e, 0x30, 0x00,
    0x00, 0x00, 0x02, 0xf0, 0x0f, 0xff, 0xff, 0xff, 0xff, 0xff, 0xf0, 0x0f, 0x10, 0x00, 0xd2, 0x00,
    0x00, 0xf0, 0x0f, 0x2e, 0xee, 0xfe, 0xee, 0xc0, 0xf0, 0x0f, 0x10, 0x00, 0xd2, 0x00, 0x00, 0xf0,
    0x0f, 0x1a, 0xee, 0xfe, 0xee, 0x60, 0xf0, 0x0f, 0x10, 0x00, 0xd2, 0x00, 0x00, 0xf0, 0x0f, 0x6e,
    0xee, 0xfe, 0xee, 0xb0, 0xf0, 0x0f, 0x10, 0x00, 0xd2, 0x05, 0xa0, 0xf0, 0x0f, 0x10, 0x00, 0xd2,
    0x17, 0x90, 0xf0, 0x0f, 0x10, 0x00, 0xd6, 0xed, 0x30, 0xf0, 0x0f, 0x10, 0x00, 0xd2, 0x00, 0x00,
    0xf0, 0x0f, 0xff, 0xff, 0xff, 0xff, 0xff, 0xf0, 0x0f, 0x10, 0x00, 0x00, 0x00, 0x00, 0xf0, 0x1f,
    0xff, 0xff, 0xff, 0xff, 0xff, 0xf0, 0x1f, 0x00, 0x1b, 0x20, 0x00, 0x00, 0xf0, 0x1f, 0x00, 0xad,
    0xdd, 0xde, 0xa0, 0xf0, 0x1f, 0x09, 0x89, 0x00, 0x5e, 0x30, 0xf0, 0x1f, 0x48, 0x07, 0xa8, 0xf6,
    0x00, 0xf0, 0x1f, 0x00, 0x38, 0xed, 0x92, 0x11, 0xf0, 0x1f, 0x6b, 0x84, 0x00, 0x38, 0xc7, 0xf0,
    0x1f, 0x00, 0x1d, 0xa6, 0x20, 0x00, 0xf0, 0x1f, 0x00, 0x01, 0x59, 0xd3, 0x00, 0xf0, 0x1f, 0x06,
    0xdb, 0x85, 0x20, 0x00, 0xf0, 0x1f, 0x00, 0x25, 0x7b, 0xee, 0x20, 0xf0, 0x1f, 0xff, 0xff, 0xff,
    0xff, 0xff, 0xf0, 0x1f, 0x00, 0x00, 0x00, 0x00, 0x00, 0xf0, 0x00, 0x00, 0x0d, 0x20, 0x00, 0x00,
    0x00, 0x00, 0x00, 0x4e, 0x00, 0x00, 0x00, 0x00, 0x7f, 0xff, 0xff, 0xff, 0xff, 0xff, 0xfb, 0x00,
    0x03, 0xe2, 0x00, 0x00, 0x00, 0x00, 0x00, 0x0b, 0x80, 0x00, 0xc5, 0x00, 0x00, 0x00, 0x6d, 0x00,
    0x00, 0xc5, 0x00, 0x00, 0x03, 0xf7, 0x5f, 0xff, 0xff, 0xff, 0xe0, 0x3e, 0xd7, 0x00, 0x00, 0xc5,
    0x00, 0x00, 0x85, 0x97, 0x00, 0x00, 0xc5, 0x00, 0x00, 0x00, 0x97, 0x00, 0x00, 0xc5, 0x00, 0x00,
    0x00, 0x97, 0x00, 0x00, 0xc5, 0x00, 0x00, 0x00, 0x98, 0xee, 0xee, 0xee, 0xee, 0xeb, 0x00, 0xe1,
    0x00, 0x00, 0x4c, 0x00, 0x10, 0x00, 0xe1, 0x07, 0x90, 0x4c, 0x39, 0xe1, 0xae, 0xfe, 0x97, 0x92,
    0x9f, 0xea, 0xf0, 0x00, 0xe1, 0x1a, 0xee, 0xcc, 0x01, 0xf0, 0x00, 0xe1, 0x8d, 0xb0, 0x4c, 0x01,
    0xe0, 0x00, 0xe1, 0x07, 0x90, 0x4c, 0x15, 0xd0, 0x00, 0xe1, 0x07, 0x90, 0x4c, 0xdf, 0x70, 0x00,
    0xe7, 0xb7, 0x90, 0x4c, 0x10, 0x4b, 0x39, 0xfa, 0x37, 0x90, 0x4c, 0x00, 0x6c, 0xa8, 0x20, 0x06,
    0xc1, 0x00, 0x01, 0xb8, 0x00, 0x00, 0x01, 0xcf, 0xff, 0xff, 0xc2, 0x00, 0x00, 0x00, 0x00, 0x11,
    0x10, 0x00, 0x00, 0xd2, 0x05, 0xb0, 0x00, 0x02, 0xe0, 0x00, 0xd2, 0x05, 0xb0, 0x4c, 0x02, 0xe0,
    0x00, 0xd2, 0x05, 0xb0, 0x4c, 0x02, 0xe0, 0x9f, 0xff, 0xd5, 0xb0, 0x4c, 0x02, 0xe0, 0x00, 0xd2,
    0x05, 0xb0, 0x4c, 0x02, 0xe0, 0x00, 0xd2, 0x05, 0xb0, 0x4c, 0x02, 0xe0, 0x00, 0xd2, 0x06, 0xa0,
    0x4c, 0x02, 0xe0, 0x00, 0xd2, 0x27, 0x90, 0x4c, 0x02, 0xe0, 0x37, 0xee, 0xea, 0x60, 0x4c, 0x02,
    0xe0, 0xab, 0x73, 0x2e, 0x10, 0x4c, 0x02, 0xe0, 0x00, 0x01, 0xc7, 0x00, 0x4c, 0x02, 0xe0, 0x00,
    0x06, 0x90, 0x00, 0x00, 0x02, 0xe0, 0x00, 0xc3, 0x00, 0x03, 0xe0, 0x00, 0x00, 0x00, 0xc3, 0x00,
    0x03, 0xd0, 0x00, 0x00, 0x00, 0xc3, 0x09, 0xee, 0xfe, 0xef, 0x40, 0x9f, 0xff, 0xf0, 0x03, 0xd0,
    0x0c, 0x40, 0x00, 0xc3, 0x00, 0x03, 0xd0, 0x0c, 0x40, 0x00, 0xc3, 0x00, 0x05, 0xb0, 0x0c, 0x40,
    0x00, 0xc3, 0x6e, 0xef, 0xfe, 0xee, 0xe9, 0x00, 0xc3, 0x10, 0x0c, 0xd5, 0x00, 0x00, 0x26, 0xee,
    0xe2, 0x6c, 0x3d, 0x10, 0x00, 0x9b, 0x74, 0x04, 0xe2, 0x07, 0xb1, 0x00, 0x00, 0x00, 0x7e, 0x30,
    0x00, 0x8d, 0x40, 0x00, 0x05, 0xb2, 0x00, 0x00, 0x05, 0xc2, 0x00, 0x0e, 0x10, 0x00, 0x01, 0xf0,
    0x00, 0x3d, 0xdf, 0xed, 0xdd, 0xdd, 0xfd, 0xd4, 0x00, 0x0e, 0x10, 0x00, 0x01, 0xf0, 0x00, 0x00,
    0x0e, 0xdd, 0xdd, 0xdd, 0xf0, 0x00, 0x00, 0x0e, 0x10, 0x00, 0x01, 0xf0, 0x00, 0x00, 0x0e, 0xdd,
    0xdd, 0xdd, 0xf0, 0x00, 0x00, 0x0e, 0x10, 0x00, 0x01, 0xf0, 0x00, 0x9d, 0xde, 0xfd, 0xdd, 0xdf,
    0xed, 0xd9, 0x00, 0x2a, 0x40, 0x88, 0x04, 0x91, 0x00, 0x05, 0x9b, 0xdd, 0xee, 0xdd, 0xb9, 0x60,
    0x78, 0x00, 0x00, 0x88, 0x00, 0x00, 0x97, 0x0b, 0xdd, 0xdd, 0xdd, 0xdd, 0xdd, 0xb0, 0x00, 0x88,
    0x00, 0x00, 0x98, 0x00, 0x00, 0x00, 0xd4, 0x00, 0x00, 0x98, 0x00, 0x00, 0x02, 0xff, 0xff, 0xb0,
    0x98, 0x00, 0x00, 0x08, 0x91, 0x17, 0xa0, 0x9b, 0xa0, 0x00, 0x1e, 0x80, 0x09, 0x70, 0x9a, 0xcb,
    0x10, 0x7e, 0xd0, 0x0c, 0x40, 0x98, 0x1a, 0xc1, 0x93, 0xd2, 0x2e, 0x00, 0x98, 0x00, 0x95, 0x00,
    0x79, 0x98, 0x00, 0x98, 0x00, 0x00, 0x00, 0x1d, 0xd1, 0x00, 0x98, 0x00, 0x00, 0x00, 0x4d, 0xd4,
    0x00, 0x77, 0x00, 0x00, 0x18, 0xd3, 0x3d, 0xb6, 0x32, 0x11, 0x12, 0x48, 0x10, 0x00, 0x6a, 0xde,
    0xff, 0xf9, 0x00, 0x00, 0x00, 0x00, 0x00, 0x00, 0x00, 0x00, 0x05, 0xa0, 0x00, 0x00, 0x00, 0x00,
    0x00, 0x5f, 0xee, 0xee, 0xee, 0xfd, 0x00, 0x08, 0xe9, 0xd3, 0x00, 0x18, 0xd3, 0x00, 0x5b, 0x20,
    0x4c, 0xb9, 0xe8, 0x10, 0x00, 0x00, 0x25, 0x8c, 0xdc, 0xea, 0x63, 0x10, 0x8d, 0xb8, 0x62, 0x00,
    0x26, 0x9c, 0xe7, 0x00, 0xdd, 0xcc, 0xee, 0xcc, 0xdd, 0x00, 0x00, 0xd2, 0x00, 0x78, 0x00, 0x2d,
    0x00, 0x00, 0xdc, 0xcc, 0xdd, 0xcc, 0xcd, 0x00, 0x00, 0xd2, 0x00, 0x78, 0x00, 0x2d, 0x00, 0x00,
    0xdd, 0xcc, 0xcc, 0xcc, 0xdd, 0x00, 0x00, 0x1d, 0x10, 0x00, 0x4d, 0x00, 0x00, 0x00, 0x7c, 0x00,
    0x00, 0x4d, 0x00, 0x00, 0x00, 0xdf, 0xff, 0xf6, 0x4d, 0x00, 0x00, 0x05, 0xd1, 0x11, 0xd5, 0x4d,
    0x00, 0x00, 0x1d, 0x60, 0x01, 0xf2, 0x4e, 0xc5, 0x00, 0x8b, 0x49, 0x04, 0xd0, 0x4d, 0x3d, 0xa1,
    0x92, 0x0a, 0xaa, 0x70, 0x4d, 0x01, 0x98, 0x00, 0x01, 0xce, 0x10, 0x4d, 0x00, 0x00, 0x00, 0x00,
    0xc5, 0x00, 0x4d, 0x00, 0x00, 0x00, 0x1b, 0x80, 0x00, 0x4d, 0x00, 0x00, 0x04, 0xd7, 0x00, 0x00,
    0x4d, 0x00, 0x00, 0x3c, 0x40, 0x00, 0x00, 0x4d, 0x00, 0x00, 0x00, 0x00, 0x08, 0xa1, 0x00, 0x00,
    0x00, 0x00, 0x02, 0xce, 0xee, 0xee, 0xef, 0x70, 0x01, 0x8d, 0x40, 0x00, 0x04, 0xc8, 0x10, 0x0b,
    0x71, 0x78, 0x03, 0xab, 0x30, 0x00, 0x00, 0x00, 0x1d, 0xdc, 0x40, 0x00, 0x00, 0x00, 0x49, 0xd9,
    0x49, 0xb1, 0x00, 0x00, 0x3c, 0x94, 0x17, 0xee, 0xee, 0xef, 0xf3, 0x00, 0x39, 0xea, 0x30, 0x00,
    0x3d, 0x80, 0x06, 0xc7, 0x22, 0xb1, 0x18, 0xd4, 0x00, 0x00, 0x00, 0x00, 0x9d, 0xd8, 0x10, 0x00,
    0x00, 0x14, 0x7c, 0xc7, 0x10, 0x00, 0x00, 0x0b, 0xc9, 0x62, 0x00, 0x00, 0x00, 0x00, 0x00, 0x00,
    0x00, 0xa8, 0x00, 0x00, 0x00, 0x00, 0x00, 0x00, 0xa8, 0x00, 0x00, 0x00, 0x00, 0x00, 0x00, 0xa8,
    0x00, 0x00, 0x00, 0x8f, 0xff, 0xff, 0xff, 0xff, 0xff, 0xf9, 0x11, 0x11, 0x11, 0xca, 0x11, 0x11,
    0x11, 0x00, 0x00, 0x01, 0xed, 0x00, 0x00, 0x00, 0x00, 0x00, 0x06, 0xbb, 0x40, 0x00, 0x00, 0x00,
    0x00, 0x1d, 0x44, 0xc0, 0x00, 0x00, 0x00, 0x00, 0xb9, 0x00, 0xa9, 0x00, 0x00, 0x00, 0x1b, 0xa0,
    0x00, 0x1c, 0xa1, 0x00, 0x06, 0xe8, 0x00, 0x00, 0x01, 0xbd, 0x61, 0x6b, 0x30, 0x00, 0x00, 0x00,
    0x05, 0xc6, 0x00, 0x1d, 0x10, 0x5c, 0x00, 0x00, 0x00, 0x00, 0x7b, 0x00, 0x5c, 0x00, 0x00, 0x00,
    0x01, 0xef, 0xff, 0xff, 0xff, 0xff, 0xd0, 0x0a, 0xa1, 0x11, 0x7b, 0x11, 0x11, 0x10, 0x1b, 0x10,
    0x00, 0x7b, 0x00, 0x00, 0x00, 0x00, 0x00, 0x00, 0x7a, 0x00, 0x00, 0x00, 0x9f, 0xff, 0xff, 0xff,
    0xff, 0xff, 0xf9, 0x01, 0x11, 0x11, 0xed, 0x21, 0x11, 0x10, 0x00, 0x00, 0x0a, 0x85, 0xb0, 0x00,
    0x00, 0x00, 0x02, 0xb9, 0x00, 0x8b, 0x20, 0x00, 0x03, 0x9d, 0x60, 0x00, 0x05, 0xd9, 0x40, 0x6c,
    0x61, 0x00, 0x00, 0x00, 0x16, 0xc7, 0x00, 0x00, 0x0c, 0x50, 0x00, 0x00, 0x00, 0x00, 0x00, 0x4f,
    0x10, 0x00, 0x00, 0x00, 0x00, 0x00, 0x9a, 0x00, 0x00, 0x00, 0x00, 0x9f, 0xff, 0xff, 0xff, 0xff,
    0xff, 0xf9, 0x00, 0x06, 0xd0, 0x00, 0x08, 0x90, 0x00, 0x00, 0x0c, 0x60, 0x00, 0x0c, 0x50, 0x00,
    0x00, 0x5e, 0x10, 0x00, 0x4e, 0x10, 0x00, 0x00, 0x7e, 0x82, 0x01, 0xd7, 0x00, 0x00, 0x00, 0x01,
    0x7d, 0xac, 0xa0, 0x00, 0x00, 0x00, 0x00, 0x17, 0xfd, 0xc5, 0x00, 0x00, 0x02, 0x6a, 0xea, 0x30,
    0x4b, 0xd6, 0x10, 0x6d, 0x95, 0x10, 0x00, 0x00, 0x3b, 0x80, 0x00, 0xc4, 0x00, 0x00, 0x97, 0x00,
    0x00, 0x00, 0xe2, 0x00, 0x02, 0xe2, 0x00, 0x00, 0x02, 0xf0, 0x00, 0x08, 0x80, 0x3b, 0x00, 0xbf,
    0xff, 0xf7, 0x2d, 0x10, 0x0a, 0x80, 0x07, 0x90, 0xa6, 0xbb, 0x9b, 0xde, 0xf3, 0x0a, 0x50, 0xd7,
    0xc8, 0x64, 0x20, 0x88, 0x0e, 0x11, 0xe0, 0x00, 0x00, 0x00, 0x00, 0x2e, 0x46, 0xb0, 0xcf, 0xee,
    0xee, 0xc0, 0x03, 0xde, 0x50, 0xc4, 0x00, 0x04, 0xc0, 0x00, 0xae, 0xa1, 0xc4, 0x00, 0x04, 0xc0,
    0x1a, 0xb1, 0x96, 0xce, 0xee, 0xee, 0xc0, 0x88, 0x00, 0x00, 0xc4, 0x00, 0x04, 0xc0, 0x04, 0xff,
    0xff, 0xff, 0xff, 0xff, 0x60, 0x00, 0x00, 0x00, 0x00, 0x03, 0xda, 0x10, 0x00, 0x00, 0x00, 0x00,
    0x6d, 0x40, 0x00, 0x00, 0x00, 0x00, 0x1a, 0x91, 0x00, 0x00, 0x00, 0x00, 0x00, 0x6c, 0x00, 0x00,
    0x00, 0xbf, 0xff, 0xff, 0xff, 0xff, 0xff, 0xfc, 0x00, 0x00, 0x00, 0x6c, 0x00, 0x00, 0x00, 0x00,
    0x00, 0x00, 0x6c, 0x00, 0x00, 0x00, 0x00, 0x00, 0x00, 0x6c, 0x00, 0x00, 0x00, 0x00, 0x00, 0x00,
    0x6c, 0x00, 0x00, 0x00, 0x00, 0x00, 0x00, 0x9b, 0x00, 0x00, 0x00, 0x00, 0x06, 0xff, 0xf6, 0x00,
    0x00, 0x00, 0x00, 0x00, 0x22, 0x10, 0x00, 0x00, 0x00, 0x9f, 0xff, 0xf8, 0x00, 0x0f, 0x20, 0x00,
    0x00, 0x05, 0xf3, 0x00, 0x0f, 0x20, 0x00, 0x00, 0x4f, 0x70, 0x00, 0x0f, 0x20, 0x00, 0x00, 0xba,
    0x00, 0x4b, 0x0f, 0x2c, 0x20, 0x00, 0xb5, 0x01, 0x89, 0x0f, 0x29, 0x70, 0x00, 0xba, 0xd4, 0xc5,
    0x0f, 0x25, 0xc0, 0x4a, 0xfb, 0x32, 0xe1, 0x0f, 0x21, 0xe2, 0x97, 0xb5, 0x07, 0xa0, 0x0f, 0x20,
    0xb7, 0x00, 0xb5, 0x0a, 0x50, 0x0f, 0x20, 0x69, 0x00, 0xb5, 0x00, 0x00, 0x0f, 0x20, 0x00, 0x10,
    0xc5, 0x00, 0x00, 0x2f, 0x20, 0x00, 0xaf, 0xd1, 0x00, 0x6f, 0xfc, 0x00, 0x00, 0x00, 0x00, 0x00,
    0x01, 0x10, 0x00, 0x00, 0x00, 0x00, 0x00, 0xb4, 0x00, 0x00, 0x00, 0x00, 0x00, 0x00, 0x8a, 0x00,
    0x00, 0x00, 0x0e, 0xff, 0xff, 0xff, 0xff, 0xff, 0xf0, 0x0e, 0x20, 0x00, 0x00, 0x00, 0x01, 0xf0,
    0x0e, 0x20, 0x00, 0x00, 0x1f, 0x11, 0xf0, 0x00, 0x00, 0x00, 0x00, 0x1f, 0x10, 0x00, 0x7f, 0xff,
    0xff, 0xff, 0xff, 0xff, 0xf8, 0x00, 0x00, 0x00, 0x00, 0x1f, 0x10, 0x00, 0x00, 0x5d, 0x71, 0x00,
    0x1f, 0x10, 0x00, 0x00, 0x04, 0xb8, 0x00, 0x1f, 0x10, 0x00, 0x00, 0x00, 0x00, 0x00, 0x3f, 0x10,
    0x00, 0x00, 0x00, 0x01, 0xff, 0xfa, 0x00, 0x00, 0x00, 0x00, 0x00, 0x11, 0x00, 0x00, 0x00, 0x00,
    0x00, 0x00, 0xb4, 0x00, 0x00, 0x00, 0x00, 0x00, 0x00, 0x6d, 0x00, 0x00, 0x00, 0x1f, 0xff, 0xff,
    0xff, 0xff, 0xff, 0xf2, 0x1f, 0x00, 0x00, 0x00, 0x00, 0x00, 0xe2, 0x1f, 0x00, 0x08, 0x80, 0x00,
    0x00, 0xe2, 0x00, 0x00, 0x4e, 0x20, 0x00, 0x00, 0x00, 0xcf, 0xff, 0xff, 0xff, 0xff, 0xff, 0xfc,
    0x00, 0x09, 0xa0, 0x00, 0x0a, 0x80, 0x00, 0x00, 0x2d, 0xa5, 0x10, 0x8c, 0x10, 0x00, 0x00, 0x00,
    0x39, 0xed, 0xd1, 0x00, 0x00, 0x00, 0x25, 0x9d, 0xb6, 0x9e, 0xa4, 0x00, 0x1d, 0xc9, 0x51, 0x00,
    0x01, 0x6b, 0x70, 0x00, 0x00, 0x00, 0xa5, 0x00, 0x00, 0x00, 0x00, 0x00, 0x00, 0x7d, 0x00, 0x00,
    0x00, 0x0f, 0xff, 0xff, 0xff, 0xff, 0xff, 0xf1, 0x0f, 0x10, 0x00, 0x00, 0x00, 0x00, 0xf1, 0x00,
    0x00, 0x00, 0x00, 0x00, 0x00, 0x00, 0x8f, 0xff, 0xff, 0xff, 0xff, 0xff, 0xf7, 0x00, 0x00, 0x00,
    0x4d, 0x00, 0x00, 0x00, 0x00, 0x5b, 0x00, 0x4d, 0x00, 0x00, 0x00, 0x00, 0x99, 0x00, 0x4f, 0xff,
    0xff, 0xa0, 0x02, 0xfd, 0x10, 0x4d, 0x00, 0x00, 0x00, 0x2d, 0xa9, 0xd6, 0x6d, 0x00, 0x00, 0x00,
    0x89, 0x00, 0x5b, 0xff, 0xff, 0xff, 0xf9, 0x00, 0x00, 0x00, 0x01, 0x11, 0x21, 0x11, 0x00, 0x00,
    0x00, 0xb4, 0x00, 0x00, 0x00, 0x00, 0x00, 0x00, 0x8b, 0x00, 0x00, 0x00, 0x3f, 0xff, 0xff, 0xff,
    0xff, 0xff, 0xf3, 0x3e, 0x00, 0x00, 0x00, 0x00, 0x00, 0xe3, 0x00, 0x00, 0x00, 0x00, 0x00, 0x00,
    0x00, 0x0f, 0xff, 0xff, 0xff, 0xff, 0xff, 0xe0, 0x00, 0x00, 0x00, 0x99, 0x00, 0x00, 0x00, 0x00,
    0x00, 0x00, 0x98, 0x00, 0x00, 0x00, 0x07, 0xff, 0xff, 0xff, 0xff, 0xff, 0x70, 0x00, 0x00, 0x00,
    0x99, 0x03, 0x51, 0x00, 0x00, 0x00, 0x00, 0x98, 0x03, 0x93, 0x00, 0xaf, 0xff, 0xff, 0xff, 0xff,
    0xff, 0xfa, 0x00, 0x00, 0x00, 0x00, 0x00, 0x00, 0x00, 0x00, 0x00, 0x00, 0x96, 0x00, 0x00, 0x00,
    0x00, 0x00, 0x00, 0x5d, 0x00, 0x00, 0x00, 0x4f, 0xff, 0xff, 0xff, 0xff, 0xff, 0xf4, 0x4c, 0x00,
    0x00, 0x00, 0x00, 0x00, 0xc4, 0x00, 0x08, 0x93, 0x05, 0xc0, 0x00, 0x00, 0x00, 0x00, 0x4c, 0x35,
    0xc0, 0x00, 0x00, 0x00, 0xb8, 0x10, 0x06, 0xb0, 0x00, 0x00, 0x00, 0x06, 0xc2, 0x09, 0x80, 0x00,
    0x00, 0x8f, 0xff, 0xff, 0xff, 0xff, 0xff, 0xf9, 0x00, 0x00, 0x03, 0xcf, 0x62, 0x00, 0x00, 0x01,
    0x37, 0xbe, 0x74, 0x9d, 0xc7, 0x20, 0x6d, 0xb8, 0x40, 0x00, 0x00, 0x38, 0xd3, 0x00, 0x00, 0x00,
    0x96, 0x00, 0x00, 0x00, 0x3f, 0xee, 0xee, 0xee, 0xee, 0xee, 0xf4, 0x3d, 0x00, 0x00, 0x00, 0x00,
    0x00, 0xc4, 0x00, 0xbe, 0xef, 0xee, 0xee, 0xec, 0x00, 0x00, 0x03, 0xd9, 0x00, 0x08, 0x20, 0x00,
    0x00, 0x7e, 0x71, 0x12, 0x3b, 0xe4, 0x00, 0x00, 0xdf, 0xee, 0xee, 0xcb, 0xbf, 0x40, 0x00, 0x00,
    0x00, 0x88, 0x00, 0x04, 0x00, 0x06, 0xee, 0xee, 0xff, 0xee, 0xee, 0x70, 0x00, 0x00, 0x00, 0x88,
    0x00, 0x00, 0x00, 0x00, 0x00, 0x00, 0x88, 0x00, 0x00, 0x00, 0xae, 0xee, 0xee, 0xee, 0xee, 0xee,
    0xea, 0x00, 0x00, 0x00, 0x88, 0x00, 0x00, 0x00, 0x4f, 0xff, 0xff, 0xff, 0xff, 0xff, 0xf4, 0x4c,
    0x00, 0x00, 0x00, 0x00, 0x00, 0xc4, 0x00, 0xdf, 0xff, 0xff, 0xff, 0xfd, 0x00, 0x00, 0x00, 0x4d,
    0x70, 0x00, 0x00, 0x00, 0x01, 0x5b, 0xa8, 0xe2, 0x01, 0x7c, 0x10, 0x4c, 0x72, 0x5d, 0xbc, 0xaf,
    0x71, 0x00, 0x00, 0x5b, 0xb3, 0x6f, 0x7b, 0x60, 0x00, 0x4c, 0x82, 0x2b, 0xba, 0x72, 0xe4, 0x00,
    0x00, 0x4a, 0xc5, 0x08, 0x80, 0x4e, 0x71, 0x4c, 0x83, 0x00, 0x1c, 0x60, 0x02, 0xb7, 0x00, 0x00,
    0xbf, 0xfb, 0x10, 0x00, 0x00, 0x00, 0x00, 0x01, 0x00, 0x00, 0x00, 0x00, 0x06, 0xee, 0xee, 0xee,
    0xee, 0xef, 0x40, 0x00, 0x00, 0x00, 0x00, 0x00, 0x0c, 0x40, 0x00, 0xee, 0xee, 0xee, 0xee, 0xef,
    0x40, 0x00, 0x00, 0x00, 0x00, 0x00, 0x0c, 0x40, 0x08, 0xee, 0xee, 0xee, 0xee, 0xef, 0x40, 0x00,
    0x00, 0x00, 0x00, 0x00, 0x0c, 0x40, 0x00, 0x00, 0x00, 0x00, 0x02, 0xf0, 0x00, 0xbf, 0xff, 0xff,
    0xff, 0xff, 0xff, 0xfc, 0x00, 0x00, 0x00, 0x00, 0x02, 0xf0, 0x00, 0x00, 0x0b, 0x60, 0x00, 0x02,
    0xf0, 0x00, 0x00, 0x01, 0x97, 0x00, 0x05, 0xf0, 0x00, 0x00, 0x00, 0x00, 0x1f, 0xff, 0xa0, 0x00,
    0x00, 0x00, 0x00, 0x02, 0x21, 0x00, 0x00, 0x03, 0xfe, 0xee, 0xee, 0xee, 0xf9, 0x00, 0x03, 0xd0,
    0x00, 0x00, 0x00, 0x79, 0x00, 0x03, 0xfe, 0xee, 0xee, 0xee, 0xf9, 0x00, 0x03, 0xd0, 0x00, 0x00,
    0x00, 0x00, 0x76, 0x02, 0xe1, 0x00, 0x00, 0x00, 0x01, 0xd5, 0x00, 0xae, 0xee, 0xee, 0xee, 0xee,
    0xa0, 0x00, 0x00, 0x00, 0x00, 0x04, 0xd0, 0x00, 0xcf, 0xff, 0xff, 0xff, 0xff, 0xff, 0xfc, 0x00,
    0x00, 0x00, 0x00, 0x04, 0xd0, 0x00, 0x00, 0x0b, 0x50, 0x00, 0x04, 0xd0, 0x00, 0x00, 0x01, 0xa5,
    0x00, 0x07, 0xc0, 0x00, 0x00, 0x00, 0x00, 0x3f, 0xff, 0x70, 0x00, 0x00, 0x00, 0x00, 0x02, 0x21,
    0x00, 0x00, 0x00, 0x6a, 0x00, 0x09, 0x50, 0x00, 0x00, 0x00, 0x6a, 0x00, 0x8e, 0xee, 0xee, 0xf2,
    0x85, 0x6a, 0x19, 0x40, 0x00, 0x1c, 0x90, 0x5d, 0x6a, 0x94, 0x4b, 0x36, 0xd7, 0x00, 0x0b, 0x8a,
    0x02, 0x5b, 0xe8, 0x10, 0x00, 0x00, 0x6a, 0x6d, 0x94, 0x00, 0x4c, 0x00, 0x01, 0xda, 0xae, 0xee,
    0xee, 0xff, 0xec, 0x09, 0xfa, 0x00, 0xb2, 0x00, 0x4c, 0x00, 0x5d, 0x7a, 0x00, 0x7c, 0x10, 0x4c,
    0x00, 0x93, 0x6a, 0x00, 0x0a, 0x30, 0x4c, 0x00, 0x00, 0x6a, 0x00, 0x00, 0x01, 0x8c, 0x00, 0x00,
    0x6a, 0x00, 0x00, 0xdf, 0xe6, 0x00, 0x00, 0x89, 0x10, 0x88, 0x01, 0xa7, 0x00, 0x00, 0x1a, 0x70,
    0x88, 0x08, 0xa1, 0x00, 0x3f, 0xff, 0xff, 0xff, 0xff, 0xff, 0xf4, 0x3d, 0x00, 0x00, 0x00, 0x00,
    0x00, 0xc4, 0x00, 0xaf, 0xff, 0xff, 0xff, 0xfb, 0x00, 0x00, 0x00, 0x00, 0x00, 0x00, 0x00, 0x00,
    0x00, 0x00, 0x00, 0x00, 0x00, 0x00, 0x00, 0xaf, 0xff, 0xff, 0xff, 0xff, 0xff, 0xfa, 0x00, 0x00,
    0x9c, 0x00, 0x14, 0x00, 0x00, 0x00, 0x05, 0xd1, 0x00, 0x3e, 0x80, 0x00, 0x00, 0x5e, 0x64, 0x55,
    0x6a, 0xfa, 0x00, 0x03, 0xec, 0xcb, 0xa9, 0x88, 0x7d, 0x30, 0x00, 0x09, 0x40, 0x00, 0x87, 0x78,
    0x00, 0x9e, 0xee, 0xee, 0xe5, 0x87, 0x06, 0x90, 0x00, 0x00, 0x00, 0x00, 0x96, 0x00, 0x00, 0x0c,
    0xee, 0xee, 0xaf, 0xff, 0xff, 0xf6, 0x0c, 0x20, 0x05, 0x90, 0xa5, 0xf0, 0x00, 0x0c, 0x20, 0x05,
    0x90, 0xc4, 0xf0, 0x00, 0x0c, 0xee, 0xee, 0x90, 0xe2, 0xf0, 0x00, 0x00, 0x08, 0x6b, 0x03, 0xc0,
    0xf0, 0x00, 0x0a, 0x58, 0x6a, 0x78, 0x80, 0xf0, 0x39, 0x69, 0x08, 0x63, 0xbe, 0x10, 0xf0, 0x5b,
    0x00, 0x0a, 0x60, 0xb7, 0x00, 0xf1, 0x89, 0x04, 0xfd, 0x24, 0xa0, 0x00, 0xbf, 0xd3, 0x04, 0xfe,
    0xee, 0xee, 0xee, 0xef, 0x70, 0x04, 0xc0, 0x00, 0x00, 0x00, 0x08, 0x70, 0x04, 0xfe, 0xee, 0xee,
    0xee, 0xef, 0x70, 0x04, 0xc0, 0x00, 0x00, 0x00, 0x08, 0x70, 0x04, 0xc0, 0x00, 0x09, 0x70, 0x00,
    0x00, 0x04, 0xfe, 0xee, 0xef, 0xfe, 0xee, 0xe7, 0x05, 0xb0, 0x00, 0x09, 0x70, 0x00, 0x00, 0x06,
    0xa4, 0xfe, 0xee, 0xee, 0xef, 0x30, 0x09, 0x74, 0xc0, 0x00, 0x00, 0x0d, 0x30, 0x0d, 0x44, 0xc0,
    0x00, 0x00, 0x0d, 0x30, 0x5d, 0x04, 0xfe, 0xee, 0xee, 0xef, 0x30, 0x85, 0x04, 0xc0, 0x00, 0x00,
    0x0d, 0x30, 0x04, 0xfe, 0xee, 0xee, 0xee, 0xee, 0xf1, 0x04, 0xc0, 0x00, 0x00, 0x00, 0x00, 0xf1,
    0x04, 0xfe, 0xee, 0xee, 0xee, 0xee, 0xf1, 0x04, 0xc0, 0x0a, 0x70, 0x04, 0xd0, 0x00, 0x04, 0xb0,
    0x02, 0xd1, 0x0c, 0x60, 0x00, 0x04, 0xba, 0xee, 0xfe, 0xee, 0xfe, 0xe0, 0x05, 0xb0, 0x06, 0xa0,
    0x05, 0xa0, 0x00, 0x06, 0xa0, 0x06, 0x90, 0x05, 0xa0, 0x00, 0x09, 0xfe, 0xef, 0xfe, 0xee, 0xfe,
    0xeb, 0x0d, 0x40, 0x0c, 0x50, 0x05, 0xa0, 0x00, 0x6d, 0x00, 0x7c, 0x00, 0x05, 0xa0, 0x00, 0x93,
    0x04, 0xb1, 0x00, 0x05, 0xa0, 0x00, 0x0d, 0xff, 0xff, 0xff, 0xff, 0xff, 0x20, 0x00, 0x00, 0x00,
    0x00, 0x00, 0x1f, 0x20, 0x00, 0x00, 0x00, 0x00, 0x00, 0x0f, 0x20, 0x06, 0xc0, 0x00, 0x00, 0x00,
    0x0f, 0x20, 0x06, 0xc0, 0x00, 0x00, 0x00, 0x0f, 0x20, 0x06, 0xff, 0xff, 0xff, 0xff, 0xff, 0x20,
    0x06, 0xc0, 0x00, 0x00, 0x00, 0x1f, 0x20, 0x06, 0xc0, 0x00, 0x00, 0x00, 0x00, 0x00, 0x06, 0xc0,
    0x00, 0x00, 0x00, 0x00, 0x87, 0x06, 0xc0, 0x00, 0x00, 0x00, 0x00, 0xb8, 0x05, 0xe2, 0x00, 0x00,
    0x00, 0x03, 0xe4, 0x01, 0xcf, 0xff, 0xff, 0xff, 0xff, 0xb0, 0x00, 0x02, 0x22, 0x22, 0x22, 0x21,
    0x00, 0x00, 0x00, 0x01, 0xc3, 0x00, 0x00, 0x00, 0x00, 0x00, 0x00, 0x89, 0x00, 0x00, 0x00, 0x9f,
    0xff, 0xff, 0xff, 0xff, 0xff, 0xfa, 0x01, 0x11, 0x11, 0x99, 0x11, 0x11, 0x10, 0x00, 0x00, 0x00,
    0x88, 0x00, 0x00, 0x00, 0x06, 0xff, 0xff, 0xff, 0xff, 0xff, 0x80, 0x06, 0xa0, 0x00, 0x88, 0x00,
    0x09, 0x80, 0x06, 0xa0, 0x00, 0x88, 0x00, 0x08, 0x80, 0x06, 0xa0, 0x00, 0x88, 0x00, 0x08, 0x80,
    0x06, 0xa0, 0x00, 0x88, 0x00, 0x0b, 0x70, 0x06, 0xa0, 0x00, 0x88, 0x3f, 0xfe, 0x30, 0x00, 0x00,
    0x00, 0x88, 0x01, 0x10, 0x00, 0x00, 0x07, 0x80, 0x00, 0xce, 0xee, 0xe0, 0x4e, 0xee, 0xee, 0xe5,
    0xc3, 0x0a, 0x80, 0x00, 0x07, 0x80, 0x00, 0xc3, 0x4e, 0x10, 0x0d, 0xde, 0xed, 0xd0, 0xc3, 0x06,
    0xc0, 0x00, 0x0a, 0x50, 0x00, 0xc4, 0x11, 0xd3, 0x7e, 0xef, 0xee, 0xe7, 0xc5, 0xee, 0xb1, 0x02,
    0xc6, 0x00, 0x69, 0xc3, 0x00, 0x00, 0x2c, 0xde, 0xee, 0xee, 0xee, 0xee, 0x00, 0x00, 0x96, 0x00,
    0x69, 0x00, 0x1e, 0x00, 0x00, 0x96, 0x00, 0x69, 0x00, 0x3e, 0x00, 0x00, 0x96, 0x00, 0x69, 0x6f,
    0xf8, 0x00, 0x00, 0x00, 0x00, 0x69, 0x00, 0x00, 0x00, 0x00, 0x88, 0x00, 0x88, 0x00, 0x6b, 0x00,
    0x00, 0x09, 0x70, 0x88, 0x07, 0xb2, 0x00, 0x3f, 0xee, 0xee, 0xee, 0xee, 0xee, 0xf4, 0x3d, 0x00,
    0x00, 0x00, 0x00, 0x00, 0xc4, 0x3d, 0x4f, 0xdd, 0xdd, 0xdd, 0xf5, 0xc4, 0x00, 0x4c, 0x00, 0x00,
    0x00, 0xb5, 0x00, 0x00, 0x4f, 0xdd, 0xee, 0xdd, 0xf5, 0x00, 0x00, 0x00, 0x00, 0x89, 0x00, 0x00,
    0x00, 0x06, 0xfe, 0xee, 0xee, 0xee, 0xee, 0x90, 0x06, 0xa0, 0x00, 0x89, 0x00, 0x08, 0x90, 0x06,
    0xa0, 0x00, 0x89, 0x0b, 0xfe, 0x40, 0x00, 0x00, 0x00, 0x89, 0x00, 0x00, 0x00, 0x00, 0x00, 0x87,
    0x00, 0x78, 0x00, 0x00, 0x6c, 0xc9, 0xaa, 0x88, 0xaa, 0x9c, 0xc6, 0x00, 0xd1, 0x00, 0x00, 0x00,
    0x1d, 0x00, 0x00, 0xdb, 0xbb, 0xbb, 0xbb, 0xbd, 0x00, 0x00, 0xd1, 0x00, 0x00, 0x00, 0x1d, 0x00,
    0x4c, 0xcf, 0xff, 0xff, 0xff, 0xfc, 0xc5, 0x00, 0x7f, 0x30, 0x86, 0x05, 0xe3, 0x00, 0x08, 0x77,
    0x00, 0x86, 0x00, 0xa9, 0x60, 0x84, 0x3e, 0xcc, 0xdd, 0xcc, 0xe5, 0x48, 0x00, 0x3b, 0x00, 0x86,
    0x00, 0xa4, 0x00, 0x00, 0x3b, 0x00, 0x86, 0x7d, 0xb0, 0x00, 0x00, 0x00, 0x00, 0x86, 0x00, 0x00,
    0x00, 0x00, 0x00, 0x00, 0x1c, 0x20, 0x00, 0x00, 0x06, 0xfe, 0xee, 0xee, 0xee, 0xee, 0xe8, 0x06,
    0xa0, 0x0f, 0x10, 0x01, 0xf0, 0x00, 0x06, 0xbe, 0xef, 0xee, 0xee, 0xfe, 0xe6, 0x06, 0xa0, 0x0f,
    0x10, 0x01, 0xf0, 0x00, 0x06, 0xa0, 0x0f, 0xdd, 0xdd, 0xf0, 0x00, 0x07, 0xa0, 0x00, 0x00, 0x00,
    0x00, 0x00, 0x08, 0x98, 0xef, 0xee, 0xee, 0xee, 0x00, 0x0a, 0x60, 0x1d, 0x50, 0x03, 0xd5, 0x00,
    0x0e, 0x30, 0x02, 0xc8, 0x8c, 0x30, 0x00, 0x6c, 0x00, 0x26, 0xbc, 0xcb, 0x62, 0x00, 0x93, 0x7c,
    0xa6, 0x20, 0x02, 0x7a, 0xd6, 0x00, 0x00, 0x00, 0x2c, 0x10, 0x00, 0x00, 0x0a, 0xfe, 0xee, 0xee,
    0xee, 0xee, 0xe8, 0x0a, 0x60, 0x00, 0x00, 0x00, 0x00, 0x00, 0x0a, 0x6d, 0xef, 0x51, 0x35, 0x8b,
    0xb0, 0x0a, 0x60, 0x5c, 0x1a, 0xbc, 0xb3, 0x00, 0x0a, 0x63, 0xd1, 0x00, 0x06, 0x90, 0x00, 0x0a,
    0x6a, 0xee, 0x7b, 0xee, 0xfe, 0xe0, 0x0a, 0x50, 0x09, 0x50, 0x06, 0x90, 0x00, 0x0c, 0x48, 0x7d,
    0x10, 0x06, 0x90, 0x00, 0x0e, 0x13, 0xfa, 0x0e, 0xee, 0xee, 0xe3, 0x5b, 0x06, 0xee, 0x94, 0x21,
    0x11, 0x11, 0x84, 0x6b, 0x32, 0x8b, 0xde, 0xee, 0xe9, 0x2f, 0xff, 0xff, 0xff, 0xff, 0xff, 0xf2,
    0x01, 0x13, 0xf1, 0x11, 0x1c, 0x61, 0x10, 0x00, 0x02, 0xf0, 0x00, 0x0c, 0x50, 0x00, 0x00, 0x02,
    0xf0, 0x00, 0x0c, 0x50, 0x00, 0x00, 0x02, 0xf0, 0x00, 0x0c, 0x50, 0x00, 0xbf, 0xff, 0xff, 0xff,
    0xff, 0xff, 0xfb, 0x11, 0x14, 0xe1, 0x11, 0x1c, 0x61, 0x11, 0x00, 0x04, 0xd0, 0x00, 0x0c, 0x50,
    0x00, 0x00, 0x08, 0xa0, 0x00, 0x0c, 0x50, 0x00, 0x00, 0x2e, 0x30, 0x00, 0x0c, 0x50, 0x00, 0x05,
    0xe6, 0x00, 0x00, 0x0c, 0x50, 0x00, 0x4c, 0x30, 0x00, 0x00, 0x0c, 0x50, 0x00, 0x0f, 0xff, 0xff,
    0xfd, 0x00, 0x0a, 0x70, 0x00, 0x00, 0x00, 0x4d, 0x00, 0x0a, 0x70, 0x00, 0x00, 0x00, 0x4d, 0x00,
    0x0a, 0x70, 0x04, 0xff, 0xff, 0xfd, 0x00, 0x0a, 0x70, 0x07, 0xa0, 0x00, 0x4d, 0x00, 0x0a, 0x70,
    0x0a, 0x70, 0x00, 0x00, 0x00, 0x0a, 0x70, 0x0d, 0xff, 0xff, 0xff, 0x00, 0x0a, 0x70, 0x00, 0x00,
    0x00, 0x4e, 0x00, 0x0a, 0x70, 0x00, 0x00, 0x00, 0x5c, 0x00, 0x0a, 0x70, 0x00, 0x00, 0x00, 0x6b,
    0x00, 0x0a, 0x70, 0x00, 0x00, 0x01, 0xb8, 0x00, 0x0a, 0x70, 0x00, 0xaf, 0xff, 0xd2, 0x00, 0x0a,
    0x70, 0x00, 0x12, 0x22, 0x00, 0x00, 0x02, 0x10, 0x00, 0x09, 0x70, 0x00, 0x0b, 0x50, 0x00, 0x00,
    0x02, 0xd3, 0x00, 0x8b, 0x10, 0x00, 0x1f, 0xff, 0xff, 0xff, 0xff, 0xff, 0x90, 0x00, 0x00, 0x00,
    0x98, 0x00, 0x08, 0x90, 0x08, 0xff, 0xff, 0xff, 0xff, 0xff, 0x90, 0x0a, 0x60, 0x00, 0x98, 0x00,
    0x08, 0x90, 0x0c, 0x50, 0x00, 0x98, 0x00, 0x00, 0x00, 0x0d, 0xff, 0xff, 0xff, 0xff, 0xff, 0xf5,
    0x00, 0x00, 0x6d, 0xa8, 0x00, 0x00, 0xd4, 0x00, 0x08, 0xd2, 0x98, 0x00, 0x02, 0xf3, 0x04, 0xc9,
    0x10, 0x98, 0x0a, 0xff, 0xb0, 0x8a, 0x30, 0x00, 0x98, 0x01, 0x11, 0x00, 0x00, 0x00, 0x00, 0x89,
    0x00, 0x00, 0x00, 0x02, 0xc2, 0x00, 0x89, 0x00, 0x2c, 0x30, 0x00, 0x7e, 0x40, 0x89, 0x04, 0xe8,
    0x00, 0x00, 0x05, 0xa0, 0x89, 0x0c, 0x50, 0x00, 0x0c, 0xff, 0xff, 0xff, 0xff, 0xff, 0xb0, 0x00,
    0x00, 0x00, 0x00, 0x00, 0x06, 0xb0, 0x00, 0x00, 0x00, 0x00, 0x00, 0x06, 0xb0, 0x06, 0xff, 0xff,
    0xff, 0xff, 0xff, 0xb0, 0x00, 0x00, 0x00, 0x00, 0x00, 0x06, 0xb0, 0x00, 0x00, 0x00, 0x00, 0x00,
    0x06, 0xb0, 0x4f, 0xff, 0xff, 0xff, 0xff, 0xff, 0xb0, 0x00, 0x00, 0x00, 0x00, 0x00, 0x06, 0xb0,
    0x00, 0x1c, 0x30, 0x00, 0x89, 0x00, 0x00, 0x01, 0xb9, 0x0e, 0xee, 0xff, 0xee, 0xe1, 0x2c, 0x90,
    0x00, 0x00, 0x89, 0x00, 0x00, 0x86, 0x0b, 0x30, 0x00, 0x89, 0x00, 0x00, 0x00, 0x9b, 0x9e, 0xee,
    0xee, 0xee, 0xe9, 0x06, 0xf4, 0x00, 0x00, 0x00, 0x79, 0x00, 0x6e, 0xe3, 0x00, 0x00, 0x00, 0x79,
    0x00, 0x83, 0xc3, 0x8e, 0xee, 0xee, 0xff, 0xeb, 0x00, 0xc3, 0x01, 0x30, 0x00, 0x79, 0x00, 0x00,
    0xc3, 0x04, 0xe3, 0x00, 0x79, 0x00, 0x00, 0xc3, 0x00, 0x69, 0x00, 0x99, 0x00, 0x00, 0xc3, 0x00,
    0x05, 0xff, 0xe5, 0x00, 0x00, 0x00, 0x00, 0x01, 0x21, 0x00, 0x00, 0x00, 0x00, 0x01, 0xc2, 0x00,
    0x00, 0x00, 0x00, 0x00, 0x00, 0x9b, 0x00, 0x00, 0x00, 0x00, 0x00, 0x00, 0x1e, 0x60, 0x00, 0x00,
    0x00, 0x04, 0xd0, 0x07, 0x90, 0x59, 0x00, 0x06, 0x94, 0xd0, 0x00, 0x00, 0x2f, 0x20, 0x0b, 0x64,
    0xd0, 0x00, 0x00, 0x0b, 0x90, 0x1e, 0x24, 0xd0, 0x00, 0x00, 0x05, 0xe1, 0x6c, 0x04, 0xd0, 0x00,
    0x00, 0x00, 0xd7, 0x87, 0x04, 0xd0, 0x00, 0x00, 0x87, 0x78, 0x00, 0x04, 0xd0, 0x00, 0x00, 0xa8,
    0x00, 0x00, 0x03, 0xe2, 0x00, 0x02, 0xe4, 0x00, 0x00, 0x00, 0xbf, 0xff, 0xff, 0xa0, 0x00, 0x00,
    0x00, 0x00, 0x11, 0x10, 0x00, 0x00, 0x00, 0x00, 0x00, 0x87, 0x00, 0x00, 0x00, 0x00, 0x00, 0x00,
    0x96, 0x00, 0x00, 0x00, 0x4f, 0xff, 0xff, 0xff, 0xff, 0xff, 0xf4, 0x00, 0x00, 0x06, 0xbb, 0x40,
    0x00, 0x00, 0x00, 0x01, 0x8d, 0x11, 0xb7, 0x00, 0x00, 0x03, 0x8d, 0x8b, 0x90, 0x08, 0xd7, 0x20,
    0x7c, 0x71, 0x00, 0x86, 0x00, 0x18, 0xd4, 0x00, 0x00, 0x00, 0x00, 0x00, 0x00, 0x00, 0x07, 0x84,
    0xc1, 0xc5, 0x00, 0x1c, 0x20, 0x1d, 0x44, 0xc0, 0x4c, 0x27, 0x67, 0xd2, 0x5a, 0x03, 0xd1, 0x00,
    0x1c, 0x60, 0x97, 0x00, 0x01, 0xbe, 0xff, 0xeb, 0x10, 0x00, 0x00, 0x02, 0xd3, 0x00, 0x00, 0x00,
    0x00, 0x00, 0x3d, 0xee, 0xee, 0xef, 0x00, 0x00, 0x06, 0xe6, 0x00, 0x02, 0xc5, 0x00, 0x00, 0x5c,
    0xce, 0xee, 0xee, 0xee, 0xef, 0x60, 0x00, 0x00, 0x00, 0x00, 0x00, 0x0a, 0x60, 0x00, 0xcd, 0xdd,
    0xdd, 0xdd, 0xde, 0x60, 0x00, 0x00, 0x00, 0x00, 0x00, 0x0a, 0x60, 0x03, 0xee, 0xee, 0xee, 0xee,
    0xef, 0x60, 0x00, 0x00, 0x00, 0xc7, 0x00, 0x06, 0x70, 0x0b, 0x45, 0xc0, 0x2c, 0x12, 0xb2, 0xe4,
    0x5b, 0x04, 0xd1, 0x00, 0x07, 0xb0, 0x69, 0x00, 0x01, 0xce, 0xee, 0xed, 0x30, 0x00, 0x00, 0xd3,
    0x00, 0x00, 0x4c, 0x00, 0x00, 0x00, 0xd3, 0x00, 0xc3, 0x4c, 0x00, 0x00, 0x00, 0xdc, 0x33, 0xf1,
    0x4c, 0x00, 0x00, 0x39, 0xd6, 0xa9, 0xfe, 0xff, 0xee, 0xe6, 0x77, 0xd3, 0x2f, 0x30, 0x4c, 0x00,
    0x00, 0x93, 0xd3, 0x49, 0x00, 0x4c, 0x00, 0x00, 0x00, 0xd3, 0x00, 0x00, 0x4c, 0x00, 0x00, 0x00,
    0xd3, 0x0b, 0xee, 0xff, 0xee, 0xe2, 0x00, 0xd3, 0x00, 0x00, 0x4c, 0x00, 0x00, 0x00, 0xd3, 0x00,
    0x00, 0x4c, 0x00, 0x00, 0x00, 0xd3, 0x00, 0x00, 0x4c, 0x00, 0x00, 0x00, 0xd3, 0xae, 0xee, 0xee,
    0xee, 0xec, 0x00, 0xf0, 0x00, 0x00, 0x97, 0x00, 0x00, 0x00, 0xf0, 0x6d, 0xdd, 0xee, 0xdd, 0xd7,
    0x00, 0xf9, 0x00, 0x00, 0x97, 0x00, 0x00, 0x67, 0xfc, 0x5d, 0xdd, 0xee, 0xdd, 0xd2, 0x85, 0xf4,
    0x80, 0x00, 0x97, 0x00, 0x00, 0xa2, 0xf0, 0xaf, 0xff, 0xff, 0xff, 0xfb, 0x00, 0xf0, 0x0e, 0x20,
    0x00, 0x04, 0xc0, 0x00, 0xf0, 0x0e, 0xdd, 0xdd, 0xdd, 0xc0, 0x00, 0xf0, 0x0e, 0x20, 0x00, 0x04,
    0xc0, 0x00, 0xf0, 0x0e, 0xdd, 0xdd, 0xdd, 0xc0, 0x00, 0xf0, 0x0e, 0x20, 0x00, 0x05, 0xb0, 0x00,
    0xf0, 0x0e, 0x20, 0x1e, 0xfe, 0x60, 0x00, 0x00, 0x00, 0x03, 0xe0, 0xa7, 0x00, 0x00, 0x00, 0x00,
    0x02, 0xe0, 0x07, 0x40, 0x05, 0xff, 0xff, 0xff, 0xff, 0xff, 0xfa, 0x05, 0xb0, 0x00, 0x01, 0xf0,
    0x00, 0x00, 0x05, 0xb0, 0x00, 0x00, 0xf1, 0x06, 0x90, 0x06, 0xff, 0xff, 0xa0, 0xe2, 0x0d, 0x50,
    0x06, 0xa0, 0x07, 0x90, 0xc5, 0x6c, 0x00, 0x08, 0x90, 0x07, 0x80, 0x99, 0xe3, 0x00, 0x0a, 0x70,
    0x08, 0x70, 0x5f, 0x70, 0x3a, 0x0e, 0x31, 0x0c, 0x60, 0xaf, 0x50, 0x5b, 0x6c, 0x0e, 0xfc, 0x2b,
    0xa5, 0xe5, 0xa8, 0x93, 0x00, 0x00, 0x97, 0x00, 0x5d, 0xd2, 0x00, 0x00, 0x00, 0x00, 0x00, 0x00,
    0x00, 0x13, 0x57, 0xad, 0x67, 0xb0, 0xb6, 0x00, 0x5e, 0xce, 0x94, 0x16, 0xb0, 0x19, 0x80, 0x00,
    0x0d, 0x40, 0x05, 0xc0, 0x00, 0x00, 0xcf, 0xff, 0xff, 0xff, 0xff, 0xff, 0xfc, 0x00, 0x0d, 0x40,
    0x02, 0xe0, 0x00, 0x00, 0x00, 0x0d, 0x40, 0x21, 0xf1, 0x05, 0xa0, 0x36, 0x8e, 0xef, 0xe1, 0xe3,
    0x4e, 0x40, 0xac, 0xae, 0x72, 0x00, 0xab, 0xe4, 0x00, 0x00, 0x0d, 0x40, 0x01, 0xbe, 0x20, 0x59,
    0x00, 0x0d, 0x40, 0x5d, 0x9e, 0x40, 0x79, 0x00, 0x1e, 0x39, 0x92, 0x06, 0xd3, 0xa6, 0x3f, 0xfd,
    0x10, 0x00, 0x00, 0x8f, 0xe1, 0x01, 0x10, 0x00, 0x00, 0x00, 0x01, 0x10, 0x00, 0x24, 0x8c, 0x50,
    0x24, 0x69, 0xd5, 0x09, 0xeb, 0x84, 0x1b, 0xec, 0x97, 0x41, 0x09, 0x60, 0x00, 0x0b, 0x40, 0x00,
    0x00, 0x09, 0x60, 0x00, 0x0b, 0x40, 0x00, 0x00, 0x09, 0xee, 0xef, 0x0b, 0x40, 0x00, 0x00, 0x09,
    0x60, 0x0f, 0x0b, 0xee, 0xef, 0xec, 0x09, 0x60, 0x0f, 0x0b, 0x40, 0x5b, 0x00, 0x0a, 0xee, 0xef,
    0x0d, 0x30, 0x5b, 0x00, 0x0c, 0x40, 0x0f, 0x2f, 0x10, 0x5b, 0x00, 0x0e, 0x10, 0x00, 0x8b, 0x00,
    0x5b, 0x00, 0x5b, 0x00, 0x03, 0xe3, 0x00, 0x5b, 0x00, 0x93, 0x00, 0x09, 0x60, 0x00, 0x5b, 0x00,
    0x00, 0x6a, 0x00, 0x06, 0xb1, 0x9a, 0x20, 0x00, 0x6a, 0x00, 0x05, 0xb0, 0x00, 0x00, 0x9e, 0xff,
    0xe9, 0x05, 0xb0, 0x00, 0x00, 0x00, 0x6a, 0x0b, 0x98, 0xd7, 0x9b, 0xd7, 0x00, 0x6a, 0x01, 0x6b,
    0xe8, 0x64, 0x20, 0x00, 0x6a, 0x02, 0x01, 0xe0, 0x06, 0x90, 0x25, 0xbe, 0xe9, 0x00, 0xf1, 0x5e,
    0x30, 0xab, 0xbb, 0x10, 0x00, 0xcb, 0xd3, 0x00, 0x00, 0x6a, 0x00, 0x02, 0xcd, 0x10, 0x59, 0x00,
    0x6a, 0x02, 0x8d, 0x7e, 0x20, 0x79, 0x00, 0x7a, 0x2c, 0x71, 0x08, 0xd2, 0xa6, 0x5f, 0xf6, 0x00,
    0x00, 0x00, 0x8f, 0xe1, 0x01, 0x10, 0x00, 0x00, 0x00, 0x00, 0x10, 0x00, 0xc4, 0x00, 0x00, 0x87,
    0x00, 0x00, 0x00, 0xc4, 0x00, 0x00, 0x3d, 0x10, 0x00, 0x9e, 0xfe, 0xe4, 0xff, 0xff, 0xff, 0xf1,
    0x00, 0xc4, 0x04, 0xc0, 0x00, 0x00, 0xe1, 0x00, 0xc4, 0x14, 0xc0, 0x00, 0x00, 0xe1, 0x00, 0xca,
    0xd4, 0xc0, 0x00, 0x00, 0xe1, 0x4b, 0xf9, 0x15, 0xff, 0xff, 0xff, 0xf1, 0x95, 0xc4, 0x06, 0xb0,
    0x00, 0x00, 0xe1, 0x00, 0xc4, 0x09, 0x80, 0x00, 0x00, 0x00, 0x00, 0xc4, 0x1e, 0x40, 0x00, 0x00,
    0x00, 0x00, 0xd4, 0x8c, 0x00, 0x00, 0x00, 0x00, 0x8f, 0xd1, 0xa3, 0x00, 0x00, 0x00, 0x00, 0x11,
    0x00, 0x00, 0x00, 0x00, 0x00, 0x00, 0x00, 0xc4, 0x09, 0xfe, 0xee, 0xee, 0xe0, 0x00, 0xc4, 0x09,
    0x70, 0x00, 0x02, 0xd0, 0x9e, 0xfe, 0xc9, 0x70, 0x11, 0x07, 0xc0, 0x00, 0xc4, 0x09, 0x70, 0x8f,
    0xfd, 0x40, 0x00, 0xc4, 0x29, 0x70, 0x00, 0x00, 0x00, 0x37, 0xef, 0xc9, 0xff, 0xfe, 0xee, 0xf1,
    0xab, 0xe5, 0x09, 0x77, 0x70, 0x05, 0xc0, 0x00, 0xc4, 0x09, 0x72, 0xd1, 0x0c, 0x50, 0x00, 0xc4,
    0x09, 0x70, 0x9a, 0x8a, 0x00, 0x00, 0xc4, 0x09, 0x70, 0x1e, 0xf2, 0x00, 0x01, 0xd4, 0x09, 0x73,
    0xca, 0x9d, 0x50, 0x8f, 0xd1, 0x09, 0xac, 0x40, 0x04, 0xb7, 0x11, 0x00, 0x00, 0x00, 0x00, 0x00,
    0x00, 0x00, 0xf1, 0x00, 0x0a, 0x30, 0x1f, 0x00, 0x00, 0xf1, 0x0a, 0x57, 0xb0, 0x1e, 0x00, 0x00,
    0xf1, 0x0a, 0x51, 0xe3, 0x2e, 0x00, 0x9e, 0xfe, 0x9a, 0x50, 0x76, 0x2e, 0x00, 0x00, 0xf1, 0x0a,
    0x50, 0x00, 0x3d, 0x00, 0x00, 0xf1, 0x2a, 0x50, 0x00, 0x4c, 0x00, 0x37, 0xff, 0x9a, 0x50, 0x00,
    0x6a, 0x00, 0xab, 0xf2, 0x0a, 0x55, 0x70, 0xa6, 0x00, 0x00, 0xf1, 0x0b, 0xcc, 0x32, 0xf7, 0x00,
    0x00, 0xf1, 0x0b, 0x60, 0x1c, 0x9e, 0x50, 0x01, 0xf1, 0x00, 0x02, 0xc8, 0x04, 0xe3, 0x9f, 0xc0,
    0x00, 0x1c, 0x50, 0x00, 0x77, 0x01, 0x00, 0x00, 0x00, 0x00, 0x00, 0x00, 0x00, 0xd2, 0x07, 0x70,
    0xe1, 0x69, 0x10, 0x00, 0xd2, 0x0b, 0x52, 0xe0, 0x04, 0xb1, 0x9f, 0xff, 0xae, 0x15, 0xb0, 0x00,
    0x00, 0x00, 0xd2, 0x2f, 0xff, 0xff, 0xff, 0xfa, 0x00, 0xd2, 0x00, 0x0c, 0x30, 0x00, 0x00, 0x00,
    0xd8, 0xa0, 0x3f, 0xee, 0xee, 0xf0, 0x4a, 0xfa, 0x30, 0x9b, 0x70, 0x05, 0xb0, 0x97, 0xd2, 0x03,
    0xb1, 0xd1, 0x1d, 0x30, 0x00, 0xd2, 0x0c, 0x30, 0x8a, 0xb7, 0x00, 0x00, 0xd2, 0xa6, 0x00, 0x2f,
    0xd1, 0x00, 0x01, 0xe6, 0x90, 0x38, 0xd5, 0x9d, 0x61, 0x8f, 0xd0, 0x09, 0xb5, 0x00, 0x04, 0xb9,
    0x01, 0x00, 0x00, 0x00, 0x00, 0x00, 0x00, 0x00, 0xd2, 0x0d, 0xfe, 0xee, 0xee, 0xd0, 0x00, 0xd2,
    0x00, 0xc5, 0x00, 0x0b, 0x70, 0xae, 0xfe, 0xd0, 0x3d, 0x41, 0xaa, 0x00, 0x00, 0xd2, 0x00, 0x03,
    0xfe, 0xa0, 0x00, 0x00, 0xd2, 0x04, 0x9e, 0xb9, 0xe9, 0x30, 0x26, 0xed, 0xbd, 0x83, 0x00, 0x17,
    0xc8, 0xac, 0xe6, 0x10, 0x00, 0x5a, 0x00, 0x00, 0x00, 0xd2, 0x0c, 0xff, 0xff, 0xff, 0xf3, 0x00,
    0xd2, 0x00, 0x00, 0x5a, 0x00, 0x00, 0x00, 0xd2, 0x9f, 0xff, 0xff, 0xff, 0xfc, 0x11, 0xe2, 0x00,
    0x00, 0x5a, 0x00, 0x00, 0x9f, 0xc0, 0x00, 0x00, 0x5a, 0x00, 0x00, 0x00, 0x00, 0x00, 0x00, 0x00,
    0x00, 0x00, 0x00, 0xe1, 0x00, 0x00, 0xa5, 0x00, 0x00, 0x00, 0xe1, 0x00, 0x00, 0x6a, 0x00, 0x00,
    0x00, 0xe1, 0x0f, 0xff, 0xff, 0xff, 0xf6, 0x9f, 0xff, 0x9f, 0x20, 0x00, 0x00, 0xb6, 0x00, 0xe1,
    0x00, 0x06, 0xa0, 0x00, 0x00, 0x00, 0xe9, 0x50, 0x0d, 0x60, 0x00, 0x00, 0x4b, 0xf8, 0x4f, 0xff,
    0xff, 0xff, 0xfa, 0x96, 0xe1, 0x00, 0xd4, 0x00, 0x7a, 0x00, 0x00, 0xe1, 0x06, 0xe6, 0x13, 0xe3,
    0x00, 0x00, 0xe1, 0x00, 0x28, 0xee, 0x70, 0x00, 0x11, 0xf1, 0x02, 0x6c, 0xc8, 0xdb, 0x40, 0x9f,
    0xc0, 0xbb, 0x83, 0x00, 0x04, 0xc5, 0x01, 0x00, 0x00, 0x00, 0x00, 0x00, 0x00, 0x01, 0xe0, 0x00,
    0x1c, 0x20, 0x00, 0x00, 0x01, 0xe0, 0x00, 0x7e, 0xee, 0xed, 0x00, 0xae, 0xfe, 0x72, 0xa0, 0x00,
    0xc6, 0x00, 0x01, 0xe0, 0x1b, 0x20, 0x08, 0xa0, 0x00, 0x01, 0xe1, 0x5f, 0xee, 0xfe, 0xee, 0xb0,
    0x38, 0xff, 0x5b, 0x30, 0x86, 0x04, 0xb0, 0xab, 0xe1, 0x0b, 0x30, 0x95, 0x04, 0xb0, 0x01, 0xe0,
    0xde, 0xee, 0xff, 0xee, 0xeb, 0x01, 0xe0, 0x00, 0x02, 0xdc, 0x00, 0x00, 0x01, 0xe0, 0x00, 0x2c,
    0x46, 0x90, 0x00, 0x12, 0xe0, 0x17, 0xd4, 0x00, 0x8c, 0x40, 0xbf, 0xa2, 0xc8, 0x10, 0x00, 0x04,
    0xc5, 0x11, 0x00, 0x00, 0x00, 0x00, 0x00, 0x00, 0x00, 0xd2, 0x0f, 0xee, 0xee, 0xee, 0xf1, 0x00,
    0xd2, 0x0f, 0x00, 0x00, 0x00, 0xe1, 0x9f, 0xff, 0x9f, 0xee, 0xee, 0xee, 0xf1, 0x00, 0xd2, 0x0f,
    0x00, 0x00, 0x00, 0xe1, 0x00, 0xd2, 0x0f, 0x00, 0x0d, 0x20, 0x00, 0x36, 0xee, 0x7f, 0xee, 0xef,
    0xee, 0xeb, 0xac, 0xf5, 0x2e, 0x00, 0x0d, 0x20, 0x00, 0x00, 0xd2, 0x3c, 0xae, 0xee, 0xee, 0xf0,
    0x00, 0xd2, 0x69, 0xa5, 0x00, 0x00, 0xf0, 0x00, 0xd2, 0xa5, 0xa5, 0x00, 0x00, 0xf0, 0x01, 0xe4,
    0xd0, 0xae, 0xdd, 0xdd, 0xf0, 0x9f, 0xc7, 0x50, 0xa5, 0x00, 0x00, 0xf0, 0x01, 0x00, 0x00, 0x00,
    0x00, 0x00, 0x00, 0x00, 0xd2, 0x00, 0x00, 0x94, 0x00, 0x00, 0x00, 0xd2, 0x00, 0x00, 0x6b, 0x00,
    0x00, 0x00, 0xd2, 0x1e, 0xee, 0xee, 0xee, 0xe5, 0x9f, 0xff, 0xa0, 0x86, 0x00, 0x2c, 0x10, 0x00,
    0xd2, 0x00, 0x2c, 0x11, 0xc6, 0x00, 0x00, 0xd2, 0x8e, 0xee, 0xee, 0xee, 0xea, 0x36, 0xee, 0x60,
    0x06, 0x90, 0x00, 0x00, 0xac, 0xf5, 0x9e, 0xef, 0xee, 0xef, 0xe9, 0x00, 0xd2, 0x01, 0xc5, 0x00,
    0xa7, 0x00, 0x00, 0xd2, 0x02, 0x9d, 0x9a, 0xb0, 0x00, 0x01, 0xe2, 0x01, 0x38, 0xec, 0xd7, 0x20,
    0x9f, 0xd0, 0xbc, 0xa6, 0x10, 0x27, 0xc4, 0x01, 0x00, 0x00, 0x00, 0x00, 0x00, 0x00, 0x01, 0xf0,
    0x06, 0xed, 0xdd, 0xde, 0x70, 0x01, 0xf0, 0x06, 0x90, 0x00, 0x08, 0x70, 0xae, 0xfe, 0xa6, 0xed,
    0xdd, 0xde, 0x70, 0x01, 0xf0, 0x06, 0x90, 0x00, 0x08, 0x70, 0x01, 0xf9, 0x85, 0xdd, 0xdd, 0xdd,
    0x60, 0x4b, 0xf9, 0x20, 0x00, 0x00, 0x00, 0x00, 0xa8, 0xf0, 0x8e, 0xee, 0xef, 0xee, 0xe9, 0x01,
    0xf0, 0x00, 0x00, 0x5b, 0x11, 0x10, 0x01, 0xf0, 0x07, 0x80, 0x5e, 0xcc, 0xc1, 0x01, 0xf0, 0x0c,
    0xc1, 0x5a, 0x00, 0x00, 0x12, 0xf0, 0x8b, 0x7d, 0x9a, 0x00, 0x00, 0xbf, 0xa3, 0xc1, 0x04, 0xbd,
    0xee, 0xea, 0x00, 0x00, 0x00, 0x00, 0x00, 0x00, 0x00, 0x00, 0xf0, 0x01, 0x23, 0x57, 0x9b, 0xd0,
    0x00, 0xf0, 0x3d, 0xdc, 0xec, 0x7d, 0x70, 0xbf, 0xff, 0x65, 0x91, 0x96, 0x78, 0x00, 0x00, 0xf0,
    0x8d, 0xdf, 0xff, 0xed, 0xd9, 0x00, 0xf0, 0x00, 0x79, 0x97, 0xb9, 0x30, 0x00, 0xfa, 0x58, 0x50,
    0x96, 0x05, 0xb9, 0x4b, 0xf8, 0xdf, 0xdd, 0xee, 0xdd, 0xc0, 0x96, 0xf0, 0x0e, 0x22, 0x97, 0x24,
    0xc0, 0x00, 0xf0, 0x0f, 0xaa, 0xdc, 0xab, 0xc0, 0x00, 0xf0, 0x0e, 0x00, 0x85, 0x02, 0xc0, 0x11,
    0xf0, 0x0f, 0xdd, 0xdd, 0xdd, 0xc0, 0xaf, 0xb0, 0x0e, 0x00, 0x00, 0x02, 0xc0, 0x01, 0x00, 0x00,
    0x00, 0x00, 0x00, 0x00, 0x00, 0x2b, 0x00, 0x00, 0x78, 0x00, 0x00, 0x00, 0x0c, 0x60, 0x00, 0xb6,
    0x00, 0x00, 0x00, 0x03, 0x20, 0x02, 0xf2, 0x00, 0x00, 0xaf, 0xff, 0xff, 0xe9, 0xff, 0xff, 0xfb,
    0x01, 0xf1, 0x00, 0x3f, 0xb0, 0x08, 0x80, 0x01, 0xf0, 0x00, 0x77, 0xe0, 0x0b, 0x60, 0x01, 0xff,
    0xff, 0x20, 0xd2, 0x1e, 0x20, 0x02, 0xe0, 0x0f, 0x10, 0x8a, 0x7b, 0x00, 0x05, 0xc0, 0x0f, 0x00,
    0x1e, 0xe3, 0x00, 0x09, 0x80, 0x2e, 0x00, 0x3e, 0xe3, 0x00, 0x3e, 0x20, 0x5d, 0x07, 0xe6, 0x7e,
    0x71, 0x95, 0x5f, 0xf7, 0x99, 0x20, 0x03, 0xa8, 0x00, 0x01, 0x00, 0x00, 0x00, 0x00, 0x00, 0x00,
    0x0c, 0x20, 0x00, 0x3c, 0x00, 0x00, 0x00, 0x07, 0x80, 0x00, 0x68, 0x00, 0x00, 0x9e, 0xee, 0xee,
    0xe4, 0xbe, 0xee, 0xfa, 0x01, 0xc1, 0x00, 0x02, 0xf2, 0x06, 0xa0, 0x09, 0x90, 0x4b, 0x2a, 0xf5,
    0x09, 0x80, 0x5d, 0x10, 0x06, 0xcb, 0xb8, 0x0c, 0x50, 0x97, 0xb1, 0x3b, 0x00, 0x6d, 0x3e, 0x10,
    0x00, 0x9d, 0xd6, 0x00, 0x1e, 0xd9, 0x00, 0x00, 0x0c, 0xe2, 0x00, 0x07, 0xf3, 0x00, 0x00, 0x7d,
    0xad, 0x20, 0x3e, 0xcc, 0x10, 0x19, 0xc1, 0x09, 0x65, 0xe5, 0x0b, 0xd3, 0x98, 0x00, 0x00, 0x4c,
    0x30, 0x00, 0x79, 0x0b, 0x26, 0xa1, 0xb3, 0x0e, 0x10, 0x00, 0x06, 0x86, 0xa7, 0x80, 0x3b, 0x00,
    0x00, 0x7e, 0xef, 0xfe, 0xe4, 0x8e, 0xee, 0xfa, 0x00, 0x6f, 0xa1, 0x00, 0xd2, 0x04, 0xc0, 0x08,
    0xea, 0xdc, 0x27, 0xc5, 0x07, 0xa0, 0x89, 0x16, 0xa3, 0xb9, 0x68, 0x0a, 0x60, 0x00, 0x4a, 0x00,
    0x00, 0x2d, 0x1e, 0x20, 0x9e, 0xfe, 0xee, 0xd0, 0x0c, 0xbb, 0x00, 0x09, 0xa0, 0x09, 0x80, 0x06,
    0xf4, 0x00, 0x01, 0x7b, 0xcb, 0x00, 0x2d, 0xdc, 0x10, 0x15, 0xad, 0x7b, 0x73, 0xd8, 0x0b, 0xc3,
    0x9b, 0x50, 0x00, 0x1c, 0x40, 0x00, 0x89, 0x00, 0x00, 0x00, 0xb5, 0x00, 0x00, 0x00, 0x00, 0x00,
    0x00, 0x5c, 0x00, 0x00, 0x00, 0x9f, 0xff, 0xff, 0xff, 0xff, 0xff, 0xf8, 0x00, 0x0d, 0x40, 0x00,
    0x04, 0xd0, 0x00, 0x00, 0x09, 0x80, 0x00, 0x08, 0x90, 0x00, 0x00, 0x02, 0xe1, 0x00, 0x1e, 0x30,
    0x00, 0x00, 0x00, 0x99, 0x00, 0x9a, 0x00, 0x00, 0x00, 0x00, 0x1d, 0x76, 0xd1, 0x00, 0x00, 0x00,
    0x00, 0x02, 0xff, 0x30, 0x00, 0x00, 0x00, 0x00, 0x5c, 0xbc, 0xd6, 0x00, 0x00, 0x03, 0x8d, 0xb5,
    0x00, 0x5c, 0xe9, 0x40, 0x5d, 0x82, 0x00, 0x00, 0x00, 0x39, 0xd4, 0x00, 0x00, 0x00, 0xb5, 0x00,
    0x00, 0x00, 0x00, 0x00, 0x00, 0x5c, 0x00, 0x00, 0x00, 0x9f, 0xff, 0xff, 0xff, 0xff, 0xff, 0xf9,
    0x01, 0x11, 0xd5, 0x11, 0x11, 0x11, 0x10, 0x00, 0x00, 0xe4, 0x00, 0x00, 0x00, 0x00, 0x00, 0x00,
    0xff, 0xff, 0xff, 0xfc, 0x00, 0x00, 0x02, 0xf1, 0x00, 0x00, 0x7b, 0x00, 0x00, 0x04, 0xd0, 0x00,
    0x00, 0x8a, 0x00, 0x00, 0x0a, 0x90, 0x00, 0x00, 0x99, 0x00, 0x00, 0x2f, 0x20, 0x00, 0x00, 0xb7,
    0x00, 0x01, 0xc8, 0x00, 0x31, 0x03, 0xe5, 0x00, 0x1c, 0xa0, 0x00, 0xcf, 0xff, 0xb0, 0x00, 0x88,
    0x00, 0x00, 0x01, 0x21, 0x00, 0x00, 0x08, 0xff, 0xff, 0xff, 0xff, 0xff, 0x90, 0x00, 0x11, 0x11,
    0xe4, 0x11, 0x11, 0x10, 0x00, 0x00, 0x00, 0xf2, 0x00, 0x00, 0x00, 0x00, 0x00, 0x02, 0xf0, 0x00,
    0x00, 0x00, 0x8f, 0xff, 0xff, 0xff, 0xff, 0xff, 0xf9, 0x11, 0x11, 0x1a, 0x81, 0x11, 0x11, 0x11,
    0x00, 0x00, 0x1f, 0x38, 0x80, 0x00, 0x00, 0x00, 0x00, 0x9b, 0x08, 0x80, 0x00, 0x00, 0x00, 0x04,
    0xe2, 0x08, 0x80, 0x00, 0x68, 0x00, 0x4e, 0x40, 0x08, 0x80, 0x00, 0x7a, 0x07, 0xe4, 0x00, 0x07,
    0xb0, 0x01, 0xb8, 0x6a, 0x10, 0x00, 0x02, 0xce, 0xfe, 0xc2, 0x00, 0x00, 0x00, 0x00, 0x00, 0x3d,
    0x00, 0x4f, 0xff, 0xf7, 0x00, 0x00, 0x3d, 0x00, 0x4c, 0x00, 0x97, 0x00, 0x00, 0x3d, 0x00, 0x4c,
    0x00, 0x98, 0xff, 0xff, 0xff, 0xfc, 0x4c, 0x00, 0x97, 0x00, 0x00, 0x3d, 0x00, 0x4f, 0xff, 0xf7,
    0x4b, 0x00, 0x3d, 0x00, 0x4c, 0x00, 0x97, 0x0d, 0x70, 0x3d, 0x00, 0x4c, 0x00, 0x97, 0x04, 0xb0,
    0x3d, 0x00, 0x4c, 0x00, 0x97, 0x00, 0x00, 0x3d, 0x00, 0x4f, 0xff, 0xf7, 0x00, 0x00, 0x3d, 0x00,
    0x4c, 0x00, 0x97, 0x00, 0x00, 0x6d, 0x00, 0x00, 0x00, 0x00, 0x05, 0xff, 0xf7, 0x00, 0x00, 0x00,
    0x00, 0x00, 0x21, 0x00, 0x00, 0x00, 0xfe, 0xee, 0xee, 0xee, 0xef, 0x40, 0x00, 0xf0, 0x00, 0x00,
    0x00, 0x0c, 0x40, 0x00, 0xfe, 0xee, 0xee, 0xee, 0xef, 0x40, 0x00, 0xf0, 0x00, 0x00, 0x00, 0x0c,
    0x40, 0x00, 0xee, 0xee, 0xee, 0xee, 0xef, 0x40, 0x00, 0x00, 0x00, 0x01, 0x00, 0x0c, 0x40, 0x00,
    0x69, 0x00, 0x3e, 0x00, 0x00, 0x00, 0x01, 0xef, 0xff, 0xff, 0xff, 0xff, 0xf1, 0x1c, 0x60, 0x00,
    0x3e, 0x00, 0x00, 0x00, 0x68, 0x9f, 0xff, 0xff, 0xff, 0xff, 0xa0, 0x00, 0x00, 0x00, 0x3e, 0x00,
    0x00, 0x00, 0x6f, 0xff, 0xff, 0xff, 0xff, 0xff, 0xfa, 0x00, 0x02, 0xb2, 0x00, 0x2c, 0x30, 0x00,
    0x3e, 0xee, 0xef, 0xee, 0xfe, 0xee, 0xe3, 0x01, 0xc3, 0x1e, 0x00, 0xe1, 0x4b, 0x00, 0x00, 0x5a,
    0x1e, 0x00, 0xe1, 0xb4, 0x00, 0x9e, 0xee, 0xee, 0xee, 0xee, 0xee, 0xe9, 0x00, 0x00, 0x00, 0x00,
    0x00, 0x00, 0x00, 0x00, 0xbe, 0xee, 0xee, 0xee, 0xec, 0x00, 0x00, 0xb4, 0x00, 0x00, 0x00, 0x4c,
    0x00, 0x00, 0xbe, 0xee, 0xee, 0xee, 0xec, 0x00, 0x00, 0xb4, 0x00, 0x00, 0x00, 0x4c, 0x00, 0x00,
    0xbe, 0xee, 0xee, 0xee, 0xec, 0x00, 0x00, 0xb4, 0x00, 0x00, 0x00, 0x4c, 0x00, 0x00, 0x77, 0x00,
    0x05, 0xed, 0xdd, 0xd3, 0x8d, 0xec, 0xcc, 0xb5, 0x90, 0x00, 0x00, 0x0b, 0x46, 0x90, 0x06, 0xec,
    0xde, 0xc8, 0x2c, 0xcd, 0xec, 0xa8, 0x50, 0x4a, 0x00, 0x01, 0x27, 0xb6, 0x6d, 0x10, 0x4a, 0x00,
    0xad, 0xcc, 0xd9, 0xa7, 0x00, 0x4a, 0x00, 0x00, 0xad, 0xdd, 0xdd, 0xdd, 0xda, 0x00, 0x00, 0xa5,
    0x00, 0x00, 0x00, 0x5a, 0x00, 0x00, 0xad, 0xcc, 0xcc, 0xcc, 0xda, 0x00, 0x00, 0xa5, 0x00, 0x00,
    0x00, 0x5a, 0x00, 0x00, 0xad, 0xdd, 0xdd, 0xdd, 0xda, 0x00, 0x4e, 0xee, 0xee, 0xff, 0xee, 0xee,
    0xe4, 0x00, 0x00, 0x00, 0x6a, 0x00, 0x00, 0x00, 0x03, 0xfe, 0xee, 0xef, 0xee, 0xef, 0x30, 0x03,
    0xd0, 0x00, 0x6a, 0x00, 0x0d, 0x30, 0x03, 0xfe, 0xee, 0xef, 0xee, 0xef, 0x30, 0x03, 0xd0, 0x00,
    0x79, 0x00, 0x0d, 0x30, 0x03, 0xd0, 0x00, 0x88, 0x00, 0x0d, 0x30, 0x03, 0xee, 0xee, 0xfe, 0xee,
    0xef, 0x30, 0x00, 0x98, 0x01, 0xe2, 0x00, 0x0d, 0x30, 0x00, 0x1b, 0xba, 0xa0, 0x00, 0x00, 0x00,
    0x00, 0x26, 0xef, 0xc8, 0x53, 0x21, 0x00, 0x6c, 0xb7, 0x31, 0x58, 0xbd, 0xef, 0xf9, 0x00, 0x00,
    0x00, 0x00, 0x00, 0x00, 0x10, 0x00, 0xbd, 0xcc, 0xcc, 0xcc, 0xdb, 0x00, 0x00, 0xb4, 0x00, 0x00,
    0x00, 0x3b, 0x00, 0x00, 0xbc, 0xbb, 0xbb, 0xbb, 0xcb, 0x00, 0x00, 0xb4, 0x00, 0x00, 0x00, 0x3b,
    0x00, 0xad, 0xff, 0xff, 0xff, 0xff, 0xff, 0xc9, 0x04, 0xa0, 0x05, 0x90, 0x00, 0x00, 0x00, 0x04,
    0xec, 0xcd, 0x99, 0xfc, 0xcd, 0xb0, 0x04, 0xa0, 0x05, 0x90, 0xc2, 0x0a, 0x60, 0x04, 0xec, 0xcd,
    0x90, 0x69, 0x4d, 0x00, 0x04, 0xa1, 0x26, 0xa3, 0x0b, 0xe3, 0x00, 0x7e, 0xed, 0xcc, 0xda, 0x8d,
    0x9b, 0x30, 0x00, 0x00, 0x05, 0xab, 0x71, 0x04, 0xb7, 0x0c, 0xed, 0xf0, 0xce, 0xee, 0xee, 0xd0,
    0x0c, 0x20, 0xe0, 0xc3, 0x00, 0x03, 0xc0, 0x0c, 0x42, 0xe0, 0xc3, 0x01, 0x07, 0xa0, 0x0c, 0xcb,
    0xf0, 0xc3, 0x3f, 0xfc, 0x30, 0x0c, 0x20, 0xe0, 0xc3, 0x00, 0x00, 0x00, 0x0c, 0x20, 0xe0, 0xce,
    0xfd, 0xde, 0xe0, 0x0c, 0x20, 0xe0, 0xc3, 0xd1, 0x05, 0xb0, 0x0c, 0xdd, 0xf0, 0xc3, 0x96, 0x0c,
    0x50, 0x0d, 0x20, 0xe0, 0xc3, 0x2d, 0x8b, 0x00, 0x0f, 0x00, 0xe0, 0xc3, 0x09, 0xf3, 0x00, 0x4c,
    0x11, 0xe0, 0xc3, 0x7d, 0x8d, 0x50, 0x75, 0x8d, 0xa0, 0xca, 0x91, 0x03, 0xb8, 0x00, 0x00, 0x00,
    0x88, 0x00, 0x00, 0x00, 0x00, 0x00, 0x00, 0x88, 0x00, 0x00, 0x00, 0x0c, 0xff, 0xff, 0xff, 0xff,
    0xff, 0xd0, 0x00, 0x00, 0x00, 0x88, 0x00, 0x00, 0x00, 0x00, 0x00, 0x00, 0x88, 0x00, 0x00, 0x00,
    0x9f, 0xff, 0xff, 0xff, 0xff, 0xff, 0xf9, 0x00, 0x00, 0x07, 0xee, 0x60, 0x00, 0x00, 0x00, 0x00,
    0x79, 0x88, 0xa5, 0x00, 0x00, 0x00, 0x1a, 0x80, 0x88, 0x0a, 0x81, 0x00, 0x06, 0xd5, 0x00, 0x88,
    0x00, 0x7d, 0x60, 0x7a, 0x20, 0x00, 0x88, 0x00, 0x02, 0xa7, 0x00, 0x00, 0x00, 0x88, 0x00, 0x00,
    0x00, 0x00, 0x00, 0x00, 0x88, 0x00, 0x00, 0x00, 0x9e, 0xee, 0xee, 0xff, 0xee, 0xee, 0xe9, 0x00,
    0x00, 0x00, 0x88, 0x00, 0x00, 0x00, 0x04, 0xfe, 0xee, 0xff, 0xee, 0xef, 0x50, 0x04, 0xc0, 0x00,
    0x88, 0x00, 0x0b, 0x50, 0x04, 0xc0, 0x00, 0x88, 0x00, 0x0b, 0x50, 0x04, 0xfe, 0xee, 0xff, 0xee,
    0xef, 0x50, 0x00, 0x00, 0x1a, 0xcc, 0x90, 0x00, 0x00, 0x00, 0x04, 0xc4, 0x88, 0x5b, 0x30, 0x00,
    0x04, 0xba, 0x10, 0x88, 0x02, 0xba, 0x30, 0x7b, 0x30, 0x00, 0x88, 0x00, 0x04, 0xb6, 0x00, 0x00,
    0x00, 0x88, 0x00, 0x00, 0x00, 0x00, 0x00, 0x00, 0x88, 0x00, 0x00, 0x00, 0x00, 0x00, 0x00, 0x88,
    0x00, 0x00, 0x00, 0x0b, 0xee, 0xee, 0xff, 0xee, 0xee, 0xd0, 0x00, 0x58, 0x00, 0x88, 0x00, 0x86,
    0x00, 0x00, 0x1d, 0x60, 0x88, 0x06, 0xe2, 0x00, 0x00, 0x03, 0xa0, 0x88, 0x0b, 0x30, 0x00, 0x9e,
    0xee, 0xee, 0xff, 0xee, 0xee, 0xe9, 0x00, 0x00, 0x19, 0xcd, 0x70, 0x00, 0x00, 0x00, 0x04, 0xc4,
    0x88, 0x6b, 0x30, 0x00, 0x04, 0xb9, 0x10, 0x88, 0x03, 0xca, 0x40, 0x7b, 0x30, 0x00, 0x88, 0x00,
    0x05, 0xb7, 0x00, 0x00, 0x00, 0x88, 0x00, 0x00, 0x00, 0x00, 0x00, 0x00, 0x77, 0x00, 0x00, 0x00,
    0x5e, 0xee, 0xee, 0xff, 0xee, 0xee, 0xe6, 0x00, 0x00, 0x6a, 0xaa, 0x95, 0x00, 0x00, 0x01, 0x57,
    0x30, 0x77, 0x03, 0x65, 0x10, 0x68, 0xbe, 0xee, 0xee, 0xee, 0xee, 0xc6, 0x00, 0xb6, 0x11, 0x11,
    0x11, 0x5b, 0x00, 0x00, 0xbe, 0xdd, 0xdd, 0xdd, 0xeb, 0x00, 0x00, 0xb5, 0x00, 0x00, 0x00, 0x4b,
    0x00, 0x00, 0xbe, 0xee, 0xee, 0xee, 0xeb, 0x00, 0x00, 0xb5, 0x00, 0x00, 0x00, 0x4b, 0x00, 0x00,
    0x00, 0x00, 0x00, 0x00, 0x00, 0x00, 0xaf, 0xff, 0xff, 0xff, 0xff, 0xff, 0xfa, 0x00, 0xa4, 0x03,
    0xee, 0xee, 0xee, 0xe1, 0x00, 0xa4, 0x00, 0x00, 0x00, 0x00, 0x00, 0xae, 0xfe, 0xe2, 0x00, 0x00,
    0x00, 0x00, 0x00, 0xe4, 0x00, 0x00, 0x00, 0x00, 0x00, 0x04, 0xf5, 0x0c, 0xee, 0xef, 0xee, 0xea,
    0x09, 0xdc, 0x80, 0x00, 0x2e, 0x00, 0x00, 0x2d, 0xa5, 0xa2, 0x00, 0x2e, 0x1c, 0x10, 0xa7, 0xa4,
    0x00, 0xc3, 0x2e, 0x0b, 0x80, 0x70, 0xa4, 0x07, 0xc0, 0x2e, 0x04, 0xe1, 0x00, 0xa4, 0x2e, 0x30,
    0x2e, 0x00, 0xc7, 0x00, 0xa4, 0x78, 0x00, 0x5d, 0x00, 0x69, 0x00, 0xa4, 0x00, 0x9f, 0xf8, 0x00,
    0x00, 0x00, 0x00, 0x00, 0x01, 0x00, 0x00, 0x00, 0x00, 0x87, 0x00, 0x79, 0x00, 0x0b, 0x40, 0x00,
    0x87, 0x00, 0x1b, 0x50, 0x7d, 0x10, 0x9e, 0xee, 0xe0, 0x00, 0x02, 0xe3, 0x00, 0x00, 0xb7, 0x07,
    0xff, 0xff, 0xff, 0xf9, 0x02, 0xf7, 0x00, 0x00, 0x00, 0x00, 0x00, 0x07, 0xfd, 0x80, 0x00, 0x00,
    0x00, 0x00, 0x1e, 0xa8, 0xd4, 0x00, 0x00, 0x00, 0x00, 0x9a, 0x87, 0x55, 0xff, 0xff, 0xff, 0xf0,
    0x71, 0x87, 0x00, 0x00, 0x00, 0x00, 0x00, 0x00, 0x87, 0x00, 0x00, 0x00, 0x00, 0x00, 0x00, 0x87,
    0x00, 0x00, 0x00, 0x00, 0x00, 0x00, 0x87, 0x3f, 0xff, 0xff, 0xff, 0xfb, 0x00, 0xb4, 0x00, 0x00,
    0xae, 0x10, 0x00, 0x00, 0xb4, 0x00, 0x06, 0xca, 0x90, 0x00, 0x9e, 0xfe, 0xe1, 0x4d, 0x21, 0xc8,
    0x00, 0x01, 0xf4, 0x04, 0xd3, 0x00, 0x1c, 0x91, 0x05, 0xf4, 0x1c, 0xce, 0xee, 0xee, 0x98, 0x0a,
    0xcd, 0x50, 0x00, 0xc1, 0x00, 0x00, 0x3b, 0xb5, 0xd0, 0x00, 0xb4, 0x09, 0x50, 0xa5, 0xb4, 0x16,
    0x80, 0x86, 0x0e, 0x30, 0x60, 0xb4, 0x02, 0xe0, 0x69, 0x4d, 0x00, 0x00, 0xb4, 0x00, 0xb3, 0x4a,
    0x88, 0x00, 0x00, 0xb4, 0x00, 0x00, 0x00, 0xd2, 0x00, 0x00, 0xb4, 0x4f, 0xff, 0xff, 0xff, 0xf8,
    0x00, 0xc2, 0x00, 0x1d, 0x00, 0xa4, 0x00, 0x00, 0xc2, 0x3d, 0xdf, 0xdd, 0xee, 0xd8, 0x00, 0xc2,
    0x00, 0x1d, 0x00, 0xa4, 0x00, 0xae, 0xfe, 0xd8, 0xed, 0xdd, 0xdd, 0xc0, 0x03, 0xf2, 0x08, 0x70,
    0x00, 0x03, 0xc0, 0x09, 0xfc, 0x48, 0xec, 0xcc, 0xcd, 0xc0, 0x2d, 0xc6, 0xb8, 0x70, 0x00, 0x03,
    0xc0, 0xa8, 0xc2, 0x08, 0xed, 0xee, 0xdd, 0xc0, 0x71, 0xc2, 0x00, 0x00, 0x86, 0x00, 0x00, 0x00,
    0xc2, 0x7d, 0xdd, 0xff, 0xdd, 0xd9, 0x00, 0xc2, 0x00, 0x4a, 0x97, 0xc5, 0x10, 0x00, 0xc2, 0x8b,
    0x83, 0x00, 0x28, 0xd7, 0x3f, 0xff, 0xff, 0xff, 0xff, 0xff, 0xf4, 0x01, 0x11, 0x11, 0x1e, 0x41,
    0x11, 0x10, 0x00, 0x00, 0x00, 0x0e, 0x40, 0x00, 0x00, 0x00, 0x99, 0x00, 0x0e, 0x40, 0x00, 0x00,
    0x00, 0x99, 0x00, 0x0e, 0x40, 0x00, 0x00, 0x00, 0x99, 0x00, 0x0e, 0xff, 0xff, 0xc0, 0x00, 0x99,
    0x00, 0x0e, 0x41, 0x11, 0x10, 0x00, 0x99, 0x00, 0x0e, 0x40, 0x00, 0x00, 0x00, 0x99, 0x00, 0x0e,
    0x40, 0x00, 0x00, 0x00, 0x99, 0x00, 0x0e, 0x40, 0x00, 0x00, 0x00, 0x99, 0x00, 0x0e, 0x40, 0x00,
    0x00, 0xcf, 0xff, 0xff, 0xff, 0xff, 0xff, 0xfc, 0x11, 0x11, 0x11, 0x11, 0x11, 0x11, 0x11, 0x06,
    0xff, 0xff, 0xff, 0xff, 0xff, 0x80, 0x06, 0xa0, 0x00, 0x00, 0x00, 0x08, 0x80, 0x06, 0xa0, 0x00,
    0x00, 0x00, 0x08, 0x80, 0x06, 0xff, 0xff, 0xff, 0xff, 0xff, 0x80, 0x06, 0xa0, 0x00, 0x09, 0x70,
    0x08, 0x80, 0x06, 0xa0, 0x00, 0x07, 0xa0, 0x00, 0x00, 0x06, 0xff, 0xff, 0xff, 0xff, 0xff, 0xf9,
    0x06, 0xa0, 0x00, 0x00, 0xe2, 0x00, 0x00, 0x06, 0xa0, 0x00, 0x00, 0xa8, 0x00, 0x67, 0x06, 0xa0,
    0x02, 0x00, 0x3e, 0x20, 0x97, 0x07, 0xc8, 0xcf, 0x00, 0x08, 0xd5, 0xe3, 0x08, 0xc8, 0x41, 0x00,
    0x00, 0x8e, 0xa0, 0x00, 0x00, 0x00, 0x8a, 0x0a, 0x60, 0x00, 0x00, 0x00, 0x00, 0x8a, 0x01, 0xa4,
    0x00, 0x7f, 0xff, 0xff, 0xff, 0xff, 0xff, 0xf9, 0x00, 0x00, 0x00, 0x8a, 0x00, 0x00, 0x00, 0x01,
    0xc7, 0x00, 0x8e, 0x20, 0x09, 0x70, 0x00, 0x3c, 0x50, 0x8f, 0xa1, 0xbd, 0x30, 0x00, 0x00, 0x00,
    0x8a, 0xdd, 0xb1, 0x00, 0x00, 0x00, 0x2a, 0xfa, 0x3e, 0x40, 0x00, 0x00, 0x18, 0xe8, 0x9a, 0x04,
    0xe5, 0x00, 0x18, 0xe9, 0x10, 0x8a, 0x00, 0x4e, 0x91, 0x7a, 0x20, 0x11, 0xa9, 0x00, 0x01, 0xa7,
    0x00, 0x02, 0xff, 0xf4, 0x00, 0x00, 0x00, 0x00, 0x00, 0x22, 0x10, 0x00, 0x00, 0x00, 0x1b, 0x20,
    0x00, 0x00, 0xc5, 0x00, 0x00, 0x08, 0xe3, 0x00, 0x00, 0xc5, 0x00, 0x00, 0x00, 0x86, 0x6f, 0xff,
    0xff, 0xff, 0xf2, 0x87, 0x00, 0x00, 0x00, 0xc5, 0x00, 0x00, 0x3e, 0xa0, 0x00, 0x00, 0xc5, 0x00,
    0x00, 0x02, 0xb1, 0x00, 0x00, 0xc5, 0x00, 0x00, 0x00, 0x01, 0xff, 0xff, 0xff, 0xff, 0xfb, 0x00,
    0xc2, 0x00, 0x0c, 0x80, 0x00, 0x00, 0x05, 0xd0, 0x00, 0x7c, 0x01, 0xc3, 0x00, 0x0b, 0x80, 0x03,
    0xe2, 0x00, 0x6d, 0x10, 0x2f, 0x20, 0x3d, 0x63, 0x68, 0xbf, 0xc0, 0x5b, 0x00, 0x9f, 0xda, 0x86,
    0x32, 0xc3, 0x00, 0x00, 0x10, 0x00, 0x00, 0x00, 0x00, 0x1b, 0x20, 0x00, 0x06, 0xa0, 0x00, 0x00,
    0x08, 0xe3, 0x00, 0x01, 0xc5, 0x00, 0x00, 0x00, 0x86, 0xcf, 0xff, 0xff, 0xff, 0xf5, 0x87, 0x00,
    0x11, 0x11, 0xd5, 0x11, 0x10, 0x3e, 0xa0, 0x00, 0x00, 0xd4, 0x00, 0x00, 0x02, 0xb1, 0x00, 0x00,
    0xd4, 0x00, 0x00, 0x00, 0x00, 0x6f, 0xff, 0xff, 0xff, 0xd0, 0x01, 0xc1, 0x01, 0x11, 0xd5, 0x11,
    0x10, 0x06, 0xc0, 0x00, 0x00, 0xd4, 0x00, 0x00, 0x0b, 0x70, 0x00, 0x00, 0xd4, 0x00, 0x00, 0x2f,
    0x20, 0x00, 0x00, 0xd4, 0x00, 0x00, 0x5b, 0x07, 0xff, 0xff, 0xff, 0xff, 0xfb, 0x00, 0x00, 0x11,
    0x11, 0x11, 0x11, 0x10, 0x1b, 0x40, 0x8f, 0xff, 0xff, 0xff, 0xf4, 0x06, 0xe7, 0x89, 0x11, 0x11,
    0x11, 0xd4, 0x00, 0x4b, 0x00, 0x4b, 0x05, 0xa1, 0x00, 0x78, 0x00, 0x19, 0xd3, 0x00, 0x7e, 0x50,
    0x2c, 0xc2, 0x69, 0x10, 0xc4, 0x03, 0xc1, 0x01, 0xa3, 0x00, 0x00, 0xc4, 0x00, 0x00, 0x00, 0x00,
    0xef, 0xff, 0xff, 0xff, 0xf8, 0x01, 0xc2, 0x00, 0x07, 0xec, 0x10, 0x00, 0x05, 0xe0, 0x00, 0x57,
    0xc7, 0xa0, 0x00, 0x0a, 0x80, 0x06, 0xb0, 0xc4, 0x6b, 0x10, 0x1f, 0x31, 0xab, 0x10, 0xc4, 0x09,
    0xd4, 0x4c, 0x04, 0xa0, 0x00, 0xc4, 0x00, 0x86, 0x1b, 0x10, 0xbe, 0xee, 0xef, 0xee, 0xeb, 0x05,
    0xc1, 0xb5, 0x00, 0x88, 0x00, 0x00, 0x00, 0x86, 0xb5, 0x9e, 0xee, 0xee, 0xc0, 0x86, 0x00, 0xb5,
    0x96, 0x00, 0x03, 0xc0, 0x1c, 0x60, 0xb5, 0x9e, 0xdd, 0xde, 0xc0, 0x01, 0xb1, 0xb4, 0x96, 0x00,
    0x03, 0xc0, 0x00, 0x00, 0xc3, 0x9e, 0xef, 0xee, 0xc0, 0x05, 0x80, 0xe1, 0x00, 0x0e, 0x00, 0x00,
    0x09, 0x83, 0xd0, 0x3b, 0x0e, 0x1b, 0x10, 0x0e, 0x39, 0x92, 0xd5, 0x0e, 0x0a, 0x90, 0x3e, 0x3e,
    0x38, 0x70, 0x1f, 0x01, 0xe3, 0x59, 0x48, 0x00, 0x09, 0xd8, 0x00, 0x67, 0x0b, 0x60, 0x0e, 0xdd,
    0xdd, 0xdf, 0x00, 0x01, 0xa6, 0x0e, 0x00, 0x00, 0x0f, 0x00, 0x00, 0x00, 0x0e, 0xdd, 0xe4, 0x0f,
    0x00, 0x00, 0x00, 0x0e, 0x00, 0xb4, 0x0f, 0x00, 0x79, 0x10, 0x4f, 0xff, 0xff, 0xff, 0x30, 0x07,
    0xa0, 0x1f, 0x00, 0x00, 0x0f, 0x00, 0x00, 0x00, 0x1f, 0xdd, 0xdd, 0xdf, 0x00, 0x04, 0xb0, 0x1f,
    0x00, 0x00, 0x0f, 0x00, 0x09, 0xa0, 0x1f, 0x00, 0x00, 0x0f, 0x00, 0x0d, 0x60, 0x1f, 0xdd, 0xdd,
    0xdf, 0x00, 0x2f, 0x20, 0x1f, 0x00, 0x00, 0x2e, 0x00, 0x4c, 0x00, 0x1f, 0x00, 0x4e, 0xe7, 0x00,
    0x0b, 0x30, 0x00, 0x03, 0xc1, 0x00, 0x00, 0x08, 0xe5, 0xfd, 0xdd, 0xdd, 0xdd, 0xf4, 0x00, 0x87,
    0xe0, 0x00, 0x00, 0x00, 0xb4, 0x77, 0x00, 0x0a, 0xdd, 0xfd, 0xdc, 0x00, 0x3e, 0xa0, 0x00, 0x00,
    0xe0, 0x00, 0x00, 0x02, 0xb1, 0x5e, 0xdd, 0xfd, 0xde, 0x70, 0x00, 0x00, 0x59, 0x00, 0xe0, 0x08,
    0x70, 0x00, 0xc2, 0x5e, 0xcc, 0xfc, 0xce, 0x70, 0x04, 0xd0, 0x59, 0x00, 0xe0, 0x08, 0x70, 0x09,
    0x80, 0x5e, 0xdd, 0xdd, 0xde, 0x70, 0x1e, 0x30, 0x04, 0xb6, 0x06, 0xb6, 0x10, 0x3c, 0x01, 0xb8,
    0x20, 0x00, 0x28, 0xc1, 0x00, 0x3d, 0x00, 0x1c, 0x00, 0x00, 0x00, 0x1d, 0x3d, 0x00, 0x69, 0x00,
    0x00, 0x00, 0x3c, 0x3d, 0x00, 0xcf, 0xff, 0xff, 0xf4, 0x6f, 0xef, 0xe7, 0xb3, 0xc0, 0xe1, 0xc3,
    0xa6, 0x3d, 0x0c, 0x45, 0x91, 0xe0, 0xd2, 0xa1, 0x3d, 0x2b, 0x09, 0x53, 0xb0, 0xe1, 0x00, 0x3e,
    0xb4, 0x1e, 0x17, 0x70, 0xf1, 0x49, 0xee, 0x61, 0x97, 0x0d, 0x21, 0xf0, 0x98, 0x5d, 0x06, 0xb0,
    0x6a, 0x02, 0xe0, 0x00, 0x3d, 0x2b, 0x13, 0xd2, 0x03, 0xd0, 0x00, 0x3d, 0x00, 0x4d, 0x30, 0x08,
    0xb0, 0x00, 0x3d, 0x02, 0xc2, 0x4f, 0xfd, 0x30, 0x00, 0x3d, 0x00, 0x00, 0x01, 0x10, 0x00, 0x00,
    0x0b, 0x50, 0x00, 0xa7, 0x6a, 0x10, 0x00, 0x0b, 0x50, 0x00, 0xa6, 0x07, 0xa0, 0x4a, 0x0b, 0x50,
    0x00, 0xa6, 0x00, 0x00, 0x0d, 0x4b, 0x8f, 0xff, 0xff, 0xff, 0xf8, 0x06, 0x8b, 0x50, 0x00, 0xd9,
    0x00, 0x00, 0x00, 0x0c, 0x50, 0x00, 0xfd, 0x00, 0x00, 0x00, 0x9f, 0x50, 0x04, 0xdc, 0x30, 0x00,
    0x1b, 0xac, 0x50, 0x0a, 0x86, 0xa0, 0x00, 0x88, 0x0b, 0x50, 0x2e, 0x11, 0xe3, 0x00, 0x00, 0x0b,
    0x50, 0xc7, 0x00, 0x6d, 0x10, 0x00, 0x0b, 0x6a, 0xa0, 0x00, 0x09, 0xc2, 0x00, 0x0b, 0xaa, 0x00,
    0x00, 0x00, 0x97, 0xae, 0xfe, 0xe7, 0xfe, 0xef, 0xee, 0xe0, 0x00, 0xd2, 0x07, 0x80, 0x4b, 0x01,
    0xe0, 0x00, 0xd2, 0x07, 0xee, 0xef, 0xee, 0xe0, 0x00, 0xd2, 0x07, 0x80, 0x4b, 0x01, 0xe0, 0x00,
    0xd2, 0x07, 0x80, 0x4b, 0x01, 0xe0, 0x8e, 0xfe, 0xd7, 0xfe, 0xef, 0xee, 0xe0, 0x00, 0xd2, 0x07,
    0x80, 0x4b, 0x01, 0xe0, 0x00, 0xd2, 0x00, 0x00, 0x4b, 0x00, 0x00, 0x00, 0xd2, 0x0b, 0xee, 0xff,
    0xee, 0xe3, 0x25, 0xec, 0xd0, 0x00, 0x4b, 0x00, 0x00, 0xac, 0x96, 0x30, 0x00, 0x4b, 0x00, 0x00,
    0x00, 0x00, 0x8e, 0xee, 0xee, 0xee, 0xec, 0x03, 0xff, 0xff, 0xff, 0xff, 0xff, 0xf0, 0x03, 0xe0,
    0x00, 0x4d, 0x00, 0x02, 0xf0, 0x03, 0xe0, 0x00, 0x4d, 0x00, 0x02, 0xf0, 0x03, 0xff, 0xff, 0xff,
    0xff, 0xff, 0xf0, 0x03, 0xd0, 0x00, 0x4d, 0x00, 0x02, 0xf0, 0x03, 0xd0, 0x00, 0x4d, 0x00, 0x02,
    0xf0, 0x04, 0xff, 0xff, 0xff, 0xff, 0xff, 0xf0, 0x05, 0xb0, 0x00, 0x4d, 0x00, 0x02, 0xf0, 0x07,
    0x80, 0x00, 0x4d, 0x00, 0x02, 0xf0, 0x0b, 0x50, 0x00, 0x4d, 0x00, 0x02, 0xf0, 0x3e, 0x00, 0x00,
    0x4d, 0x00, 0x05, 0xe0, 0x66, 0x00, 0x00, 0x4d, 0x0c, 0xff, 0xa0, 0x00, 0x00, 0x00, 0x01, 0x01,
    0x21, 0x00, 0x0a, 0xff, 0xff, 0xff, 0xff, 0xff, 0xa0, 0x0a, 0x71, 0x11, 0x88, 0x11, 0x16, 0xa0,
    0x0a, 0x60, 0x00, 0x88, 0x00, 0x06, 0xa0, 0x0a, 0x60, 0x00, 0x88, 0x00, 0x06, 0xa0, 0x0a, 0x60,
    0x00, 0x88, 0x00, 0x06, 0xa0, 0x0a, 0xff, 0xff, 0xff, 0xff, 0xff, 0xa0, 0x0a, 0x71, 0x11, 0x88,
    0x11, 0x16, 0xa0, 0x0a, 0x60, 0x00, 0x88, 0x00, 0x06, 0xa0, 0x0a, 0x60, 0x00, 0x88, 0x00, 0x06,
    0xa0, 0x0a, 0x60, 0x00, 0x88, 0x00, 0x06, 0xa0, 0x0a, 0xff, 0xff, 0xff, 0xff, 0xff, 0xa0, 0x0a,
    0x71, 0x11, 0x11, 0x11, 0x16, 0xa0, 0x00, 0x00, 0x01, 0xf1, 0x00, 0x00, 0x00, 0x00, 0x00, 0x01,
    0xf1, 0x00, 0x00, 0x00, 0x2f, 0xff, 0xff, 0xff, 0xff, 0xff, 0x20, 0x2f, 0x10, 0x01, 0xf1, 0x00,
    0x0f, 0x20, 0x2f, 0x00, 0x01, 0xf1, 0x00, 0x0f, 0x20, 0x2f, 0xff, 0xff, 0xff, 0xff, 0xff, 0x20,
    0x2f, 0x00, 0x01, 0xf1, 0x00, 0x0f, 0x20, 0x2f, 0x00, 0x01, 0xf1, 0x00, 0x0f, 0x20, 0x2f, 0xff,
    0xff, 0xff, 0xff, 0xff, 0x20, 0x2f, 0x10, 0x01, 0xf1, 0x00, 0x00, 0x77, 0x00, 0x00, 0x01, 0xf3,
    0x00, 0x01, 0xc7, 0x00, 0x00, 0x00, 0x9f, 0xff, 0xff, 0xd2, 0x00, 0x00, 0x00, 0x00, 0x11, 0x10,
    0x00, 0x00, 0x1c, 0x50, 0x00, 0x01, 0xc2, 0x00, 0x00, 0x03, 0xc3, 0x00, 0x0b, 0xa0, 0x00, 0x00,
    0x00, 0x00, 0x00, 0x8c, 0x10, 0x00, 0x6e, 0xee, 0xee, 0xee, 0xee, 0xee, 0xe7, 0x00, 0x03, 0xa7,
    0x00, 0x6b, 0x40, 0x00, 0x04, 0xbd, 0x60, 0x00, 0x04, 0xcd, 0x60, 0x4c, 0x50, 0x00, 0x00, 0x00,
    0x04, 0xb5, 0x00, 0xce, 0xef, 0xee, 0xfe, 0xec, 0x00, 0x00, 0xc3, 0x0d, 0x10, 0xe0, 0x2c, 0x00,
    0x00, 0xc3, 0x0d, 0x10, 0xe0, 0x2c, 0x00, 0x00, 0xc3, 0x0d, 0x10, 0xe0, 0x2c, 0x00, 0xbe, 0xee,
    0xee, 0xee, 0xee, 0xee, 0xea, 0x00, 0xef, 0xff, 0xff, 0xff, 0xff, 0x00, 0x00, 0xe4, 0x00, 0x00,
    0x00, 0x3f, 0x00, 0x00, 0xe4, 0x00, 0x00, 0x00, 0x3f, 0x00, 0x00, 0xee, 0xee, 0xee, 0xee, 0xef,
    0x00, 0x00, 0xe4, 0x00, 0x00, 0x00, 0x3f, 0x00, 0x00, 0xe4, 0x00, 0x00, 0x00, 0x3f, 0x00, 0x00,
    0xee, 0xee, 0xee, 0xee, 0xef, 0x00, 0x00, 0xe4, 0x00, 0x00, 0x00, 0x3f, 0x00, 0x00, 0xe4, 0x00,
    0x00, 0x00, 0x3f, 0x00, 0x00, 0xe4, 0x00, 0x00, 0x00, 0x3f, 0x00, 0x00, 0xef, 0xff, 0xff, 0xff,
    0xff, 0x00, 0x00, 0xe4, 0x00, 0x00, 0x00, 0x3f, 0x00, 0x00, 0x00, 0x00, 0xa7, 0x00, 0x00, 0x00,
    0x7e, 0xee, 0xee, 0xff, 0xee, 0xee, 0xe7, 0x00, 0x00, 0x00, 0xa7, 0x00, 0x00, 0x00, 0x00, 0xde,
    0xee, 0xee, 0xee, 0xec, 0x00, 0x00, 0xd3, 0x00, 0x00, 0x00, 0x4c, 0x00, 0x00, 0xdd, 0xdd, 0xdd,
    0xdd, 0xec, 0x00, 0x00, 0xd3, 0x00, 0x00, 0x00, 0x4c, 0x00, 0x00, 0xdd, 0xdd, 0xdd, 0xdd, 0xec,
    0x00, 0x00, 0xd3, 0x00, 0x00, 0x00, 0x4c, 0x00, 0x00, 0xdd, 0xdd, 0xdd, 0xdd, 0xec, 0x00, 0x00,
    0xd3, 0x00, 0x00, 0x00, 0x4c, 0x00, 0xbe, 0xfe, 0xee, 0xee, 0xee, 0xef, 0xeb, 0x0c, 0xee, 0xee,
    0xfe, 0xee, 0xee, 0x90, 0x00, 0x00, 0x03, 0xe0, 0x00, 0x00, 0x00, 0x09, 0xdd, 0xdf, 0xed, 0xdd,
    0xdd, 0x90, 0x00, 0x00, 0x2e, 0x10, 0x00, 0x00, 0x00, 0x8d, 0xdd, 0xff, 0xff, 0xff, 0xff, 0xea,
    0x00, 0x1a, 0x30, 0x00, 0x00, 0x0e, 0x00, 0x06, 0x4c, 0xdd, 0xdd, 0xdd, 0xdf, 0x00, 0x75, 0x0c,
    0x30, 0x00, 0x00, 0x0e, 0x00, 0x00, 0x0c, 0xdd, 0xdd, 0xdd, 0xdf, 0x00, 0x00, 0x0c, 0x30, 0x00,
    0x00, 0x0e, 0x00, 0x00, 0x0c, 0xed, 0xdd, 0xdd, 0xdf, 0x00, 0x00, 0x00, 0x00, 0xa6, 0x00, 0x00,
    0x00, 0x6d, 0xdd, 0xdd, 0xee, 0xdd, 0xdd, 0xd6, 0x00, 0x00, 0x00, 0xa6, 0x00, 0x00, 0x00, 0x00,
    0xaf, 0xff, 0xff, 0xff, 0xfa, 0x00, 0x00, 0xa5, 0x00, 0x00, 0x00, 0x5a, 0x00, 0x00, 0xad, 0xcc,
    0xcc, 0xcc, 0xda, 0x00, 0x00, 0xa5, 0x00, 0x00, 0x00, 0x5a, 0x00, 0x00, 0xad, 0xcc, 0xcc, 0xcc,
    0xda, 0x00, 0x00, 0xa5, 0x00, 0x00, 0x00, 0x5a, 0x00, 0x9d, 0xdd, 0xdd, 0xdd, 0xdd, 0xdd, 0xd9,
    0x02, 0x59, 0xc8, 0x00, 0x8d, 0x96, 0x30, 0x3d, 0xa7, 0x30, 0x00, 0x02, 0x6a, 0xd4, 0x08, 0x60,
    0x0a, 0xee, 0xee, 0xee, 0xe8, 0x0d, 0x30, 0x00, 0x00, 0x00, 0x00, 0x00, 0x5f, 0xff, 0xe3, 0x00,
    0x00, 0x00, 0x00, 0x96, 0x87, 0x01, 0xfe, 0xee, 0xee, 0xc0, 0x00, 0x87, 0x01, 0xe0, 0x00, 0x03,
    0xc0, 0xce, 0xfe, 0xe7, 0xe0, 0x00, 0x03, 0xc0, 0x00, 0x96, 0x01, 0xfe, 0xee, 0xee, 0xc0, 0x00,
    0xcd, 0x40, 0x00, 0x00, 0x00, 0x00, 0x01, 0xe7, 0xb0, 0x68, 0x00, 0x0c, 0x30, 0x07, 0xa1, 0xe3,
    0x2e, 0x30, 0x6d, 0x00, 0x2e, 0x20, 0x85, 0x08, 0x61, 0xd3, 0x00, 0x86, 0x00, 0x2e, 0xee, 0xee,
    0xee, 0xea, 0x7e, 0xfe, 0xeb, 0xee, 0xef, 0xee, 0xea, 0x00, 0xd3, 0x00, 0x00, 0x1e, 0x00, 0x00,
    0x01, 0xe0, 0x03, 0xfd, 0xef, 0xdd, 0xf1, 0x05, 0x90, 0x03, 0xc0, 0x1e, 0x00, 0xe1, 0x0a, 0xee,
    0xc3, 0xfd, 0xdf, 0xdd, 0xf1, 0x1f, 0x72, 0xc3, 0xc0, 0x1e, 0x00, 0xe1, 0x8f, 0x72, 0xc3, 0xc0,
    0x2e, 0x00, 0xe1, 0xa9, 0x72, 0xc2, 0xdd, 0xef, 0xdd, 0xf1, 0x07, 0x72, 0xc0, 0x95, 0x6a, 0x00,
    0x00, 0x07, 0xee, 0xb0, 0x2d, 0xe5, 0x00, 0x00, 0x07, 0x70, 0x01, 0x6d, 0xcd, 0x73, 0x00, 0x00,
    0x00, 0x9c, 0x82, 0x02, 0x7b, 0xd7, 0x00, 0x00, 0x00, 0x69, 0x00, 0x0b, 0x40, 0x8d, 0xee, 0xd4,
    0x0b, 0x50, 0x8a, 0x00, 0x00, 0xd2, 0x1d, 0xef, 0xdd, 0xee, 0xdb, 0x02, 0xc0, 0x00, 0x86, 0x00,
    0xb3, 0x00, 0x07, 0x80, 0x01, 0xc3, 0xb3, 0xa3, 0xb0, 0x0d, 0xee, 0xaa, 0x69, 0x8b, 0x39, 0x80,
    0x6f, 0x74, 0xbe, 0xdf, 0x4f, 0xff, 0x20, 0xaa, 0x74, 0xa0, 0x6a, 0x00, 0x4c, 0x00, 0x08, 0x74,
    0xa0, 0xc3, 0x00, 0xa6, 0x00, 0x08, 0x74, 0xa4, 0xb7, 0x51, 0xd4, 0x90, 0x08, 0x74, 0xac, 0x45,
    0xc7, 0x83, 0xf3, 0x08, 0xec, 0xae, 0xca, 0xcd, 0xdb, 0xc8, 0x08, 0xff, 0xff, 0xff, 0xff, 0xff,
    0x80, 0x00, 0x00, 0x00, 0x00, 0x00, 0x00, 0x00, 0x00, 0x00, 0x00, 0x00, 0x00, 0x00, 0x00, 0x00,
    0x00, 0x00, 0x00, 0x00, 0x00, 0x00, 0xcf, 0xff, 0xff, 0xff, 0xff, 0xff, 0xfc, 0x00, 0x00, 0x00,
    0x4e, 0x00, 0x00, 0x00, 0x00, 0x2c, 0x10, 0x4e, 0x02, 0xc1, 0x00, 0x00, 0xa9, 0x00, 0x4e, 0x00,
    0xaa, 0x00, 0x05, 0xd1, 0x00, 0x4e, 0x00, 0x1d, 0x70, 0x2e, 0x30, 0x00, 0x4e, 0x00, 0x03, 0xf3,
    0x68, 0x00, 0x00, 0x7e, 0x00, 0x00, 0x87, 0x00, 0x02, 0xff, 0xf9, 0x00, 0x00, 0x00, 0x00, 0x00,
    0x22, 0x10, 0x00, 0x00, 0x00, 0x01, 0xc2, 0x00, 0x00, 0x5c, 0x00, 0x00, 0x00, 0x86, 0x00, 0x00,
    0x5c, 0x00, 0x00, 0x00, 0x00, 0x00, 0x00, 0x5c, 0x00, 0x00, 0x9f, 0xff, 0xc0, 0x00, 0x5c, 0x00,
    0x00, 0x00, 0x0b, 0x89, 0xff, 0xff, 0xff, 0xf4, 0x00, 0x7c, 0x01, 0x11, 0x6c, 0x11, 0x10, 0x05,
    0xf9, 0xa0, 0x00, 0x5c, 0x00, 0x00, 0x6e, 0xe4, 0xa5, 0x00, 0x5c, 0x00, 0x00, 0x83, 0xc4, 0x00,
    0x00, 0x5c, 0x00, 0x00, 0x00, 0xc4, 0x00, 0x00, 0x5c, 0x00, 0x00, 0x00, 0xc4, 0x00, 0x00, 0x5c,
    0x00, 0x00, 0x00, 0xc4, 0x3f, 0xff, 0xff, 0xff, 0xfa, 0x00, 0xc4, 0x01, 0x11, 0x11, 0x11, 0x11,
    0x02, 0xc1, 0x0c, 0xdd, 0xdd, 0xdd, 0xd4, 0x00, 0xa5, 0x00, 0x00, 0x00, 0x00, 0x00, 0x00, 0x00,
    0x04, 0xec, 0xcc, 0xce, 0x60, 0x9f, 0xff, 0xc4, 0xb0, 0x00, 0x08, 0x60, 0x00, 0x4c, 0x44, 0xec,
    0xcc, 0xce, 0x60, 0x4b, 0xf5, 0x00, 0x00, 0x00, 0x00, 0x00, 0x87, 0xdc, 0x5d, 0xdd, 0xee, 0xdd,
    0xf1, 0x00, 0xd4, 0x9d, 0x10, 0x69, 0x00, 0xd1, 0x00, 0xd2, 0x0d, 0xdd, 0xee, 0xdd, 0xf1, 0x00,
    0xd2, 0x0d, 0x10, 0x69, 0x00, 0xd1, 0x00, 0xd2, 0x0d, 0xdd, 0xdd, 0xdd, 0xf1, 0x00, 0xd2, 0x0d,
    0x10, 0x00, 0x00, 0xd1, 0x00, 0x00, 0x00, 0xb5, 0x00, 0x00, 0x00, 0x8e, 0xee, 0xee, 0xee, 0xee,
    0xee, 0xe8, 0x03, 0xc4, 0xc7, 0x21, 0x7b, 0x1c, 0x30, 0x03, 0xc0, 0x2a, 0xff, 0xc2, 0x0c, 0x30,
    0x03, 0xc6, 0xc7, 0x31, 0x6c, 0x4c, 0x30, 0x02, 0xdd, 0xdd, 0xee, 0xdd, 0xdf, 0x30, 0x00, 0x00,
    0x01, 0xe3, 0x00, 0x00, 0x00, 0x0b, 0xee, 0xef, 0xee, 0xee, 0xee, 0xa0, 0x0b, 0x50, 0x6b, 0x12,
    0xb4, 0x05, 0xa0, 0x0b, 0x52, 0xfe, 0xdc, 0xbc, 0x25, 0xa0, 0x0b, 0x50, 0x00, 0x00, 0x00, 0x06,
    0xa0, 0x0b, 0x50, 0x00, 0x00, 0x03, 0xff, 0x60, 0x00, 0xc2, 0x00, 0x00, 0x1f, 0x00, 0x00, 0x00,
    0x99, 0x00, 0x00, 0x1f, 0x00, 0x00, 0x00, 0x3b, 0x00, 0x00, 0x1f, 0x00, 0x00, 0x9e, 0xee, 0xee,
    0x00, 0x1f, 0xff, 0xfc, 0x00, 0x00, 0x96, 0x00, 0x1f, 0x11, 0x11, 0x1d, 0x00, 0xc4, 0x00, 0x1f,
    0x00, 0x00, 0x0c, 0x41, 0xe0, 0xaf, 0xee, 0xee, 0xf1, 0x08, 0x85, 0xb0, 0xa5, 0x00, 0x00, 0xf1,
    0x03, 0xb9, 0x70, 0xa5, 0x00, 0x00, 0xf1, 0x24, 0x6e, 0xdd, 0xa5, 0x00, 0x00, 0xf1, 0x9c, 0x97,
    0x41, 0xaf, 0xee, 0xee, 0xf1, 0x00, 0x00, 0x00, 0xa5, 0x00, 0x00, 0xf1, 0x00, 0x7a, 0x00, 0x00,
    0x98, 0x00, 0x00, 0x02, 0xed, 0xdd, 0xd8, 0xed, 0xdd, 0xd8, 0x1b, 0x37, 0x70, 0x0b, 0x37, 0x70,
    0x00, 0x84, 0x01, 0xb1, 0x97, 0x01, 0xb1, 0x00, 0x0a, 0xdd, 0xdd, 0xee, 0xdd, 0xdd, 0xb0, 0x00,
    0x00, 0x00, 0x97, 0x00, 0x00, 0x00, 0xae, 0xee, 0xee, 0xee, 0xee, 0xee, 0xea, 0x00, 0x00, 0x00,
    0x00, 0x0b, 0x50, 0x00, 0x4e, 0xee, 0xee, 0xee, 0xef, 0xee, 0xe4, 0x00, 0x06, 0xa1, 0x00, 0x0b,
    0x50, 0x00, 0x00, 0x00, 0x88, 0x11, 0x2c, 0x50, 0x00, 0x00, 0x00, 0x00, 0x9f, 0xfc, 0x10, 0x00,
    0x00, 0x7a, 0x00, 0x00, 0x79, 0x00, 0x00, 0x02, 0xed, 0xdd, 0xd4, 0xed, 0xdd, 0xd8, 0x1c, 0x32,
    0xb0, 0x0b, 0x54, 0x90, 0x00, 0x85, 0x52, 0x94, 0x3a, 0x00, 0xb2, 0x00, 0x00, 0x3b, 0x1d, 0xdd,
    0xdd, 0xdd, 0xd0, 0x0b, 0x40, 0x00, 0x00, 0x00, 0x02, 0xd0, 0x0b, 0x40, 0xdd, 0xcc, 0xde, 0x02,
    0xd0, 0x0b, 0x40, 0xd1, 0x00, 0x1e, 0x02, 0xd0, 0x0b, 0x40, 0xdc, 0xcc, 0xce, 0x02, 0xd0, 0x0b,
    0x40, 0xd1, 0x00, 0x1e, 0x02, 0xd0, 0x0b, 0x40, 0xdd, 0xcc, 0xcb, 0x03, 0xd0, 0x0b, 0x40, 0xd1,
    0x00, 0x0a, 0xef, 0x70, 0x00, 0x00, 0x00, 0x00, 0x00, 0x10, 0x00, 0x00, 0x00, 0x00, 0x79, 0x00,
    0x00, 0x00, 0x03, 0xb2, 0x00, 0x79, 0x00, 0x1c, 0x40, 0x00, 0x8e, 0x30, 0x79, 0x02, 0xda, 0x00,
    0x00, 0x07, 0xa0, 0x79, 0x09, 0x80, 0x00, 0x00, 0x00, 0x00, 0x79, 0x00, 0x00, 0x00, 0x9f, 0xff,
    0xff, 0xff, 0xff, 0xff, 0xfa, 0x01, 0x11, 0x1c, 0xcc, 0xd1, 0x11, 0x10, 0x00, 0x00, 0xa9, 0x79,
    0x7b, 0x00, 0x00, 0x00, 0x1b, 0xa0, 0x79, 0x08, 0xb1, 0x00, 0x06, 0xd7, 0x00, 0x79, 0x00, 0x6d,
    0x60, 0x7a, 0x20, 0x00, 0x79, 0x00, 0x02, 0xa7, 0x00, 0x00, 0x00, 0x79, 0x00, 0x00, 0x00, 0x00,
    0x94, 0x00, 0x00, 0x0f, 0x00, 0x00, 0x75, 0x94, 0x98, 0xdd, 0xdf, 0xdd, 0xd7, 0x4a, 0x95, 0xd0,
    0x00, 0x0f, 0x00, 0x00, 0x0b, 0x98, 0x80, 0xdd, 0xdf, 0xdd, 0xd2, 0x00, 0x94, 0x00, 0x00, 0x0f,
    0x00, 0x00, 0x9d, 0xfe, 0xd8, 0xdd, 0xdd, 0xdd, 0xda, 0x01, 0xe4, 0x00, 0x00, 0x00, 0x00, 0x00,
    0x07, 0xf5, 0x00, 0xed, 0xdd, 0xdd, 0xe0, 0x1e, 0xdd, 0x50, 0xe1, 0x00, 0x00, 0xe0, 0x9a, 0x96,
    0xd2, 0xed, 0xdd, 0xdd, 0xe0, 0x81, 0x94, 0x66, 0xe1, 0x00, 0x00, 0xe0, 0x00, 0x94, 0x00, 0xed,
    0xdd, 0xdd, 0xe0, 0x00, 0x94, 0x00, 0xe1, 0x00, 0x00, 0x90, 0x00, 0x94, 0x00, 0xe1, 0x0e, 0xfc,
    0x00, 0x00, 0x00, 0x00, 0x00, 0x00, 0x00, 0x00, 0x00, 0x12, 0x23, 0x45, 0x67, 0x8a, 0x70, 0x0c,
    0xdc, 0xcc, 0xf9, 0x87, 0x65, 0x30, 0x00, 0x01, 0x7e, 0x81, 0x00, 0x00, 0x00, 0x02, 0x8e, 0xb2,
    0x00, 0x16, 0xc7, 0x00, 0x06, 0xfd, 0xbc, 0xde, 0xfc, 0x60, 0x00, 0x00, 0x00, 0x27, 0xda, 0x40,
    0x00, 0x00, 0x03, 0x7b, 0xc7, 0x32, 0x39, 0x91, 0x00, 0x07, 0xff, 0xfe, 0xee, 0xbb, 0xaa, 0x60,
    0x00, 0x00, 0x00, 0x6b, 0x00, 0x01, 0xb2, 0x00, 0x00, 0x00, 0x6b, 0x09, 0x81, 0x00, 0x02, 0x8d,
    0x30, 0x7a, 0x00, 0x7d, 0x40, 0x6c, 0x71, 0xcf, 0xe5, 0x00, 0x03, 0xc3, 0x00, 0x00, 0x00, 0x00,
    0x00, 0x00, 0x00, 0x00, 0x00, 0x00, 0x88, 0x00, 0x00, 0x00, 0x0d, 0xee, 0xee, 0xff, 0xee, 0xee,
    0xe0, 0x00, 0x00, 0x00, 0x88, 0x00, 0x00, 0x00, 0x4f, 0xee, 0xee, 0xfe, 0xee, 0xee, 0xf4, 0x4c,
    0x03, 0x78, 0x42, 0x9b, 0x00, 0xc4, 0x4c, 0x2e, 0xbb, 0xff, 0xa2, 0x00, 0xc4, 0x00, 0x00, 0x3c,
    0xc4, 0x0a, 0x70, 0x00, 0x00, 0x39, 0xd6, 0x12, 0x35, 0xec, 0x20, 0x00, 0xce, 0xdc, 0xde, 0xaa,
    0x9a, 0xa0, 0x00, 0x2a, 0x50, 0x5b, 0x0b, 0x82, 0x00, 0x18, 0xe7, 0x00, 0x8b, 0x01, 0x8e, 0x92,
    0x7a, 0x20, 0xef, 0xe5, 0x00, 0x02, 0xa7, 0x00, 0x00, 0x10, 0x00, 0x00, 0x00, 0x00, 0x00, 0x02,
    0xd2, 0xee, 0xdd, 0xdf, 0x60, 0x0c, 0x32, 0xd0, 0x2d, 0x10, 0x8b, 0x10, 0x0c, 0x32, 0xd0, 0x05,
    0xdc, 0xa1, 0x00, 0x0c, 0x32, 0xd3, 0xde, 0xb9, 0xce, 0xf5, 0x0c, 0x32, 0xfe, 0xd1, 0x00, 0x00,
    0x00, 0x00, 0x4b, 0xd9, 0x67, 0xad, 0x90, 0x00, 0x00, 0x9c, 0x9b, 0xed, 0x86, 0xb1, 0x00, 0x00,
    0x17, 0xca, 0x76, 0x79, 0xee, 0x30, 0x03, 0xed, 0xb9, 0x9e, 0x53, 0x14, 0xb0, 0x00, 0x18, 0x80,
    0x2d, 0x0a, 0x81, 0x00, 0x06, 0xda, 0x20, 0x5d, 0x03, 0xbe, 0x81, 0x2c, 0x30, 0x8f, 0xe7, 0x00,
    0x04, 0xc1, 0x00, 0x00, 0x01, 0x00, 0x00, 0x00, 0x00, 0x00, 0x4b, 0x00, 0x0a, 0x70, 0x00, 0x00,
    0x00, 0xc5, 0x00, 0x2f, 0x20, 0x00, 0x00, 0x07, 0xa0, 0xa4, 0xaf, 0xff, 0xff, 0xf3, 0x3c, 0x15,
    0xd6, 0xe2, 0x00, 0x00, 0xe3, 0x9e, 0xef, 0x5a, 0x50, 0x00, 0x00, 0xf2, 0x00, 0x8a, 0x00, 0x00,
    0x00, 0x00, 0xf2, 0x03, 0xe1, 0x01, 0x0b, 0x91, 0x00, 0xf1, 0x1d, 0xa9, 0xd7, 0x01, 0xa9, 0x01,
    0xf1, 0x3d, 0x95, 0x10, 0x00, 0x00, 0x02, 0xf0, 0x00, 0x00, 0x02, 0x00, 0x00, 0x03, 0xe0, 0x25,
    0x8b, 0xea, 0x01, 0x21, 0x08, 0xd0, 0x9b, 0x84, 0x10, 0x03, 0xff, 0xfe, 0x50, 0x00, 0x00, 0x00,
    0x00, 0x01, 0x10, 0x00, 0x00, 0x69, 0x00, 0x07, 0x91, 0xb3, 0x00, 0x01, 0xd3, 0x00, 0x07, 0xa0,
    0x1b, 0x20, 0x08, 0x83, 0xb1, 0x28, 0xc8, 0xac, 0xe5, 0x4c, 0x1a, 0x7c, 0xdc, 0xd7, 0x53, 0x10,
    0xae, 0xec, 0x00, 0x04, 0xc0, 0x00, 0x00, 0x00, 0xc3, 0x01, 0x36, 0xe8, 0xab, 0xda, 0x06, 0x70,
    0x3e, 0xdb, 0xf8, 0x54, 0x20, 0x3f, 0xdf, 0xa0, 0x00, 0xd4, 0x07, 0x90, 0x6c, 0x72, 0x10, 0x00,
    0x99, 0xad, 0x20, 0x00, 0x18, 0xe1, 0x00, 0x8f, 0x91, 0x00, 0x29, 0xe8, 0x22, 0x7d, 0xbb, 0xb2,
    0x69, 0x88, 0x10, 0x5c, 0x82, 0x00, 0x8e, 0xe4, 0x00, 0x78, 0x00, 0x00, 0x3e, 0x00, 0x00, 0x03,
    0xc1, 0x0f, 0xff, 0xff, 0xff, 0xfb, 0x1b, 0x27, 0xb0, 0x00, 0x3e, 0x00, 0x00, 0x9e, 0xef, 0x60,
    0x00, 0x3e, 0x00, 0x00, 0x00, 0xcb, 0x08, 0xff, 0xff, 0xff, 0xf4, 0x06, 0xd1, 0x10, 0x00, 0x00,
    0x00, 0x00, 0x3e, 0x9a, 0xc4, 0xfe, 0xee, 0xee, 0xf0, 0x6b, 0x73, 0x04, 0xc0, 0x00, 0x02, 0xf0,
    0x00, 0x00, 0x24, 0xc0, 0x00, 0x02, 0xf0, 0x26, 0x9d, 0xe5, 0xc0, 0x00, 0x02, 0xf0, 0xab, 0x73,
    0x04, 0xfe, 0xee, 0xee, 0xf0, 0x00, 0x00, 0x04, 0xc0, 0x00, 0x02, 0xf0, 0x00, 0x78, 0x00, 0x00,
    0xba, 0x00, 0x00, 0x01, 0xe2, 0x00, 0x08, 0xbd, 0x50, 0x00, 0x09, 0x74, 0xb0, 0x8c, 0x12, 0xd5,
    0x00, 0x4b, 0x0b, 0x6a, 0xc2, 0x00, 0x2d, 0x80, 0xad, 0xeb, 0x6a, 0xee, 0xee, 0xef, 0x98, 0x02,
    0xd2, 0x00, 0x00, 0x00, 0x00, 0x00, 0x1c, 0x60, 0x07, 0xfe, 0xee, 0xef, 0x70, 0x6f, 0xcc, 0x87,
    0x90, 0x00, 0x08, 0x70, 0x00, 0x00, 0x27, 0x90, 0x00, 0x08, 0x70, 0x15, 0x9d, 0xa7, 0x90, 0x00,
    0x08, 0x70, 0x8a, 0x61, 0x07, 0xfe, 0xee, 0xef, 0x70, 0x00, 0x00, 0x07, 0x90, 0x00, 0x08, 0x70,
    0x00, 0x96, 0x00, 0x0c, 0x20, 0x00, 0x00, 0x02, 0xe1, 0x00, 0x7f, 0xee, 0xef, 0xc0, 0x0a, 0x71,
    0xc5, 0xdc, 0x10, 0x1d, 0x50, 0x4c, 0x08, 0x8b, 0x27, 0xb3, 0xd7, 0x00, 0x8e, 0xdb, 0x00, 0x00,
    0xcf, 0xa0, 0x00, 0x01, 0x91, 0x11, 0x6d, 0xa6, 0xdd, 0x83, 0x1b, 0xbd, 0x8c, 0x83, 0x00, 0x05,
    0xb7, 0x5b, 0x61, 0x00, 0xff, 0xff, 0xff, 0xb0, 0x00, 0x00, 0x21, 0xf0, 0x00, 0x05, 0xb0, 0x15,
    0x9d, 0xe1, 0xf0, 0x00, 0x05, 0xb0, 0x7c, 0x73, 0x00, 0xff, 0xff, 0xff, 0xb0, 0x00, 0x00, 0x00,
    0xf0, 0x00, 0x05, 0xb0, 0x00, 0x96, 0x00, 0x04, 0xb0, 0x00, 0x00, 0x02, 0xe1, 0x06, 0xde, 0xfd,
    0xd4, 0xb0, 0x0a, 0x61, 0xc1, 0x04, 0xb0, 0x2d, 0x30, 0x5b, 0x08, 0x70, 0x04, 0xb2, 0xd4, 0x00,
    0xae, 0xda, 0x2d, 0xdd, 0xef, 0xdd, 0xd6, 0x01, 0xa1, 0x00, 0x06, 0xb2, 0x00, 0x00, 0x2c, 0x9b,
    0x83, 0xbe, 0xee, 0xef, 0x60, 0x6b, 0x73, 0x5a, 0xc5, 0x00, 0x09, 0x60, 0x00, 0x00, 0x00, 0xae,
    0xdd, 0xde, 0x60, 0x14, 0x7a, 0xd1, 0xa5, 0x00, 0x09, 0x60, 0x7c, 0x95, 0x20, 0xae, 0xee, 0xef,
    0x60, 0x00, 0x00, 0x00, 0xa5, 0x00, 0x09, 0x60, 0x00, 0xb4, 0x00, 0x00, 0x4b, 0x00, 0x00, 0x04,
    0xd0, 0x07, 0xee, 0xef, 0xee, 0xe0, 0x0b, 0x44, 0xa0, 0x00, 0x4b, 0x00, 0x00, 0x6a, 0x0c, 0x5e,
    0xee, 0xee, 0xee, 0xf9, 0xae, 0xea, 0x00, 0x85, 0x00, 0x00, 0xd4, 0x01, 0xc1, 0x00, 0x08, 0x5b,
    0x45, 0xa0, 0x0b, 0x41, 0x28, 0x60, 0x0b, 0x40, 0x00, 0x7f, 0xec, 0x60, 0x76, 0x0d, 0x20, 0x00,
    0x12, 0x00, 0x3e, 0xee, 0xef, 0xee, 0xe9, 0x26, 0xae, 0x90, 0x01, 0xc9, 0xb2, 0x00, 0x8b, 0x62,
    0x01, 0x6d, 0x50, 0x2b, 0x60, 0x00, 0x00, 0x4c, 0x71, 0x00, 0x00, 0x96, 0x0d, 0xff, 0xff, 0xff,
    0xff, 0xff, 0xc0, 0x0d, 0x30, 0x00, 0x00, 0x00, 0x03, 0xc0, 0x0d, 0x97, 0x04, 0x90, 0x00, 0xa6,
    0xc0, 0x0d, 0x4d, 0x1b, 0x5b, 0x12, 0xd3, 0xc0, 0x0d, 0x37, 0xbd, 0x07, 0x98, 0x73, 0xc0, 0x0d,
    0x30, 0xd7, 0x01, 0xde, 0x13, 0xc0, 0x0d, 0x32, 0xec, 0x00, 0x9c, 0x03, 0xc0, 0x0d, 0x39, 0x6c,
    0x52, 0xec, 0x53, 0xc0, 0x0d, 0x5d, 0x04, 0xac, 0x54, 0xd4, 0xc0, 0x0d, 0xc6, 0x00, 0x4a, 0x00,
    0xa7, 0xc0, 0x0d, 0x40, 0x00, 0x00, 0x00, 0x06, 0xc0, 0x0d, 0x30, 0x00, 0x00, 0x0e, 0xfe, 0x70,
    0x00, 0x00, 0x00, 0x00, 0x01, 0x00, 0x00, 0x09, 0xcb, 0xce, 0xbb, 0xec, 0xbc, 0x90, 0x09, 0x50,
    0x2b, 0x00, 0xb2, 0x05, 0x90, 0x09, 0xcb, 0xbb, 0xbb, 0xbb, 0xbc, 0x90, 0x00, 0x00, 0x00, 0x96,
    0x00, 0x00, 0x00, 0x5c, 0xcc, 0xcc, 0xed, 0xcc, 0xcc, 0xc5, 0x00, 0x00, 0x00, 0x96, 0x00, 0x00,
    0x00, 0x00, 0xbc, 0xbb, 0xbb, 0xbb, 0xbd, 0x00, 0x00, 0xb3, 0x00, 0x00, 0x00, 0x1d, 0x00, 0x00,
    0xbf, 0xff, 0xff, 0xff, 0xfd, 0x00, 0x00, 0xb3, 0x00, 0x00, 0x00, 0x1d, 0x00, 0x00, 0xb3, 0x00,
    0x00, 0x00, 0x1d, 0x00, 0xac, 0xed, 0xcc, 0xcc, 0xcc, 0xcf, 0xc9, 0x00, 0x00, 0x09, 0x70, 0x00,
    0x00, 0x00, 0x00, 0x00, 0x09, 0x70, 0x00, 0x00, 0x00, 0x01, 0xff, 0xff, 0xff, 0xfd, 0x08, 0x70,
    0x00, 0x00, 0x09, 0x70, 0x00, 0x9d, 0x20, 0x00, 0x00, 0x09, 0x70, 0x2c, 0xb1, 0x00, 0x8f, 0xff,
    0xff, 0xff, 0xff, 0xff, 0xf9, 0x00, 0x00, 0x17, 0xda, 0x30, 0x00, 0x00, 0x02, 0x6b, 0xe7, 0x20,
    0x16, 0xc1, 0x00, 0x8c, 0x76, 0xc1, 0x5a, 0xeb, 0x50, 0x00, 0x00, 0x04, 0xee, 0xb6, 0x10, 0x09,
    0x50, 0x00, 0x03, 0xd1, 0x00, 0x00, 0x2d, 0x50, 0x00, 0x01, 0xcf, 0xff, 0xff, 0xfb, 0x10, 0x00,
    0x00, 0x00, 0x00, 0x00, 0x00, 0x00, 0xaf, 0xee, 0xfe, 0x5c, 0x20, 0x0c, 0x30, 0x0c, 0x30, 0xc3,
    0x07, 0x90, 0x6c, 0x00, 0x0c, 0x30, 0xc3, 0x00, 0x01, 0xd3, 0x00, 0x0c, 0xee, 0xf3, 0xef, 0xff,
    0xff, 0xf2, 0x0c, 0x30, 0xc3, 0x00, 0x2e, 0x00, 0x00, 0x0c, 0x30, 0xc3, 0x00, 0x2e, 0x00, 0x00,
    0x0c, 0xee, 0xf8, 0xff, 0xff, 0xff, 0xf9, 0x0c, 0x30, 0xc3, 0x00, 0x6f, 0x40, 0x00, 0x2c, 0x88,
    0xed, 0x70, 0xb9, 0xc0, 0x00, 0xac, 0xa7, 0xd4, 0x05, 0xc0, 0xa9, 0x00, 0x00, 0x00, 0xc3, 0x5d,
    0x20, 0x1c, 0xa1, 0x00, 0x00, 0xc7, 0xb2, 0x00, 0x01, 0xa7, 0x00, 0x79, 0x00, 0x01, 0xf0, 0x04,
    0xc1, 0x07, 0x82, 0x4b, 0x11, 0xf2, 0xab, 0x30, 0x8f, 0xec, 0xba, 0xb2, 0xfd, 0x50, 0x67, 0x00,
    0x00, 0x00, 0x85, 0xf2, 0x00, 0xa7, 0x0f, 0xdd, 0xde, 0x80, 0x9e, 0xee, 0xc2, 0x0f, 0x10, 0x08,
    0x82, 0xe0, 0x00, 0x00, 0x0f, 0xdc, 0xce, 0x82, 0xe0, 0x02, 0xb5, 0x0f, 0x10, 0x08, 0x82, 0xe2,
    0x9d, 0x50, 0x0f, 0xdc, 0xce, 0x82, 0xfe, 0x71, 0x00, 0x0f, 0x10, 0x08, 0x82, 0xe1, 0x00, 0x67,
    0x0f, 0x10, 0x0a, 0x81, 0xf1, 0x00, 0xa8, 0x0f, 0x16, 0xed, 0x40, 0x9e, 0xee, 0xc2, 0x00, 0x59,
    0x00, 0x00, 0x68, 0x00, 0x00, 0x0d, 0xee, 0xf6, 0x00, 0x1c, 0x00, 0x00, 0x0d, 0x00, 0x88, 0xff,
    0xff, 0xff, 0xf6, 0x0d, 0x39, 0x86, 0x00, 0x00, 0x00, 0x00, 0x0d, 0x00, 0x86, 0x0c, 0xff, 0xf7,
    0x00, 0xaf, 0xee, 0xf6, 0x0d, 0x20, 0x87, 0x00, 0x0d, 0x00, 0x86, 0x0d, 0x20, 0x87, 0x00, 0x0e,
    0x58, 0x86, 0x0d, 0x10, 0x87, 0x00, 0x0e, 0x1c, 0x86, 0x0e, 0x10, 0x87, 0x49, 0x2c, 0x00, 0x86,
    0x1e, 0x00, 0x87, 0x5b, 0x69, 0x00, 0x96, 0x6a, 0x00, 0x78, 0x7a, 0x93, 0x3d, 0xc2, 0xc5, 0x00,
    0x4f, 0xf5, 0x00, 0x00, 0x02, 0xa0, 0x00, 0x01, 0x10, 0x00, 0x00, 0xe2, 0x00, 0x1f, 0x00, 0x00,
    0xaf, 0xff, 0xff, 0xff, 0xff, 0xff, 0xfa, 0x00, 0x00, 0xe2, 0x00, 0x1f, 0x00, 0x00, 0x0a, 0x20,
    0x00, 0x00, 0x00, 0x4b, 0x20, 0x05, 0xc5, 0xc2, 0x00, 0x6a, 0x06, 0xa0, 0x16, 0xdd, 0x30, 0x00,
    0x6a, 0x00, 0x00, 0x9a, 0x4d, 0x2a, 0xff, 0xff, 0xff, 0xf8, 0x00, 0x7f, 0x80, 0x00, 0x9e, 0x00,
    0x00, 0x19, 0xc5, 0xc0, 0x01, 0xd9, 0x60, 0x00, 0x98, 0x13, 0xd0, 0x0a, 0x61, 0xd2, 0x00, 0x01,
    0x17, 0xb2, 0xb8, 0x00, 0x4d, 0x50, 0x0c, 0xfd, 0x4c, 0x50, 0x00, 0x03, 0xc5, 0x00, 0x0a, 0x60,
    0xff, 0xff, 0xff, 0xf1, 0x00, 0x9c, 0x10, 0x00, 0x00, 0x00, 0x00, 0x1b, 0xb1, 0x00, 0x00, 0x00,
    0x00, 0x00, 0x78, 0x05, 0xa0, 0x00, 0x00, 0x00, 0x00, 0x00, 0x3e, 0x5c, 0xff, 0xff, 0xff, 0xfc,
    0x02, 0xd9, 0x00, 0x00, 0x00, 0xf3, 0x00, 0x5e, 0xe8, 0x00, 0x00, 0x00, 0xf3, 0x00, 0x75, 0x98,
    0x00, 0x00, 0x00, 0xf3, 0x00, 0x00, 0x98, 0x00, 0x00, 0x00, 0xf3, 0x00, 0x00, 0x98, 0x00, 0x00,
    0x00, 0xf3, 0x00, 0x00, 0x98, 0x00, 0x03, 0x25, 0xf2, 0x00, 0x00, 0x98, 0x00, 0x0e, 0xff, 0xa0,
    0x00, 0x00, 0x00, 0x00, 0x00, 0x00, 0x00, 0x00, 0x00, 0x00, 0x00, 0xb4, 0x00, 0x00, 0x00, 0x00,
    0x00, 0x00, 0x8b, 0x00, 0x00, 0x00, 0x9f, 0xff, 0xff, 0xff, 0xff, 0xff, 0xfa, 0x00, 0x00, 0x00,
    0x00, 0x00, 0x00, 0x00, 0x04, 0xff, 0xff, 0xff, 0xff, 0xff, 0x50, 0x00, 0x00, 0x00, 0x00, 0x00,
    0x00, 0x00, 0x04, 0xff, 0xff, 0xff, 0xff, 0xff, 0x50, 0x00, 0x00, 0x00, 0x00, 0x00, 0x00, 0x00,
    0x00, 0xff, 0xff, 0xff, 0xff, 0xff, 0x00, 0x00, 0xf1, 0x00, 0x00, 0x00, 0x1f, 0x00, 0x00, 0xf1,
    0x00, 0x00, 0x00, 0x1f, 0x00, 0x00, 0xff, 0xff, 0xff, 0xff, 0xff, 0x00, 0x00, 0xf1, 0x00, 0x00,
    0x00, 0x1f, 0x00, 0x1b, 0x30, 0x00, 0x00, 0x6b, 0x00, 0x00, 0x07, 0xe3, 0x00, 0x00, 0x6b, 0x00,
    0x00, 0x00, 0x96, 0x00, 0x00, 0x6b, 0x00, 0x00, 0x00, 0x00, 0x00, 0x00, 0x6b, 0x00, 0x00, 0xcf,
    0xf4, 0x6f, 0xff, 0xff, 0xff, 0xfb, 0x00, 0xd4, 0x00, 0x00, 0x6b, 0x00, 0x00, 0x00, 0xd4, 0x00,
    0x00, 0x6b, 0x00, 0x00, 0x00, 0xd4, 0x00, 0x00, 0x6b, 0x00, 0x00, 0x00, 0xd4, 0x00, 0x00, 0x6b,
    0x00, 0x00, 0x00, 0xd4, 0x4a, 0x00, 0x6b, 0x00, 0x00, 0x00, 0xec, 0xd6, 0x00, 0x6b, 0x00, 0x00,
    0x02, 0xc6, 0x00, 0x00, 0x6b, 0x00, 0x00, 0x04, 0xb1, 0x00, 0x00, 0xb6, 0x00, 0x00, 0x00, 0xbc,
    0x10, 0x00, 0xb6, 0x00, 0x00, 0x00, 0x1b, 0x30, 0x00, 0xb5, 0x00, 0x00, 0x00, 0x00, 0x00, 0x00,
    0xc6, 0x00, 0x00, 0xcf, 0xf1, 0x00, 0x00, 0xd9, 0x00, 0x00, 0x00, 0xf1, 0x00, 0x00, 0xfc, 0x00,
    0x00, 0x00, 0xf1, 0x00, 0x04, 0xcc, 0x20, 0x00, 0x00, 0xf1, 0x38, 0x0a, 0x77, 0x80, 0x00, 0x00,
    0xf7, 0xe5, 0x3d, 0x11, 0xd2, 0x00, 0x01, 0xfd, 0x21, 0xd5, 0x00, 0x7c, 0x00, 0x02, 0xb1, 0x1c,
    0x70, 0x00, 0x0b, 0xc2, 0x00, 0x00, 0xa6, 0x00, 0x00, 0x00, 0x97, 0x05, 0xc3, 0x00, 0xdf, 0xff,
    0xfa, 0x00, 0x00, 0x8b, 0x00, 0xd3, 0x00, 0x6a, 0x00, 0x00, 0x00, 0x02, 0xf1, 0x00, 0x6a, 0x00,
    0x00, 0x00, 0x2c, 0x90, 0x00, 0x5c, 0x00, 0xaf, 0xf1, 0x89, 0x00, 0x00, 0x2d, 0xfc, 0x00, 0xf1,
    0x00, 0x00, 0x00, 0x00, 0x00, 0x00, 0xf1, 0x2e, 0xfe, 0xee, 0xef, 0x50, 0x00, 0xf1, 0x02, 0xd2,
    0x00, 0x5d, 0x10, 0x00, 0xf3, 0xa0, 0x5c, 0x25, 0xd3, 0x00, 0x01, 0xfe, 0x80, 0x07, 0xee, 0x30,
    0x00, 0x02, 0xb3, 0x48, 0xdd, 0x7a, 0xd9, 0x52, 0x00, 0x04, 0xd9, 0x40, 0x00, 0x38, 0xd6, 0x1b,
    0x10, 0x00, 0x00, 0x0d, 0x4c, 0x40, 0x0a, 0xb0, 0x00, 0x00, 0x0d, 0x34, 0xb0, 0x01, 0xd7, 0x00,
    0x00, 0x0d, 0x30, 0x00, 0x00, 0x41, 0xcf, 0xff, 0xff, 0xff, 0xf9, 0xcf, 0xc0, 0x00, 0x00, 0x0c,
    0x40, 0x00, 0x03, 0xc0, 0x00, 0x00, 0x0a, 0x50, 0x00, 0x03, 0xc0, 0xdf, 0xff, 0xd9, 0x70, 0x00,
    0x03, 0xc0, 0x00, 0xe2, 0x07, 0x90, 0x00, 0x03, 0xc2, 0x60, 0xe2, 0x04, 0xc0, 0x49, 0x03, 0xdd,
    0x60, 0xe2, 0x01, 0xe2, 0x5a, 0x06, 0xf7, 0x25, 0xea, 0xd5, 0x9b, 0x98, 0x05, 0x70, 0xdb, 0x86,
    0x30, 0x1a, 0xe3, 0x1b, 0x30, 0x01, 0x34, 0x67, 0xac, 0xd0, 0x07, 0xe3, 0x5e, 0xdb, 0xdb, 0x64,
    0x10, 0x00, 0x96, 0x00, 0x00, 0x97, 0x00, 0x00, 0x00, 0x00, 0x00, 0x00, 0x97, 0x00, 0x00, 0xcf,
    0xf0, 0xff, 0xff, 0xff, 0xff, 0xfb, 0x01, 0xf0, 0x00, 0x00, 0x97, 0x00, 0x00, 0x01, 0xf0, 0x00,
    0x00, 0x97, 0x00, 0x00, 0x01, 0xf0, 0x0a, 0xff, 0xff, 0xff, 0x80, 0x01, 0xf0, 0x0a, 0x60, 0x00,
    0x08, 0x80, 0x01, 0xf6, 0xaa, 0x60, 0x00, 0x08, 0x80, 0x02, 0xfe, 0x6a, 0xff, 0xff, 0xff, 0x80,
    0x04, 0xb2, 0x0a, 0x60, 0x00, 0x08, 0x80, 0x1b, 0x30, 0xae, 0xef, 0xee, 0xee, 0xe3, 0x07, 0xe3,
    0x00, 0x3d, 0x00, 0x00, 0x00, 0x00, 0x96, 0x5e, 0xef, 0xee, 0xef, 0x10, 0x00, 0x00, 0x00, 0x88,
    0x00, 0x0f, 0x10, 0xcf, 0xc0, 0x00, 0xa6, 0x00, 0x0f, 0x10, 0x04, 0xc0, 0xee, 0xee, 0xee, 0xee,
    0xeb, 0x04, 0xc0, 0x00, 0x00, 0x00, 0x00, 0x00, 0x04, 0xc0, 0x0c, 0xee, 0xee, 0xef, 0x80, 0x04,
    0xc0, 0x0c, 0x30, 0x00, 0x08, 0x80, 0x04, 0xc4, 0x7c, 0x30, 0x00, 0x08, 0x80, 0x05, 0xfd, 0x4c,
    0xee, 0xee, 0xef, 0x80, 0x07, 0x91, 0x0c, 0x30, 0x00, 0x08, 0x80, 0x0a, 0x40, 0x00, 0x00, 0xb5,
    0x00, 0x00, 0x05, 0xe3, 0x9d, 0xdd, 0xfe, 0xdd, 0xd7, 0x00, 0x86, 0x00, 0x00, 0xb5, 0x00, 0x00,
    0x00, 0x00, 0x3d, 0xdd, 0xfe, 0xdd, 0xd2, 0xbf, 0xf0, 0x00, 0x00, 0xb5, 0x00, 0x00, 0x01, 0xf2,
    0xdf, 0xff, 0xff, 0xff, 0xfa, 0x01, 0xf0, 0x0f, 0x10, 0x00, 0x07, 0xa0, 0x01, 0xf0, 0x0f, 0xdd,
    0xdd, 0xde, 0xa0, 0x01, 0xf0, 0x0f, 0x10, 0x00, 0x07, 0xa0, 0x01, 0xf4, 0x7f, 0xdd, 0xdd, 0xde,
    0xa0, 0x02, 0xfd, 0x3f, 0x10, 0x00, 0x08, 0x90, 0x04, 0xa1, 0x0f, 0x10, 0x1f, 0xfe, 0x40, 0x00,
    0x00, 0x00, 0x00, 0x00, 0x00, 0x00, 0x2f, 0xff, 0xff, 0x20, 0xd1, 0x00, 0x00, 0x2d, 0x00, 0x0d,
    0x25, 0xb0, 0x00, 0x00, 0x2d, 0x0f, 0x0d, 0x2c, 0xff, 0xff, 0xf9, 0x2d, 0x0f, 0x0d, 0x8f, 0x70,
    0x0d, 0x30, 0x2d, 0x0f, 0x0d, 0xa8, 0x90, 0x0e, 0x20, 0x2d, 0x0e, 0x0d, 0x23, 0xc0, 0x2e, 0x00,
    0x2d, 0x0e, 0x0d, 0x20, 0xe1, 0x6a, 0x00, 0x2d, 0x2c, 0x0d, 0x20, 0xa7, 0xc5, 0x00, 0x00, 0x6d,
    0xb1, 0x00, 0x3f, 0xb0, 0x00, 0x00, 0xc3, 0x4b, 0x10, 0x6e, 0xc2, 0x00, 0x0a, 0x90, 0x00, 0x2b,
    0xc2, 0x7e, 0x61, 0x79, 0x00, 0x02, 0xc5, 0x00, 0x03, 0xb7, 0x1b, 0x50, 0x02, 0xc0, 0x00, 0x00,
    0x00, 0x01, 0xa5, 0x08, 0xee, 0xee, 0xee, 0xf2, 0x00, 0x00, 0x3d, 0x00, 0xc6, 0x05, 0xd0, 0x00,
    0x2b, 0x64, 0x06, 0xdd, 0x28, 0x60, 0x07, 0xd4, 0x02, 0xac, 0x24, 0xd7, 0x10, 0x6a, 0x10, 0x9b,
    0x50, 0x00, 0x17, 0xc5, 0x00, 0xbf, 0xee, 0xee, 0xee, 0xfb, 0x00, 0x00, 0xb5, 0x00, 0x00, 0x00,
    0x5b, 0x00, 0x00, 0xb5, 0x00, 0x97, 0x00, 0x5b, 0x00, 0x00, 0xb5, 0x00, 0xc8, 0x00, 0x5b, 0x00,
    0x01, 0x35, 0x8d, 0xdb, 0xeb, 0x73, 0x00, 0x3f, 0xec, 0x95, 0x10, 0x03, 0x7b, 0xc1, 0x00, 0x00,
    0x00, 0x00, 0x00, 0x00, 0x00, 0x0d, 0xcc, 0xe5, 0x7f, 0xff, 0xff, 0xf9, 0x0d, 0x10, 0x85, 0x79,
    0x00, 0x00, 0x00, 0x0d, 0x10, 0x85, 0x79, 0x00, 0x00, 0x00, 0x0d, 0xcf, 0xc4, 0x79, 0x00, 0x00,
    0x00, 0x0a, 0x1d, 0x10, 0x7f, 0xee, 0xee, 0xe0, 0x02, 0x0d, 0x10, 0x79, 0x00, 0x01, 0xe0, 0x1c,
    0x0d, 0xd8, 0x79, 0x00, 0x01, 0xe0, 0x1c, 0x0d, 0x10, 0x7f, 0xee, 0xee, 0xe0, 0x1c, 0x0d, 0x10,
    0x79, 0x00, 0x00, 0x00, 0x1c, 0x0d, 0x10, 0x79, 0x00, 0x00, 0x00, 0x2d, 0x6e, 0xcb, 0x79, 0x00,
    0x00, 0x00, 0xac, 0x96, 0x31, 0x7f, 0xff, 0xff, 0xfc, 0x0f, 0xee, 0xf8, 0x03, 0xb0, 0x00, 0x00,
    0x0f, 0x00, 0x78, 0x0c, 0xee, 0xee, 0xd0, 0x0f, 0x00, 0x78, 0x8f, 0x40, 0x0b, 0x70, 0x0f, 0xef,
    0xe9, 0xb4, 0xd3, 0xa9, 0x00, 0x0e, 0x0e, 0x10, 0x00, 0x6f, 0xc0, 0x00, 0x01, 0x0e, 0x10, 0x28,
    0xd7, 0xbd, 0x83, 0x0e, 0x0e, 0xe9, 0xc6, 0x10, 0x04, 0xa8, 0x0e, 0x0e, 0x10, 0x5f, 0xee, 0xef,
    0x90, 0x0e, 0x0e, 0x10, 0x5a, 0x00, 0x07, 0x90, 0x0e, 0x0e, 0x12, 0x5a, 0x00, 0x07, 0x90, 0x1e,
    0x8e, 0xea, 0x5f, 0xee, 0xef, 0x90, 0x9b, 0x84, 0x10, 0x5a, 0x00, 0x07, 0x90, 0x00, 0x05, 0xa0,
    0x00, 0xd3, 0x99, 0x20, 0x2d, 0xde, 0xed, 0xd5, 0xc3, 0x08, 0xa0, 0x00, 0x05, 0xa0, 0x00, 0xb4,
    0x00, 0x00, 0xae, 0xee, 0xee, 0xee, 0xfe, 0xee, 0xeb, 0x00, 0x1c, 0x10, 0x00, 0x96, 0x00, 0x00,
    0x5d, 0xfd, 0xdd, 0xd9, 0x87, 0x07, 0x70, 0x07, 0xa0, 0xe1, 0x00, 0x6a, 0x1e, 0x20, 0x0c, 0xdd,
    0xfd, 0xd8, 0x3d, 0xb8, 0x00, 0x00, 0x00, 0xe1, 0x00, 0x0e, 0xc0, 0x39, 0x02, 0x46, 0xea, 0xc9,
    0x7f, 0xa0, 0x6a, 0x6d, 0xa8, 0xe3, 0x19, 0xd3, 0xd8, 0xa7, 0x00, 0x00, 0xe1, 0x5b, 0x10, 0x3c,
    0xd2, 0x0b, 0x30, 0x00, 0x13, 0x57, 0x9c, 0xd0, 0x05, 0xe2, 0x04, 0xfd, 0xb9, 0x74, 0x20, 0x00,
    0x86, 0x04, 0xb0, 0x00, 0x00, 0x00, 0x00, 0x00, 0x04, 0xb0, 0x00, 0x00, 0x00, 0xaf, 0xf0, 0x05,
    0xff, 0xff, 0xff, 0xfa, 0x01, 0xf0, 0x06, 0xb0, 0x03, 0xe0, 0x00, 0x01, 0xf0, 0x08, 0x90, 0x02,
    0xe0, 0x00, 0x01, 0xf0, 0x0d, 0x50, 0x02, 0xe0, 0x00, 0x01, 0xf0, 0x6d, 0x00, 0x02, 0xe0, 0x00,
    0x04, 0xf1, 0xa4, 0x00, 0x02, 0xe0, 0x00, 0x5e, 0x8c, 0x41, 0x00, 0x00, 0x00, 0x11, 0x64, 0x04,
    0xbe, 0xef, 0xff, 0xff, 0xf8, 0x0a, 0x50, 0x00, 0x13, 0x45, 0x8b, 0xe2, 0x04, 0xe3, 0x0d, 0xed,
    0xba, 0x85, 0x30, 0x00, 0x86, 0x0d, 0x30, 0x00, 0x00, 0x00, 0x00, 0x00, 0x0d, 0x30, 0x00, 0x00,
    0x00, 0x00, 0x00, 0x0d, 0xee, 0xee, 0xef, 0xc0, 0xbf, 0xf0, 0x0e, 0x6b, 0x20, 0x0b, 0x60, 0x01,
    0xf0, 0x2f, 0x17, 0xe7, 0xb9, 0x00, 0x01, 0xf0, 0x7b, 0x00, 0x5f, 0xe3, 0x00, 0x01, 0xf1, 0xe5,
    0x5b, 0xd5, 0x8f, 0x70, 0x03, 0xf3, 0x96, 0xc6, 0x00, 0x04, 0xc1, 0x6d, 0x8a, 0x30, 0x00, 0x00,
    0x00, 0x01, 0x73, 0x05, 0xce, 0xef, 0xff, 0xff, 0xf9, 0x00, 0x00, 0x00, 0x00, 0x00, 0x00, 0x00,
    0x0a, 0x20, 0x00, 0x0d, 0x20, 0x00, 0x00, 0x08, 0xa0, 0x00, 0x4d, 0x00, 0x00, 0x00, 0x01, 0xe4,
    0xbe, 0xff, 0xee, 0xee, 0xe4, 0x00, 0x85, 0x02, 0xe1, 0x00, 0x00, 0x00, 0x00, 0x00, 0x09, 0x90,
    0x5b, 0x00, 0x00, 0xaf, 0xe0, 0x2e, 0x20, 0x5b, 0x00, 0x00, 0x02, 0xe0, 0x5e, 0xee, 0xff, 0xee,
    0xe3, 0x02, 0xe0, 0x00, 0x00, 0x5b, 0x00, 0x00, 0x02, 0xe0, 0xee, 0xee, 0xff, 0xee, 0xe9, 0x02,
    0xe0, 0x00, 0x00, 0x5b, 0x00, 0x00, 0x5d, 0x8b, 0x41, 0x00, 0x5b, 0x01, 0x11, 0x74, 0x05, 0xbe,
    0xef, 0xff, 0xff, 0xe8, 0x00, 0x00, 0x00, 0x00, 0x00, 0x00, 0x00, 0x1d, 0x40, 0x04, 0xb1, 0x00,
    0x5b, 0x00, 0x05, 0xe3, 0x00, 0x97, 0x05, 0xd3, 0x00, 0x00, 0x63, 0x8e, 0xee, 0xfe, 0xee, 0xe3,
    0x00, 0x00, 0x00, 0x00, 0xe2, 0x00, 0x00, 0xaf, 0xe0, 0x00, 0x00, 0xe2, 0x00, 0x00, 0x02, 0xe1,
    0xee, 0xee, 0xfe, 0xee, 0xe8, 0x02, 0xe0, 0x00, 0x04, 0xf2, 0x00, 0x00, 0x02, 0xe0, 0x00, 0x0c,
    0xce, 0x60, 0x00, 0x02, 0xe0, 0x03, 0xca, 0x02, 0xbb, 0x20, 0x03, 0xe0, 0x6c, 0x50, 0x00, 0x06,
    0xb0, 0x3d, 0xbb, 0x41, 0x00, 0x00, 0x00, 0x00, 0x84, 0x06, 0xce, 0xff, 0xff, 0xff, 0xf9, 0x00,
    0x00, 0x00, 0x00, 0x00, 0x00, 0x00, 0x0a, 0x50, 0x05, 0xb0, 0x97, 0x00, 0x00, 0x04, 0xe3, 0x0a,
    0x80, 0x97, 0x00, 0x00, 0x00, 0x86, 0x3f, 0xee, 0xff, 0xee, 0xe0, 0x00, 0x00, 0x79, 0x00, 0x97,
    0x00, 0x00, 0xbf, 0xf0, 0x00, 0x00, 0x97, 0x00, 0x00, 0x01, 0xf2, 0xee, 0xff, 0xef, 0xfe, 0xe9,
    0x01, 0xf0, 0x00, 0x88, 0x09, 0x70, 0x00, 0x01, 0xf0, 0x00, 0xc5, 0x09, 0x70, 0x76, 0x01, 0xf0,
    0x2a, 0xc0, 0x09, 0x70, 0xa7, 0x05, 0xf1, 0xa9, 0x10, 0x05, 0xee, 0xd2, 0x6d, 0x7c, 0x52, 0x11,
    0x11, 0x11, 0x21, 0x73, 0x05, 0xbe, 0xff, 0xff, 0xff, 0xe8, 0x0a, 0x50, 0x7d, 0xdd, 0xdd, 0xef,
    0xa0, 0x04, 0xe3, 0x00, 0xa4, 0x05, 0xd9, 0x10, 0x00, 0x86, 0x00, 0x2b, 0xec, 0x20, 0x00, 0x00,
    0x00, 0x4e, 0xdd, 0xfe, 0xdd, 0xc0, 0xbf, 0xf0, 0x4a, 0x00, 0xb3, 0x03, 0xc0, 0x01, 0xf0, 0x4e,
    0xdd, 0xfe, 0xdd, 0xc0, 0x01, 0xf0, 0x4a, 0x00, 0xb3, 0x03, 0xc0, 0x01, 0xf0, 0x4e, 0xdd, 0xfe,
    0xdd, 0xc0, 0x01, 0xf0, 0x4a, 0x00, 0xb4, 0x14, 0xc0, 0x05, 0xf1, 0x4a, 0x00, 0xb7, 0xff, 0x70,
    0x6e, 0x9c, 0x41, 0x10, 0x00, 0x01, 0x11, 0x74, 0x06, 0xce, 0xef, 0xff, 0xff, 0xf8, 0x1b, 0x10,
    0x01, 0xb3, 0x01, 0xb4, 0x00, 0x09, 0xb0, 0xde, 0xee, 0xfe, 0xee, 0xe9, 0x01, 0xb2, 0x00, 0x03,
    0xd0, 0x00, 0x00, 0x00, 0x00, 0x2f, 0xcc, 0xcc, 0xcd, 0xa0, 0xaf, 0xe0, 0x2d, 0x00, 0x00, 0x06,
    0xa0, 0x01, 0xe0, 0x2f, 0xcc, 0xcc, 0xcd, 0xa0, 0x01, 0xe0, 0x2d, 0x00, 0x00, 0x06, 0xa0, 0x01,
    0xe0, 0x2f, 0xcc, 0xcc, 0xcd, 0xa0, 0x01, 0xe0, 0x2d, 0x00, 0x00, 0x06, 0xa0, 0x02, 0xe0, 0x02,
    0xcc, 0xcc, 0xc8, 0x00, 0x3d, 0xac, 0x41, 0x00, 0x00, 0x01, 0x11, 0x84, 0x05, 0xbe, 0xef, 0xff,
    0xff, 0xe8, 0x00, 0x06, 0xf5, 0x00, 0x8f, 0xff, 0xf6, 0x00, 0x2e, 0x8e, 0x50, 0x88, 0x01, 0xe2,
    0x01, 0xc7, 0x04, 0xe5, 0x88, 0x07, 0xb0, 0x1b, 0x96, 0x90, 0x4b, 0x88, 0x0d, 0x40, 0x78, 0x01,
    0xc3, 0x00, 0x88, 0x4e, 0x10, 0x00, 0x00, 0x00, 0x00, 0x88, 0x08, 0xb0, 0x0e, 0xff, 0xff, 0xf4,
    0x88, 0x00, 0xc5, 0x00, 0x00, 0x05, 0xd1, 0x88, 0x00, 0x89, 0x01, 0xc2, 0x2e, 0x30, 0x88, 0x01,
    0xb8, 0x00, 0x7e, 0xc7, 0x00, 0x8a, 0xff, 0xd2, 0x00, 0x08, 0xf2, 0x00, 0x88, 0x12, 0x00, 0x00,
    0x00, 0x96, 0x00, 0x88, 0x00, 0x00, 0x00, 0x06, 0x90, 0x00, 0x7f, 0xff, 0xf7, 0x6e, 0xee, 0xee,
    0xec, 0x79, 0x00, 0xd4, 0x03, 0xa0, 0x05, 0x90, 0x79, 0x06, 0xb0, 0x00, 0xa4, 0x1d, 0x30, 0x79,
    0x1d, 0x20, 0xae, 0xee, 0xee, 0xee, 0x89, 0x3e, 0x50, 0x00, 0x00, 0x00, 0x00, 0x79, 0x03, 0xe3,
    0x00, 0x00, 0x00, 0x00, 0x79, 0x00, 0x89, 0x0b, 0xee, 0xee, 0xf3, 0x79, 0x00, 0x5b, 0x0b, 0x40,
    0x00, 0xd3, 0x79, 0x43, 0xa9, 0x0b, 0x40, 0x00, 0xd3, 0x79, 0xde, 0xb2, 0x0b, 0xee, 0xee, 0xf3,
    0x79, 0x00, 0x00, 0x0b, 0x40, 0x00, 0xd3, 0x79, 0x00, 0x00, 0x8e, 0xee, 0xee, 0xe9, 0xce, 0xee,
    0xf0, 0x00, 0x49, 0x76, 0x00, 0x00, 0x00, 0xf0, 0x00, 0x49, 0x76, 0x00, 0x00, 0x00, 0xf0, 0x2f,
    0xee, 0xee, 0xe6, 0x00, 0x00, 0xf0, 0x2c, 0x59, 0x76, 0x86, 0x9f, 0xee, 0xf0, 0x2c, 0x96, 0x77,
    0x86, 0x95, 0x00, 0xe0, 0x2d, 0xe1, 0x3c, 0xe6, 0x95, 0x00, 0x00, 0x2c, 0x10, 0x00, 0x86, 0x95,
    0x00, 0x00, 0x2f, 0xdd, 0xdd, 0xe6, 0x95, 0x00, 0x48, 0x2c, 0x00, 0x00, 0x86, 0x95, 0x00, 0x6a,
    0x2f, 0xdd, 0xdd, 0xe6, 0x88, 0x00, 0xa7, 0x2c, 0x00, 0x00, 0x86, 0x3d, 0xff, 0xc2, 0x8e, 0xfe,
    0xfe, 0x7c, 0xdc, 0xcc, 0xe3, 0x00, 0xa4, 0x90, 0x0c, 0x20, 0x00, 0xb3, 0x00, 0xa4, 0x90, 0x0c,
    0xcc, 0xcc, 0xe3, 0x4e, 0xee, 0xee, 0x4c, 0x20, 0x00, 0xb3, 0x49, 0xa3, 0x99, 0x4a, 0xcc, 0xcc,
    0xe3, 0x49, 0xc2, 0xa9, 0x40, 0x00, 0x00, 0xb3, 0x4d, 0x71, 0xbe, 0x4c, 0x36, 0x90, 0x00, 0x49,
    0x00, 0x09, 0x9e, 0xde, 0xed, 0xd4, 0x4e, 0xdd, 0xde, 0x40, 0x06, 0x90, 0x00, 0x49, 0x00, 0x09,
    0x4b, 0xde, 0xed, 0xd3, 0x49, 0x00, 0x09, 0x40, 0x06, 0x90, 0x00, 0x05, 0xdd, 0xd5, 0x6d, 0xdd,
    0xdd, 0xda, 0x00, 0x00, 0x01, 0xde, 0x10, 0x00, 0x00, 0x00, 0x00, 0x3d, 0x98, 0xc2, 0x00, 0x00,
    0x00, 0x07, 0xe6, 0x00, 0x5e, 0x60, 0x00, 0x16, 0xda, 0x20, 0x00, 0x02, 0xad, 0x61, 0x8a, 0x5f,
    0xff, 0xff, 0xff, 0xf5, 0xb8, 0x00, 0x00, 0x00, 0x88, 0x00, 0x00, 0x00, 0x00, 0x00, 0x00, 0x88,
    0x00, 0x00, 0x00, 0x07, 0xff, 0xff, 0xff, 0xff, 0xff, 0x60, 0x00, 0x00, 0x00, 0x88, 0x00, 0x00,
    0x00, 0x00, 0x7a, 0x10, 0x88, 0x01, 0xb6, 0x00, 0x00, 0x19, 0x80, 0x88, 0x0a, 0x80, 0x00, 0x5f,
    0xff, 0xff, 0xff, 0xff, 0xff, 0xf6, 0x00, 0x00, 0x00, 0x00, 0x00, 0x00, 0x00, 0x00, 0xc2, 0x00,
    0x00, 0x1f, 0x00, 0x00, 0x05, 0xc0, 0x00, 0x00, 0x1f, 0x00, 0x00, 0x0c, 0xee, 0xe3, 0x00, 0x1f,
    0x00, 0x00, 0x69, 0x00, 0x03, 0xfe, 0xef, 0xee, 0xf2, 0x9c, 0xfe, 0xd3, 0xd0, 0x1f, 0x00, 0xd2,
    0x00, 0xc3, 0x03, 0xd0, 0x1f, 0x00, 0xd2, 0x00, 0xc3, 0x03, 0xd0, 0x1f, 0x00, 0xd2, 0xae, 0xfe,
    0xe6, 0xfe, 0xef, 0xee, 0xf2, 0x00, 0xc3, 0x03, 0xd0, 0x1f, 0x00, 0xd2, 0x00, 0xc3, 0x00, 0x00,
    0x1f, 0x00, 0x00, 0x00, 0xd5, 0xb1, 0x00, 0x1f, 0x00, 0x00, 0x01, 0xd9, 0x50, 0x00, 0x1f, 0x00,
    0x00, 0x02, 0xc0, 0x0a, 0x30, 0x06, 0x90, 0x00, 0x06, 0x90, 0x07, 0xa0, 0x09, 0x70, 0x00, 0x0a,
    0xee, 0xb2, 0xc6, 0xef, 0xee, 0xe7, 0x1c, 0x00, 0x00, 0x00, 0x5b, 0x00, 0x00, 0x7f, 0xfe, 0x50,
    0x00, 0xd2, 0x96, 0x00, 0x71, 0xf0, 0x4f, 0xc3, 0xee, 0xff, 0xe4, 0x00, 0xf0, 0x03, 0xc0, 0x00,
    0x96, 0x00, 0xbe, 0xfe, 0xa3, 0xc9, 0xee, 0xff, 0xe9, 0x00, 0xf0, 0x03, 0xc0, 0x00, 0x96, 0x00,
    0x00, 0xf3, 0x83, 0xc0, 0x00, 0x96, 0x00, 0x00, 0xfe, 0x5c, 0xd9, 0x20, 0x00, 0x00, 0x03, 0xd3,
    0x67, 0x18, 0xdf, 0xff, 0xf9, 0x00, 0x10, 0x00, 0x00, 0x00, 0x00, 0x00, 0x05, 0x80, 0x00, 0x00,
    0x08, 0x50, 0x00, 0x0a, 0x50, 0x7d, 0xf6, 0xce, 0xdc, 0xb0, 0x1e, 0xee, 0x25, 0xa0, 0x08, 0x52,
    0xb0, 0x77, 0x00, 0x0d, 0x3c, 0xce, 0xdc, 0xe8, 0x9e, 0xfd, 0x79, 0x00, 0x08, 0x52, 0xb0, 0x04,
    0xa0, 0x9d, 0xe5, 0xce, 0xdc, 0x90, 0xae, 0xfe, 0x40, 0xd0, 0x08, 0x50, 0x00, 0x04, 0xa0, 0xb4,
    0xb8, 0xce, 0xdc, 0x90, 0x04, 0xa0, 0x7d, 0x70, 0x08, 0x50, 0x00, 0x04, 0xa8, 0x2f, 0x5b, 0xce,
    0xdc, 0xb0, 0x05, 0xec, 0xc9, 0xd7, 0x29, 0x50, 0x00, 0x07, 0x90, 0x00, 0x28, 0xce, 0xee, 0xe9,
    0x00, 0x00, 0x00, 0x00, 0x00, 0x00, 0x00, 0x02, 0xc5, 0x0c, 0xff, 0xff, 0xff, 0xf2, 0x00, 0x4c,
    0x30, 0x00, 0x00, 0x00, 0xe2, 0x1f, 0x00, 0x00, 0x03, 0xc0, 0x00, 0xe2, 0x1f, 0x00, 0x00, 0x03,
    0xc0, 0x00, 0xe2, 0x1f, 0x0e, 0xff, 0xff, 0xff, 0xf3, 0xe2, 0x1f, 0x00, 0x00, 0x1d, 0xc0, 0x00,
    0xe2, 0x1f, 0x00, 0x01, 0xb7, 0xc0, 0x00, 0xe2, 0x1f, 0x00, 0x1c, 0x53, 0xc0, 0x00, 0xe2, 0x1f,
    0x03, 0xc4, 0x03, 0xc0, 0x00, 0xe2, 0x1f, 0x2c, 0x20, 0x06, 0xc0, 0x00, 0xe2, 0x1f, 0x00, 0x09,
    0xff, 0x70, 0x01, 0xe2, 0x1f, 0x00, 0x00, 0x00, 0x0e, 0xef, 0xb0, 0x00, 0x00, 0x00, 0x00, 0x02,
    0x22, 0x00, 0x02, 0xc5, 0x0c, 0xff, 0xff, 0xff, 0xf2, 0x00, 0x5c, 0x10, 0x00, 0x00, 0x00, 0xe2,
    0x1f, 0x00, 0x00, 0x00, 0x00, 0x00, 0xe2, 0x1f, 0x00, 0xef, 0xff, 0xfd, 0x00, 0xe2, 0x1f, 0x00,
    0xe1, 0x00, 0x2d, 0x00, 0xe2, 0x1f, 0x00, 0xef, 0xff, 0xfd, 0x00, 0xe2, 0x1f, 0x00, 0xe1, 0x00,
    0x2d, 0x00, 0xe2, 0x1f, 0x00, 0xe1, 0x00, 0x2d, 0x00, 0xe2, 0x1f, 0x00, 0xef, 0xff, 0xfd, 0x00,
    0xe2, 0x1f, 0x00, 0xe1, 0x00, 0x00, 0x00, 0xe2, 0x1f, 0x00, 0x00, 0x00, 0x00, 0x01, 0xe2, 0x1f,
    0x00, 0x00, 0x00, 0x0e, 0xef, 0xb0, 0x00, 0x00, 0x00, 0x00, 0x02, 0x22, 0x00, 0x02, 0xc3, 0x0b,
    0xee, 0xee, 0xee, 0xf2, 0x00, 0x5b, 0x00, 0x24, 0x58, 0xa1, 0xd2, 0x1e, 0x0b, 0x4a, 0xdc, 0xd9,
    0x71, 0xd2, 0x1e, 0x03, 0xb0, 0x04, 0xb0, 0x00, 0xd2, 0x1e, 0x96, 0x00, 0x04, 0xb0, 0x00, 0xd2,
    0x1e, 0x2c, 0x3d, 0xde, 0xed, 0xd7, 0xd2, 0x1e, 0x00, 0x00, 0x04, 0xb0, 0x00, 0xd2, 0x1e, 0x07,
    0x67, 0xed, 0xdd, 0xc0, 0xd2, 0x1e, 0x0d, 0x37, 0x70, 0x02, 0xc0, 0xd2, 0x1e, 0x4c, 0x07, 0x70,
    0x02, 0xc0, 0xd2, 0x1e, 0x77, 0x07, 0xed, 0xdd, 0xa1, 0xf1, 0x1e, 0x00, 0x00, 0x00, 0x01, 0xfe,
    0x90, 0x00, 0x00, 0x00, 0x00, 0x00, 0x00, 0x00, 0x1f, 0xee, 0xf6, 0x00, 0xc4, 0x00, 0x00, 0x1f,
    0x00, 0xe3, 0x00, 0xc4, 0x00, 0x00, 0x1f, 0x05, 0xd0, 0x00, 0xd4, 0x00, 0x00, 0x1f, 0x0a, 0x70,
    0x00, 0xd5, 0x00, 0x00, 0x1f, 0x0e, 0x30, 0x00, 0xe8, 0x00, 0x00, 0x1f, 0x09, 0xa0, 0x02, 0xfb,
    0x00, 0x00, 0x1f, 0x01, 0xf2, 0x06, 0xad, 0x10, 0x00, 0x1f, 0x00, 0xb6, 0x0c, 0x58, 0x70, 0x00,
    0x1f, 0x00, 0xc6, 0x5c, 0x02, 0xd2, 0x00, 0x1f, 0x9f, 0xd4, 0xe3, 0x00, 0x8c, 0x00, 0x1f, 0x01,
    0x3d, 0x50, 0x00, 0x0b, 0xc2, 0x1f, 0x01, 0xb4, 0x00, 0x00, 0x00, 0xa7, 0x2f, 0xee, 0xd0, 0x5b,
    0x00, 0x0e, 0x20, 0x2e, 0x06, 0xa0, 0xc7, 0x00, 0x0e, 0x20, 0x2e, 0x0a, 0x64, 0xf8, 0xff, 0xff,
    0xfd, 0x2e, 0x1e, 0x2d, 0xf2, 0x00, 0x0e, 0x20, 0x2e, 0x5c, 0x69, 0xe2, 0xc0, 0x0e, 0x20, 0x2e,
    0x1d, 0x41, 0xe1, 0xc5, 0x0e, 0x20, 0x2e, 0x07, 0xa0, 0xe1, 0x6b, 0x0e, 0x20, 0x2e, 0x03, 0xd0,
    0xe1, 0x1c, 0x1e, 0x20, 0x2e, 0x05, 0xd0, 0xe1, 0x00, 0x0e, 0x20, 0x2e, 0xee, 0x60, 0xe1, 0x00,
    0x0e, 0x20, 0x2e, 0x00, 0x00, 0xe1, 0x00, 0x2f, 0x10, 0x2e, 0x00, 0x00, 0xe1, 0x9f, 0xfa, 0x00,
    0x00, 0x00, 0x00, 0x00, 0x01, 0x10, 0x00, 0x2f, 0xff, 0x8c, 0x00, 0x0b, 0x20, 0x00, 0x2c, 0x0b,
    0x4c, 0x4c, 0xee, 0xee, 0xe7, 0x2c, 0x1e, 0x07, 0x60, 0xa4, 0x00, 0x00, 0x2c, 0x6a, 0x00, 0x04,
    0xfd, 0xde, 0xa0, 0x2c, 0x79, 0xbf, 0x6d, 0xf0, 0x04, 0xa0, 0x2c, 0x0c, 0x3a, 0x76, 0xed, 0xdd,
    0xa0, 0x2c, 0x06, 0x8a, 0x40, 0xe0, 0x04, 0xa0, 0x2c, 0x08, 0x8a, 0x40, 0xed, 0xdd, 0xa0, 0x2d,
    0xfe, 0x3a, 0x40, 0xe0, 0x05, 0xa0, 0x2c, 0x10, 0x0c, 0x50, 0xe2, 0xfe, 0x50, 0x2c, 0x00, 0x9b,
    0xd4, 0x00, 0x00, 0x00, 0x2c, 0x02, 0xb0, 0x4c, 0xff, 0xff, 0xf7, 0x00, 0x00, 0x00, 0x00, 0x00,
    0x11, 0x10, 0x00, 0x00, 0x00, 0x88, 0x00, 0x00, 0x00, 0x0f, 0xff, 0xff, 0xff, 0xff, 0xff, 0xf0,
    0x00, 0x04, 0x90, 0x00, 0x09, 0x50, 0x00, 0x00, 0x01, 0xe3, 0x00, 0x4e, 0x20, 0x00, 0xbf, 0xff,
    0xff, 0xff, 0xff, 0xff, 0xfa, 0x00, 0x00, 0x00, 0x00, 0x00, 0x00, 0x00, 0x00, 0xff, 0xff, 0xff,
    0xff, 0xfe, 0x00, 0x00, 0xf0, 0x00, 0x00, 0x00, 0x2e, 0x00, 0x00, 0xfe, 0xee, 0xee, 0xee, 0xee,
    0x00, 0x00, 0xf0, 0x00, 0x00, 0x00, 0x2e, 0x00, 0x00, 0xff, 0xff, 0xff, 0xff, 0xfe, 0x00, 0x00,
    0xf0, 0x00, 0x00, 0x00, 0x2e, 0x00, 0x8f, 0xff, 0xff, 0xff, 0xff, 0xff, 0xf9, 0x00, 0x00, 0x00,
    0xc6, 0x00, 0x00, 0x00, 0x00, 0x00, 0x00, 0xf2, 0x00, 0x00, 0x00, 0x00, 0xff, 0xff, 0xff, 0xff,
    0xff, 0x20, 0x00, 0xf2, 0x00, 0x00, 0x00, 0x0f, 0x20, 0x00, 0xf2, 0x00, 0x79, 0x00, 0x0f, 0x20,
    0x00, 0xf2, 0x00, 0x89, 0x00, 0x0f, 0x20, 0x00, 0xf2, 0x00, 0xa8, 0x00, 0x0f, 0x20, 0x00, 0xf2,
    0x01, 0xe9, 0x10, 0x0f, 0x20, 0x00, 0x00, 0x2c, 0xb9, 0xea, 0x30, 0x00, 0x02, 0x6a, 0xe8, 0x00,
    0x17, 0xdb, 0x40, 0x6d, 0xa6, 0x10, 0x00, 0x00, 0x05, 0xc4, 0x00, 0x04, 0xa0, 0x00, 0x0b, 0x40,
    0x00, 0x00, 0x00, 0xc6, 0x00, 0x6c, 0x10, 0x00, 0x9e, 0xee, 0xee, 0xff, 0xee, 0xee, 0xea, 0x00,
    0x00, 0x00, 0xe2, 0x00, 0x00, 0x00, 0x00, 0xfe, 0xee, 0xee, 0xee, 0xef, 0x20, 0x00, 0xf0, 0x00,
    0x00, 0x00, 0x0e, 0x20, 0x00, 0xfe, 0xee, 0xee, 0xee, 0xef, 0x20, 0x00, 0xf0, 0x00, 0x00, 0x00,
    0x0e, 0x20, 0x00, 0xfe, 0xee, 0xee, 0xee, 0xef, 0x20, 0x00, 0xf0, 0x00, 0x00, 0x00, 0x0e, 0x20,
    0x00, 0xfe, 0xee, 0xee, 0xee, 0xef, 0x20, 0x00, 0xf0, 0x00, 0x00, 0x00, 0x0e, 0x20, 0x2e, 0xbd,
    0xdb, 0xe0, 0x08, 0x88, 0x90, 0x2b, 0xa8, 0x6a, 0xd0, 0x08, 0x70, 0x00, 0x2b, 0xa8, 0x96, 0xd0,
    0x08, 0x70, 0x00, 0x2b, 0x08, 0x50, 0xd9, 0xef, 0xee, 0xe7, 0x2e, 0xbd, 0xdb, 0xe0, 0x0a, 0x80,
    0x00, 0x00, 0x08, 0x50, 0x00, 0x0c, 0xb0, 0x00, 0x3b, 0xbd, 0xdb, 0xb0, 0x0e, 0xd1, 0x00, 0x01,
    0x29, 0x74, 0x51, 0x4c, 0x96, 0x00, 0x7d, 0xcb, 0xa8, 0x72, 0xa6, 0x4c, 0x00, 0x00, 0x00, 0xb3,
    0xa3, 0xd1, 0x0c, 0x60, 0x2b, 0x74, 0x75, 0x1d, 0x50, 0x03, 0xe3, 0x85, 0x48, 0x00, 0x67, 0x00,
    0x00, 0x77, 0x00, 0x00, 0x00, 0x00, 0x00, 0x0c, 0x60, 0x00, 0x00, 0x00, 0x00, 0x00, 0x8a, 0x00,
    0x00, 0x00, 0x00, 0x00, 0x01, 0xe3, 0x00, 0x00, 0x00, 0x00, 0x00, 0x06, 0xc0, 0x00, 0x00, 0x00,
    0x00, 0x00, 0x0a, 0x80, 0x00, 0x00, 0x00, 0x00, 0x00, 0x0c, 0x60, 0x00, 0x00, 0x00, 0x00, 0x00,
    0x0d, 0x50, 0x00, 0x00, 0x00, 0x00, 0x00, 0x0c, 0x60, 0x00, 0x00, 0x00, 0x00, 0x00, 0x0a, 0x80,
    0x00, 0x00, 0x00, 0x00, 0x00, 0x06, 0xc0, 0x00, 0x00, 0x00, 0x00, 0x00, 0x01, 0xe2, 0x00, 0x00,
    0x00, 0x00, 0x00, 0x00, 0x8a, 0x00, 0x00, 0x00, 0x00, 0x00, 0x00, 0x0c, 0x50, 0x06, 0xc0, 0x00,
    0x00, 0x00, 0x00, 0x00, 0x00, 0xa8, 0x00, 0x00, 0x00, 0x00, 0x00, 0x00, 0x2e, 0x10, 0x00, 0x00,
    0x00, 0x00, 0x00, 0x0c, 0x60, 0x00, 0x00, 0x00, 0x00, 0x00, 0x08, 0xa0, 0x00, 0x00, 0x00, 0x00,
    0x00, 0x06, 0xc0, 0x00, 0x00, 0x00, 0x00, 0x00, 0x05, 0xd0, 0x00, 0x00, 0x00, 0x00, 0x00, 0x06,
    0xc0, 0x00, 0x00, 0x00, 0x00, 0x00, 0x08, 0xa0, 0x00, 0x00, 0x00, 0x00, 0x00, 0x0c, 0x60, 0x00,
    0x00, 0x00, 0x00, 0x00, 0x3e, 0x10, 0x00, 0x00, 0x00, 0x00, 0x00, 0xa8, 0x00, 0x00, 0x00, 0x00,
    0x00, 0x06, 0xc0, 0x00, 0x00, 0x00, 0x00, 0x00, 0x00, 0x2f, 0x10, 0x00, 0x00, 0x00, 0x00, 0x00,
    0x6b, 0x00, 0x00, 0x00, 0x00, 0x00, 0x00, 0x96, 0x00, 0x00, 0x00, 0x00, 0x00, 0x00, 0x82, 0x00,
    0x00, 0x00, 0x00, 0x00, 0x00, 0x3e, 0x40, 0x00, 0x00, 0x00, 0x00, 0x00, 0x2a, 0x20, 0x00, 0x00,
    0x00, 0x00, 0x00, 0x00, 0x00, 0x00, 0x00, 0x00, 0x00, 0x00, 0x00, 0x00, 0x00, 0x00, 0x00, 0x00,
    0x00, 0x00, 0x00, 0x00, 0x00, 0x00, 0x00, 0x00, 0x00, 0x00, 0x00, 0x00, 0x00, 0x00, 0x00, 0x2a,
    0x20, 0x00, 0x00, 0x00, 0x00, 0x00, 0x3e, 0x40, 0x00, 0x00, 0x00, 0x00,
};

static const lv_font_fmt_txt_glyph_dsc_t glyph_dsc[] = {
    { .bitmap_index = 0, .adv_w = 0, .box_w = 0, .box_h = 0, .ofs_x = 0, .ofs_y = 0 },
    { .bitmap_index = 0, .adv_w = 64, .box_w = 4, .box_h = 0, .ofs_x = 0, .ofs_y = 0 },
    { .bitmap_index = 0, .adv_w = 64, .box_w = 4, .box_h = 11, .ofs_x = 0, .ofs_y = 0 },
    { .bitmap_index = 22, .adv_w = 96, .box_w = 6, .box_h = 11, .ofs_x = 0, .ofs_y = 0 },
    { .bitmap_index = 55, .adv_w = 144, .box_w = 9, .box_h = 11, .ofs_x = 0, .ofs_y = 0 },
    { .bitmap_index = 105, .adv_w = 128, .box_w = 8, .box_h = 14, .ofs_x = 0, .ofs_y = -2 },
    { .bitmap_index = 161, .adv_w = 192, .box_w = 12, .box_h = 11, .ofs_x = 0, .ofs_y = 0 },
    { .bitmap_index = 227, .adv_w = 192, .box_w = 12, .box_h = 11, .ofs_x = 0, .ofs_y = 0 },
    { .bitmap_index = 293, .adv_w = 64, .box_w = 4, .box_h = 11, .ofs_x = 0, .ofs_y = 0 },
    { .bitmap_index = 315, .adv_w = 80, .box_w = 5, .box_h = 13, .ofs_x = 0, .ofs_y = -2 },
    { .bitmap_index = 348, .adv_w = 80, .box_w = 5, .box_h = 13, .ofs_x = 0, .ofs_y = -2 },
    { .bitmap_index = 381, .adv_w = 96, .box_w = 6, .box_h = 11, .ofs_x = 0, .ofs_y = 0 },
    { .bitmap_index = 414, .adv_w = 160, .box_w = 10, .box_h = 8, .ofs_x = 0, .ofs_y = 0 },
    { .bitmap_index = 454, .adv_w = 48, .box_w = 3, .box_h = 4, .ofs_x = 0, .ofs_y = -2 },
    { .bitmap_index = 460, .adv_w = 96, .box_w = 6, .box_h = 5, .ofs_x = 0, .ofs_y = 0 },
    { .bitmap_index = 475, .adv_w = 48, .box_w = 3, .box_h = 2, .ofs_x = 0, .ofs_y = 0 },
    { .bitmap_index = 478, .adv_w = 96, .box_w = 8, .box_h = 13, .ofs_x = -1, .ofs_y = -2 },
    { .bitmap_index = 530, .adv_w = 128, .box_w = 8, .box_h = 11, .ofs_x = 0, .ofs_y = 0 },
    { .bitmap_index = 574, .adv_w = 128, .box_w = 8, .box_h = 11, .ofs_x = 0, .ofs_y = 0 },
    { .bitmap_index = 618, .adv_w = 128, .box_w = 8, .box_h = 11, .ofs_x = 0, .ofs_y = 0 },
    { .bitmap_index = 662, .adv_w = 128, .box_w = 8, .box_h = 11, .ofs_x = 0, .ofs_y = 0 },
    { .bitmap_index = 706, .adv_w = 128, .box_w = 8, .box_h = 11, .ofs_x = 0, .ofs_y = 0 },
    { .bitmap_index = 750, .adv_w = 128, .box_w = 8, .box_h = 11, .ofs_x = 0, .ofs_y = 0 },
    { .bitmap_index = 794, .adv_w = 128, .box_w = 8, .box_h = 11, .ofs_x = 0, .ofs_y = 0 },
    { .bitmap_index = 838, .adv_w = 128, .box_w = 8, .box_h = 11, .ofs_x = 0, .ofs_y = 0 },
    { .bitmap_index = 882, .adv_w = 128, .box_w = 8, .box_h = 11, .ofs_x = 0, .ofs_y = 0 },
    { .bitmap_index = 926, .adv_w = 128, .box_w = 8, .box_h = 11, .ofs_x = 0, .ofs_y = 0 },
    { .bitmap_index = 970, .adv_w = 48, .box_w = 3, .box_h = 8, .ofs_x = 0, .ofs_y = 0 },
    { .bitmap_index = 982, .adv_w = 48, .box_w = 3, .box_h = 10, .ofs_x = 0, .ofs_y = -2 },
    { .bitmap_index = 997, .adv_w = 160, .box_w = 10, .box_h = 8, .ofs_x = 0, .ofs_y = 0 },
    { .bitmap_index = 1037, .adv_w = 160, .box_w = 10, .box_h = 7, .ofs_x = 0, .ofs_y = 0 },
    { .bitmap_index = 1072, .adv_w = 160, .box_w = 10, .box_h = 8, .ofs_x = 0, .ofs_y = 0 },
    { .bitmap_index = 1112, .adv_w = 112, .box_w = 7, .box_h = 11, .ofs_x = 0, .ofs_y = 0 },
    { .bitmap_index = 1151, .adv_w = 224, .box_w = 14, .box_h = 12, .ofs_x = 0, .ofs_y = -1 },
    { .bitmap_index = 1235, .adv_w = 160, .box_w = 10, .box_h = 11, .ofs_x = 0, .ofs_y = 0 },
    { .bitmap_index = 1290, .adv_w = 144, .box_w = 9, .box_h = 11, .ofs_x = 0, .ofs_y = 0 },
    { .bitmap_index = 1340, .adv_w = 144, .box_w = 9, .box_h = 11, .ofs_x = 0, .ofs_y = 0 },
    { .bitmap_index = 1390, .adv_w = 176, .box_w = 11, .box_h = 11, .ofs_x = 0, .ofs_y = 0 },
    { .bitmap_index = 1451, .adv_w = 128, .box_w = 8, .box_h = 11, .ofs_x = 0, .ofs_y = 0 },
    { .bitmap_index = 1495, .adv_w = 112, .box_w = 7, .box_h = 11, .ofs_x = 0, .ofs_y = 0 },
    { .bitmap_index = 1534, .adv_w = 160, .box_w = 10, .box_h = 11, .ofs_x = 0, .ofs_y = 0 },
    { .bitmap_index = 1589, .adv_w = 176, .box_w = 11, .box_h = 11, .ofs_x = 0, .ofs_y = 0 },
    { .bitmap_index = 1650, .adv_w = 64, .box_w = 4, .box_h = 11, .ofs_x = 0, .ofs_y = 0 },
    { .bitmap_index = 1672, .adv_w = 96, .box_w = 6, .box_h = 11, .ofs_x = 0, .ofs_y = 0 },
    { .bitmap_index = 1705, .adv_w = 144, .box_w = 9, .box_h = 11, .ofs_x = 0, .ofs_y = 0 },
    { .bitmap_index = 1755, .adv_w = 112, .box_w = 7, .box_h = 11, .ofs_x = 0, .ofs_y = 0 },
    { .bitmap_index = 1794, .adv_w = 224, .box_w = 14, .box_h = 11, .ofs_x = 0, .ofs_y = 0 },
    { .bitmap_index = 1871, .adv_w = 176, .box_w = 11, .box_h = 11, .ofs_x = 0, .ofs_y = 0 },
    { .bitmap_index = 1932, .adv_w = 176, .box_w = 11, .box_h = 11, .ofs_x = 0, .ofs_y = 0 },
    { .bitmap_index = 1993, .adv_w = 144, .box_w = 9, .box_h = 11, .ofs_x = 0, .ofs_y = 0 },
    { .bitmap_index = 2043, .adv_w = 176, .box_w = 12, .box_h = 12, .ofs_x = 0, .ofs_y = -1 },
    { .bitmap_index = 2115, .adv_w = 144, .box_w = 10, .box_h = 11, .ofs_x = 0, .ofs_y = 0 },
    { .bitmap_index = 2170, .adv_w = 128, .box_w = 8, .box_h = 11, .ofs_x = 0, .ofs_y = 0 },
    { .bitmap_index = 2214, .adv_w = 128, .box_w = 8, .box_h = 11, .ofs_x = 0, .ofs_y = 0 },
    { .bitmap_index = 2258, .adv_w = 160, .box_w = 10, .box_h = 11, .ofs_x = 0, .ofs_y = 0 },
    { .bitmap_index = 2313, .adv_w = 144, .box_w = 10, .box_h = 11, .ofs_x = 0, .ofs_y = 0 },
    { .bitmap_index = 2368, .adv_w = 224, .box_w = 15, .box_h = 11, .ofs_x = 0, .ofs_y = 0 },
    { .bitmap_index = 2451, .adv_w = 144, .box_w = 9, .box_h = 11, .ofs_x = 0, .ofs_y = 0 },
    { .bitmap_index = 2501, .adv_w = 128, .box_w = 9, .box_h = 11, .ofs_x = 0, .ofs_y = 0 },
    { .bitmap_index = 2551, .adv_w = 144, .box_w = 9, .box_h = 11, .ofs_x = 0, .ofs_y = 0 },
    { .bitmap_index = 2601, .adv_w = 80, .box_w = 5, .box_h = 13, .ofs_x = 0, .ofs_y = -2 },
    { .bitmap_index = 2634, .adv_w = 96, .box_w = 8, .box_h = 12, .ofs_x = -1, .ofs_y = -1 },
    { .bitmap_index = 2682, .adv_w = 80, .box_w = 5, .box_h = 13, .ofs_x = 0, .ofs_y = -2 },
    { .bitmap_index = 2715, .adv_w = 160, .box_w = 10, .box_h = 11, .ofs_x = 0, .ofs_y = 0 },
    { .bitmap_index = 2770, .adv_w = 96, .box_w = 7, .box_h = 4, .ofs_x = 0, .ofs_y = -4 },
    { .bitmap_index = 2784, .adv_w = 64, .box_w = 4, .box_h = 11, .ofs_x = 0, .ofs_y = 0 },
    { .bitmap_index = 2806, .adv_w = 128, .box_w = 8, .box_h = 8, .ofs_x = 0, .ofs_y = 0 },
    { .bitmap_index = 2838, .adv_w = 144, .box_w = 9, .box_h = 11, .ofs_x = 0, .ofs_y = 0 },
    { .bitmap_index = 2888, .adv_w = 112, .box_w = 7, .box_h = 8, .ofs_x = 0, .ofs_y = 0 },
    { .bitmap_index = 2916, .adv_w = 144, .box_w = 9, .box_h = 11, .ofs_x = 0, .ofs_y = 0 },
    { .bitmap_index = 2966, .adv_w = 128, .box_w = 8, .box_h = 8, .ofs_x = 0, .ofs_y = 0 },
    { .bitmap_index = 2998, .adv_w = 80, .box_w = 6, .box_h = 11, .ofs_x = 0, .ofs_y = 0 },
    { .bitmap_index = 3031, .adv_w = 144, .box_w = 9, .box_h = 11, .ofs_x = 0, .ofs_y = -3 },
    { .bitmap_index = 3081, .adv_w = 144, .box_w = 9, .box_h = 11, .ofs_x = 0, .ofs_y = 0 },
    { .bitmap_index = 3131, .adv_w = 64, .box_w = 4, .box_h = 11, .ofs_x = 0, .ofs_y = 0 },
    { .bitmap_index = 3153, .adv_w = 64, .box_w = 6, .box_h = 14, .ofs_x = -2, .ofs_y = -3 },
    { .bitmap_index = 3195, .adv_w = 128, .box_w = 8, .box_h = 11, .ofs_x = 0, .ofs_y = 0 },
    { .bitmap_index = 3239, .adv_w = 64, .box_w = 4, .box_h = 11, .ofs_x = 0, .ofs_y = 0 },
    { .bitmap_index = 3261, .adv_w = 208, .box_w = 13, .box_h = 8, .ofs_x = 0, .ofs_y = 0 },
    { .bitmap_index = 3313, .adv_w = 144, .box_w = 9, .box_h = 8, .ofs_x = 0, .ofs_y = 0 },
    { .bitmap_index = 3349, .adv_w = 144, .box_w = 9, .box_h = 8, .ofs_x = 0, .ofs_y = 0 },
    { .bitmap_index = 3385, .adv_w = 144, .box_w = 9, .box_h = 11, .ofs_x = 0, .ofs_y = -3 },
    { .bitmap_index = 3435, .adv_w = 144, .box_w = 9, .box_h = 11, .ofs_x = 0, .ofs_y = -3 },
    { .bitmap_index = 3485, .adv_w = 80, .box_w = 6, .box_h = 9, .ofs_x = 0, .ofs_y = 0 },
    { .bitmap_index = 3512, .adv_w = 96, .box_w = 6, .box_h = 8, .ofs_x = 0, .ofs_y = 0 },
    { .bitmap_index = 3536, .adv_w = 80, .box_w = 5, .box_h = 10, .ofs_x = 0, .ofs_y = 0 },
    { .bitmap_index = 3561, .adv_w = 144, .box_w = 9, .box_h = 8, .ofs_x = 0, .ofs_y = 0 },
    { .bitmap_index = 3597, .adv_w = 112, .box_w = 8, .box_h = 8, .ofs_x = 0, .ofs_y = 0 },
    { .bitmap_index = 3629, .adv_w = 176, .box_w = 11, .box_h = 8, .ofs_x = 0, .ofs_y = 0 },
    { .bitmap_index = 3673, .adv_w = 112, .box_w = 7, .box_h = 8, .ofs_x = 0, .ofs_y = 0 },
    { .bitmap_index = 3701, .adv_w = 112, .box_w = 8, .box_h = 11, .ofs_x = 0, .ofs_y = -3 },
    { .bitmap_index = 3745, .adv_w = 112, .box_w = 7, .box_h = 8, .ofs_x = 0, .ofs_y = 0 },
    { .bitmap_index = 3773, .adv_w = 80, .box_w = 5, .box_h = 13, .ofs_x = 0, .ofs_y = -2 },
    { .bitmap_index = 3806, .adv_w = 64, .box_w = 4, .box_h = 15, .ofs_x = 0, .ofs_y = -3 },
    { .bitmap_index = 3836, .adv_w = 80, .box_w = 5, .box_h = 13, .ofs_x = 0, .ofs_y = -2 },
    { .bitmap_index = 3869, .adv_w = 160, .box_w = 10, .box_h = 6, .ofs_x = 0, .ofs_y = 0 },
    { .bitmap_index = 3899, .adv_w = 208, .box_w = 13, .box_h = 11, .ofs_x = 0, .ofs_y = 0 },
    { .bitmap_index = 3971, .adv_w = 48, .box_w = 3, .box_h = 6, .ofs_x = 0, .ofs_y = 0 },
    { .bitmap_index = 3980, .adv_w = 160, .box_w = 10, .box_h = 10, .ofs_x = 0, .ofs_y = 0 },
    { .bitmap_index = 4030, .adv_w = 224, .box_w = 14, .box_h = 3, .ofs_x = 0, .ofs_y = -2 },
    { .bitmap_index = 4051, .adv_w = 224, .box_w = 14, .box_h = 5, .ofs_x = 0, .ofs_y = 0 },
    { .bitmap_index = 4086, .adv_w = 224, .box_w = 14, .box_h = 13, .ofs_x = 0, .ofs_y = -2 },
    { .bitmap_index = 4177, .adv_w = 224, .box_w = 14, .box_h = 12, .ofs_x = 0, .ofs_y = -1 },
    { .bitmap_index = 4261, .adv_w = 224, .box_w = 14, .box_h = 12, .ofs_x = 0, .ofs_y = -1 },
    { .bitmap_index = 4345, .adv_w = 224, .box_w = 14, .box_h = 13, .ofs_x = 0, .ofs_y = -2 },
    { .bitmap_index = 4436, .adv_w = 224, .box_w = 14, .box_h = 13, .ofs_x = 0, .ofs_y = -2 },
    { .bitmap_index = 4527, .adv_w = 224, .box_w = 14, .box_h = 12, .ofs_x = 0, .ofs_y = -1 },
    { .bitmap_index = 4611, .adv_w = 224, .box_w = 14, .box_h = 12, .ofs_x = 0, .ofs_y = -1 },
    { .bitmap_index = 4695, .adv_w = 224, .box_w = 14, .box_h = 13, .ofs_x = 0, .ofs_y = -2 },
    { .bitmap_index = 4786, .adv_w = 224, .box_w = 14, .box_h = 13, .ofs_x = 0, .ofs_y = -2 },
    { .bitmap_index = 4877, .adv_w = 224, .box_w = 14, .box_h = 12, .ofs_x = 0, .ofs_y = -1 },
    { .bitmap_index = 4961, .adv_w = 224, .box_w = 14, .box_h = 13, .ofs_x = 0, .ofs_y = -2 },
    { .bitmap_index = 5052, .adv_w = 224, .box_w = 14, .box_h = 12, .ofs_x = 0, .ofs_y = -1 },
    { .bitmap_index = 5136, .adv_w = 224, .box_w = 14, .box_h = 13, .ofs_x = 0, .ofs_y = -2 },
    { .bitmap_index = 5227, .adv_w = 224, .box_w = 14, .box_h = 12, .ofs_x = 0, .ofs_y = -1 },
    { .bitmap_index = 5311, .adv_w = 224, .box_w = 14, .box_h = 12, .ofs_x = 0, .ofs_y = -1 },
    { .bitmap_index = 5395, .adv_w = 224, .box_w = 14, .box_h = 13, .ofs_x = 0, .ofs_y = -2 },
    { .bitmap_index = 5486, .adv_w = 224, .box_w = 14, .box_h = 13, .ofs_x = 0, .ofs_y = -2 },
    { .bitmap_index = 5577, .adv_w = 224, .box_w = 14, .box_h = 13, .ofs_x = 0, .ofs_y = -2 },
    { .bitmap_index = 5668, .adv_w = 224, .box_w = 14, .box_h = 13, .ofs_x = 0, .ofs_y = -2 },
    { .bitmap_index = 5759, .adv_w = 224, .box_w = 14, .box_h = 12, .ofs_x = 0, .ofs_y = -1 },
    { .bitmap_index = 5843, .adv_w = 224, .box_w = 14, .box_h = 13, .ofs_x = 0, .ofs_y = -2 },
    { .bitmap_index = 5934, .adv_w = 224, .box_w = 14, .box_h = 13, .ofs_x = 0, .ofs_y = -1 },
    { .bitmap_index = 6025, .adv_w = 224, .box_w = 14, .box_h = 13, .ofs_x = 0, .ofs_y = -2 },
    { .bitmap_index = 6116, .adv_w = 224, .box_w = 14, .box_h = 12, .ofs_x = 0, .ofs_y = -1 },
    { .bitmap_index = 6200, .adv_w = 224, .box_w = 14, .box_h = 12, .ofs_x = 0, .ofs_y = -1 },
    { .bitmap_index = 6284, .adv_w = 224, .box_w = 14, .box_h = 13, .ofs_x = 0, .ofs_y = -2 },
    { .bitmap_index = 6375, .adv_w = 224, .box_w = 14, .box_h = 12, .ofs_x = 0, .ofs_y = -1 },
    { .bitmap_index = 6459, .adv_w = 224, .box_w = 14, .box_h = 12, .ofs_x = 0, .ofs_y = -1 },
    { .bitmap_index = 6543, .adv_w = 224, .box_w = 14, .box_h = 12, .ofs_x = 0, .ofs_y = -1 },
    { .bitmap_index = 6627, .adv_w = 224, .box_w = 14, .box_h = 13, .ofs_x = 0, .ofs_y = -2 },
    { .bitmap_index = 6718, .adv_w = 224, .box_w = 14, .box_h = 13, .ofs_x = 0, .ofs_y = -2 },
    { .bitmap_index = 6809, .adv_w = 224, .box_w = 14, .box_h = 13, .ofs_x = 0, .ofs_y = -2 },
    { .bitmap_index = 6900, .adv_w = 224, .box_w = 14, .box_h = 13, .ofs_x = 0, .ofs_y = -2 },
    { .bitmap_index = 6991, .adv_w = 224, .box_w = 14, .box_h = 13, .ofs_x = 0, .ofs_y = -2 },
    { .bitmap_index = 7082, .adv_w = 224, .box_w = 14, .box_h = 13, .ofs_x = 0, .ofs_y = -2 },
    { .bitmap_index = 7173, .adv_w = 224, .box_w = 14, .box_h = 13, .ofs_x = 0, .ofs_y = -2 },
    { .bitmap_index = 7264, .adv_w = 224, .box_w = 14, .box_h = 13, .ofs_x = 0, .ofs_y = -2 },
    { .bitmap_index = 7355, .adv_w = 224, .box_w = 14, .box_h = 13, .ofs_x = 0, .ofs_y = -2 },
    { .bitmap_index = 7446, .adv_w = 224, .box_w = 14, .box_h = 13, .ofs_x = 0, .ofs_y = -2 },
    { .bitmap_index = 7537, .adv_w = 224, .box_w = 14, .box_h = 12, .ofs_x = 0, .ofs_y = -1 },
    { .bitmap_index = 7621, .adv_w = 224, .box_w = 14, .box_h = 13, .ofs_x = 0, .ofs_y = -2 },
    { .bitmap_index = 7712, .adv_w = 224, .box_w = 14, .box_h = 12, .ofs_x = 0, .ofs_y = -1 },
    { .bitmap_index = 7796, .adv_w = 224, .box_w = 14, .box_h = 12, .ofs_x = 0, .ofs_y = -1 },
    { .bitmap_index = 7880, .adv_w = 224, .box_w = 14, .box_h = 12, .ofs_x = 0, .ofs_y = -1 },
    { .bitmap_index = 7964, .adv_w = 224, .box_w = 14, .box_h = 12, .ofs_x = 0, .ofs_y = -1 },
    { .bitmap_index = 8048, .adv_w = 224, .box_w = 14, .box_h = 13, .ofs_x = 0, .ofs_y = -2 },
    { .bitmap_index = 8139, .adv_w = 224, .box_w = 14, .box_h = 12, .ofs_x = 0, .ofs_y = -1 },
    { .bitmap_index = 8223, .adv_w = 224, .box_w = 14, .box_h = 12, .ofs_x = 0, .ofs_y = -1 },
    { .bitmap_index = 8307, .adv_w = 224, .box_w = 14, .box_h = 12, .ofs_x = 0, .ofs_y = -1 },
    { .bitmap_index = 8391, .adv_w = 224, .box_w = 14, .box_h = 13, .ofs_x = 0, .ofs_y = -2 },
    { .bitmap_index = 8482, .adv_w = 224, .box_w = 14, .box_h = 12, .ofs_x = 0, .ofs_y = -1 },
    { .bitmap_index = 8566, .adv_w = 224, .box_w = 14, .box_h = 12, .ofs_x = 0, .ofs_y = -1 },
    { .bitmap_index = 8650, .adv_w = 224, .box_w = 14, .box_h = 13, .ofs_x = 0, .ofs_y = -2 },
    { .bitmap_index = 8741, .adv_w = 224, .box_w = 14, .box_h = 12, .ofs_x = 0, .ofs_y = -1 },
    { .bitmap_index = 8825, .adv_w = 224, .box_w = 14, .box_h = 13, .ofs_x = 0, .ofs_y = -2 },
    { .bitmap_index = 8916, .adv_w = 224, .box_w = 14, .box_h = 13, .ofs_x = 0, .ofs_y = -2 },
    { .bitmap_index = 9007, .adv_w = 224, .box_w = 14, .box_h = 13, .ofs_x = 0, .ofs_y = -2 },
    { .bitmap_index = 9098, .adv_w = 224, .box_w = 14, .box_h = 12, .ofs_x = 0, .ofs_y = -1 },
    { .bitmap_index = 9182, .adv_w = 224, .box_w = 14, .box_h = 12, .ofs_x = 0, .ofs_y = -2 },
    { .bitmap_index = 9266, .adv_w = 224, .box_w = 14, .box_h = 12, .ofs_x = 0, .ofs_y = -1 },
    { .bitmap_index = 9350, .adv_w = 224, .box_w = 14, .box_h = 12, .ofs_x = 0, .ofs_y = -1 },
    { .bitmap_index = 9434, .adv_w = 224, .box_w = 14, .box_h = 12, .ofs_x = 0, .ofs_y = -1 },
    { .bitmap_index = 9518, .adv_w = 224, .box_w = 14, .box_h = 13, .ofs_x = 0, .ofs_y = -2 },
    { .bitmap_index = 9609, .adv_w = 224, .box_w = 14, .box_h = 11, .ofs_x = 0, .ofs_y = 0 },
    { .bitmap_index = 9686, .adv_w = 224, .box_w = 14, .box_h = 12, .ofs_x = 0, .ofs_y = -1 },
    { .bitmap_index = 9770, .adv_w = 224, .box_w = 14, .box_h = 12, .ofs_x = 0, .ofs_y = -1 },
    { .bitmap_index = 9854, .adv_w = 224, .box_w = 14, .box_h = 12, .ofs_x = 0, .ofs_y = -1 },
    { .bitmap_index = 9938, .adv_w = 224, .box_w = 14, .box_h = 12, .ofs_x = 0, .ofs_y = -1 },
    { .bitmap_index = 10022, .adv_w = 224, .box_w = 14, .box_h = 12, .ofs_x = 0, .ofs_y = -1 },
    { .bitmap_index = 10106, .adv_w = 224, .box_w = 14, .box_h = 12, .ofs_x = 0, .ofs_y = -1 },
    { .bitmap_index = 10190, .adv_w = 224, .box_w = 14, .box_h = 13, .ofs_x = 0, .ofs_y = -2 },
    { .bitmap_index = 10281, .adv_w = 224, .box_w = 14, .box_h = 13, .ofs_x = 0, .ofs_y = -2 },
    { .bitmap_index = 10372, .adv_w = 224, .box_w = 14, .box_h = 13, .ofs_x = 0, .ofs_y = -2 },
    { .bitmap_index = 10463, .adv_w = 224, .box_w = 14, .box_h = 12, .ofs_x = 0, .ofs_y = -1 },
    { .bitmap_index = 10547, .adv_w = 224, .box_w = 14, .box_h = 13, .ofs_x = 0, .ofs_y = -2 },
    { .bitmap_index = 10638, .adv_w = 224, .box_w = 14, .box_h = 13, .ofs_x = 0, .ofs_y = -2 },
    { .bitmap_index = 10729, .adv_w = 224, .box_w = 14, .box_h = 12, .ofs_x = 0, .ofs_y = -1 },
    { .bitmap_index = 10813, .adv_w = 224, .box_w = 14, .box_h = 12, .ofs_x = 0, .ofs_y = -1 },
    { .bitmap_index = 10897, .adv_w = 224, .box_w = 14, .box_h = 13, .ofs_x = 0, .ofs_y = -2 },
    { .bitmap_index = 10988, .adv_w = 224, .box_w = 14, .box_h = 13, .ofs_x = 0, .ofs_y = -2 },
    { .bitmap_index = 11079, .adv_w = 224, .box_w = 14, .box_h = 13, .ofs_x = 0, .ofs_y = -2 },
    { .bitmap_index = 11170, .adv_w = 224, .box_w = 14, .box_h = 12, .ofs_x = 0, .ofs_y = -1 },
    { .bitmap_index = 11254, .adv_w = 224, .box_w = 14, .box_h = 12, .ofs_x = 0, .ofs_y = -1 },
    { .bitmap_index = 11338, .adv_w = 224, .box_w = 14, .box_h = 12, .ofs_x = 0, .ofs_y = -1 },
    { .bitmap_index = 11422, .adv_w = 224, .box_w = 14, .box_h = 12, .ofs_x = 0, .ofs_y = -1 },
    { .bitmap_index = 11506, .adv_w = 224, .box_w = 14, .box_h = 12, .ofs_x = 0, .ofs_y = -1 },
    { .bitmap_index = 11590, .adv_w = 224, .box_w = 14, .box_h = 13, .ofs_x = 0, .ofs_y = -2 },
    { .bitmap_index = 11681, .adv_w = 224, .box_w = 14, .box_h = 12, .ofs_x = 0, .ofs_y = -1 },
    { .bitmap_index = 11765, .adv_w = 224, .box_w = 14, .box_h = 12, .ofs_x = 0, .ofs_y = -1 },
    { .bitmap_index = 11849, .adv_w = 224, .box_w = 14, .box_h = 12, .ofs_x = 0, .ofs_y = -1 },
    { .bitmap_index = 11933, .adv_w = 224, .box_w = 14, .box_h = 12, .ofs_x = 0, .ofs_y = -1 },
    { .bitmap_index = 12017, .adv_w = 224, .box_w = 14, .box_h = 12, .ofs_x = 0, .ofs_y = -1 },
    { .bitmap_index = 12101, .adv_w = 224, .box_w = 14, .box_h = 12, .ofs_x = 0, .ofs_y = -1 },
    { .bitmap_index = 12185, .adv_w = 224, .box_w = 14, .box_h = 12, .ofs_x = 0, .ofs_y = -1 },
    { .bitmap_index = 12269, .adv_w = 224, .box_w = 14, .box_h = 13, .ofs_x = 0, .ofs_y = -2 },
    { .bitmap_index = 12360, .adv_w = 224, .box_w = 14, .box_h = 12, .ofs_x = 0, .ofs_y = -1 },
    { .bitmap_index = 12444, .adv_w = 224, .box_w = 14, .box_h = 12, .ofs_x = 0, .ofs_y = -1 },
    { .bitmap_index = 12528, .adv_w = 224, .box_w = 14, .box_h = 13, .ofs_x = 0, .ofs_y = -2 },
    { .bitmap_index = 12619, .adv_w = 224, .box_w = 14, .box_h = 13, .ofs_x = 0, .ofs_y = -2 },
    { .bitmap_index = 12710, .adv_w = 224, .box_w = 14, .box_h = 12, .ofs_x = 0, .ofs_y = -1 },
    { .bitmap_index = 12794, .adv_w = 224, .box_w = 14, .box_h = 12, .ofs_x = 0, .ofs_y = -1 },
    { .bitmap_index = 12878, .adv_w = 224, .box_w = 14, .box_h = 12, .ofs_x = 0, .ofs_y = -1 },
    { .bitmap_index = 12962, .adv_w = 224, .box_w = 14, .box_h = 12, .ofs_x = 0, .ofs_y = -1 },
    { .bitmap_index = 13046, .adv_w = 224, .box_w = 14, .box_h = 13, .ofs_x = 0, .ofs_y = -2 },
    { .bitmap_index = 13137, .adv_w = 224, .box_w = 14, .box_h = 13, .ofs_x = 0, .ofs_y = -2 },
    { .bitmap_index = 13228, .adv_w = 224, .box_w = 14, .box_h = 12, .ofs_x = 0, .ofs_y = -1 },
    { .bitmap_index = 13312, .adv_w = 224, .box_w = 14, .box_h = 13, .ofs_x = 0, .ofs_y = -2 },
    { .bitmap_index = 13403, .adv_w = 224, .box_w = 14, .box_h = 13, .ofs_x = 0, .ofs_y = -2 },
    { .bitmap_index = 13494, .adv_w = 224, .box_w = 14, .box_h = 13, .ofs_x = 0, .ofs_y = -2 },
    { .bitmap_index = 13585, .adv_w = 224, .box_w = 14, .box_h = 13, .ofs_x = 0, .ofs_y = -2 },
    { .bitmap_index = 13676, .adv_w = 224, .box_w = 14, .box_h = 13, .ofs_x = 0, .ofs_y = -2 },
    { .bitmap_index = 13767, .adv_w = 224, .box_w = 14, .box_h = 13, .ofs_x = 0, .ofs_y = -2 },
    { .bitmap_index = 13858, .adv_w = 224, .box_w = 14, .box_h = 13, .ofs_x = 0, .ofs_y = -2 },
    { .bitmap_index = 13949, .adv_w = 224, .box_w = 14, .box_h = 13, .ofs_x = 0, .ofs_y = -2 },
    { .bitmap_index = 14040, .adv_w = 224, .box_w = 14, .box_h = 13, .ofs_x = 0, .ofs_y = -2 },
    { .bitmap_index = 14131, .adv_w = 224, .box_w = 14, .box_h = 13, .ofs_x = 0, .ofs_y = -2 },
    { .bitmap_index = 14222, .adv_w = 224, .box_w = 14, .box_h = 13, .ofs_x = 0, .ofs_y = -2 },
    { .bitmap_index = 14313, .adv_w = 224, .box_w = 14, .box_h = 13, .ofs_x = 0, .ofs_y = -2 },
    { .bitmap_index = 14404, .adv_w = 224, .box_w = 14, .box_h = 13, .ofs_x = 0, .ofs_y = -2 },
    { .bitmap_index = 14495, .adv_w = 224, .box_w = 14, .box_h = 12, .ofs_x = 0, .ofs_y = -1 },
    { .bitmap_index = 14579, .adv_w = 224, .box_w = 14, .box_h = 12, .ofs_x = 0, .ofs_y = -1 },
    { .bitmap_index = 14663, .adv_w = 224, .box_w = 14, .box_h = 12, .ofs_x = 0, .ofs_y = -1 },
    { .bitmap_index = 14747, .adv_w = 224, .box_w = 14, .box_h = 13, .ofs_x = 0, .ofs_y = -2 },
    { .bitmap_index = 14838, .adv_w = 224, .box_w = 14, .box_h = 12, .ofs_x = 0, .ofs_y = -1 },
    { .bitmap_index = 14922, .adv_w = 224, .box_w = 14, .box_h = 13, .ofs_x = 0, .ofs_y = -2 },
    { .bitmap_index = 15013, .adv_w = 224, .box_w = 14, .box_h = 12, .ofs_x = 0, .ofs_y = -1 },
    { .bitmap_index = 15097, .adv_w = 224, .box_w = 14, .box_h = 12, .ofs_x = 0, .ofs_y = -1 },
    { .bitmap_index = 15181, .adv_w = 224, .box_w = 14, .box_h = 11, .ofs_x = 0, .ofs_y = 0 },
    { .bitmap_index = 15258, .adv_w = 224, .box_w = 14, .box_h = 13, .ofs_x = 0, .ofs_y = -2 },
    { .bitmap_index = 15349, .adv_w = 224, .box_w = 14, .box_h = 12, .ofs_x = 0, .ofs_y = -1 },
    { .bitmap_index = 15433, .adv_w = 224, .box_w = 14, .box_h = 12, .ofs_x = 0, .ofs_y = -1 },
    { .bitmap_index = 15517, .adv_w = 224, .box_w = 14, .box_h = 12, .ofs_x = 0, .ofs_y = -1 },
    { .bitmap_index = 15601, .adv_w = 224, .box_w = 14, .box_h = 12, .ofs_x = 0, .ofs_y = -1 },
    { .bitmap_index = 15685, .adv_w = 224, .box_w = 14, .box_h = 12, .ofs_x = 0, .ofs_y = -1 },
    { .bitmap_index = 15769, .adv_w = 224, .box_w = 14, .box_h = 12, .ofs_x = 0, .ofs_y = -1 },
    { .bitmap_index = 15853, .adv_w = 224, .box_w = 14, .box_h = 13, .ofs_x = 0, .ofs_y = -2 },
    { .bitmap_index = 15944, .adv_w = 224, .box_w = 14, .box_h = 12, .ofs_x = 0, .ofs_y = -1 },
    { .bitmap_index = 16028, .adv_w = 224, .box_w = 14, .box_h = 12, .ofs_x = 0, .ofs_y = -1 },
    { .bitmap_index = 16112, .adv_w = 224, .box_w = 14, .box_h = 12, .ofs_x = 0, .ofs_y = -1 },
    { .bitmap_index = 16196, .adv_w = 224, .box_w = 14, .box_h = 13, .ofs_x = 0, .ofs_y = -2 },
    { .bitmap_index = 16287, .adv_w = 224, .box_w = 14, .box_h = 12, .ofs_x = 0, .ofs_y = -1 },
    { .bitmap_index = 16371, .adv_w = 224, .box_w = 14, .box_h = 13, .ofs_x = 0, .ofs_y = -2 },
    { .bitmap_index = 16462, .adv_w = 224, .box_w = 14, .box_h = 13, .ofs_x = 0, .ofs_y = -2 },
    { .bitmap_index = 16553, .adv_w = 224, .box_w = 14, .box_h = 13, .ofs_x = 0, .ofs_y = -2 },
    { .bitmap_index = 16644, .adv_w = 224, .box_w = 14, .box_h = 12, .ofs_x = 0, .ofs_y = -1 },
    { .bitmap_index = 16728, .adv_w = 224, .box_w = 14, .box_h = 12, .ofs_x = 0, .ofs_y = -1 },
    { .bitmap_index = 16812, .adv_w = 224, .box_w = 14, .box_h = 12, .ofs_x = 0, .ofs_y = -1 },
    { .bitmap_index = 16896, .adv_w = 224, .box_w = 14, .box_h = 12, .ofs_x = 0, .ofs_y = -1 },
    { .bitmap_index = 16980, .adv_w = 224, .box_w = 14, .box_h = 13, .ofs_x = 0, .ofs_y = -2 },
    { .bitmap_index = 17071, .adv_w = 224, .box_w = 14, .box_h = 12, .ofs_x = 0, .ofs_y = -1 },
    { .bitmap_index = 17155, .adv_w = 224, .box_w = 14, .box_h = 12, .ofs_x = 0, .ofs_y = -1 },
    { .bitmap_index = 17239, .adv_w = 224, .box_w = 14, .box_h = 13, .ofs_x = 0, .ofs_y = -2 },
    { .bitmap_index = 17330, .adv_w = 224, .box_w = 14, .box_h = 12, .ofs_x = 0, .ofs_y = -1 },
    { .bitmap_index = 17414, .adv_w = 224, .box_w = 14, .box_h = 13, .ofs_x = 0, .ofs_y = -2 },
    { .bitmap_index = 17505, .adv_w = 224, .box_w = 14, .box_h = 12, .ofs_x = 0, .ofs_y = -1 },
    { .bitmap_index = 17589, .adv_w = 224, .box_w = 14, .box_h = 12, .ofs_x = 0, .ofs_y = -1 },
    { .bitmap_index = 17673, .adv_w = 224, .box_w = 14, .box_h = 12, .ofs_x = 0, .ofs_y = -1 },
    { .bitmap_index = 17757, .adv_w = 224, .box_w = 14, .box_h = 11, .ofs_x = 0, .ofs_y = 0 },
    { .bitmap_index = 17834, .adv_w = 224, .box_w = 14, .box_h = 12, .ofs_x = 0, .ofs_y = -1 },
    { .bitmap_index = 17918, .adv_w = 224, .box_w = 14, .box_h = 12, .ofs_x = 0, .ofs_y = -1 },
    { .bitmap_index = 18002, .adv_w = 224, .box_w = 14, .box_h = 12, .ofs_x = 0, .ofs_y = -1 },
    { .bitmap_index = 18086, .adv_w = 224, .box_w = 14, .box_h = 12, .ofs_x = 0, .ofs_y = -1 },
    { .bitmap_index = 18170, .adv_w = 224, .box_w = 14, .box_h = 13, .ofs_x = 0, .ofs_y = -2 },
    { .bitmap_index = 18261, .adv_w = 224, .box_w = 14, .box_h = 13, .ofs_x = 0, .ofs_y = -2 },
    { .bitmap_index = 18352, .adv_w = 224, .box_w = 14, .box_h = 12, .ofs_x = 0, .ofs_y = -1 },
    { .bitmap_index = 18436, .adv_w = 224, .box_w = 14, .box_h = 12, .ofs_x = 0, .ofs_y = -1 },
    { .bitmap_index = 18520, .adv_w = 224, .box_w = 14, .box_h = 12, .ofs_x = 0, .ofs_y = -1 },
    { .bitmap_index = 18604, .adv_w = 224, .box_w = 14, .box_h = 12, .ofs_x = 0, .ofs_y = -1 },
    { .bitmap_index = 18688, .adv_w = 224, .box_w = 14, .box_h = 13, .ofs_x = 0, .ofs_y = -2 },
    { .bitmap_index = 18779, .adv_w = 224, .box_w = 14, .box_h = 12, .ofs_x = 0, .ofs_y = -1 },
    { .bitmap_index = 18863, .adv_w = 224, .box_w = 14, .box_h = 15, .ofs_x = 0, .ofs_y = -3 },
    { .bitmap_index = 18968, .adv_w = 224, .box_w = 14, .box_h = 13, .ofs_x = 0, .ofs_y = -2 },
    { .bitmap_index = 19059, .adv_w = 224, .box_w = 14, .box_h = 13, .ofs_x = 0, .ofs_y = -2 },
    { .bitmap_index = 19150, .adv_w = 224, .box_w = 14, .box_h = 13, .ofs_x = 0, .ofs_y = -2 },
    { .bitmap_index = 19241, .adv_w = 224, .box_w = 14, .box_h = 13, .ofs_x = 0, .ofs_y = -2 },
    { .bitmap_index = 19332, .adv_w = 224, .box_w = 14, .box_h = 12, .ofs_x = 0, .ofs_y = -1 },
    { .bitmap_index = 19416, .adv_w = 224, .box_w = 14, .box_h = 12, .ofs_x = 0, .ofs_y = -1 },
    { .bitmap_index = 19500, .adv_w = 224, .box_w = 14, .box_h = 12, .ofs_x = 0, .ofs_y = -1 },
    { .bitmap_index = 19584, .adv_w = 224, .box_w = 14, .box_h = 12, .ofs_x = 0, .ofs_y = -1 },
    { .bitmap_index = 19668, .adv_w = 224, .box_w = 14, .box_h = 12, .ofs_x = 0, .ofs_y = -1 },
    { .bitmap_index = 19752, .adv_w = 224, .box_w = 14, .box_h = 12, .ofs_x = 0, .ofs_y = -1 },
    { .bitmap_index = 19836, .adv_w = 224, .box_w = 14, .box_h = 13, .ofs_x = 0, .ofs_y = -2 },
    { .bitmap_index = 19927, .adv_w = 224, .box_w = 14, .box_h = 12, .ofs_x = 0, .ofs_y = -1 },
    { .bitmap_index = 20011, .adv_w = 224, .box_w = 14, .box_h = 13, .ofs_x = 0, .ofs_y = -2 },
    { .bitmap_index = 20102, .adv_w = 224, .box_w = 14, .box_h = 12, .ofs_x = 0, .ofs_y = -1 },
    { .bitmap_index = 20186, .adv_w = 224, .box_w = 14, .box_h = 12, .ofs_x = 0, .ofs_y = -1 },
    { .bitmap_index = 20270, .adv_w = 224, .box_w = 14, .box_h = 13, .ofs_x = 0, .ofs_y = -2 },
    { .bitmap_index = 20361, .adv_w = 224, .box_w = 14, .box_h = 12, .ofs_x = 0, .ofs_y = -1 },
    { .bitmap_index = 20445, .adv_w = 224, .box_w = 14, .box_h = 13, .ofs_x = 0, .ofs_y = -2 },
    { .bitmap_index = 20536, .adv_w = 224, .box_w = 14, .box_h = 13, .ofs_x = 0, .ofs_y = -1 },
    { .bitmap_index = 20627, .adv_w = 224, .box_w = 14, .box_h = 12, .ofs_x = 0, .ofs_y = -1 },
    { .bitmap_index = 20711, .adv_w = 224, .box_w = 14, .box_h = 12, .ofs_x = 0, .ofs_y = -1 },
    { .bitmap_index = 20795, .adv_w = 224, .box_w = 14, .box_h = 12, .ofs_x = 0, .ofs_y = -1 },
    { .bitmap_index = 20879, .adv_w = 224, .box_w = 14, .box_h = 12, .ofs_x = 0, .ofs_y = -1 },
    { .bitmap_index = 20963, .adv_w = 224, .box_w = 14, .box_h = 12, .ofs_x = 0, .ofs_y = -1 },
    { .bitmap_index = 21047, .adv_w = 224, .box_w = 14, .box_h = 12, .ofs_x = 0, .ofs_y = -1 },
    { .bitmap_index = 21131, .adv_w = 224, .box_w = 14, .box_h = 13, .ofs_x = 0, .ofs_y = -2 },
    { .bitmap_index = 21222, .adv_w = 224, .box_w = 14, .box_h = 12, .ofs_x = 0, .ofs_y = -1 },
    { .bitmap_index = 21306, .adv_w = 224, .box_w = 14, .box_h = 13, .ofs_x = 0, .ofs_y = -2 },
    { .bitmap_index = 21397, .adv_w = 224, .box_w = 14, .box_h = 12, .ofs_x = 0, .ofs_y = -1 },
    { .bitmap_index = 21481, .adv_w = 224, .box_w = 14, .box_h = 12, .ofs_x = 0, .ofs_y = -1 },
    { .bitmap_index = 21565, .adv_w = 224, .box_w = 14, .box_h = 12, .ofs_x = 0, .ofs_y = -1 },
    { .bitmap_index = 21649, .adv_w = 224, .box_w = 14, .box_h = 12, .ofs_x = 0, .ofs_y = -1 },
    { .bitmap_index = 21733, .adv_w = 224, .box_w = 14, .box_h = 13, .ofs_x = 0, .ofs_y = -2 },
    { .bitmap_index = 21824, .adv_w = 224, .box_w = 14, .box_h = 12, .ofs_x = 0, .ofs_y = -1 },
    { .bitmap_index = 21908, .adv_w = 224, .box_w = 14, .box_h = 14, .ofs_x = 0, .ofs_y = -2 },
    { .bitmap_index = 22006, .adv_w = 224, .box_w = 14, .box_h = 12, .ofs_x = 0, .ofs_y = -1 },
    { .bitmap_index = 22090, .adv_w = 224, .box_w = 14, .box_h = 12, .ofs_x = 0, .ofs_y = -1 },
    { .bitmap_index = 22174, .adv_w = 224, .box_w = 14, .box_h = 12, .ofs_x = 0, .ofs_y = -1 },
    { .bitmap_index = 22258, .adv_w = 224, .box_w = 14, .box_h = 12, .ofs_x = 0, .ofs_y = -1 },
    { .bitmap_index = 22342, .adv_w = 224, .box_w = 14, .box_h = 12, .ofs_x = 0, .ofs_y = -1 },
    { .bitmap_index = 22426, .adv_w = 224, .box_w = 14, .box_h = 12, .ofs_x = 0, .ofs_y = -1 },
    { .bitmap_index = 22510, .adv_w = 224, .box_w = 14, .box_h = 12, .ofs_x = 0, .ofs_y = -1 },
    { .bitmap_index = 22594, .adv_w = 224, .box_w = 14, .box_h = 13, .ofs_x = 0, .ofs_y = -2 },
    { .bitmap_index = 22685, .adv_w = 224, .box_w = 14, .box_h = 12, .ofs_x = 0, .ofs_y = -1 },
    { .bitmap_index = 22769, .adv_w = 224, .box_w = 14, .box_h = 13, .ofs_x = 0, .ofs_y = -2 },
    { .bitmap_index = 22860, .adv_w = 224, .box_w = 14, .box_h = 13, .ofs_x = 0, .ofs_y = -2 },
    { .bitmap_index = 22951, .adv_w = 224, .box_w = 14, .box_h = 13, .ofs_x = 0, .ofs_y = -2 },
    { .bitmap_index = 23042, .adv_w = 224, .box_w = 14, .box_h = 13, .ofs_x = 0, .ofs_y = -2 },
    { .bitmap_index = 23133, .adv_w = 224, .box_w = 14, .box_h = 13, .ofs_x = 0, .ofs_y = -2 },
    { .bitmap_index = 23224, .adv_w = 224, .box_w = 14, .box_h = 12, .ofs_x = 0, .ofs_y = -1 },
    { .bitmap_index = 23308, .adv_w = 224, .box_w = 14, .box_h = 13, .ofs_x = 0, .ofs_y = -2 },
    { .bitmap_index = 23399, .adv_w = 224, .box_w = 14, .box_h = 13, .ofs_x = 0, .ofs_y = -2 },
    { .bitmap_index = 23490, .adv_w = 224, .box_w = 14, .box_h = 12, .ofs_x = 0, .ofs_y = -1 },
    { .bitmap_index = 23574, .adv_w = 224, .box_w = 14, .box_h = 12, .ofs_x = 0, .ofs_y = -1 },
    { .bitmap_index = 23658, .adv_w = 224, .box_w = 14, .box_h = 12, .ofs_x = 0, .ofs_y = -1 },
    { .bitmap_index = 23742, .adv_w = 224, .box_w = 14, .box_h = 12, .ofs_x = 0, .ofs_y = -1 },
    { .bitmap_index = 23826, .adv_w = 224, .box_w = 14, .box_h = 13, .ofs_x = 0, .ofs_y = -2 },
    { .bitmap_index = 23917, .adv_w = 224, .box_w = 14, .box_h = 13, .ofs_x = 0, .ofs_y = -2 },
    { .bitmap_index = 24008, .adv_w = 224, .box_w = 14, .box_h = 4, .ofs_x = 0, .ofs_y = -2 },
    { .bitmap_index = 24036, .adv_w = 224, .box_w = 14, .box_h = 8, .ofs_x = 0, .ofs_y = 0 },
};

static const uint16_t unicode_list[] = {
    0, 14, 9660, 12120, 19799, 19809, 19810, 19812, 19813, 19825, 19841, 19844,
    19857, 19941, 19973, 19977, 19985, 20035, 20045, 20107, 20132, 20138, 20182, 20246,
    20280, 20630, 20668, 20675, 20680, 20682, 20707, 20765, 20817, 20818, 20829, 20830,
    20871, 20900, 20982, 20983, 20984, 20991, 20992, 21137, 21164, 21166, 21176, 21228,
    21282, 21288, 21293, 21294, 21314, 21318, 21326, 21349, 21382, 21459, 21951, 22069,
    22091, 22101, 22143, 22151, 22154, 22190, 22353, 22619, 22622, 22637, 22641, 22654,
    22664, 22730, 22818, 23207, 23216, 23263, 23264, 23281, 23284, 23285, 23291, 23309,
    23378, 23379, 23389, 23412, 23432, 23452, 23462, 23881, 23897, 23941, 23951, 23980,
    24061, 24068, 24151, 24172, 24182, 24234, 24284, 24346, 24408, 24444, 24446, 24604,
    24935, 24936, 24983, 25045, 25083, 25084, 25142, 25151, 25152, 25184, 25273, 25285,
    25340, 25383, 25604, 25749, 25759, 25799, 25822, 25872, 25911, 25933, 25974, 26053,
    26073, 26187, 26199, 26212, 26241, 26294, 26300, 26428, 26462, 26470, 26647, 27000,
    27322, 27496, 27545, 27692, 27711, 27976, 28135, 28200, 28267, 29120, 29197, 29533,
    29823, 29831, 29836, 30241, 30277, 30283, 30306, 30326, 30532, 30659, 30744, 30865,
    30869, 30950, 30994, 31280, 31392, 31447, 31690, 31765, 31826, 31865, 31870, 32253,
    32278, 32298, 32304, 32307, 32321, 32324, 32424, 32453, 32600, 32683, 32852, 33153,
    33550, 34723, 35159, 35576, 35579, 35605, 35628, 35636, 35652, 35662, 35964, 35995,
    36148, 36166, 36564, 36648, 36651, 36661, 36696, 36704, 36721, 36778, 36882, 36927,
    37028, 37097, 37160, 37878, 37973, 38021, 38212, 38219, 38251, 38262, 38299, 38374,
    38730, 38860, 39149, 40495, 65119, 65120, 65123, 65137,
};

static const lv_font_fmt_txt_cmap_t cmaps[] = {
    {
        .range_start = 32,
        .range_length = 95,
        .glyph_id_start = 1,
        .unicode_list = NULL,
        .glyph_id_ofs_list = NULL,
        .list_length = 0,
        .type = LV_FONT_FMT_TXT_CMAP_FORMAT0_TINY
    },
    {
        .range_start = 169,
        .range_length = 65138,
        .glyph_id_start = 96,
        .unicode_list = unicode_list,
        .glyph_id_ofs_list = NULL,
        .list_length = 236,
        .type = LV_FONT_FMT_TXT_CMAP_SPARSE_TINY
    }
};

#if LV_VERSION_CHECK(8, 0, 0)
static lv_font_fmt_txt_glyph_cache_t cache;
#endif

static const lv_font_fmt_txt_dsc_t font_dsc = {
    .glyph_bitmap = glyph_bitmap,
    .glyph_dsc = glyph_dsc,
    .cmaps = cmaps,
    .kern_dsc = NULL,
    .kern_scale = 0,
    .cmap_num = 2,
    .bpp = 4,
    .kern_classes = 0,
    .bitmap_format = 0,
#if LV_VERSION_CHECK(8, 0, 0)
    .cache = &cache
#endif
};

const lv_font_t font_easygo_14 = {
    .get_glyph_dsc = lv_font_get_glyph_dsc_fmt_txt,
    .get_glyph_bitmap = lv_font_get_bitmap_fmt_txt,
    .line_height = 19,
    .base_line = 4,
    .subpx = LV_FONT_SUBPX_NONE,
    .underline_position = -2,
    .underline_thickness = 1,
    .dsc = &font_dsc
};
