/*
 * Generated by 4.Software/UI/tools/build_lvgl_assets.py.
 * Font: Microsoft YaHei (bold), 28px, 4bpp.
 * Contains only glyphs used by the EasyGo simulator UI.
 */
#include "lvgl.h"

static LV_ATTRIBUTE_LARGE_CONST const uint8_t glyph_bitmap[] = {
    0x00, 0x8f, 0xff, 0xf8, 0x00, 0x00, 0x7f, 0xff, 0xf7, 0x00, 0x00, 0x6f, 0xff, 0xf7, 0x00, 0x00,
    0x6f, 0xff, 0xf6, 0x00, 0x00, 0x5f, 0xff, 0xf6, 0x00, 0x00, 0x5f, 0xff, 0xf5, 0x00, 0x00, 0x4f,
    0xff, 0xf4, 0x00, 0x00, 0x4f, 0xff, 0xf4, 0x00, 0x00, 0x3f, 0xff, 0xf3, 0x00, 0x00, 0x3f, 0xff,
    0xf3, 0x00, 0x00, 0x2f, 0xff, 0xf2, 0x00, 0x00, 0x1f, 0xff, 0xf1, 0x00, 0x00, 0x1f, 0xff, 0xf1,
    0x00, 0x00, 0x0f, 0xff, 0xf0, 0x00, 0x00, 0x00, 0x00, 0x00, 0x00, 0x00, 0x00, 0x00, 0x00, 0x00,
    0x00, 0x07, 0xa7, 0x00, 0x00, 0x00, 0xaf, 0xff, 0xa0, 0x00, 0x00, 0xef, 0xff, 0xe0, 0x00, 0x00,
    0xcf, 0xff, 0xc0, 0x00, 0x00, 0x2b, 0xec, 0x30, 0x00, 0x0f, 0xff, 0xe0, 0x00, 0xff, 0xfe, 0x00,
    0x00, 0xef, 0xfd, 0x00, 0x0e, 0xff, 0xd0, 0x00, 0x0d, 0xff, 0xc0, 0x00, 0xcf, 0xfc, 0x00, 0x00,
    0xcf, 0xfb, 0x00, 0x0b, 0xff, 0xb0, 0x00, 0x0b, 0xff, 0xa0, 0x00, 0xaf, 0xfa, 0x00, 0x00, 0xaf,
    0xf9, 0x00, 0x09, 0xff, 0x90, 0x00, 0x09, 0xff, 0x80, 0x00, 0x8f, 0xf8, 0x00, 0x00, 0x00, 0x00,
    0x00, 0x00, 0x00, 0x00, 0x00, 0x00, 0x00, 0x00, 0x00, 0x00, 0x00, 0x00, 0x00, 0x00, 0x00, 0x00,
    0x00, 0x00, 0x00, 0x00, 0x00, 0x00, 0x00, 0x00, 0x00, 0x00, 0x00, 0x00, 0x00, 0x00, 0x00, 0x00,
    0x00, 0x00, 0x00, 0x00, 0x00, 0x00, 0x00, 0x00, 0x00, 0x00, 0x00, 0x00, 0x00, 0x00, 0x00, 0x00,
    0x00, 0x00, 0x00, 0x00, 0x00, 0x00, 0x00, 0x00, 0x00, 0x00, 0x00, 0x00, 0x00, 0x00, 0x00, 0x00,
    0x00, 0x00, 0x00, 0x00, 0x00, 0x00, 0x00, 0x00, 0x00, 0x00, 0x00, 0x00, 0x00, 0x00, 0x00, 0x00,
    0x00, 0x00, 0x00, 0x00, 0x00, 0x00, 0x00, 0x00, 0x00, 0x00, 0x00, 0x00, 0x00, 0x00, 0x00, 0x00,
    0x00, 0x00, 0x00, 0x00, 0x00, 0x00, 0x00, 0x00, 0x00, 0x00, 0xdf, 0xf2, 0x00, 0xcf, 0xf2, 0x00,
    0x00, 0x00, 0x01, 0xff, 0xe0, 0x00, 0xff, 0xf0, 0x00, 0x00, 0x00, 0x04, 0xff, 0xb0, 0x02, 0xff,
    0xd0, 0x00, 0x00, 0x00, 0x07, 0xff, 0x80, 0x04, 0xff, 0xa0, 0x00, 0x00, 0x00, 0x0a, 0xff, 0x50,
    0x06, 0xff, 0x80, 0x00, 0x00, 0xdf, 0xff, 0xff, 0xff, 0xff, 0xff, 0xff, 0xf2, 0x01, 0xff, 0xff,
    0xff, 0xff, 0xff, 0xff, 0xff, 0xe0, 0x02, 0x88, 0x8e, 0xff, 0x98, 0x8f, 0xff, 0x98, 0x60, 0x00,
    0x00, 0x0e, 0xfe, 0x00, 0x2f, 0xff, 0x00, 0x00, 0x00, 0x00, 0x2f, 0xfb, 0x00, 0x5f, 0xfd, 0x00,
    0x00, 0x00, 0x00, 0x5f, 0xf6, 0x00, 0x8f, 0xfa, 0x00, 0x00, 0x00, 0x00, 0x8f, 0xf2, 0x00, 0xaf,
    0xf8, 0x00, 0x00, 0x0c, 0xff, 0xff, 0xff, 0xff, 0xff, 0xff, 0xff, 0x20, 0x1f, 0xff, 0xff, 0xff,
    0xff, 0xff, 0xff, 0xfe, 0x00, 0x28, 0x88, 0xef, 0xf9, 0x88, 0xff, 0xd8, 0x86, 0x00, 0x00, 0x01,
    0xff, 0xe0, 0x03, 0xff, 0xa0, 0x00, 0x00, 0x00, 0x04, 0xff, 0xb0, 0x07, 0xff, 0x70, 0x00, 0x00,
    0x00, 0x09, 0xff, 0x70, 0x0a, 0xff, 0x40, 0x00, 0x00, 0x00, 0x0d, 0xff, 0x20, 0x0e, 0xff, 0x10,
    0x00, 0x00, 0x00, 0x2f, 0xfd, 0x00, 0x2f, 0xfd, 0x00, 0x00, 0x00, 0x00, 0x00, 0x00, 0x00, 0x00,
    0x00, 0x00, 0x00, 0x00, 0x00, 0x00, 0x00, 0x00, 0xff, 0x00, 0x00, 0x00, 0x00, 0x00, 0x00, 0x00,
    0x0f, 0xf0, 0x00, 0x00, 0x00, 0x00, 0x00, 0x00, 0x03, 0xff, 0x00, 0x00, 0x00, 0x00, 0x00, 0x02,
    0x9e, 0xff, 0xfe, 0xdb, 0x72, 0x00, 0x00, 0x03, 0xef, 0xff, 0xff, 0xff, 0xff, 0xf0, 0x00, 0x01,
    0xef, 0xff, 0xff, 0xff, 0xff, 0xff, 0x00, 0x00, 0x9f, 0xff, 0xc3, 0xff, 0x69, 0xef, 0xf0, 0x00,
    0x0d, 0xff, 0xf2, 0x0f, 0xf0, 0x00, 0x6e, 0x00, 0x00, 0xff, 0xff, 0x10, 0xff, 0x00, 0x00, 0x10,
    0x00, 0x0e, 0xff, 0xf5, 0x0f, 0xf0, 0x00, 0x00, 0x00, 0x00, 0xaf, 0xff, 0xe5, 0xff, 0x00, 0x00,
    0x00, 0x00, 0x03, 0xff, 0xff, 0xff, 0xf0, 0x00, 0x00, 0x00, 0x00, 0x06, 0xff, 0xff, 0xff, 0xe7,
    0x10, 0x00, 0x00, 0x00, 0x04, 0xdf, 0xff, 0xff, 0xfe, 0x50, 0x00, 0x00, 0x00, 0x00, 0x6c, 0xff,
    0xff, 0xff, 0x80, 0x00, 0x00, 0x00, 0x00, 0x0f, 0xff, 0xff, 0xff, 0x40, 0x00, 0x00, 0x00, 0x00,
    0xff, 0x2d, 0xff, 0xfb, 0x00, 0x00, 0x00, 0x00, 0x0f, 0xf0, 0x4f, 0xff, 0xe0, 0x00, 0x10, 0x00,
    0x00, 0xff, 0x01, 0xff, 0xff, 0x00, 0x0e, 0x82, 0x00, 0x0f, 0xf0, 0x4f, 0xff, 0xd0, 0x00, 0xff,
    0xfc, 0x86, 0xff, 0x7e, 0xff, 0xf8, 0x00, 0x0f, 0xff, 0xff, 0xff, 0xff, 0xff, 0xfd, 0x10, 0x00,
    0xdf, 0xff, 0xff, 0xff, 0xff, 0xfc, 0x20, 0x00, 0x00, 0x48, 0xbe, 0xff, 0xfe, 0xb6, 0x00, 0x00,
    0x00, 0x00, 0x00, 0x00, 0xff, 0x00, 0x00, 0x00, 0x00, 0x00, 0x00, 0x00, 0x0f, 0xf0, 0x00, 0x00,
    0x00, 0x00, 0x00, 0x00, 0x00, 0xff, 0x00, 0x00, 0x00, 0x00, 0x00, 0x03, 0xad, 0xfe, 0xb6, 0x00,
    0x00, 0x00, 0x00, 0x2e, 0xfd, 0x10, 0x00, 0x00, 0x6f, 0xff, 0xff, 0xff, 0xa0, 0x00, 0x00, 0x00,
    0xcf, 0xf3, 0x00, 0x00, 0x04, 0xff, 0xfb, 0x8a, 0xff, 0xf6, 0x00, 0x00, 0x09, 0xff, 0x60, 0x00,
    0x00, 0x0a, 0xff, 0x70, 0x00, 0x7f, 0xfc, 0x00, 0x00, 0x5f, 0xfa, 0x00, 0x00, 0x00, 0x0e, 0xff,
    0x20, 0x00, 0x1f, 0xfe, 0x00, 0x02, 0xef, 0xd1, 0x00, 0x00, 0x00, 0x0f, 0xff, 0x10, 0x00, 0x1f,
    0xfe, 0x00, 0x0c, 0xff, 0x30, 0x00, 0x00, 0x00, 0x0d, 0xff, 0x30, 0x00, 0x4f, 0xfc, 0x00, 0x8f,
    0xf7, 0x00, 0x00, 0x00, 0x00, 0x09, 0xff, 0xc3, 0x13, 0xcf, 0xf7, 0x04, 0xff, 0xb0, 0x00, 0x00,
    0x00, 0x00, 0x02, 0xef, 0xff, 0xff, 0xff, 0xd1, 0x2e, 0xfd, 0x10, 0x00, 0x00, 0x00, 0x00, 0x00,
    0x3c, 0xff, 0xff, 0xfa, 0x10, 0xbf, 0xf4, 0x00, 0x00, 0x00, 0x00, 0x00, 0x00, 0x00, 0x36, 0x76,
    0x20, 0x08, 0xff, 0x70, 0x39, 0xdf, 0xeb, 0x60, 0x00, 0x00, 0x00, 0x00, 0x00, 0x00, 0x4f, 0xfb,
    0x05, 0xff, 0xff, 0xff, 0xfa, 0x00, 0x00, 0x00, 0x00, 0x00, 0x01, 0xdf, 0xe2, 0x3f, 0xff, 0xb8,
    0xbf, 0xff, 0x60, 0x00, 0x00, 0x00, 0x00, 0x0b, 0xff, 0x40, 0x9f, 0xf8, 0x00, 0x09, 0xff, 0xb0,
    0x00, 0x00, 0x00, 0x00, 0x7f, 0xf8, 0x00, 0xdf, 0xf2, 0x00, 0x02, 0xff, 0xe0, 0x00, 0x00, 0x00,
    0x03, 0xff, 0xc0, 0x00, 0xff, 0xf0, 0x00, 0x00, 0xff, 0xf0, 0x00, 0x00, 0x00, 0x1d, 0xfe, 0x20,
    0x00, 0xef, 0xf2, 0x00, 0x02, 0xff, 0xd0, 0x00, 0x00, 0x00, 0xaf, 0xf5, 0x00, 0x00, 0xbf, 0xf8,
    0x00, 0x08, 0xff, 0xa0, 0x00, 0x00, 0x06, 0xff, 0x90, 0x00, 0x00, 0x5f, 0xff, 0xa8, 0xbf, 0xff,
    0x30, 0x00, 0x00, 0x3f, 0xfc, 0x00, 0x00, 0x00, 0x08, 0xff, 0xff, 0xff, 0xf5, 0x00, 0x00, 0x01,
    0xdf, 0xe2, 0x00, 0x00, 0x00, 0x00, 0x5b, 0xef, 0xd9, 0x30, 0x00, 0x00, 0x00, 0x03, 0x8c, 0xef,
    0xec, 0x93, 0x00, 0x00, 0x00, 0x00, 0x00, 0x00, 0x00, 0x00, 0x8f, 0xff, 0xff, 0xff, 0xff, 0x90,
    0x00, 0x00, 0x00, 0x00, 0x00, 0x00, 0x06, 0xff, 0xff, 0xff, 0xff, 0xff, 0xf7, 0x00, 0x00, 0x00,
    0x00, 0x00, 0x00, 0x0d, 0xff, 0xfb, 0x30, 0x2a, 0xff, 0xfd, 0x00, 0x00, 0x00, 0x00, 0x00, 0x00,
    0x0f, 0xff, 0xf1, 0x00, 0x01, 0xff, 0xff, 0x00, 0x00, 0x00, 0x00, 0x00, 0x00, 0x0c, 0xff, 0xf4,
    0x00, 0x05, 0xff, 0xfb, 0x00, 0x03, 0xff, 0xfd, 0x00, 0x00, 0x05, 0xff, 0xfe, 0x42, 0x8f, 0xff,
    0xf3, 0x00, 0x01, 0xff, 0xff, 0x00, 0x00, 0x00, 0x7f, 0xff, 0xff, 0xff, 0xfd, 0x30, 0x00, 0x01,
    0xff, 0xfe, 0x00, 0x00, 0x00, 0x09, 0xff, 0xff, 0xff, 0x60, 0x00, 0x00, 0x02, 0xff, 0xfd, 0x00,
    0x00, 0x03, 0xcf, 0xff, 0xff, 0xff, 0xe6, 0x00, 0x00, 0x06, 0xff, 0xfa, 0x00, 0x00, 0x4f, 0xff,
    0xfd, 0x8d, 0xff, 0xff, 0xb1, 0x00, 0x0b, 0xff, 0xf6, 0x00, 0x02, 0xef, 0xff, 0x80, 0x00, 0x7f,
    0xff, 0xfd, 0x20, 0x4f, 0xff, 0xe1, 0x00, 0x09, 0xff, 0xf9, 0x00, 0x00, 0x03, 0xdf, 0xff, 0xc2,
    0xdf, 0xff, 0x70, 0x00, 0x0d, 0xff, 0xf3, 0x00, 0x00, 0x00, 0x2d, 0xff, 0xff, 0xff, 0xfc, 0x00,
    0x00, 0x0f, 0xff, 0xf0, 0x00, 0x00, 0x00, 0x02, 0xef, 0xff, 0xff, 0xe2, 0x00, 0x00, 0x0e, 0xff,
    0xf3, 0x00, 0x00, 0x00, 0x00, 0x8f, 0xff, 0xfe, 0x30, 0x00, 0x00, 0x0b, 0xff, 0xfc, 0x10, 0x00,
    0x00, 0x29, 0xff, 0xff, 0xfc, 0x20, 0x00, 0x11, 0x05, 0xff, 0xff, 0xe9, 0x66, 0x8b, 0xff, 0xff,
    0xff, 0xff, 0xe9, 0x79, 0xe2, 0x00, 0xaf, 0xff, 0xff, 0xff, 0xff, 0xff, 0xff, 0xbf, 0xff, 0xff,
    0xff, 0xf2, 0x00, 0x08, 0xff, 0xff, 0xff, 0xff, 0xff, 0xc4, 0x04, 0xef, 0xff, 0xff, 0xf2, 0x00,
    0x00, 0x28, 0xbe, 0xfe, 0xdb, 0x83, 0x00, 0x00, 0x17, 0xce, 0xec, 0x81, 0x00, 0x6f, 0xff, 0x60,
    0x00, 0x05, 0xff, 0xf5, 0x00, 0x00, 0x4f, 0xff, 0x40, 0x00, 0x03, 0xff, 0xf3, 0x00, 0x00, 0x2f,
    0xff, 0x20, 0x00, 0x01, 0xff, 0xf1, 0x00, 0x00, 0x0f, 0xff, 0x00, 0x00, 0x00, 0x00, 0x00, 0x00,
    0x00, 0x00, 0x00, 0x00, 0x00, 0x00, 0x00, 0x00, 0x00, 0x00, 0x00, 0x00, 0x00, 0x00, 0x00, 0x00,
    0x00, 0x00, 0x00, 0x00, 0x00, 0x00, 0x00, 0x00, 0x00, 0x00, 0x00, 0x00, 0x00, 0x00, 0x00, 0x00,
    0x00, 0x00, 0x00, 0x00, 0x00, 0x00, 0x00, 0x00, 0x00, 0x00, 0x00, 0x00, 0x00, 0x00, 0x00, 0x00,
    0x00, 0x00, 0x00, 0x00, 0x00, 0x00, 0x00, 0x00, 0x00, 0x00, 0x00, 0x00, 0x00, 0x00, 0x3e, 0xff,
    0xc1, 0x00, 0x00, 0x01, 0xef, 0xfe, 0x20, 0x00, 0x00, 0x0b, 0xff, 0xf5, 0x00, 0x00, 0x00, 0x6f,
    0xff, 0xa0, 0x00, 0x00, 0x01, 0xef, 0xff, 0x20, 0x00, 0x00, 0x06, 0xff, 0xfa, 0x00, 0x00, 0x00,
    0x0c, 0xff, 0xf3, 0x00, 0x00, 0x00, 0x3f, 0xff, 0xd0, 0x00, 0x00, 0x00, 0x7f, 0xff, 0x90, 0x00,
    0x00, 0x00, 0xaf, 0xff, 0x50, 0x00, 0x00, 0x00, 0xcf, 0xff, 0x30, 0x00, 0x00, 0x00, 0xef, 0xff,
    0x10, 0x00, 0x00, 0x00, 0xff, 0xff, 0x00, 0x00, 0x00, 0x00, 0xff, 0xff, 0x00, 0x00, 0x00, 0x00,
    0xef, 0xff, 0x10, 0x00, 0x00, 0x00, 0xdf, 0xff, 0x30, 0x00, 0x00, 0x00, 0xbf, 0xff, 0x50, 0x00,
    0x00, 0x00, 0x8f, 0xff, 0x80, 0x00, 0x00, 0x00, 0x4f, 0xff, 0xc0, 0x00, 0x00, 0x00, 0x0e, 0xff,
    0xf3, 0x00, 0x00, 0x00, 0x08, 0xff, 0xf9, 0x00, 0x00, 0x00, 0x01, 0xef, 0xff, 0x20, 0x00, 0x00,
    0x00, 0x7f, 0xff, 0xa0, 0x00, 0x00, 0x00, 0x0c, 0xff, 0xf4, 0x00, 0x00, 0x00, 0x02, 0xef, 0xfe,
    0x10, 0x00, 0x00, 0x00, 0x4f, 0xff, 0xc1, 0x1c, 0xff, 0xe3, 0x00, 0x00, 0x00, 0x02, 0xef, 0xfe,
    0x10, 0x00, 0x00, 0x00, 0x5f, 0xff, 0xb0, 0x00, 0x00, 0x00, 0x0a, 0xff, 0xf6, 0x00, 0x00, 0x00,
    0x02, 0xff, 0xfe, 0x00, 0x00, 0x00, 0x00, 0xaf, 0xff, 0x60, 0x00, 0x00, 0x00, 0x3f, 0xff, 0xc0,
    0x00, 0x00, 0x00, 0x0d, 0xff, 0xf2, 0x00, 0x00, 0x00, 0x09, 0xff, 0xf7, 0x00, 0x00, 0x00, 0x05,
    0xff, 0xfa, 0x00, 0x00, 0x00, 0x03, 0xff, 0xfc, 0x00, 0x00, 0x00, 0x01, 0xff, 0xfe, 0x00, 0x00,
    0x00, 0x00, 0xff, 0xff, 0x00, 0x00, 0x00, 0x00, 0xff, 0xff, 0x00, 0x00, 0x00, 0x01, 0xff, 0xfe,
    0x00, 0x00, 0x00, 0x03, 0xff, 0xfd, 0x00, 0x00, 0x00, 0x05, 0xff, 0xfb, 0x00, 0x00, 0x00, 0x08,
    0xff, 0xf7, 0x00, 0x00, 0x00, 0x0c, 0xff, 0xf4, 0x00, 0x00, 0x00, 0x3f, 0xff, 0xd0, 0x00, 0x00,
    0x00, 0x9f, 0xff, 0x80, 0x00, 0x00, 0x02, 0xff, 0xfe, 0x10, 0x00, 0x00, 0x0a, 0xff, 0xf7, 0x00,
    0x00, 0x00, 0x4f, 0xff, 0xc0, 0x00, 0x00, 0x01, 0xef, 0xfe, 0x20, 0x00, 0x00, 0x1c, 0xff, 0xf4,
    0x00, 0x00, 0x00, 0x00, 0x00, 0x0e, 0xfe, 0x00, 0x00, 0x00, 0x00, 0x00, 0x0d, 0xfd, 0x00, 0x00,
    0x00, 0x00, 0x00, 0x0b, 0xfb, 0x00, 0x00, 0x00, 0x06, 0xa3, 0x0a, 0xfa, 0x15, 0x9d, 0x20, 0x0b,
    0xff, 0xcb, 0xfe, 0xff, 0xff, 0x70, 0x1f, 0xff, 0xff, 0xff, 0xff, 0xff, 0xc0, 0x01, 0x35, 0xaf,
    0xff, 0xc2, 0x10, 0x00, 0x00, 0x04, 0xef, 0xef, 0xfc, 0x20, 0x00, 0x00, 0x4e, 0xff, 0x2c, 0xff,
    0xe3, 0x00, 0x00, 0x8f, 0xf8, 0x01, 0xdf, 0xf8, 0x00, 0x00, 0x03, 0xb1, 0x00, 0x3c, 0x30, 0x00,
    0x00, 0x00, 0x00, 0x00, 0x00, 0x00, 0x00, 0x00, 0x00, 0x00, 0x00, 0x00, 0x00, 0x00, 0x00, 0x00,
    0x00, 0x00, 0x00, 0x00, 0x00, 0x00, 0x00, 0x00, 0x00, 0x00, 0x00, 0x00, 0x00, 0x00, 0x00, 0x00,
    0x00, 0x00, 0x00, 0x00, 0x00, 0x00, 0x00, 0x00, 0x00, 0x00, 0x00, 0x00, 0x00, 0x00, 0x00, 0x00,
    0x00, 0x00, 0x00, 0x00, 0x00, 0x00, 0x00, 0x00, 0x00, 0x00, 0x00, 0x00, 0x00, 0x00, 0x00, 0x00,
    0x00, 0x00, 0x00, 0x00, 0x00, 0x00, 0x00, 0x00, 0x00, 0x00, 0x0f, 0xff, 0x00, 0x00, 0x00, 0x00,
    0x00, 0x00, 0x00, 0x00, 0x00, 0xff, 0xf0, 0x00, 0x00, 0x00, 0x00, 0x00, 0x00, 0x00, 0x00, 0x0f,
    0xff, 0x00, 0x00, 0x00, 0x00, 0x00, 0x00, 0x00, 0x00, 0x00, 0xff, 0xf0, 0x00, 0x00, 0x00, 0x00,
    0x00, 0x00, 0x00, 0x00, 0x0f, 0xff, 0x00, 0x00, 0x00, 0x00, 0x00, 0x00, 0x00, 0x00, 0x00, 0xff,
    0xf0, 0x00, 0x00, 0x00, 0x00, 0x00, 0x0f, 0xff, 0xff, 0xff, 0xff, 0xff, 0xff, 0xff, 0x00, 0x00,
    0x00, 0xff, 0xff, 0xff, 0xff, 0xff, 0xff, 0xff, 0xf0, 0x00, 0x00, 0x0d, 0xdd, 0xdd, 0xdf, 0xff,
    0xdd, 0xdd, 0xdd, 0x00, 0x00, 0x00, 0x00, 0x00, 0x00, 0xff, 0xf0, 0x00, 0x00, 0x00, 0x00, 0x00,
    0x00, 0x00, 0x00, 0x0f, 0xff, 0x00, 0x00, 0x00, 0x00, 0x00, 0x00, 0x00, 0x00, 0x00, 0xff, 0xf0,
    0x00, 0x00, 0x00, 0x00, 0x00, 0x00, 0x00, 0x00, 0x0f, 0xff, 0x00, 0x00, 0x00, 0x00, 0x00, 0x00,
    0x00, 0x00, 0x00, 0xff, 0xf0, 0x00, 0x00, 0x00, 0x00, 0x00, 0x00, 0x00, 0x00, 0x0f, 0xff, 0x00,
    0x00, 0x00, 0x00, 0x00, 0x00, 0x00, 0x00, 0x00, 0x00, 0x00, 0x00, 0x00, 0x00, 0x00, 0x00, 0xef,
    0xfd, 0x00, 0x02, 0xff, 0xf8, 0x00, 0x05, 0xff, 0xf4, 0x00, 0x08, 0xff, 0xe0, 0x00, 0x0b, 0xff,
    0xa0, 0x00, 0x0e, 0xff, 0x60, 0x00, 0x2f, 0xff, 0x10, 0x00, 0x00, 0xff, 0xff, 0xff, 0xff, 0x00,
    0x00, 0xff, 0xff, 0xff, 0xff, 0x00, 0x00, 0xff, 0xff, 0xff, 0xff, 0x00, 0x00, 0x22, 0x22, 0x22,
    0x22, 0x00, 0x00, 0x00, 0x00, 0x00, 0x00, 0x00, 0x00, 0x00, 0x00, 0x00, 0x00, 0x00, 0x00, 0x00,
    0x00, 0x00, 0x00, 0x00, 0x00, 0x00, 0x00, 0x00, 0x00, 0x00, 0x00, 0x00, 0x00, 0x00, 0x00, 0x00,
    0x00, 0x00, 0x00, 0x00, 0x00, 0x00, 0x00, 0x7a, 0x70, 0x00, 0x0a, 0xff, 0xf9, 0x00, 0x0e, 0xff,
    0xfe, 0x00, 0x0c, 0xff, 0xfc, 0x00, 0x02, 0xce, 0xc3, 0x00, 0x00, 0x00, 0x00, 0x00, 0x00, 0x6f,
    0xff, 0xc0, 0x00, 0x00, 0x00, 0x00, 0x0c, 0xff, 0xf6, 0x00, 0x00, 0x00, 0x00, 0x03, 0xff, 0xfe,
    0x00, 0x00, 0x00, 0x00, 0x00, 0x9f, 0xff, 0x80, 0x00, 0x00, 0x00, 0x00, 0x1e, 0xff, 0xf2, 0x00,
    0x00, 0x00, 0x00, 0x06, 0xff, 0xfb, 0x00, 0x00, 0x00, 0x00, 0x00, 0xcf, 0xff, 0x50, 0x00, 0x00,
    0x00, 0x00, 0x3f, 0xff, 0xd0, 0x00, 0x00, 0x00, 0x00, 0x09, 0xff, 0xf7, 0x00, 0x00, 0x00, 0x00,
    0x01, 0xef, 0xff, 0x10, 0x00, 0x00, 0x00, 0x00, 0x6f, 0xff, 0xa0, 0x00, 0x00, 0x00, 0x00, 0x0c,
    0xff, 0xf4, 0x00, 0x00, 0x00, 0x00, 0x03, 0xff, 0xfc, 0x00, 0x00, 0x00, 0x00, 0x00, 0x9f, 0xff,
    0x60, 0x00, 0x00, 0x00, 0x00, 0x1e, 0xff, 0xe1, 0x00, 0x00, 0x00, 0x00, 0x06, 0xff, 0xf9, 0x00,
    0x00, 0x00, 0x00, 0x00, 0xcf, 0xff, 0x20, 0x00, 0x00, 0x00, 0x00, 0x3f, 0xff, 0xb0, 0x00, 0x00,
    0x00, 0x00, 0x09, 0xff, 0xf5, 0x00, 0x00, 0x00, 0x00, 0x01, 0xef, 0xfe, 0x00, 0x00, 0x00, 0x00,
    0x00, 0x7f, 0xff, 0x80, 0x00, 0x00, 0x00, 0x00, 0x0d, 0xff, 0xf2, 0x00, 0x00, 0x00, 0x00, 0x04,
    0xff, 0xfa, 0x00, 0x00, 0x00, 0x00, 0x00, 0xaf, 0xff, 0x40, 0x00, 0x00, 0x00, 0x00, 0x1f, 0xff,
    0xd0, 0x00, 0x00, 0x00, 0x00, 0x00, 0x00, 0x00, 0x04, 0xad, 0xfe, 0xc7, 0x10, 0x00, 0x00, 0x00,
    0x1a, 0xff, 0xff, 0xff, 0xfe, 0x40, 0x00, 0x00, 0x0b, 0xff, 0xff, 0xff, 0xff, 0xfe, 0x20, 0x00,
    0x06, 0xff, 0xff, 0xa6, 0x9f, 0xff, 0xfa, 0x00, 0x00, 0xef, 0xff, 0x60, 0x00, 0x4f, 0xff, 0xf2,
    0x00, 0x4f, 0xff, 0xc0, 0x00, 0x00, 0xbf, 0xff, 0x70, 0x08, 0xff, 0xf7, 0x00, 0x00, 0x06, 0xff,
    0xfa, 0x00, 0xbf, 0xff, 0x40, 0x00, 0x00, 0x3f, 0xff, 0xc0, 0x0d, 0xff, 0xf2, 0x00, 0x00, 0x01,
    0xff, 0xfe, 0x00, 0xef, 0xff, 0x10, 0x00, 0x00, 0x1f, 0xff, 0xe0, 0x0f, 0xff, 0xf0, 0x00, 0x00,
    0x00, 0xff, 0xff, 0x00, 0xff, 0xff, 0x00, 0x00, 0x00, 0x1f, 0xff, 0xe0, 0x0e, 0xff, 0xf1, 0x00,
    0x00, 0x01, 0xff, 0xfd, 0x00, 0xdf, 0xff, 0x30, 0x00, 0x00, 0x3f, 0xff, 0xb0, 0x0a, 0xff, 0xf6,
    0x00, 0x00, 0x06, 0xff, 0xf9, 0x00, 0x7f, 0xff, 0xb0, 0x00, 0x00, 0xbf, 0xff, 0x40, 0x02, 0xff,
    0xff, 0x50, 0x00, 0x5f, 0xff, 0xe0, 0x00, 0x0a, 0xff, 0xff, 0x96, 0x9f, 0xff, 0xf7, 0x00, 0x00,
    0x2e, 0xff, 0xff, 0xff, 0xff, 0xfb, 0x00, 0x00, 0x00, 0x3e, 0xff, 0xff, 0xff, 0xfb, 0x10, 0x00,
    0x00, 0x00, 0x17, 0xce, 0xfd, 0xa5, 0x00, 0x00, 0x00, 0x00, 0x00, 0x00, 0x04, 0xdf, 0xf0, 0x00,
    0x00, 0x00, 0x00, 0x00, 0x2a, 0xff, 0xff, 0x00, 0x00, 0x00, 0x00, 0x04, 0xaf, 0xff, 0xff, 0xf0,
    0x00, 0x00, 0x00, 0x0e, 0xff, 0xff, 0xff, 0xff, 0x00, 0x00, 0x00, 0x00, 0xff, 0xff, 0xff, 0xff,
    0xf0, 0x00, 0x00, 0x00, 0x0f, 0xff, 0xe5, 0xff, 0xff, 0x00, 0x00, 0x00, 0x00, 0xea, 0x50, 0x0f,
    0xff, 0xf0, 0x00, 0x00, 0x00, 0x00, 0x00, 0x00, 0xff, 0xff, 0x00, 0x00, 0x00, 0x00, 0x00, 0x00,
    0x0f, 0xff, 0xf0, 0x00, 0x00, 0x00, 0x00, 0x00, 0x00, 0xff, 0xff, 0x00, 0x00, 0x00, 0x00, 0x00,
    0x00, 0x0f, 0xff, 0xf0, 0x00, 0x00, 0x00, 0x00, 0x00, 0x00, 0xff, 0xff, 0x00, 0x00, 0x00, 0x00,
    0x00, 0x00, 0x0f, 0xff, 0xf0, 0x00, 0x00, 0x00, 0x00, 0x00, 0x00, 0xff, 0xff, 0x00, 0x00, 0x00,
    0x00, 0x00, 0x00, 0x0f, 0xff, 0xf0, 0x00, 0x00, 0x00, 0x00, 0x00, 0x00, 0xff, 0xff, 0x00, 0x00,
    0x00, 0x00, 0x00, 0x00, 0x0f, 0xff, 0xf0, 0x00, 0x00, 0x00, 0x00, 0x00, 0x00, 0xff, 0xff, 0x00,
    0x00, 0x00, 0x00, 0x00, 0x00, 0x0f, 0xff, 0xf0, 0x00, 0x00, 0x00, 0x00, 0x00, 0x00, 0xff, 0xff,
    0x00, 0x00, 0x00, 0x00, 0x00, 0x00, 0x0f, 0xff, 0xf0, 0x00, 0x00, 0x00, 0x00, 0x01, 0x7b, 0xef,
    0xec, 0x81, 0x00, 0x00, 0x00, 0x08, 0xff, 0xff, 0xff, 0xff, 0xe4, 0x00, 0x00, 0x00, 0xff, 0xff,
    0xff, 0xff, 0xff, 0xe2, 0x00, 0x00, 0x0f, 0xff, 0xb9, 0x9d, 0xff, 0xff, 0x80, 0x00, 0x00, 0xf9,
    0x20, 0x00, 0x09, 0xff, 0xfd, 0x00, 0x00, 0x05, 0x00, 0x00, 0x00, 0x2f, 0xff, 0xe0, 0x00, 0x00,
    0x00, 0x00, 0x00, 0x01, 0xff, 0xfe, 0x00, 0x00, 0x00, 0x00, 0x00, 0x00, 0x3f, 0xff, 0xd0, 0x00,
    0x00, 0x00, 0x00, 0x00, 0x0a, 0xff, 0xf9, 0x00, 0x00, 0x00, 0x00, 0x00, 0x07, 0xff, 0xff, 0x30,
    0x00, 0x00, 0x00, 0x00, 0x08, 0xff, 0xff, 0x80, 0x00, 0x00, 0x00, 0x00, 0x1b, 0xff, 0xff, 0xb0,
    0x00, 0x00, 0x00, 0x00, 0x3d, 0xff, 0xff, 0xa1, 0x00, 0x00, 0x00, 0x00, 0x4f, 0xff, 0xff, 0x80,
    0x00, 0x00, 0x00, 0x00, 0x3f, 0xff, 0xfe, 0x50, 0x00, 0x00, 0x00, 0x00, 0x0d, 0xff, 0xfe, 0x30,
    0x00, 0x00, 0x00, 0x00, 0x06, 0xff, 0xff, 0x60, 0x00, 0x00, 0x00, 0x00, 0x00, 0xbf, 0xff, 0xfb,
    0xaa, 0xaa, 0xaa, 0xa0, 0x00, 0x0e, 0xff, 0xff, 0xff, 0xff, 0xff, 0xff, 0x00, 0x00, 0xff, 0xff,
    0xff, 0xff, 0xff, 0xff, 0xf0, 0x00, 0x0f, 0xff, 0xff, 0xff, 0xff, 0xff, 0xff, 0x00, 0x00, 0x00,
    0x03, 0x8c, 0xef, 0xec, 0x82, 0x00, 0x00, 0x00, 0x00, 0xff, 0xff, 0xff, 0xff, 0xe6, 0x00, 0x00,
    0x00, 0x0f, 0xff, 0xff, 0xff, 0xff, 0xf4, 0x00, 0x00, 0x00, 0xfc, 0x97, 0x7b, 0xff, 0xff, 0xb0,
    0x00, 0x00, 0x03, 0x00, 0x00, 0x07, 0xff, 0xfe, 0x00, 0x00, 0x00, 0x00, 0x00, 0x00, 0x2f, 0xff,
    0xe0, 0x00, 0x00, 0x00, 0x00, 0x00, 0x01, 0xff, 0xfd, 0x00, 0x00, 0x00, 0x00, 0x00, 0x00, 0x6f,
    0xff, 0x90, 0x00, 0x00, 0x00, 0x00, 0x13, 0x8f, 0xff, 0xe2, 0x00, 0x00, 0x00, 0x0f, 0xff, 0xff,
    0xff, 0xe4, 0x00, 0x00, 0x00, 0x00, 0xff, 0xff, 0xff, 0xc4, 0x00, 0x00, 0x00, 0x00, 0x0f, 0xff,
    0xff, 0xff, 0xfc, 0x30, 0x00, 0x00, 0x00, 0x66, 0x67, 0xae, 0xff, 0xfe, 0x20, 0x00, 0x00, 0x00,
    0x00, 0x00, 0x1b, 0xff, 0xfa, 0x00, 0x00, 0x00, 0x00, 0x00, 0x00, 0x2f, 0xff, 0xe0, 0x00, 0x01,
    0x00, 0x00, 0x00, 0x01, 0xff, 0xfe, 0x00, 0x00, 0xe5, 0x00, 0x00, 0x00, 0x9f, 0xff, 0xc0, 0x00,
    0x0f, 0xfd, 0x97, 0x78, 0xdf, 0xff, 0xf7, 0x00, 0x00, 0xff, 0xff, 0xff, 0xff, 0xff, 0xfc, 0x00,
    0x00, 0x0f, 0xff, 0xff, 0xff, 0xff, 0xfa, 0x10, 0x00, 0x00, 0x27, 0xbe, 0xff, 0xec, 0x83, 0x00,
    0x00, 0x00, 0x00, 0x00, 0x00, 0x00, 0x05, 0xff, 0xff, 0x00, 0x00, 0x00, 0x00, 0x00, 0x00, 0xdf,
    0xff, 0xf0, 0x00, 0x00, 0x00, 0x00, 0x00, 0x8f, 0xff, 0xff, 0x00, 0x00, 0x00, 0x00, 0x00, 0x3f,
    0xff, 0xff, 0xf0, 0x00, 0x00, 0x00, 0x00, 0x1d, 0xff, 0xff, 0xff, 0x00, 0x00, 0x00, 0x00, 0x09,
    0xff, 0xef, 0xff, 0xf0, 0x00, 0x00, 0x00, 0x05, 0xff, 0xf6, 0xff, 0xff, 0x00, 0x00, 0x00, 0x03,
    0xff, 0xfa, 0x0f, 0xff, 0xf0, 0x00, 0x00, 0x02, 0xef, 0xfd, 0x10, 0xff, 0xff, 0x00, 0x00, 0x01,
    0xcf, 0xfe, 0x20, 0x0f, 0xff, 0xf0, 0x00, 0x00, 0xbf, 0xfe, 0x30, 0x00, 0xff, 0xff, 0x00, 0x00,
    0xaf, 0xff, 0x50, 0x00, 0x0f, 0xff, 0xf0, 0x00, 0x9f, 0xff, 0x60, 0x00, 0x00, 0xff, 0xff, 0x00,
    0x0f, 0xff, 0xff, 0xff, 0xff, 0xff, 0xff, 0xff, 0xff, 0xff, 0xff, 0xff, 0xff, 0xff, 0xff, 0xff,
    0xff, 0xff, 0xff, 0xff, 0xff, 0xff, 0xff, 0xff, 0xff, 0xff, 0x33, 0x33, 0x33, 0x33, 0x33, 0xff,
    0xff, 0x33, 0x30, 0x00, 0x00, 0x00, 0x00, 0x0f, 0xff, 0xf0, 0x00, 0x00, 0x00, 0x00, 0x00, 0x00,
    0xff, 0xff, 0x00, 0x00, 0x00, 0x00, 0x00, 0x00, 0x0f, 0xff, 0xf0, 0x00, 0x00, 0x00, 0x00, 0x00,
    0x00, 0xff, 0xff, 0x00, 0x00, 0x00, 0x04, 0xff, 0xff, 0xff, 0xff, 0xff, 0x00, 0x00, 0x00, 0x5f,
    0xff, 0xff, 0xff, 0xff, 0xf0, 0x00, 0x00, 0x06, 0xff, 0xff, 0xff, 0xff, 0xff, 0x00, 0x00, 0x00,
    0x7f, 0xff, 0xba, 0xaa, 0xaa, 0xa0, 0x00, 0x00, 0x08, 0xff, 0xf3, 0x00, 0x00, 0x00, 0x00, 0x00,
    0x00, 0x9f, 0xff, 0x20, 0x00, 0x00, 0x00, 0x00, 0x00, 0x0a, 0xff, 0xf1, 0x00, 0x00, 0x00, 0x00,
    0x00, 0x00, 0xbf, 0xff, 0x00, 0x00, 0x00, 0x00, 0x00, 0x00, 0x0c, 0xff, 0xfe, 0xfe, 0xc8, 0x10,
    0x00, 0x00, 0x00, 0xdf, 0xff, 0xff, 0xff, 0xfe, 0x40, 0x00, 0x00, 0x0e, 0xff, 0xff, 0xff, 0xff,
    0xfe, 0x10, 0x00, 0x00, 0xda, 0x87, 0x8a, 0xef, 0xff, 0xf8, 0x00, 0x00, 0x00, 0x00, 0x00, 0x01,
    0xbf, 0xff, 0xc0, 0x00, 0x00, 0x00, 0x00, 0x00, 0x03, 0xff, 0xfe, 0x00, 0x00, 0x00, 0x00, 0x00,
    0x00, 0x1f, 0xff, 0xe0, 0x00, 0x00, 0x00, 0x00, 0x00, 0x03, 0xff, 0xfd, 0x00, 0x00, 0x07, 0x00,
    0x00, 0x01, 0xcf, 0xff, 0x90, 0x00, 0x00, 0xfe, 0xa7, 0x68, 0xef, 0xff, 0xf2, 0x00, 0x00, 0x0f,
    0xff, 0xff, 0xff, 0xff, 0xf7, 0x00, 0x00, 0x00, 0xdf, 0xff, 0xff, 0xff, 0xf7, 0x00, 0x00, 0x00,
    0x01, 0x6b, 0xef, 0xec, 0x82, 0x00, 0x00, 0x00, 0x00, 0x00, 0x00, 0x03, 0x8c, 0xef, 0xec, 0x80,
    0x00, 0x00, 0x00, 0x19, 0xff, 0xff, 0xff, 0xff, 0x00, 0x00, 0x00, 0x1c, 0xff, 0xff, 0xff, 0xff,
    0xf0, 0x00, 0x00, 0x0b, 0xff, 0xff, 0xb7, 0x68, 0xbf, 0x00, 0x00, 0x05, 0xff, 0xfe, 0x40, 0x00,
    0x00, 0x30, 0x00, 0x00, 0xdf, 0xff, 0x40, 0x00, 0x00, 0x00, 0x00, 0x00, 0x3f, 0xff, 0xa0, 0x00,
    0x00, 0x00, 0x00, 0x00, 0x08, 0xff, 0xf4, 0x00, 0x00, 0x00, 0x00, 0x00, 0x00, 0xbf, 0xff, 0x03,
    0xae, 0xfd, 0x92, 0x00, 0x00, 0x0d, 0xff, 0xd6, 0xff, 0xff, 0xff, 0xe4, 0x00, 0x00, 0xef, 0xfe,
    0xff, 0xff, 0xff, 0xff, 0xe1, 0x00, 0x0f, 0xff, 0xff, 0xb6, 0x6a, 0xff, 0xff, 0x80, 0x00, 0xef,
    0xff, 0x90, 0x00, 0x08, 0xff, 0xfc, 0x00, 0x0d, 0xff, 0xf2, 0x00, 0x00, 0x2f, 0xff, 0xe0, 0x00,
    0xbf, 0xff, 0x10, 0x00, 0x01, 0xff, 0xff, 0x00, 0x08, 0xff, 0xf4, 0x00, 0x00, 0x3f, 0xff, 0xd0,
    0x00, 0x3f, 0xff, 0xc1, 0x00, 0x0b, 0xff, 0xf9, 0x00, 0x00, 0xbf, 0xff, 0xd7, 0x7c, 0xff, 0xff,
    0x30, 0x00, 0x03, 0xef, 0xff, 0xff, 0xff, 0xff, 0x80, 0x00, 0x00, 0x04, 0xef, 0xff, 0xff, 0xff,
    0x80, 0x00, 0x00, 0x00, 0x01, 0x8c, 0xef, 0xd9, 0x30, 0x00, 0x00, 0x0f, 0xff, 0xff, 0xff, 0xff,
    0xff, 0xff, 0xff, 0x00, 0xff, 0xff, 0xff, 0xff, 0xff, 0xff, 0xff, 0xf0, 0x0f, 0xff, 0xff, 0xff,
    0xff, 0xff, 0xff, 0xff, 0x00, 0xaa, 0xaa, 0xaa, 0xaa, 0xaa, 0xef, 0xff, 0x80, 0x00, 0x00, 0x00,
    0x00, 0x00, 0x3f, 0xff, 0xe1, 0x00, 0x00, 0x00, 0x00, 0x00, 0x0c, 0xff, 0xf6, 0x00, 0x00, 0x00,
    0x00, 0x00, 0x07, 0xff, 0xfd, 0x00, 0x00, 0x00, 0x00, 0x00, 0x01, 0xef, 0xff, 0x50, 0x00, 0x00,
    0x00, 0x00, 0x00, 0x9f, 0xff, 0xc0, 0x00, 0x00, 0x00, 0x00, 0x00, 0x2f, 0xff, 0xf5, 0x00, 0x00,
    0x00, 0x00, 0x00, 0x0a, 0xff, 0xfd, 0x00, 0x00, 0x00, 0x00, 0x00, 0x02, 0xff, 0xff, 0x70, 0x00,
    0x00, 0x00, 0x00, 0x00, 0x9f, 0xff, 0xf1, 0x00, 0x00, 0x00, 0x00, 0x00, 0x1e, 0xff, 0xfa, 0x00,
    0x00, 0x00, 0x00, 0x00, 0x06, 0xff, 0xff, 0x50, 0x00, 0x00, 0x00, 0x00, 0x00, 0xcf, 0xff, 0xe0,
    0x00, 0x00, 0x00, 0x00, 0x00, 0x2f, 0xff, 0xfb, 0x00, 0x00, 0x00, 0x00, 0x00, 0x06, 0xff, 0xff,
    0x70, 0x00, 0x00, 0x00, 0x00, 0x00, 0xbf, 0xff, 0xf3, 0x00, 0x00, 0x00, 0x00, 0x00, 0x0e, 0xff,
    0xff, 0x10, 0x00, 0x00, 0x00, 0x00, 0x02, 0xff, 0xff, 0xd0, 0x00, 0x00, 0x00, 0x00, 0x00, 0x00,
    0x06, 0xbe, 0xfd, 0xb6, 0x00, 0x00, 0x00, 0x00, 0x3d, 0xff, 0xff, 0xff, 0xfd, 0x30, 0x00, 0x00,
    0x2e, 0xff, 0xff, 0xff, 0xff, 0xfe, 0x10, 0x00, 0x09, 0xff, 0xfe, 0x74, 0x7f, 0xff, 0xf9, 0x00,
    0x00, 0xdf, 0xff, 0x60, 0x00, 0x6f, 0xff, 0xd0, 0x00, 0x0e, 0xff, 0xf1, 0x00, 0x01, 0xff, 0xfe,
    0x00, 0x00, 0xdf, 0xff, 0x20, 0x00, 0x2f, 0xff, 0xc0, 0x00, 0x07, 0xff, 0xf8, 0x00, 0x08, 0xff,
    0xf6, 0x00, 0x00, 0x0b, 0xff, 0xfb, 0x8b, 0xff, 0xf9, 0x00, 0x00, 0x00, 0x19, 0xff, 0xff, 0xff,
    0xe7, 0x00, 0x00, 0x00, 0x02, 0x9f, 0xff, 0xff, 0xff, 0x92, 0x00, 0x00, 0x04, 0xef, 0xff, 0xfe,
    0xff, 0xff, 0xe5, 0x00, 0x03, 0xff, 0xfe, 0x60, 0x00, 0x7f, 0xff, 0xf3, 0x00, 0xaf, 0xff, 0x60,
    0x00, 0x00, 0x6f, 0xff, 0xa0, 0x0e, 0xff, 0xf1, 0x00, 0x00, 0x01, 0xff, 0xfe, 0x00, 0xff, 0xff,
    0x20, 0x00, 0x00, 0x2f, 0xff, 0xe0, 0x0c, 0xff, 0xf9, 0x00, 0x00, 0x09, 0xff, 0xfc, 0x00, 0x7f,
    0xff, 0xfb, 0x53, 0x5b, 0xff, 0xff, 0x70, 0x00, 0xcf, 0xff, 0xff, 0xff, 0xff, 0xff, 0xc0, 0x00,
    0x01, 0xaf, 0xff, 0xff, 0xff, 0xff, 0xa1, 0x00, 0x00, 0x00, 0x39, 0xce, 0xfe, 0xc9, 0x30, 0x00,
    0x00, 0x00, 0x00, 0x29, 0xde, 0xec, 0x81, 0x00, 0x00, 0x00, 0x00, 0x7f, 0xff, 0xff, 0xff, 0xe4,
    0x00, 0x00, 0x00, 0x7f, 0xff, 0xff, 0xff, 0xff, 0xe2, 0x00, 0x00, 0x2f, 0xff, 0xfc, 0x77, 0xdf,
    0xff, 0xb0, 0x00, 0x09, 0xff, 0xfb, 0x00, 0x01, 0xdf, 0xff, 0x30, 0x00, 0xdf, 0xff, 0x30, 0x00,
    0x05, 0xff, 0xf8, 0x00, 0x0e, 0xff, 0xf1, 0x00, 0x00, 0x1f, 0xff, 0xb0, 0x00, 0xff, 0xff, 0x20,
    0x00, 0x01, 0xff, 0xfd, 0x00, 0x0d, 0xff, 0xf7, 0x00, 0x00, 0x6f, 0xff, 0xe0, 0x00, 0x9f, 0xff,
    0xe6, 0x11, 0x6e, 0xff, 0xff, 0x00, 0x02, 0xff, 0xff, 0xff, 0xff, 0xff, 0xff, 0xe0, 0x00, 0x05,
    0xff, 0xff, 0xff, 0xfc, 0xdf, 0xfd, 0x00, 0x00, 0x04, 0xcf, 0xff, 0xfb, 0x1e, 0xff, 0xb0, 0x00,
    0x00, 0x00, 0x24, 0x42, 0x01, 0xff, 0xf9, 0x00, 0x00, 0x00, 0x00, 0x00, 0x00, 0x6f, 0xff, 0x50,
    0x00, 0x00, 0x00, 0x00, 0x00, 0x0d, 0xff, 0xe1, 0x00, 0x00, 0x30, 0x00, 0x00, 0x1a, 0xff, 0xf8,
    0x00, 0x00, 0x0f, 0xc8, 0x76, 0x9e, 0xff, 0xfe, 0x10, 0x00, 0x00, 0xff, 0xff, 0xff, 0xff, 0xfe,
    0x30, 0x00, 0x00, 0x0f, 0xff, 0xff, 0xff, 0xfd, 0x30, 0x00, 0x00, 0x00, 0x5a, 0xde, 0xfd, 0xb6,
    0x00, 0x00, 0x00, 0x00, 0x02, 0xbe, 0xc2, 0x00, 0x0c, 0xff, 0xfc, 0x00, 0x0e, 0xff, 0xfe, 0x00,
    0x09, 0xff, 0xfa, 0x00, 0x00, 0x79, 0x70, 0x00, 0x00, 0x00, 0x00, 0x00, 0x00, 0x00, 0x00, 0x00,
    0x00, 0x00, 0x00, 0x00, 0x00, 0x00, 0x00, 0x00, 0x00, 0x00, 0x00, 0x00, 0x00, 0x7a, 0x70, 0x00,
    0x0a, 0xff, 0xf9, 0x00, 0x0e, 0xff, 0xfe, 0x00, 0x0c, 0xff, 0xfc, 0x00, 0x02, 0xce, 0xc3, 0x00,
    0x00, 0x2b, 0xec, 0x20, 0x00, 0xcf, 0xff, 0xc0, 0x00, 0xef, 0xff, 0xe0, 0x00, 0xaf, 0xff, 0xa0,
    0x00, 0x07, 0x97, 0x00, 0x00, 0x00, 0x00, 0x00, 0x00, 0x00, 0x00, 0x00, 0x00, 0x00, 0x00, 0x00,
    0x00, 0x00, 0x00, 0x00, 0x00, 0x00, 0x00, 0x00, 0x00, 0x00, 0x00, 0x00, 0x00, 0xbf, 0xff, 0x90,
    0x00, 0xef, 0xff, 0x40, 0x03, 0xff, 0xfe, 0x00, 0x07, 0xff, 0xf9, 0x00, 0x0a, 0xff, 0xf4, 0x00,
    0x0e, 0xff, 0xe0, 0x00, 0x2f, 0xff, 0x90, 0x00, 0x00, 0x00, 0x00, 0x00, 0x00, 0x00, 0x00, 0x00,
    0x01, 0x00, 0x00, 0x00, 0x00, 0x00, 0x00, 0x00, 0x00, 0x00, 0x17, 0xe0, 0x00, 0x00, 0x00, 0x00,
    0x00, 0x00, 0x00, 0x00, 0x7e, 0xff, 0x00, 0x00, 0x00, 0x00, 0x00, 0x00, 0x00, 0x06, 0xdf, 0xff,
    0xe0, 0x00, 0x00, 0x00, 0x00, 0x00, 0x00, 0x5d, 0xff, 0xfe, 0x81, 0x00, 0x00, 0x00, 0x00, 0x00,
    0x05, 0xdf, 0xff, 0xf8, 0x10, 0x00, 0x00, 0x00, 0x00, 0x00, 0x4c, 0xff, 0xff, 0x92, 0x00, 0x00,
    0x00, 0x00, 0x00, 0x04, 0xcf, 0xff, 0xf9, 0x20, 0x00, 0x00, 0x00, 0x00, 0x00, 0x00, 0xff, 0xff,
    0xa2, 0x00, 0x00, 0x00, 0x00, 0x00, 0x00, 0x00, 0x0f, 0xff, 0xfc, 0x50, 0x00, 0x00, 0x00, 0x00,
    0x00, 0x00, 0x00, 0x3a, 0xff, 0xff, 0xe8, 0x10, 0x00, 0x00, 0x00, 0x00, 0x00, 0x00, 0x02, 0x8e,
    0xff, 0xff, 0xa3, 0x00, 0x00, 0x00, 0x00, 0x00, 0x00, 0x00, 0x17, 0xdf, 0xff, 0xfc, 0x60, 0x00,
    0x00, 0x00, 0x00, 0x00, 0x00, 0x00, 0x5c, 0xff, 0xff, 0xe0, 0x00, 0x00, 0x00, 0x00, 0x00, 0x00,
    0x00, 0x04, 0xaf, 0xff, 0x00, 0x00, 0x00, 0x00, 0x00, 0x00, 0x00, 0x00, 0x00, 0x29, 0xe0, 0x00,
    0x00, 0x00, 0x00, 0x00, 0x00, 0x00, 0x00, 0x00, 0x01, 0x00, 0x00, 0x00, 0x0f, 0xff, 0xff, 0xff,
    0xff, 0xff, 0xff, 0xf0, 0x00, 0x00, 0x00, 0xff, 0xff, 0xff, 0xff, 0xff, 0xff, 0xff, 0x00, 0x00,
    0x00, 0x0e, 0xee, 0xee, 0xee, 0xee, 0xee, 0xee, 0xe0, 0x00, 0x00, 0x00, 0x00, 0x00, 0x00, 0x00,
    0x00, 0x00, 0x00, 0x00, 0x00, 0x00, 0x00, 0x00, 0x00, 0x00, 0x00, 0x00, 0x00, 0x00, 0x00, 0x00,
    0x00, 0x00, 0x00, 0x00, 0x00, 0x00, 0x00, 0x00, 0x00, 0x00, 0x00, 0x0f, 0xff, 0xff, 0xff, 0xff,
    0xff, 0xff, 0xf0, 0x00, 0x00, 0x00, 0xff, 0xff, 0xff, 0xff, 0xff, 0xff, 0xff, 0x00, 0x00, 0x00,
    0x0e, 0xee, 0xee, 0xee, 0xee, 0xee, 0xee, 0xe0, 0x00, 0x00, 0x00, 0x00, 0x00, 0x00, 0x00, 0x00,
    0x00, 0x00, 0x00, 0x00, 0x00, 0x00, 0x00, 0x00, 0x00, 0x00, 0x00, 0x00, 0x00, 0x00, 0x00, 0x00,
    0x00, 0x00, 0x00, 0x00, 0x00, 0x00, 0x00, 0x00, 0x00, 0x00, 0x00, 0x00, 0x00, 0x00, 0x00, 0x00,
    0x00, 0x00, 0x00, 0x00, 0x00, 0x00, 0x10, 0x00, 0x00, 0x00, 0x00, 0x00, 0x00, 0x00, 0x00, 0x00,
    0x0e, 0x92, 0x00, 0x00, 0x00, 0x00, 0x00, 0x00, 0x00, 0x00, 0x00, 0xff, 0xfa, 0x40, 0x00, 0x00,
    0x00, 0x00, 0x00, 0x00, 0x00, 0x0e, 0xff, 0xff, 0xc5, 0x00, 0x00, 0x00, 0x00, 0x00, 0x00, 0x00,
    0x16, 0xcf, 0xff, 0xfd, 0x71, 0x00, 0x00, 0x00, 0x00, 0x00, 0x00, 0x00, 0x3a, 0xff, 0xff, 0xe8,
    0x20, 0x00, 0x00, 0x00, 0x00, 0x00, 0x00, 0x01, 0x7d, 0xff, 0xff, 0xa3, 0x00, 0x00, 0x00, 0x00,
    0x00, 0x00, 0x00, 0x05, 0xbf, 0xff, 0xf0, 0x00, 0x00, 0x00, 0x00, 0x00, 0x00, 0x00, 0x3b, 0xff,
    0xff, 0x00, 0x00, 0x00, 0x00, 0x00, 0x00, 0x02, 0xaf, 0xff, 0xfc, 0x40, 0x00, 0x00, 0x00, 0x00,
    0x00, 0x29, 0xff, 0xff, 0xc4, 0x00, 0x00, 0x00, 0x00, 0x00, 0x01, 0x9f, 0xff, 0xfd, 0x50, 0x00,
    0x00, 0x00, 0x00, 0x00, 0x18, 0xef, 0xff, 0xd6, 0x00, 0x00, 0x00, 0x00, 0x00, 0x00, 0x0e, 0xff,
    0xfd, 0x60, 0x00, 0x00, 0x00, 0x00, 0x00, 0x00, 0x00, 0xff, 0xe7, 0x00, 0x00, 0x00, 0x00, 0x00,
    0x00, 0x00, 0x00, 0x0e, 0x71, 0x00, 0x00, 0x00, 0x00, 0x00, 0x00, 0x00, 0x00, 0x00, 0x10, 0x00,
    0x00, 0x00, 0x00, 0x00, 0x00, 0x00, 0x00, 0x00, 0x5a, 0xdf, 0xed, 0x93, 0x00, 0x00, 0xdf, 0xff,
    0xff, 0xff, 0xf7, 0x00, 0x0f, 0xff, 0xff, 0xff, 0xff, 0xf5, 0x00, 0xff, 0xfc, 0xbd, 0xff, 0xff,
    0xb0, 0x0f, 0x91, 0x00, 0x08, 0xff, 0xfe, 0x00, 0x40, 0x00, 0x00, 0x1f, 0xff, 0xe0, 0x00, 0x00,
    0x00, 0x02, 0xff, 0xfc, 0x00, 0x00, 0x00, 0x00, 0xaf, 0xff, 0x70, 0x00, 0x00, 0x01, 0xaf, 0xff,
    0xd1, 0x00, 0x00, 0x01, 0xcf, 0xff, 0xe2, 0x00, 0x00, 0x01, 0xdf, 0xff, 0xd2, 0x00, 0x00, 0x00,
    0x9f, 0xff, 0xd1, 0x00, 0x00, 0x00, 0x0d, 0xff, 0xf4, 0x00, 0x00, 0x00, 0x00, 0xef, 0xff, 0x00,
    0x00, 0x00, 0x00, 0x0c, 0xff, 0xf2, 0x00, 0x00, 0x00, 0x00, 0x00, 0x00, 0x00, 0x00, 0x00, 0x00,
    0x00, 0x7a, 0x70, 0x00, 0x00, 0x00, 0x00, 0x9f, 0xff, 0x90, 0x00, 0x00, 0x00, 0x0e, 0xff, 0xfe,
    0x00, 0x00, 0x00, 0x00, 0xcf, 0xff, 0xc0, 0x00, 0x00, 0x00, 0x02, 0xbe, 0xc3, 0x00, 0x00, 0x00,
    0x00, 0x00, 0x00, 0x00, 0x01, 0x48, 0xcd, 0xef, 0xdc, 0x96, 0x10, 0x00, 0x00, 0x00, 0x00, 0x00,
    0x00, 0x00, 0x17, 0xef, 0xff, 0xff, 0xff, 0xff, 0xfe, 0x91, 0x00, 0x00, 0x00, 0x00, 0x00, 0x00,
    0x3d, 0xff, 0xff, 0xda, 0x98, 0x9b, 0xef, 0xff, 0xe4, 0x00, 0x00, 0x00, 0x00, 0x00, 0x5e, 0xff,
    0xf9, 0x20, 0x00, 0x00, 0x00, 0x5d, 0xff, 0xf5, 0x00, 0x00, 0x00, 0x00, 0x3e, 0xff, 0xd2, 0x00,
    0x00, 0x00, 0x00, 0x00, 0x09, 0xff, 0xf3, 0x00, 0x00, 0x00, 0x1e, 0xff, 0xc1, 0x00, 0x3a, 0xef,
    0xc4, 0x0a, 0xbb, 0x2a, 0xff, 0xc0, 0x00, 0x00, 0x08, 0xff, 0xd1, 0x00, 0x7f, 0xff, 0xff, 0xf9,
    0xff, 0xf0, 0x1e, 0xff, 0x40, 0x00, 0x01, 0xff, 0xf5, 0x00, 0x6f, 0xff, 0xb8, 0xaf, 0xff, 0xfd,
    0x00, 0x8f, 0xf9, 0x00, 0x00, 0x6f, 0xfc, 0x00, 0x1e, 0xff, 0x70, 0x00, 0x7f, 0xff, 0xa0, 0x03,
    0xff, 0xd0, 0x00, 0x0a, 0xff, 0x70, 0x07, 0xff, 0xb0, 0x00, 0x01, 0xff, 0xf7, 0x00, 0x1f, 0xfe,
    0x00, 0x00, 0xdf, 0xf3, 0x00, 0xbf, 0xf5, 0x00, 0x00, 0x0f, 0xff, 0x50, 0x00, 0xff, 0xf0, 0x00,
    0x0e, 0xff, 0x10, 0x0e, 0xff, 0x20, 0x00, 0x01, 0xff, 0xf3, 0x00, 0x1f, 0xfe, 0x00, 0x00, 0xff,
    0xf0, 0x00, 0xff, 0xf0, 0x00, 0x00, 0x4f, 0xff, 0x10, 0x03, 0xff, 0xc0, 0x00, 0x0d, 0xff, 0x10,
    0x0e, 0xff, 0x10, 0x00, 0x08, 0xff, 0xf0, 0x00, 0x7f, 0xf8, 0x00, 0x00, 0xcf, 0xf4, 0x00, 0xcf,
    0xf5, 0x00, 0x02, 0xef, 0xff, 0x10, 0x0d, 0xff, 0x20, 0x00, 0x08, 0xff, 0x80, 0x08, 0xff, 0xd4,
    0x13, 0xce, 0xff, 0xf6, 0x19, 0xff, 0x90, 0x00, 0x00, 0x4f, 0xfe, 0x10, 0x1e, 0xff, 0xff, 0xff,
    0x6d, 0xff, 0xff, 0xff, 0xb1, 0x00, 0x00, 0x00, 0xcf, 0xf8, 0x00, 0x3d, 0xff, 0xff, 0x80, 0x4f,
    0xff, 0xff, 0x91, 0x00, 0x00, 0x00, 0x04, 0xff, 0xf7, 0x00, 0x15, 0x76, 0x20, 0x00, 0x27, 0x86,
    0x20, 0x00, 0x00, 0x00, 0x00, 0x07, 0xff, 0xfa, 0x20, 0x00, 0x00, 0x00, 0x00, 0x00, 0x00, 0x00,
    0x00, 0x00, 0x00, 0x00, 0x07, 0xff, 0xff, 0xa6, 0x31, 0x01, 0x23, 0x69, 0xd0, 0x00, 0x00, 0x00,
    0x00, 0x00, 0x00, 0x04, 0xdf, 0xff, 0xff, 0xff, 0xff, 0xff, 0xff, 0x00, 0x00, 0x00, 0x00, 0x00,
    0x00, 0x00, 0x00, 0x5b, 0xff, 0xff, 0xff, 0xff, 0xfe, 0xa0, 0x00, 0x00, 0x00, 0x00, 0x00, 0x00,
    0x00, 0x00, 0x01, 0x46, 0x78, 0x76, 0x53, 0x00, 0x00, 0x00, 0x00, 0x00, 0x00, 0x00, 0x00, 0x03,
    0xff, 0xff, 0xff, 0x20, 0x00, 0x00, 0x00, 0x00, 0x00, 0x00, 0x9f, 0xff, 0xff, 0xf7, 0x00, 0x00,
    0x00, 0x00, 0x00, 0x00, 0x0e, 0xff, 0xff, 0xff, 0xd0, 0x00, 0x00, 0x00, 0x00, 0x00, 0x05, 0xff,
    0xfa, 0xff, 0xff, 0x20, 0x00, 0x00, 0x00, 0x00, 0x00, 0xbf, 0xfd, 0x0d, 0xff, 0xf7, 0x00, 0x00,
    0x00, 0x00, 0x00, 0x2f, 0xff, 0xa0, 0xaf, 0xff, 0xd0, 0x00, 0x00, 0x00, 0x00, 0x07, 0xff, 0xf6,
    0x06, 0xff, 0xff, 0x20, 0x00, 0x00, 0x00, 0x00, 0xdf, 0xff, 0x20, 0x2f, 0xff, 0xf7, 0x00, 0x00,
    0x00, 0x00, 0x4f, 0xff, 0xc0, 0x00, 0xdf, 0xff, 0xd0, 0x00, 0x00, 0x00, 0x09, 0xff, 0xf8, 0x00,
    0x09, 0xff, 0xff, 0x20, 0x00, 0x00, 0x01, 0xef, 0xff, 0x40, 0x00, 0x5f, 0xff, 0xf7, 0x00, 0x00,
    0x00, 0x6f, 0xff, 0xe0, 0x00, 0x01, 0xff, 0xff, 0xd0, 0x00, 0x00, 0x0b, 0xff, 0xfb, 0x00, 0x00,
    0x0d, 0xff, 0xff, 0x20, 0x00, 0x02, 0xff, 0xff, 0xff, 0xff, 0xff, 0xff, 0xff, 0xf7, 0x00, 0x00,
    0x8f, 0xff, 0xff, 0xff, 0xff, 0xff, 0xff, 0xff, 0xd0, 0x00, 0x0d, 0xff, 0xff, 0xff, 0xff, 0xff,
    0xff, 0xff, 0xff, 0x20, 0x04, 0xff, 0xff, 0xb7, 0x77, 0x77, 0x77, 0xcf, 0xff, 0xf7, 0x00, 0xaf,
    0xff, 0xf3, 0x00, 0x00, 0x00, 0x04, 0xff, 0xff, 0xd0, 0x1f, 0xff, 0xfd, 0x00, 0x00, 0x00, 0x00,
    0x0e, 0xff, 0xff, 0x26, 0xff, 0xff, 0x80, 0x00, 0x00, 0x00, 0x00, 0x8f, 0xff, 0xf7, 0xcf, 0xff,
    0xf2, 0x00, 0x00, 0x00, 0x00, 0x03, 0xff, 0xff, 0xd0, 0x00, 0xff, 0xff, 0xff, 0xff, 0xed, 0xb6,
    0x10, 0x00, 0x00, 0x0f, 0xff, 0xff, 0xff, 0xff, 0xff, 0xfe, 0x40, 0x00, 0x00, 0xff, 0xff, 0xff,
    0xff, 0xff, 0xff, 0xff, 0x30, 0x00, 0x0f, 0xff, 0xff, 0x55, 0x7a, 0xff, 0xff, 0xfa, 0x00, 0x00,
    0xff, 0xff, 0xf0, 0x00, 0x07, 0xff, 0xff, 0xe0, 0x00, 0x0f, 0xff, 0xff, 0x00, 0x00, 0x1f, 0xff,
    0xff, 0x00, 0x00, 0xff, 0xff, 0xf0, 0x00, 0x01, 0xff, 0xff, 0xc0, 0x00, 0x0f, 0xff, 0xff, 0x00,
    0x00, 0x6f, 0xff, 0xf5, 0x00, 0x00, 0xff, 0xff, 0xf0, 0x01, 0x6e, 0xff, 0xf8, 0x00, 0x00, 0x0f,
    0xff, 0xff, 0xff, 0xff, 0xff, 0xc5, 0x00, 0x00, 0x00, 0xff, 0xff, 0xff, 0xff, 0xff, 0xea, 0x60,
    0x00, 0x00, 0x0f, 0xff, 0xff, 0xff, 0xff, 0xff, 0xff, 0xd4, 0x00, 0x00, 0xff, 0xff, 0xf6, 0x66,
    0x8c, 0xff, 0xff, 0xe3, 0x00, 0x0f, 0xff, 0xff, 0x00, 0x00, 0x08, 0xff, 0xff, 0xb0, 0x00, 0xff,
    0xff, 0xf0, 0x00, 0x00, 0x1f, 0xff, 0xfe, 0x00, 0x0f, 0xff, 0xff, 0x00, 0x00, 0x02, 0xff, 0xff,
    0xe0, 0x00, 0xff, 0xff, 0xf0, 0x00, 0x00, 0x9f, 0xff, 0xfc, 0x00, 0x0f, 0xff, 0xff, 0x55, 0x67,
    0xcf, 0xff, 0xff, 0x60, 0x00, 0xff, 0xff, 0xff, 0xff, 0xff, 0xff, 0xff, 0xb0, 0x00, 0x0f, 0xff,
    0xff, 0xff, 0xff, 0xff, 0xff, 0x91, 0x00, 0x00, 0xff, 0xff, 0xff, 0xff, 0xfe, 0xc8, 0x30, 0x00,
    0x00, 0x00, 0x00, 0x00, 0x03, 0x7b, 0xde, 0xed, 0xc9, 0x50, 0x00, 0x00, 0x00, 0x2a, 0xff, 0xff,
    0xff, 0xff, 0xff, 0x00, 0x00, 0x00, 0x5e, 0xff, 0xff, 0xff, 0xff, 0xff, 0xf0, 0x00, 0x00, 0x5f,
    0xff, 0xff, 0xff, 0xee, 0xff, 0xff, 0x00, 0x00, 0x2e, 0xff, 0xff, 0xa4, 0x10, 0x01, 0x26, 0xb0,
    0x00, 0x0a, 0xff, 0xfe, 0x50, 0x00, 0x00, 0x00, 0x00, 0x00, 0x03, 0xff, 0xff, 0x50, 0x00, 0x00,
    0x00, 0x00, 0x00, 0x00, 0x7f, 0xff, 0xa0, 0x00, 0x00, 0x00, 0x00, 0x00, 0x00, 0x0b, 0xff, 0xf5,
    0x00, 0x00, 0x00, 0x00, 0x00, 0x00, 0x00, 0xdf, 0xff, 0x10, 0x00, 0x00, 0x00, 0x00, 0x00, 0x00,
    0x0f, 0xff, 0xf0, 0x00, 0x00, 0x00, 0x00, 0x00, 0x00, 0x00, 0xef, 0xff, 0x10, 0x00, 0x00, 0x00,
    0x00, 0x00, 0x00, 0x0d, 0xff, 0xf4, 0x00, 0x00, 0x00, 0x00, 0x00, 0x00, 0x00, 0xbf, 0xff, 0x90,
    0x00, 0x00, 0x00, 0x00, 0x00, 0x00, 0x07, 0xff, 0xff, 0x30, 0x00, 0x00, 0x00, 0x00, 0x00, 0x00,
    0x2f, 0xff, 0xfd, 0x30, 0x00, 0x00, 0x00, 0x00, 0x00, 0x00, 0x9f, 0xff, 0xff, 0x83, 0x00, 0x01,
    0x37, 0xb0, 0x00, 0x01, 0xcf, 0xff, 0xff, 0xff, 0xef, 0xff, 0xff, 0x00, 0x00, 0x02, 0xcf, 0xff,
    0xff, 0xff, 0xff, 0xff, 0xf0, 0x00, 0x00, 0x01, 0x9f, 0xff, 0xff, 0xff, 0xff, 0xff, 0x00, 0x00,
    0x00, 0x00, 0x27, 0xbd, 0xef, 0xed, 0xb7, 0x20, 0x00, 0x00, 0xff, 0xff, 0xff, 0xff, 0xed, 0xc8,
    0x50, 0x00, 0x00, 0x00, 0x00, 0xff, 0xff, 0xff, 0xff, 0xff, 0xff, 0xfe, 0x80, 0x00, 0x00, 0x00,
    0xff, 0xff, 0xff, 0xff, 0xff, 0xff, 0xff, 0xfc, 0x20, 0x00, 0x00, 0xff, 0xff, 0xfa, 0xab, 0xce,
    0xff, 0xff, 0xff, 0xd1, 0x00, 0x00, 0xff, 0xff, 0xf0, 0x00, 0x00, 0x5d, 0xff, 0xff, 0xf9, 0x00,
    0x00, 0xff, 0xff, 0xf0, 0x00, 0x00, 0x01, 0xcf, 0xff, 0xff, 0x20, 0x00, 0xff, 0xff, 0xf0, 0x00,
    0x00, 0x00, 0x1e, 0xff, 0xff, 0x70, 0x00, 0xff, 0xff, 0xf0, 0x00, 0x00, 0x00, 0x08, 0xff, 0xff,
    0xb0, 0x00, 0xff, 0xff, 0xf0, 0x00, 0x00, 0x00, 0x03, 0xff, 0xff, 0xd0, 0x00, 0xff, 0xff, 0xf0,
    0x00, 0x00, 0x00, 0x01, 0xff, 0xff, 0xe0, 0x00, 0xff, 0xff, 0xf0, 0x00, 0x00, 0x00, 0x00, 0xff,
    0xff, 0xf0, 0x00, 0xff, 0xff, 0xf0, 0x00, 0x00, 0x00, 0x01, 0xff, 0xff, 0xd0, 0x00, 0xff, 0xff,
    0xf0, 0x00, 0x00, 0x00, 0x04, 0xff, 0xff, 0xc0, 0x00, 0xff, 0xff, 0xf0, 0x00, 0x00, 0x00, 0x09,
    0xff, 0xff, 0x80, 0x00, 0xff, 0xff, 0xf0, 0x00, 0x00, 0x00, 0x2e, 0xff, 0xff, 0x30, 0x00, 0xff,
    0xff, 0xf0, 0x00, 0x00, 0x01, 0xcf, 0xff, 0xfb, 0x00, 0x00, 0xff, 0xff, 0xf0, 0x00, 0x00, 0x5d,
    0xff, 0xff, 0xe2, 0x00, 0x00, 0xff, 0xff, 0xfa, 0xab, 0xce, 0xff, 0xff, 0xff, 0x40, 0x00, 0x00,
    0xff, 0xff, 0xff, 0xff, 0xff, 0xff, 0xff, 0xe4, 0x00, 0x00, 0x00, 0xff, 0xff, 0xff, 0xff, 0xff,
    0xff, 0xf9, 0x10, 0x00, 0x00, 0x00, 0xff, 0xff, 0xff, 0xff, 0xed, 0xa6, 0x10, 0x00, 0x00, 0x00,
    0x00, 0xff, 0xff, 0xff, 0xff, 0xff, 0xff, 0x00, 0x00, 0xff, 0xff, 0xff, 0xff, 0xff, 0xff, 0x00,
    0x00, 0xff, 0xff, 0xff, 0xff, 0xff, 0xff, 0x00, 0x00, 0xff, 0xff, 0xda, 0xaa, 0xaa, 0xaa, 0x00,
    0x00, 0xff, 0xff, 0xa0, 0x00, 0x00, 0x00, 0x00, 0x00, 0xff, 0xff, 0xa0, 0x00, 0x00, 0x00, 0x00,
    0x00, 0xff, 0xff, 0xa0, 0x00, 0x00, 0x00, 0x00, 0x00, 0xff, 0xff, 0xa0, 0x00, 0x00, 0x00, 0x00,
    0x00, 0xff, 0xff, 0xa0, 0x00, 0x00, 0x00, 0x00, 0x00, 0xff, 0xff, 0xff, 0xff, 0xff, 0xff, 0x00,
    0x00, 0xff, 0xff, 0xff, 0xff, 0xff, 0xff, 0x00, 0x00, 0xff, 0xff, 0xff, 0xff, 0xff, 0xff, 0x00,
    0x00, 0xff, 0xff, 0xfa, 0xaa, 0xaa, 0xaa, 0x00, 0x00, 0xff, 0xff, 0xf0, 0x00, 0x00, 0x00, 0x00,
    0x00, 0xff, 0xff, 0xf0, 0x00, 0x00, 0x00, 0x00, 0x00, 0xff, 0xff, 0xf0, 0x00, 0x00, 0x00, 0x00,
    0x00, 0xff, 0xff, 0xf0, 0x00, 0x00, 0x00, 0x00, 0x00, 0xff, 0xff, 0xfa, 0xaa, 0xaa, 0xaa, 0xa0,
    0x00, 0xff, 0xff, 0xff, 0xff, 0xff, 0xff, 0xf0, 0x00, 0xff, 0xff, 0xff, 0xff, 0xff, 0xff, 0xf0,
    0x00, 0xff, 0xff, 0xff, 0xff, 0xff, 0xff, 0xf0, 0x00, 0xff, 0xff, 0xff, 0xff, 0xff, 0xff, 0xf0,
    0x00, 0xff, 0xff, 0xff, 0xff, 0xff, 0xff, 0xf0, 0x00, 0xff, 0xff, 0xff, 0xff, 0xff, 0xff, 0xf0,
    0x00, 0xff, 0xff, 0xea, 0xaa, 0xaa, 0xaa, 0xa0, 0x00, 0xff, 0xff, 0xd0, 0x00, 0x00, 0x00, 0x00,
    0x00, 0xff, 0xff, 0xd0, 0x00, 0x00, 0x00, 0x00, 0x00, 0xff, 0xff, 0xd0, 0x00, 0x00, 0x00, 0x00,
    0x00, 0xff, 0xff, 0xd0, 0x00, 0x00, 0x00, 0x00, 0x00, 0xff, 0xff, 0xd0, 0x00, 0x00, 0x00, 0x00,
    0x00, 0xff, 0xff, 0xff, 0xff, 0xff, 0xff, 0x00, 0x00, 0xff, 0xff, 0xff, 0xff, 0xff, 0xff, 0x00,
    0x00, 0xff, 0xff, 0xff, 0xff, 0xff, 0xff, 0x00, 0x00, 0xff, 0xff, 0xfa, 0xaa, 0xaa, 0xaa, 0x00,
    0x00, 0xff, 0xff, 0xf0, 0x00, 0x00, 0x00, 0x00, 0x00, 0xff, 0xff, 0xf0, 0x00, 0x00, 0x00, 0x00,
    0x00, 0xff, 0xff, 0xf0, 0x00, 0x00, 0x00, 0x00, 0x00, 0xff, 0xff, 0xf0, 0x00, 0x00, 0x00, 0x00,
    0x00, 0xff, 0xff, 0xf0, 0x00, 0x00, 0x00, 0x00, 0x00, 0xff, 0xff, 0xf0, 0x00, 0x00, 0x00, 0x00,
    0x00, 0xff, 0xff, 0xf0, 0x00, 0x00, 0x00, 0x00, 0x00, 0xff, 0xff, 0xf0, 0x00, 0x00, 0x00, 0x00,
    0x00, 0x00, 0x00, 0x02, 0x7b, 0xde, 0xfe, 0xdb, 0x74, 0x00, 0x00, 0x00, 0x00, 0x2a, 0xff, 0xff,
    0xff, 0xff, 0xff, 0xf0, 0x00, 0x00, 0x00, 0x4e, 0xff, 0xff, 0xff, 0xff, 0xff, 0xff, 0x00, 0x00,
    0x00, 0x5f, 0xff, 0xff, 0xfe, 0xcc, 0xde, 0xff, 0xf0, 0x00, 0x00, 0x3e, 0xff, 0xff, 0x93, 0x00,
    0x00, 0x02, 0x5a, 0x00, 0x00, 0x0b, 0xff, 0xfe, 0x40, 0x00, 0x00, 0x00, 0x00, 0x00, 0x00, 0x03,
    0xff, 0xff, 0x40, 0x00, 0x00, 0x00, 0x00, 0x00, 0x00, 0x00, 0x8f, 0xff, 0xa0, 0x00, 0x00, 0x00,
    0x00, 0x00, 0x00, 0x00, 0x0c, 0xff, 0xf4, 0x00, 0x00, 0x00, 0x00, 0x00, 0x00, 0x00, 0x00, 0xdf,
    0xff, 0x10, 0x00, 0x0f, 0xff, 0xff, 0xff, 0xff, 0x00, 0x0f, 0xff, 0xf0, 0x00, 0x00, 0xff, 0xff,
    0xff, 0xff, 0xf0, 0x00, 0xef, 0xff, 0x10, 0x00, 0x0f, 0xff, 0xff, 0xff, 0xff, 0x00, 0x0d, 0xff,
    0xf3, 0x00, 0x00, 0x99, 0x99, 0x9f, 0xff, 0xf0, 0x00, 0xbf, 0xff, 0x80, 0x00, 0x00, 0x00, 0x00,
    0xff, 0xff, 0x00, 0x07, 0xff, 0xfe, 0x20, 0x00, 0x00, 0x00, 0x0f, 0xff, 0xf0, 0x00, 0x1e, 0xff,
    0xfc, 0x20, 0x00, 0x00, 0x00, 0xff, 0xff, 0x00, 0x00, 0x8f, 0xff, 0xfe, 0x72, 0x00, 0x01, 0x8f,
    0xff, 0xf0, 0x00, 0x00, 0xcf, 0xff, 0xff, 0xfe, 0xcd, 0xff, 0xff, 0xff, 0x00, 0x00, 0x01, 0xcf,
    0xff, 0xff, 0xff, 0xff, 0xff, 0xff, 0xf0, 0x00, 0x00, 0x00, 0x7e, 0xff, 0xff, 0xff, 0xff, 0xff,
    0xe7, 0x00, 0x00, 0x00, 0x00, 0x16, 0xad, 0xef, 0xed, 0xb9, 0x40, 0x00, 0x00, 0x00, 0xff, 0xff,
    0x00, 0x00, 0x00, 0x00, 0x00, 0xff, 0xff, 0x00, 0x00, 0x0f, 0xff, 0xf0, 0x00, 0x00, 0x00, 0x00,
    0x0f, 0xff, 0xf0, 0x00, 0x00, 0xff, 0xff, 0x00, 0x00, 0x00, 0x00, 0x00, 0xff, 0xff, 0x00, 0x00,
    0x0f, 0xff, 0xf0, 0x00, 0x00, 0x00, 0x00, 0x0f, 0xff, 0xf0, 0x00, 0x00, 0xff, 0xff, 0x00, 0x00,
    0x00, 0x00, 0x00, 0xff, 0xff, 0x00, 0x00, 0x0f, 0xff, 0xf0, 0x00, 0x00, 0x00, 0x00, 0x0f, 0xff,
    0xf0, 0x00, 0x00, 0xff, 0xff, 0x00, 0x00, 0x00, 0x00, 0x00, 0xff, 0xff, 0x00, 0x00, 0x0f, 0xff,
    0xf0, 0x00, 0x00, 0x00, 0x00, 0x0f, 0xff, 0xf0, 0x00, 0x00, 0xff, 0xff, 0xff, 0xff, 0xff, 0xff,
    0xff, 0xff, 0xff, 0x00, 0x00, 0x0f, 0xff, 0xff, 0xff, 0xff, 0xff, 0xff, 0xff, 0xff, 0xf0, 0x00,
    0x00, 0xff, 0xff, 0xff, 0xff, 0xff, 0xff, 0xff, 0xff, 0xff, 0x00, 0x00, 0x0f, 0xff, 0xfd, 0xdd,
    0xdd, 0xdd, 0xdd, 0xdf, 0xff, 0xf0, 0x00, 0x00, 0xff, 0xff, 0x00, 0x00, 0x00, 0x00, 0x00, 0xff,
    0xff, 0x00, 0x00, 0x0f, 0xff, 0xf0, 0x00, 0x00, 0x00, 0x00, 0x0f, 0xff, 0xf0, 0x00, 0x00, 0xff,
    0xff, 0x00, 0x00, 0x00, 0x00, 0x00, 0xff, 0xff, 0x00, 0x00, 0x0f, 0xff, 0xf0, 0x00, 0x00, 0x00,
    0x00, 0x0f, 0xff, 0xf0, 0x00, 0x00, 0xff, 0xff, 0x00, 0x00, 0x00, 0x00, 0x00, 0xff, 0xff, 0x00,
    0x00, 0x0f, 0xff, 0xf0, 0x00, 0x00, 0x00, 0x00, 0x0f, 0xff, 0xf0, 0x00, 0x00, 0xff, 0xff, 0x00,
    0x00, 0x00, 0x00, 0x00, 0xff, 0xff, 0x00, 0x00, 0x0f, 0xff, 0xf0, 0x00, 0x00, 0x00, 0x00, 0x0f,
    0xff, 0xf0, 0x00, 0x00, 0xff, 0xff, 0x00, 0x00, 0x00, 0x00, 0x00, 0xff, 0xff, 0x00, 0x00, 0x00,
    0xff, 0xff, 0x00, 0x00, 0x0f, 0xff, 0xf0, 0x00, 0x00, 0xff, 0xff, 0x00, 0x00, 0x0f, 0xff, 0xf0,
    0x00, 0x00, 0xff, 0xff, 0x00, 0x00, 0x0f, 0xff, 0xf0, 0x00, 0x00, 0xff, 0xff, 0x00, 0x00, 0x0f,
    0xff, 0xf0, 0x00, 0x00, 0xff, 0xff, 0x00, 0x00, 0x0f, 0xff, 0xf0, 0x00, 0x00, 0xff, 0xff, 0x00,
    0x00, 0x0f, 0xff, 0xf0, 0x00, 0x00, 0xff, 0xff, 0x00, 0x00, 0x0f, 0xff, 0xf0, 0x00, 0x00, 0xff,
    0xff, 0x00, 0x00, 0x0f, 0xff, 0xf0, 0x00, 0x00, 0xff, 0xff, 0x00, 0x00, 0x0f, 0xff, 0xf0, 0x00,
    0x00, 0xff, 0xff, 0x00, 0x00, 0x0f, 0xff, 0xf0, 0x00, 0x00, 0xff, 0xff, 0x00, 0x00, 0x00, 0x00,
    0x00, 0xff, 0xff, 0x00, 0x00, 0x00, 0x00, 0x0f, 0xff, 0xf0, 0x00, 0x00, 0x00, 0x00, 0xff, 0xff,
    0x00, 0x00, 0x00, 0x00, 0x0f, 0xff, 0xf0, 0x00, 0x00, 0x00, 0x00, 0xff, 0xff, 0x00, 0x00, 0x00,
    0x00, 0x0f, 0xff, 0xf0, 0x00, 0x00, 0x00, 0x00, 0xff, 0xff, 0x00, 0x00, 0x00, 0x00, 0x0f, 0xff,
    0xf0, 0x00, 0x00, 0x00, 0x00, 0xff, 0xff, 0x00, 0x00, 0x00, 0x00, 0x0f, 0xff, 0xf0, 0x00, 0x00,
    0x00, 0x00, 0xff, 0xff, 0x00, 0x00, 0x00, 0x00, 0x0f, 0xff, 0xf0, 0x00, 0x00, 0x00, 0x00, 0xff,
    0xff, 0x00, 0x00, 0x00, 0x00, 0x1f, 0xff, 0xe0, 0x00, 0x00, 0x00, 0x04, 0xff, 0xfd, 0x00, 0x00,
    0x00, 0x00, 0x9f, 0xff, 0xa0, 0x00, 0x92, 0x01, 0x7f, 0xff, 0xf6, 0x00, 0x0f, 0xfe, 0xff, 0xff,
    0xfe, 0x10, 0x00, 0xff, 0xff, 0xff, 0xff, 0x50, 0x00, 0x0f, 0xff, 0xff, 0xff, 0x60, 0x00, 0x00,
    0x9d, 0xfe, 0xd8, 0x20, 0x00, 0x00, 0x00, 0x00, 0xff, 0xff, 0x00, 0x00, 0x00, 0x0b, 0xff, 0xff,
    0x90, 0x00, 0xff, 0xff, 0x00, 0x00, 0x00, 0x9f, 0xff, 0xfb, 0x00, 0x00, 0xff, 0xff, 0x00, 0x00,
    0x05, 0xff, 0xff, 0xd1, 0x00, 0x00, 0xff, 0xff, 0x00, 0x00, 0x3e, 0xff, 0xfe, 0x30, 0x00, 0x00,
    0xff, 0xff, 0x00, 0x01, 0xdf, 0xff, 0xf5, 0x00, 0x00, 0x00, 0xff, 0xff, 0x00, 0x0a, 0xff, 0xff,
    0x80, 0x00, 0x00, 0x00, 0xff, 0xff, 0x00, 0x7f, 0xff, 0xfb, 0x00, 0x00, 0x00, 0x00, 0xff, 0xff,
    0x04, 0xff, 0xff, 0xd1, 0x00, 0x00, 0x00, 0x00, 0xff, 0xff, 0x2e, 0xff, 0xfe, 0x20, 0x00, 0x00,
    0x00, 0x00, 0xff, 0xff, 0xaf, 0xff, 0xf4, 0x00, 0x00, 0x00, 0x00, 0x00, 0xff, 0xff, 0xef, 0xff,
    0xf4, 0x00, 0x00, 0x00, 0x00, 0x00, 0xff, 0xff, 0x8f, 0xff, 0xfe, 0x20, 0x00, 0x00, 0x00, 0x00,
    0xff, 0xff, 0x0b, 0xff, 0xff, 0xd1, 0x00, 0x00, 0x00, 0x00, 0xff, 0xff, 0x01, 0xdf, 0xff, 0xfb,
    0x00, 0x00, 0x00, 0x00, 0xff, 0xff, 0x00, 0x2e, 0xff, 0xff, 0x90, 0x00, 0x00, 0x00, 0xff, 0xff,
    0x00, 0x04, 0xff, 0xff, 0xf6, 0x00, 0x00, 0x00, 0xff, 0xff, 0x00, 0x00, 0x7f, 0xff, 0xff, 0x40,
    0x00, 0x00, 0xff, 0xff, 0x00, 0x00, 0x09, 0xff, 0xff, 0xe2, 0x00, 0x00, 0xff, 0xff, 0x00, 0x00,
    0x00, 0xcf, 0xff, 0xfd, 0x10, 0x00, 0xff, 0xff, 0x00, 0x00, 0x00, 0x1d, 0xff, 0xff, 0xb0, 0x00,
    0xff, 0xff, 0x00, 0x00, 0x00, 0x03, 0xef, 0xff, 0xf9, 0x00, 0xff, 0xff, 0x00, 0x00, 0x00, 0x00,
    0x00, 0x0f, 0xff, 0xf0, 0x00, 0x00, 0x00, 0x00, 0x00, 0xff, 0xff, 0x00, 0x00, 0x00, 0x00, 0x00,
    0x0f, 0xff, 0xf0, 0x00, 0x00, 0x00, 0x00, 0x00, 0xff, 0xff, 0x00, 0x00, 0x00, 0x00, 0x00, 0x0f,
    0xff, 0xf0, 0x00, 0x00, 0x00, 0x00, 0x00, 0xff, 0xff, 0x00, 0x00, 0x00, 0x00, 0x00, 0x0f, 0xff,
    0xf0, 0x00, 0x00, 0x00, 0x00, 0x00, 0xff, 0xff, 0x00, 0x00, 0x00, 0x00, 0x00, 0x0f, 0xff, 0xf0,
    0x00, 0x00, 0x00, 0x00, 0x00, 0xff, 0xff, 0x00, 0x00, 0x00, 0x00, 0x00, 0x0f, 0xff, 0xf0, 0x00,
    0x00, 0x00, 0x00, 0x00, 0xff, 0xff, 0x00, 0x00, 0x00, 0x00, 0x00, 0x0f, 0xff, 0xf0, 0x00, 0x00,
    0x00, 0x00, 0x00, 0xff, 0xff, 0x00, 0x00, 0x00, 0x00, 0x00, 0x0f, 0xff, 0xf0, 0x00, 0x00, 0x00,
    0x00, 0x00, 0xff, 0xff, 0x00, 0x00, 0x00, 0x00, 0x00, 0x0f, 0xff, 0xfa, 0xaa, 0xaa, 0xaa, 0xaa,
    0x00, 0xff, 0xff, 0xff, 0xff, 0xff, 0xff, 0xf0, 0x0f, 0xff, 0xff, 0xff, 0xff, 0xff, 0xff, 0x00,
    0xff, 0xff, 0xff, 0xff, 0xff, 0xff, 0xf0, 0x00, 0xff, 0xff, 0xff, 0xf3, 0x00, 0x00, 0x00, 0x00,
    0x03, 0xff, 0xff, 0xff, 0x00, 0x00, 0x0f, 0xff, 0xff, 0xff, 0x80, 0x00, 0x00, 0x00, 0x00, 0x9f,
    0xff, 0xff, 0xf0, 0x00, 0x00, 0xff, 0xff, 0xff, 0xfd, 0x00, 0x00, 0x00, 0x00, 0x0e, 0xff, 0xff,
    0xff, 0x00, 0x00, 0x0f, 0xff, 0xff, 0xff, 0xf3, 0x00, 0x00, 0x00, 0x05, 0xff, 0xff, 0xff, 0xf0,
    0x00, 0x00, 0xff, 0xfd, 0xdf, 0xff, 0x80, 0x00, 0x00, 0x00, 0xbf, 0xfd, 0xef, 0xff, 0x00, 0x00,
    0x0f, 0xff, 0xea, 0xff, 0xfd, 0x00, 0x00, 0x00, 0x2f, 0xff, 0x9e, 0xff, 0xf0, 0x00, 0x00, 0xff,
    0xfe, 0x6f, 0xff, 0xf4, 0x00, 0x00, 0x07, 0xff, 0xf5, 0xff, 0xff, 0x00, 0x00, 0x0f, 0xff, 0xe1,
    0xff, 0xff, 0x90, 0x00, 0x00, 0xdf, 0xfe, 0x0f, 0xff, 0xf0, 0x00, 0x00, 0xff, 0xff, 0x0a, 0xff,
    0xfe, 0x00, 0x00, 0x4f, 0xff, 0x90, 0xff, 0xff, 0x00, 0x00, 0x0f, 0xff, 0xf0, 0x4f, 0xff, 0xf4,
    0x00, 0x09, 0xff, 0xf4, 0x0f, 0xff, 0xf0, 0x00, 0x00, 0xff, 0xff, 0x00, 0xef, 0xff, 0xa0, 0x01,
    0xef, 0xfd, 0x00, 0xff, 0xff, 0x00, 0x00, 0x0f, 0xff, 0xf0, 0x08, 0xff, 0xfe, 0x10, 0x6f, 0xff,
    0x80, 0x0f, 0xff, 0xf0, 0x00, 0x00, 0xff, 0xff, 0x00, 0x2f, 0xff, 0xf5, 0x0b, 0xff, 0xf2, 0x00,
    0xff, 0xff, 0x00, 0x00, 0x0f, 0xff, 0xf0, 0x00, 0xcf, 0xff, 0xa2, 0xff, 0xfb, 0x00, 0x0f, 0xff,
    0xf0, 0x00, 0x00, 0xff, 0xff, 0x00, 0x06, 0xff, 0xfe, 0x6f, 0xff, 0x60, 0x00, 0xff, 0xff, 0x00,
    0x00, 0x0f, 0xff, 0xf0, 0x00, 0x1f, 0xff, 0xfd, 0xff, 0xf1, 0x00, 0x0f, 0xff, 0xf0, 0x00, 0x00,
    0xff, 0xff, 0x00, 0x00, 0xaf, 0xff, 0xff, 0xfa, 0x00, 0x00, 0xff, 0xff, 0x00, 0x00, 0x0f, 0xff,
    0xf0, 0x00, 0x05, 0xff, 0xff, 0xff, 0x40, 0x00, 0x0f, 0xff, 0xf0, 0x00, 0x00, 0xff, 0xff, 0x00,
    0x00, 0x0e, 0xff, 0xff, 0xe0, 0x00, 0x00, 0xff, 0xff, 0x00, 0x00, 0x0f, 0xff, 0xf0, 0x00, 0x00,
    0x8f, 0xff, 0xf8, 0x00, 0x00, 0x0f, 0xff, 0xf0, 0x00, 0x00, 0xff, 0xff, 0x00, 0x00, 0x03, 0xff,
    0xff, 0x30, 0x00, 0x00, 0xff, 0xff, 0x00, 0x00, 0x00, 0xff, 0xff, 0xf4, 0x00, 0x00, 0x00, 0x00,
    0x0f, 0xff, 0xf0, 0x00, 0x00, 0xff, 0xff, 0xfd, 0x10, 0x00, 0x00, 0x00, 0x0f, 0xff, 0xf0, 0x00,
    0x00, 0xff, 0xff, 0xff, 0x90, 0x00, 0x00, 0x00, 0x0f, 0xff, 0xf0, 0x00, 0x00, 0xff, 0xff, 0xff,
    0xf4, 0x00, 0x00, 0x00, 0x0f, 0xff, 0xf0, 0x00, 0x00, 0xff, 0xff, 0xff, 0xfd, 0x10, 0x00, 0x00,
    0x0f, 0xff, 0xf0, 0x00, 0x00, 0xff, 0xff, 0xef, 0xff, 0x90, 0x00, 0x00, 0x0f, 0xff, 0xf0, 0x00,
    0x00, 0xff, 0xff, 0x6f, 0xff, 0xf4, 0x00, 0x00, 0x0f, 0xff, 0xf0, 0x00, 0x00, 0xff, 0xff, 0x0a,
    0xff, 0xfd, 0x10, 0x00, 0x0f, 0xff, 0xf0, 0x00, 0x00, 0xff, 0xff, 0x01, 0xef, 0xff, 0x90, 0x00,
    0x0f, 0xff, 0xf0, 0x00, 0x00, 0xff, 0xff, 0x00, 0x5f, 0xff, 0xf4, 0x00, 0x0f, 0xff, 0xf0, 0x00,
    0x00, 0xff, 0xff, 0x00, 0x0a, 0xff, 0xfd, 0x10, 0x0f, 0xff, 0xf0, 0x00, 0x00, 0xff, 0xff, 0x00,
    0x01, 0xef, 0xff, 0x80, 0x0f, 0xff, 0xf0, 0x00, 0x00, 0xff, 0xff, 0x00, 0x00, 0x5f, 0xff, 0xf3,
    0x0f, 0xff, 0xf0, 0x00, 0x00, 0xff, 0xff, 0x00, 0x00, 0x0a, 0xff, 0xfd, 0x1f, 0xff, 0xf0, 0x00,
    0x00, 0xff, 0xff, 0x00, 0x00, 0x01, 0xef, 0xff, 0xaf, 0xff, 0xf0, 0x00, 0x00, 0xff, 0xff, 0x00,
    0x00, 0x00, 0x5f, 0xff, 0xff, 0xff, 0xf0, 0x00, 0x00, 0xff, 0xff, 0x00, 0x00, 0x00, 0x0a, 0xff,
    0xff, 0xff, 0xf0, 0x00, 0x00, 0xff, 0xff, 0x00, 0x00, 0x00, 0x01, 0xef, 0xff, 0xff, 0xf0, 0x00,
    0x00, 0xff, 0xff, 0x00, 0x00, 0x00, 0x00, 0x5f, 0xff, 0xff, 0xf0, 0x00, 0x00, 0xff, 0xff, 0x00,
    0x00, 0x00, 0x00, 0x0a, 0xff, 0xff, 0xf0, 0x00, 0x00, 0xff, 0xff, 0x00, 0x00, 0x00, 0x00, 0x01,
    0xef, 0xff, 0xf0, 0x00, 0x00, 0x00, 0x00, 0x04, 0x8c, 0xdf, 0xed, 0xa6, 0x10, 0x00, 0x00, 0x00,
    0x00, 0x00, 0x4c, 0xff, 0xff, 0xff, 0xff, 0xfe, 0x60, 0x00, 0x00, 0x00, 0x00, 0x7f, 0xff, 0xff,
    0xff, 0xff, 0xff, 0xff, 0xa1, 0x00, 0x00, 0x00, 0x7f, 0xff, 0xff, 0xff, 0xef, 0xff, 0xff, 0xff,
    0xa0, 0x00, 0x00, 0x4f, 0xff, 0xff, 0xc5, 0x00, 0x04, 0xbf, 0xff, 0xff, 0x60, 0x00, 0x0c, 0xff,
    0xff, 0xb0, 0x00, 0x00, 0x00, 0x9f, 0xff, 0xfe, 0x10, 0x04, 0xff, 0xff, 0xe1, 0x00, 0x00, 0x00,
    0x01, 0xdf, 0xff, 0xf6, 0x00, 0x8f, 0xff, 0xf8, 0x00, 0x00, 0x00, 0x00, 0x07, 0xff, 0xff, 0xa0,
    0x0c, 0xff, 0xff, 0x30, 0x00, 0x00, 0x00, 0x00, 0x3f, 0xff, 0xfd, 0x00, 0xef, 0xff, 0xf1, 0x00,
    0x00, 0x00, 0x00, 0x01, 0xff, 0xff, 0xe0, 0x0f, 0xff, 0xff, 0x00, 0x00, 0x00, 0x00, 0x00, 0x0f,
    0xff, 0xff, 0x00, 0xef, 0xff, 0xf1, 0x00, 0x00, 0x00, 0x00, 0x01, 0xff, 0xff, 0xe0, 0x0d, 0xff,
    0xff, 0x30, 0x00, 0x00, 0x00, 0x00, 0x3f, 0xff, 0xfc, 0x00, 0xaf, 0xff, 0xf8, 0x00, 0x00, 0x00,
    0x00, 0x07, 0xff, 0xff, 0x90, 0x06, 0xff, 0xff, 0xe1, 0x00, 0x00, 0x00, 0x01, 0xdf, 0xff, 0xf4,
    0x00, 0x1e, 0xff, 0xff, 0xa0, 0x00, 0x00, 0x00, 0x9f, 0xff, 0xfc, 0x00, 0x00, 0x6f, 0xff, 0xff,
    0xc4, 0x00, 0x04, 0xbf, 0xff, 0xff, 0x40, 0x00, 0x00, 0xaf, 0xff, 0xff, 0xff, 0xef, 0xff, 0xff,
    0xff, 0x80, 0x00, 0x00, 0x00, 0xaf, 0xff, 0xff, 0xff, 0xff, 0xff, 0xff, 0x80, 0x00, 0x00, 0x00,
    0x00, 0x6d, 0xff, 0xff, 0xff, 0xff, 0xfd, 0x50, 0x00, 0x00, 0x00, 0x00, 0x00, 0x05, 0xad, 0xef,
    0xec, 0x95, 0x00, 0x00, 0x00, 0x00, 0x00, 0xff, 0xff, 0xff, 0xff, 0xec, 0x94, 0x00, 0x00, 0x00,
    0xff, 0xff, 0xff, 0xff, 0xff, 0xff, 0xb1, 0x00, 0x00, 0xff, 0xff, 0xff, 0xff, 0xff, 0xff, 0xfc,
    0x00, 0x00, 0xff, 0xff, 0xb8, 0x8a, 0xef, 0xff, 0xff, 0x60, 0x00, 0xff, 0xff, 0x70, 0x00, 0x1c,
    0xff, 0xff, 0xb0, 0x00, 0xff, 0xff, 0x70, 0x00, 0x03, 0xff, 0xff, 0xe0, 0x00, 0xff, 0xff, 0x70,
    0x00, 0x01, 0xff, 0xff, 0xf0, 0x00, 0xff, 0xff, 0x70, 0x00, 0x02, 0xff, 0xff, 0xe0, 0x00, 0xff,
    0xff, 0x70, 0x00, 0x07, 0xff, 0xff, 0xa0, 0x00, 0xff, 0xff, 0x70, 0x02, 0x8f, 0xff, 0xff, 0x40,
    0x00, 0xff, 0xff, 0xff, 0xff, 0xff, 0xff, 0xf9, 0x00, 0x00, 0xff, 0xff, 0xff, 0xff, 0xff, 0xff,
    0x90, 0x00, 0x00, 0xff, 0xff, 0xff, 0xff, 0xff, 0xb4, 0x00, 0x00, 0x00, 0xff, 0xff, 0x77, 0x76,
    0x51, 0x00, 0x00, 0x00, 0x00, 0xff, 0xff, 0x00, 0x00, 0x00, 0x00, 0x00, 0x00, 0x00, 0xff, 0xff,
    0x00, 0x00, 0x00, 0x00, 0x00, 0x00, 0x00, 0xff, 0xff, 0x00, 0x00, 0x00, 0x00, 0x00, 0x00, 0x00,
    0xff, 0xff, 0x00, 0x00, 0x00, 0x00, 0x00, 0x00, 0x00, 0xff, 0xff, 0x00, 0x00, 0x00, 0x00, 0x00,
    0x00, 0x00, 0xff, 0xff, 0x00, 0x00, 0x00, 0x00, 0x00, 0x00, 0x00, 0xff, 0xff, 0x00, 0x00, 0x00,
    0x00, 0x00, 0x00, 0x00, 0x00, 0x00, 0x04, 0x8c, 0xdf, 0xed, 0xa6, 0x10, 0x00, 0x00, 0x00, 0x00,
    0x00, 0x04, 0xcf, 0xff, 0xff, 0xff, 0xff, 0xe6, 0x00, 0x00, 0x00, 0x00, 0x00, 0x7f, 0xff, 0xff,
    0xff, 0xff, 0xff, 0xff, 0xa1, 0x00, 0x00, 0x00, 0x07, 0xff, 0xff, 0xff, 0xfe, 0xff, 0xff, 0xff,
    0xfa, 0x00, 0x00, 0x00, 0x4f, 0xff, 0xff, 0xc4, 0x00, 0x03, 0xaf, 0xff, 0xff, 0x60, 0x00, 0x00,
    0xcf, 0xff, 0xfa, 0x00, 0x00, 0x00, 0x08, 0xff, 0xff, 0xe1, 0x00, 0x04, 0xff, 0xff, 0xd0, 0x00,
    0x00, 0x00, 0x00, 0xcf, 0xff, 0xf6, 0x00, 0x08, 0xff, 0xff, 0x60, 0x00, 0x00, 0x00, 0x00, 0x5f,
    0xff, 0xfa, 0x00, 0x0c, 0xff, 0xff, 0x10, 0x00, 0x00, 0x00, 0x00, 0x1f, 0xff, 0xfd, 0x00, 0x0e,
    0xff, 0xfd, 0x00, 0x00, 0x00, 0x00, 0x00, 0x0d, 0xff, 0xfe, 0x00, 0x0f, 0xff, 0xfd, 0x00, 0x00,
    0x00, 0x00, 0x00, 0x0c, 0xff, 0xff, 0x00, 0x0e, 0xff, 0xfd, 0x00, 0x00, 0x00, 0x00, 0x00, 0x0d,
    0xff, 0xfe, 0x00, 0x0d, 0xff, 0xff, 0x10, 0x00, 0x00, 0x00, 0x00, 0x1f, 0xff, 0xfc, 0x00, 0x0a,
    0xff, 0xff, 0x50, 0x00, 0x00, 0x00, 0x00, 0x4f, 0xff, 0xf9, 0x00, 0x06, 0xff, 0xff, 0xc0, 0x00,
    0x00, 0x00, 0x00, 0xbf, 0xff, 0xf4, 0x00, 0x01, 0xef, 0xff, 0xf9, 0x00, 0x00, 0x00, 0x08, 0xff,
    0xff, 0xc0, 0x00, 0x00, 0x6f, 0xff, 0xff, 0xb4, 0x00, 0x03, 0xaf, 0xff, 0xff, 0x40, 0x00, 0x00,
    0x0a, 0xff, 0xff, 0xff, 0xfe, 0xff, 0xff, 0xff, 0xf8, 0x00, 0x00, 0x00, 0x00, 0xaf, 0xff, 0xff,
    0xff, 0xff, 0xff, 0xff, 0xe1, 0x00, 0x00, 0x00, 0x00, 0x06, 0xdf, 0xff, 0xff, 0xff, 0xff, 0xff,
    0xfb, 0x00, 0x00, 0x00, 0x00, 0x00, 0x05, 0xad, 0xef, 0xec, 0xcf, 0xff, 0xff, 0xa0, 0x00, 0x00,
    0x00, 0x00, 0x00, 0x00, 0x00, 0x00, 0x0b, 0xff, 0xff, 0xf9, 0x00, 0x00, 0x00, 0x00, 0x00, 0x00,
    0x00, 0x00, 0x01, 0xdf, 0xff, 0xff, 0x90, 0x00, 0x00, 0x00, 0x00, 0x00, 0x00, 0x00, 0x00, 0x2e,
    0xff, 0xff, 0xf8, 0x00, 0xff, 0xff, 0xff, 0xff, 0xed, 0xa6, 0x10, 0x00, 0x00, 0x00, 0xff, 0xff,
    0xff, 0xff, 0xff, 0xff, 0xe4, 0x00, 0x00, 0x00, 0xff, 0xff, 0xff, 0xff, 0xff, 0xff, 0xff, 0x30,
    0x00, 0x00, 0xff, 0xff, 0xa7, 0x78, 0xcf, 0xff, 0xff, 0xa0, 0x00, 0x00, 0xff, 0xff, 0x60, 0x00,
    0x08, 0xff, 0xff, 0xe0, 0x00, 0x00, 0xff, 0xff, 0x60, 0x00, 0x02, 0xff, 0xff, 0xf0, 0x00, 0x00,
    0xff, 0xff, 0x60, 0x00, 0x01, 0xff, 0xff, 0xd0, 0x00, 0x00, 0xff, 0xff, 0x60, 0x00, 0x07, 0xff,
    0xff, 0x90, 0x00, 0x00, 0xff, 0xff, 0x60, 0x02, 0x8f, 0xff, 0xfe, 0x20, 0x00, 0x00, 0xff, 0xff,
    0xff, 0xff, 0xff, 0xff, 0xd3, 0x00, 0x00, 0x00, 0xff, 0xff, 0xff, 0xff, 0xff, 0xd8, 0x10, 0x00,
    0x00, 0x00, 0xff, 0xff, 0xff, 0xff, 0xff, 0x80, 0x00, 0x00, 0x00, 0x00, 0xff, 0xff, 0x77, 0xbf,
    0xff, 0xfa, 0x00, 0x00, 0x00, 0x00, 0xff, 0xff, 0x00, 0x08, 0xff, 0xff, 0x70, 0x00, 0x00, 0x00,
    0xff, 0xff, 0x00, 0x00, 0xcf, 0xff, 0xe2, 0x00, 0x00, 0x00, 0xff, 0xff, 0x00, 0x00, 0x3f, 0xff,
    0xfb, 0x00, 0x00, 0x00, 0xff, 0xff, 0x00, 0x00, 0x09, 0xff, 0xff, 0x50, 0x00, 0x00, 0xff, 0xff,
    0x00, 0x00, 0x01, 0xef, 0xff, 0xd0, 0x00, 0x00, 0xff, 0xff, 0x00, 0x00, 0x00, 0x7f, 0xff, 0xf8,
    0x00, 0x00, 0xff, 0xff, 0x00, 0x00, 0x00, 0x0d, 0xff, 0xff, 0x20, 0x00, 0xff, 0xff, 0x00, 0x00,
    0x00, 0x05, 0xff, 0xff, 0xb0, 0x00, 0x00, 0x28, 0xbe, 0xfe, 0xdc, 0x96, 0x00, 0x00, 0x00, 0x9f,
    0xff, 0xff, 0xff, 0xff, 0xf0, 0x00, 0x00, 0xbf, 0xff, 0xff, 0xff, 0xff, 0xff, 0x00, 0x00, 0x6f,
    0xff, 0xfe, 0xb9, 0xab, 0xdf, 0xf0, 0x00, 0x0c, 0xff, 0xf9, 0x10, 0x00, 0x00, 0x27, 0x00, 0x00,
    0xef, 0xff, 0x10, 0x00, 0x00, 0x00, 0x00, 0x00, 0x0e, 0xff, 0xf3, 0x00, 0x00, 0x00, 0x00, 0x00,
    0x00, 0xcf, 0xff, 0xd4, 0x00, 0x00, 0x00, 0x00, 0x00, 0x06, 0xff, 0xff, 0xfb, 0x50, 0x00, 0x00,
    0x00, 0x00, 0x0a, 0xff, 0xff, 0xff, 0xd7, 0x10, 0x00, 0x00, 0x00, 0x08, 0xff, 0xff, 0xff, 0xfe,
    0x50, 0x00, 0x00, 0x00, 0x03, 0xbf, 0xff, 0xff, 0xff, 0x80, 0x00, 0x00, 0x00, 0x00, 0x28, 0xef,
    0xff, 0xff, 0x50, 0x00, 0x00, 0x00, 0x00, 0x00, 0x6e, 0xff, 0xfb, 0x00, 0x00, 0x00, 0x00, 0x00,
    0x00, 0x5f, 0xff, 0xe0, 0x00, 0x40, 0x00, 0x00, 0x00, 0x01, 0xff, 0xfe, 0x00, 0x0f, 0xa3, 0x00,
    0x00, 0x00, 0x9f, 0xff, 0xc0, 0x00, 0xff, 0xfe, 0xb9, 0x9b, 0xef, 0xff, 0xf7, 0x00, 0x0f, 0xff,
    0xff, 0xff, 0xff, 0xff, 0xfc, 0x10, 0x00, 0xff, 0xff, 0xff, 0xff, 0xff, 0xfa, 0x10, 0x00, 0x01,
    0x6a, 0xde, 0xff, 0xec, 0x83, 0x00, 0x00, 0x00, 0xff, 0xff, 0xff, 0xff, 0xff, 0xff, 0xff, 0xff,
    0xff, 0xff, 0xff, 0xff, 0xff, 0xff, 0xff, 0xff, 0xff, 0xff, 0xff, 0xff, 0xff, 0xff, 0xff, 0xff,
    0xff, 0xff, 0xff, 0xaa, 0xaa, 0xaa, 0xaf, 0xff, 0xfa, 0xaa, 0xaa, 0xaa, 0x00, 0x00, 0x00, 0x0f,
    0xff, 0xf0, 0x00, 0x00, 0x00, 0x00, 0x00, 0x00, 0x0f, 0xff, 0xf0, 0x00, 0x00, 0x00, 0x00, 0x00,
    0x00, 0x0f, 0xff, 0xf0, 0x00, 0x00, 0x00, 0x00, 0x00, 0x00, 0x0f, 0xff, 0xf0, 0x00, 0x00, 0x00,
    0x00, 0x00, 0x00, 0x0f, 0xff, 0xf0, 0x00, 0x00, 0x00, 0x00, 0x00, 0x00, 0x0f, 0xff, 0xf0, 0x00,
    0x00, 0x00, 0x00, 0x00, 0x00, 0x0f, 0xff, 0xf0, 0x00, 0x00, 0x00, 0x00, 0x00, 0x00, 0x0f, 0xff,
    0xf0, 0x00, 0x00, 0x00, 0x00, 0x00, 0x00, 0x0f, 0xff, 0xf0, 0x00, 0x00, 0x00, 0x00, 0x00, 0x00,
    0x0f, 0xff, 0xf0, 0x00, 0x00, 0x00, 0x00, 0x00, 0x00, 0x0f, 0xff, 0xf0, 0x00, 0x00, 0x00, 0x00,
    0x00, 0x00, 0x0f, 0xff, 0xf0, 0x00, 0x00, 0x00, 0x00, 0x00, 0x00, 0x0f, 0xff, 0xf0, 0x00, 0x00,
    0x00, 0x00, 0x00, 0x00, 0x0f, 0xff, 0xf0, 0x00, 0x00, 0x00, 0x00, 0x00, 0x00, 0x0f, 0xff, 0xf0,
    0x00, 0x00, 0x00, 0x00, 0x00, 0x00, 0x0f, 0xff, 0xf0, 0x00, 0x00, 0x00, 0x00, 0x00, 0x00, 0x0f,
    0xff, 0xf0, 0x00, 0x00, 0x00, 0x00, 0xff, 0xff, 0xf0, 0x00, 0x00, 0x00, 0x0f, 0xff, 0xff, 0x00,
    0x00, 0xff, 0xff, 0xf0, 0x00, 0x00, 0x00, 0x0f, 0xff, 0xff, 0x00, 0x00, 0xff, 0xff, 0xf0, 0x00,
    0x00, 0x00, 0x0f, 0xff, 0xff, 0x00, 0x00, 0xff, 0xff, 0xf0, 0x00, 0x00, 0x00, 0x0f, 0xff, 0xff,
    0x00, 0x00, 0xff, 0xff, 0xf0, 0x00, 0x00, 0x00, 0x0f, 0xff, 0xff, 0x00, 0x00, 0xff, 0xff, 0xf0,
    0x00, 0x00, 0x00, 0x0f, 0xff, 0xff, 0x00, 0x00, 0xff, 0xff, 0xf0, 0x00, 0x00, 0x00, 0x0f, 0xff,
    0xff, 0x00, 0x00, 0xff, 0xff, 0xf0, 0x00, 0x00, 0x00, 0x0f, 0xff, 0xff, 0x00, 0x00, 0xff, 0xff,
    0xf0, 0x00, 0x00, 0x00, 0x0f, 0xff, 0xff, 0x00, 0x00, 0xff, 0xff, 0xf0, 0x00, 0x00, 0x00, 0x0f,
    0xff, 0xff, 0x00, 0x00, 0xff, 0xff, 0xf0, 0x00, 0x00, 0x00, 0x0f, 0xff, 0xff, 0x00, 0x00, 0xff,
    0xff, 0xf0, 0x00, 0x00, 0x00, 0x0f, 0xff, 0xff, 0x00, 0x00, 0xff, 0xff, 0xf0, 0x00, 0x00, 0x00,
    0x0f, 0xff, 0xfe, 0x00, 0x00, 0xef, 0xff, 0xf2, 0x00, 0x00, 0x00, 0x2f, 0xff, 0xfd, 0x00, 0x00,
    0xcf, 0xff, 0xf5, 0x00, 0x00, 0x00, 0x5f, 0xff, 0xfb, 0x00, 0x00, 0x8f, 0xff, 0xfc, 0x00, 0x00,
    0x00, 0xbf, 0xff, 0xf7, 0x00, 0x00, 0x3f, 0xff, 0xff, 0xb2, 0x00, 0x2a, 0xff, 0xff, 0xf2, 0x00,
    0x00, 0x0b, 0xff, 0xff, 0xff, 0xee, 0xff, 0xff, 0xff, 0x90, 0x00, 0x00, 0x01, 0xdf, 0xff, 0xff,
    0xff, 0xff, 0xff, 0xfc, 0x10, 0x00, 0x00, 0x00, 0x1b, 0xff, 0xff, 0xff, 0xff, 0xff, 0x91, 0x00,
    0x00, 0x00, 0x00, 0x00, 0x38, 0xce, 0xfe, 0xdb, 0x82, 0x00, 0x00, 0x00, 0xcf, 0xff, 0xf1, 0x00,
    0x00, 0x00, 0x00, 0x0e, 0xff, 0xfc, 0x7f, 0xff, 0xf6, 0x00, 0x00, 0x00, 0x00, 0x4f, 0xff, 0xf7,
    0x2f, 0xff, 0xfb, 0x00, 0x00, 0x00, 0x00, 0x9f, 0xff, 0xf2, 0x0c, 0xff, 0xff, 0x10, 0x00, 0x00,
    0x00, 0xdf, 0xff, 0xb0, 0x06, 0xff, 0xff, 0x50, 0x00, 0x00, 0x03, 0xff, 0xff, 0x60, 0x01, 0xff,
    0xff, 0xa0, 0x00, 0x00, 0x08, 0xff, 0xff, 0x10, 0x00, 0xbf, 0xff, 0xe0, 0x00, 0x00, 0x0d, 0xff,
    0xfa, 0x00, 0x00, 0x6f, 0xff, 0xf4, 0x00, 0x00, 0x2f, 0xff, 0xf5, 0x00, 0x00, 0x1f, 0xff, 0xf9,
    0x00, 0x00, 0x7f, 0xff, 0xe0, 0x00, 0x00, 0x0a, 0xff, 0xfe, 0x00, 0x00, 0xcf, 0xff, 0x90, 0x00,
    0x00, 0x05, 0xff, 0xff, 0x30, 0x01, 0xff, 0xff, 0x40, 0x00, 0x00, 0x00, 0xef, 0xff, 0x80, 0x06,
    0xff, 0xfe, 0x00, 0x00, 0x00, 0x00, 0x9f, 0xff, 0xd0, 0x0b, 0xff, 0xf8, 0x00, 0x00, 0x00, 0x00,
    0x4f, 0xff, 0xf2, 0x1f, 0xff, 0xf3, 0x00, 0x00, 0x00, 0x00, 0x0e, 0xff, 0xf7, 0x5f, 0xff, 0xd0,
    0x00, 0x00, 0x00, 0x00, 0x09, 0xff, 0xfb, 0xaf, 0xff, 0x70, 0x00, 0x00, 0x00, 0x00, 0x03, 0xff,
    0xfe, 0xdf, 0xff, 0x20, 0x00, 0x00, 0x00, 0x00, 0x00, 0xdf, 0xff, 0xff, 0xfc, 0x00, 0x00, 0x00,
    0x00, 0x00, 0x00, 0x8f, 0xff, 0xff, 0xf6, 0x00, 0x00, 0x00, 0x00, 0x00, 0x00, 0x2f, 0xff, 0xff,
    0xf1, 0x00, 0x00, 0x00, 0x00, 0x00, 0x00, 0x0c, 0xff, 0xff, 0xb0, 0x00, 0x00, 0x00, 0xdf, 0xff,
    0xf6, 0x00, 0x00, 0x00, 0x0c, 0xff, 0xff, 0x30, 0x00, 0x00, 0x00, 0xdf, 0xff, 0x29, 0xff, 0xff,
    0xa0, 0x00, 0x00, 0x02, 0xff, 0xff, 0xf6, 0x00, 0x00, 0x00, 0x2f, 0xff, 0xd0, 0x4f, 0xff, 0xfe,
    0x00, 0x00, 0x00, 0x6f, 0xff, 0xff, 0xa0, 0x00, 0x00, 0x06, 0xff, 0xf9, 0x00, 0xef, 0xff, 0xf2,
    0x00, 0x00, 0x0a, 0xff, 0xff, 0xfe, 0x00, 0x00, 0x00, 0xbf, 0xff, 0x50, 0x0b, 0xff, 0xff, 0x60,
    0x00, 0x00, 0xef, 0xff, 0xff, 0xf2, 0x00, 0x00, 0x0e, 0xff, 0xf1, 0x00, 0x6f, 0xff, 0xf9, 0x00,
    0x00, 0x3f, 0xff, 0xde, 0xff, 0x60, 0x00, 0x04, 0xff, 0xfc, 0x00, 0x02, 0xff, 0xff, 0xd0, 0x00,
    0x07, 0xff, 0xfb, 0xcf, 0xfa, 0x00, 0x00, 0x8f, 0xff, 0x80, 0x00, 0x0d, 0xff, 0xff, 0x10, 0x00,
    0xbf, 0xff, 0x79, 0xff, 0xe0, 0x00, 0x0c, 0xff, 0xf4, 0x00, 0x00, 0x8f, 0xff, 0xf5, 0x00, 0x1f,
    0xff, 0xf3, 0x5f, 0xff, 0x20, 0x01, 0xff, 0xff, 0x10, 0x00, 0x04, 0xff, 0xff, 0x90, 0x05, 0xff,
    0xfd, 0x02, 0xff, 0xf6, 0x00, 0x5f, 0xff, 0xb0, 0x00, 0x00, 0x0e, 0xff, 0xfc, 0x00, 0x9f, 0xff,
    0x90, 0x0d, 0xff, 0xa0, 0x09, 0xff, 0xf7, 0x00, 0x00, 0x00, 0xbf, 0xff, 0xf1, 0x0d, 0xff, 0xf5,
    0x00, 0x9f, 0xfd, 0x00, 0xdf, 0xff, 0x40, 0x00, 0x00, 0x06, 0xff, 0xff, 0x42, 0xff, 0xff, 0x10,
    0x05, 0xff, 0xf2, 0x2f, 0xff, 0xe0, 0x00, 0x00, 0x00, 0x2f, 0xff, 0xf8, 0x6f, 0xff, 0xb0, 0x00,
    0x1f, 0xff, 0x66, 0xff, 0xfb, 0x00, 0x00, 0x00, 0x00, 0xdf, 0xff, 0xba, 0xff, 0xf7, 0x00, 0x00,
    0xcf, 0xf9, 0xaf, 0xff, 0x70, 0x00, 0x00, 0x00, 0x08, 0xff, 0xfd, 0xdf, 0xff, 0x30, 0x00, 0x08,
    0xff, 0xcd, 0xff, 0xf3, 0x00, 0x00, 0x00, 0x00, 0x4f, 0xff, 0xff, 0xff, 0xd0, 0x00, 0x00, 0x5f,
    0xfe, 0xff, 0xfe, 0x00, 0x00, 0x00, 0x00, 0x00, 0xef, 0xff, 0xff, 0xf9, 0x00, 0x00, 0x01, 0xff,
    0xff, 0xff, 0xa0, 0x00, 0x00, 0x00, 0x00, 0x0a, 0xff, 0xff, 0xff, 0x50, 0x00, 0x00, 0x0c, 0xff,
    0xff, 0xf6, 0x00, 0x00, 0x00, 0x00, 0x00, 0x6f, 0xff, 0xff, 0xf1, 0x00, 0x00, 0x00, 0x8f, 0xff,
    0xff, 0x20, 0x00, 0x00, 0x00, 0x00, 0x02, 0xff, 0xff, 0xfb, 0x00, 0x00, 0x00, 0x04, 0xff, 0xff,
    0xd0, 0x00, 0x00, 0x00, 0x0b, 0xff, 0xff, 0x60, 0x00, 0x00, 0x05, 0xff, 0xff, 0xa0, 0x03, 0xff,
    0xff, 0xc0, 0x00, 0x00, 0x0d, 0xff, 0xfe, 0x20, 0x00, 0xaf, 0xff, 0xf4, 0x00, 0x00, 0x6f, 0xff,
    0xf7, 0x00, 0x00, 0x2f, 0xff, 0xfb, 0x00, 0x01, 0xef, 0xff, 0xc0, 0x00, 0x00, 0x09, 0xff, 0xff,
    0x30, 0x07, 0xff, 0xff, 0x30, 0x00, 0x00, 0x01, 0xef, 0xff, 0xa0, 0x1e, 0xff, 0xf9, 0x00, 0x00,
    0x00, 0x00, 0x8f, 0xff, 0xf2, 0x8f, 0xff, 0xe1, 0x00, 0x00, 0x00, 0x00, 0x1e, 0xff, 0xf7, 0xef,
    0xff, 0x60, 0x00, 0x00, 0x00, 0x00, 0x07, 0xff, 0xff, 0xff, 0xfb, 0x00, 0x00, 0x00, 0x00, 0x00,
    0x00, 0xdf, 0xff, 0xff, 0xf3, 0x00, 0x00, 0x00, 0x00, 0x00, 0x00, 0x8f, 0xff, 0xff, 0xb0, 0x00,
    0x00, 0x00, 0x00, 0x00, 0x01, 0xef, 0xff, 0xff, 0xf4, 0x00, 0x00, 0x00, 0x00, 0x00, 0x0a, 0xff,
    0xfe, 0xff, 0xfd, 0x00, 0x00, 0x00, 0x00, 0x00, 0x4f, 0xff, 0xf6, 0xff, 0xff, 0x70, 0x00, 0x00,
    0x00, 0x01, 0xdf, 0xff, 0xc0, 0xbf, 0xff, 0xe2, 0x00, 0x00, 0x00, 0x08, 0xff, 0xff, 0x40, 0x3f,
    0xff, 0xfa, 0x00, 0x00, 0x00, 0x3f, 0xff, 0xfb, 0x00, 0x0a, 0xff, 0xff, 0x40, 0x00, 0x00, 0xcf,
    0xff, 0xf3, 0x00, 0x02, 0xff, 0xff, 0xd0, 0x00, 0x06, 0xff, 0xff, 0xa0, 0x00, 0x00, 0x9f, 0xff,
    0xf7, 0x00, 0x2e, 0xff, 0xff, 0x20, 0x00, 0x00, 0x2e, 0xff, 0xfe, 0x20, 0xaf, 0xff, 0xf9, 0x00,
    0x00, 0x00, 0x08, 0xff, 0xff, 0xa0, 0xbf, 0xff, 0xf6, 0x00, 0x00, 0x00, 0x1e, 0xff, 0xfb, 0x3f,
    0xff, 0xfc, 0x00, 0x00, 0x00, 0x7f, 0xff, 0xf3, 0x0a, 0xff, 0xff, 0x40, 0x00, 0x00, 0xef, 0xff,
    0xa0, 0x03, 0xff, 0xff, 0xb0, 0x00, 0x06, 0xff, 0xff, 0x20, 0x00, 0xaf, 0xff, 0xf3, 0x00, 0x0d,
    0xff, 0xf9, 0x00, 0x00, 0x2f, 0xff, 0xf9, 0x00, 0x4f, 0xff, 0xf2, 0x00, 0x00, 0x09, 0xff, 0xff,
    0x10, 0xbf, 0xff, 0x80, 0x00, 0x00, 0x01, 0xef, 0xff, 0x83, 0xff, 0xfe, 0x10, 0x00, 0x00, 0x00,
    0x8f, 0xff, 0xd9, 0xff, 0xf8, 0x00, 0x00, 0x00, 0x00, 0x1e, 0xff, 0xfe, 0xff, 0xe1, 0x00, 0x00,
    0x00, 0x00, 0x07, 0xff, 0xff, 0xff, 0x70, 0x00, 0x00, 0x00, 0x00, 0x01, 0xef, 0xff, 0xfd, 0x00,
    0x00, 0x00, 0x00, 0x00, 0x00, 0x7f, 0xff, 0xf6, 0x00, 0x00, 0x00, 0x00, 0x00, 0x00, 0x0f, 0xff,
    0xf0, 0x00, 0x00, 0x00, 0x00, 0x00, 0x00, 0x0f, 0xff, 0xf0, 0x00, 0x00, 0x00, 0x00, 0x00, 0x00,
    0x0f, 0xff, 0xf0, 0x00, 0x00, 0x00, 0x00, 0x00, 0x00, 0x0f, 0xff, 0xf0, 0x00, 0x00, 0x00, 0x00,
    0x00, 0x00, 0x0f, 0xff, 0xf0, 0x00, 0x00, 0x00, 0x00, 0x00, 0x00, 0x0f, 0xff, 0xf0, 0x00, 0x00,
    0x00, 0x00, 0x00, 0x00, 0x0f, 0xff, 0xf0, 0x00, 0x00, 0x00, 0x00, 0x00, 0x00, 0x0f, 0xff, 0xf0,
    0x00, 0x00, 0x00, 0x00, 0xff, 0xff, 0xff, 0xff, 0xff, 0xff, 0xff, 0xf0, 0x00, 0xff, 0xff, 0xff,
    0xff, 0xff, 0xff, 0xff, 0xf0, 0x00, 0xff, 0xff, 0xff, 0xff, 0xff, 0xff, 0xff, 0xa0, 0x00, 0xaa,
    0xaa, 0xaa, 0xaa, 0xae, 0xff, 0xfe, 0x10, 0x00, 0x00, 0x00, 0x00, 0x00, 0x3f, 0xff, 0xf5, 0x00,
    0x00, 0x00, 0x00, 0x00, 0x01, 0xdf, 0xff, 0xa0, 0x00, 0x00, 0x00, 0x00, 0x00, 0x0a, 0xff, 0xfe,
    0x10, 0x00, 0x00, 0x00, 0x00, 0x00, 0x6f, 0xff, 0xf5, 0x00, 0x00, 0x00, 0x00, 0x00, 0x02, 0xef,
    0xff, 0xa0, 0x00, 0x00, 0x00, 0x00, 0x00, 0x0c, 0xff, 0xfe, 0x10, 0x00, 0x00, 0x00, 0x00, 0x00,
    0x8f, 0xff, 0xf5, 0x00, 0x00, 0x00, 0x00, 0x00, 0x04, 0xff, 0xff, 0xa0, 0x00, 0x00, 0x00, 0x00,
    0x00, 0x1e, 0xff, 0xfe, 0x10, 0x00, 0x00, 0x00, 0x00, 0x00, 0xbf, 0xff, 0xf5, 0x00, 0x00, 0x00,
    0x00, 0x00, 0x07, 0xff, 0xff, 0xa0, 0x00, 0x00, 0x00, 0x00, 0x00, 0x3f, 0xff, 0xfe, 0x10, 0x00,
    0x00, 0x00, 0x00, 0x01, 0xdf, 0xff, 0xf5, 0x00, 0x00, 0x00, 0x00, 0x00, 0x0a, 0xff, 0xff, 0xea,
    0xaa, 0xaa, 0xaa, 0xaa, 0xa0, 0x0f, 0xff, 0xff, 0xff, 0xff, 0xff, 0xff, 0xff, 0xf0, 0x0f, 0xff,
    0xff, 0xff, 0xff, 0xff, 0xff, 0xff, 0xf0, 0x0f, 0xff, 0xff, 0xff, 0xff, 0xff, 0xff, 0xff, 0xf0,
    0x00, 0x0f, 0xff, 0xff, 0xff, 0x00, 0x00, 0xff, 0xff, 0xff, 0xf0, 0x00, 0x0f, 0xff, 0xfc, 0xcc,
    0x00, 0x00, 0xff, 0xff, 0x00, 0x00, 0x00, 0x0f, 0xff, 0xf0, 0x00, 0x00, 0x00, 0xff, 0xff, 0x00,
    0x00, 0x00, 0x0f, 0xff, 0xf0, 0x00, 0x00, 0x00, 0xff, 0xff, 0x00, 0x00, 0x00, 0x0f, 0xff, 0xf0,
    0x00, 0x00, 0x00, 0xff, 0xff, 0x00, 0x00, 0x00, 0x0f, 0xff, 0xf0, 0x00, 0x00, 0x00, 0xff, 0xff,
    0x00, 0x00, 0x00, 0x0f, 0xff, 0xf0, 0x00, 0x00, 0x00, 0xff, 0xff, 0x00, 0x00, 0x00, 0x0f, 0xff,
    0xf0, 0x00, 0x00, 0x00, 0xff, 0xff, 0x00, 0x00, 0x00, 0x0f, 0xff, 0xf0, 0x00, 0x00, 0x00, 0xff,
    0xff, 0x00, 0x00, 0x00, 0x0f, 0xff, 0xf0, 0x00, 0x00, 0x00, 0xff, 0xff, 0x00, 0x00, 0x00, 0x0f,
    0xff, 0xf0, 0x00, 0x00, 0x00, 0xff, 0xff, 0x00, 0x00, 0x00, 0x0f, 0xff, 0xf0, 0x00, 0x00, 0x00,
    0xff, 0xff, 0xff, 0xf0, 0x00, 0x0f, 0xff, 0xff, 0xff, 0x00, 0x00, 0xcc, 0xcc, 0xcc, 0xc0, 0x1f,
    0xff, 0xe0, 0x00, 0x00, 0x00, 0x00, 0x00, 0x09, 0xff, 0xf6, 0x00, 0x00, 0x00, 0x00, 0x00, 0x03,
    0xff, 0xfc, 0x00, 0x00, 0x00, 0x00, 0x00, 0x00, 0xcf, 0xff, 0x30, 0x00, 0x00, 0x00, 0x00, 0x00,
    0x5f, 0xff, 0xa0, 0x00, 0x00, 0x00, 0x00, 0x00, 0x0e, 0xff, 0xf1, 0x00, 0x00, 0x00, 0x00, 0x00,
    0x08, 0xff, 0xf7, 0x00, 0x00, 0x00, 0x00, 0x00, 0x02, 0xff, 0xfd, 0x00, 0x00, 0x00, 0x00, 0x00,
    0x00, 0xaf, 0xff, 0x50, 0x00, 0x00, 0x00, 0x00, 0x00, 0x4f, 0xff, 0xb0, 0x00, 0x00, 0x00, 0x00,
    0x00, 0x0d, 0xff, 0xf2, 0x00, 0x00, 0x00, 0x00, 0x00, 0x06, 0xff, 0xf9, 0x00, 0x00, 0x00, 0x00,
    0x00, 0x01, 0xef, 0xfe, 0x10, 0x00, 0x00, 0x00, 0x00, 0x00, 0x9f, 0xff, 0x60, 0x00, 0x00, 0x00,
    0x00, 0x00, 0x2f, 0xff, 0xd0, 0x00, 0x00, 0x00, 0x00, 0x00, 0x0b, 0xff, 0xf4, 0x00, 0x00, 0x00,
    0x00, 0x00, 0x05, 0xff, 0xfa, 0x00, 0x00, 0x00, 0x00, 0x00, 0x00, 0xdf, 0xff, 0x20, 0x00, 0x00,
    0x00, 0x00, 0x00, 0x7f, 0xff, 0x80, 0x00, 0x00, 0x00, 0x00, 0x00, 0x1f, 0xff, 0xe0, 0x00, 0x00,
    0x00, 0x00, 0x00, 0x0a, 0xff, 0xf5, 0x00, 0x00, 0x00, 0x00, 0x00, 0x03, 0xff, 0xfc, 0x00, 0x00,
    0x00, 0x00, 0x00, 0x00, 0xcf, 0xff, 0x30, 0x00, 0x00, 0x00, 0x00, 0x00, 0x6f, 0xff, 0x90, 0x00,
    0x00, 0x00, 0x00, 0x00, 0x0e, 0xff, 0xf1, 0x0f, 0xff, 0xff, 0xff, 0x00, 0x00, 0xff, 0xff, 0xff,
    0xf0, 0x00, 0x0c, 0xcc, 0xff, 0xff, 0x00, 0x00, 0x00, 0x0f, 0xff, 0xf0, 0x00, 0x00, 0x00, 0xff,
    0xff, 0x00, 0x00, 0x00, 0x0f, 0xff, 0xf0, 0x00, 0x00, 0x00, 0xff, 0xff, 0x00, 0x00, 0x00, 0x0f,
    0xff, 0xf0, 0x00, 0x00, 0x00, 0xff, 0xff, 0x00, 0x00, 0x00, 0x0f, 0xff, 0xf0, 0x00, 0x00, 0x00,
    0xff, 0xff, 0x00, 0x00, 0x00, 0x0f, 0xff, 0xf0, 0x00, 0x00, 0x00, 0xff, 0xff, 0x00, 0x00, 0x00,
    0x0f, 0xff, 0xf0, 0x00, 0x00, 0x00, 0xff, 0xff, 0x00, 0x00, 0x00, 0x0f, 0xff, 0xf0, 0x00, 0x00,
    0x00, 0xff, 0xff, 0x00, 0x00, 0x00, 0x0f, 0xff, 0xf0, 0x00, 0x00, 0x00, 0xff, 0xff, 0x00, 0x00,
    0x00, 0x0f, 0xff, 0xf0, 0x00, 0x00, 0x00, 0xff, 0xff, 0x00, 0x00, 0x00, 0x0f, 0xff, 0xf0, 0x00,
    0x00, 0x00, 0xff, 0xff, 0x00, 0x00, 0xff, 0xff, 0xff, 0xf0, 0x00, 0x0f, 0xff, 0xff, 0xff, 0x00,
    0x00, 0xcc, 0xcc, 0xcc, 0xc0, 0x00, 0x00, 0x00, 0x00, 0x00, 0x4f, 0xf5, 0x00, 0x00, 0x00, 0x00,
    0x00, 0x00, 0x00, 0x00, 0x0c, 0xff, 0xd1, 0x00, 0x00, 0x00, 0x00, 0x00, 0x00, 0x00, 0x05, 0xff,
    0xff, 0x80, 0x00, 0x00, 0x00, 0x00, 0x00, 0x00, 0x00, 0xcf, 0xff, 0xff, 0x20, 0x00, 0x00, 0x00,
    0x00, 0x00, 0x00, 0x5f, 0xf9, 0xbf, 0xfb, 0x00, 0x00, 0x00, 0x00, 0x00, 0x00, 0x0d, 0xff, 0x22,
    0xef, 0xf5, 0x00, 0x00, 0x00, 0x00, 0x00, 0x06, 0xff, 0x90, 0x06, 0xff, 0xd1, 0x00, 0x00, 0x00,
    0x00, 0x00, 0xdf, 0xf2, 0x00, 0x0b, 0xff, 0x80, 0x00, 0x00, 0x00, 0x00, 0x6f, 0xf8, 0x00, 0x00,
    0x2e, 0xff, 0x20, 0x00, 0x00, 0x00, 0x1e, 0xfe, 0x10, 0x00, 0x00, 0x6f, 0xfb, 0x00, 0x00, 0x00,
    0x07, 0xff, 0x80, 0x00, 0x00, 0x00, 0xbf, 0xf5, 0x00, 0x00, 0x01, 0xef, 0xe1, 0x00, 0x00, 0x00,
    0x02, 0xef, 0xd1, 0x00, 0x00, 0x00, 0x00, 0x00, 0x00, 0x00, 0x00, 0x00, 0x00, 0x00, 0x00, 0x00,
    0x00, 0x00, 0x00, 0x00, 0x00, 0x00, 0x00, 0x00, 0x00, 0x00, 0x00, 0x00, 0x00, 0x00, 0x00, 0x00,
    0x00, 0x00, 0x00, 0x00, 0x00, 0x00, 0x00, 0x00, 0x00, 0x00, 0x00, 0x00, 0x00, 0x00, 0x00, 0x00,
    0x00, 0x00, 0x00, 0x00, 0x00, 0x00, 0x00, 0x00, 0x00, 0x00, 0x00, 0x00, 0x00, 0x00, 0x00, 0x00,
    0x00, 0x00, 0x00, 0x00, 0x00, 0x00, 0x00, 0x00, 0x00, 0x00, 0x00, 0x00, 0x00, 0x00, 0x00, 0x00,
    0x00, 0x00, 0x00, 0x00, 0x00, 0x00, 0x00, 0x00, 0x00, 0x00, 0x00, 0x00, 0x00, 0x00, 0x00, 0x00,
    0x00, 0x00, 0x00, 0x00, 0x00, 0x00, 0x00, 0x00, 0x00, 0x00, 0x00, 0x00, 0x00, 0x00, 0x00, 0x00,
    0x00, 0x00, 0x00, 0x00, 0x00, 0x00, 0x00, 0x00, 0x00, 0x00, 0x00, 0x00, 0x00, 0x00, 0x00, 0x00,
    0x00, 0x00, 0x00, 0x0c, 0xcc, 0xcc, 0xcc, 0xcc, 0xcc, 0xcc, 0xff, 0xff, 0xff, 0xff, 0xff, 0xff,
    0xf0, 0x08, 0xff, 0xf7, 0x00, 0x00, 0x09, 0xff, 0xf4, 0x00, 0x00, 0x0a, 0xff, 0xe2, 0x00, 0x00,
    0x0a, 0xff, 0xc0, 0x00, 0x00, 0x0b, 0xff, 0x90, 0x00, 0x00, 0x00, 0x00, 0x00, 0x00, 0x00, 0x00,
    0x00, 0x00, 0x00, 0x00, 0x00, 0x00, 0x00, 0x00, 0x00, 0x00, 0x00, 0x00, 0x00, 0x00, 0x00, 0x00,
    0x00, 0x00, 0x00, 0x00, 0x00, 0x00, 0x00, 0x00, 0x00, 0x00, 0x00, 0x00, 0x00, 0x00, 0x00, 0x00,
    0x00, 0x00, 0x00, 0x00, 0x00, 0x00, 0x00, 0x00, 0x00, 0x00, 0x00, 0x00, 0x00, 0x00, 0x00, 0x00,
    0x00, 0x00, 0x00, 0x00, 0x00, 0x00, 0x00, 0x00, 0x00, 0x00, 0x00, 0x00, 0x00, 0x00, 0x00, 0x00,
    0x00, 0x00, 0x00, 0x00, 0x00, 0x04, 0x8b, 0xef, 0xec, 0x82, 0x00, 0x00, 0x00, 0xdf, 0xff, 0xff,
    0xff, 0xff, 0x50, 0x00, 0x00, 0xff, 0xff, 0xff, 0xff, 0xff, 0xf2, 0x00, 0x00, 0xfe, 0x84, 0x21,
    0x5e, 0xff, 0xf9, 0x00, 0x00, 0xa1, 0x00, 0x00, 0x06, 0xff, 0xfd, 0x00, 0x00, 0x00, 0x00, 0x13,
    0x59, 0xff, 0xfe, 0x00, 0x00, 0x05, 0xae, 0xff, 0xff, 0xff, 0xff, 0x00, 0x00, 0xaf, 0xff, 0xff,
    0xff, 0xff, 0xff, 0x00, 0x07, 0xff, 0xff, 0xfe, 0xca, 0xff, 0xff, 0x00, 0x0d, 0xff, 0xf9, 0x20,
    0x03, 0xff, 0xff, 0x00, 0x0f, 0xff, 0xf1, 0x00, 0x08, 0xff, 0xff, 0x00, 0x0e, 0xff, 0xf9, 0x34,
    0x9f, 0xff, 0xff, 0x00, 0x0a, 0xff, 0xff, 0xff, 0xff, 0xff, 0xff, 0x00, 0x02, 0xef, 0xff, 0xff,
    0xfb, 0xff, 0xff, 0x00, 0x00, 0x29, 0xdf, 0xeb, 0x60, 0xff, 0xff, 0x00, 0x00, 0xff, 0xff, 0xf0,
    0x00, 0x00, 0x00, 0x00, 0x00, 0x00, 0x0f, 0xff, 0xff, 0x00, 0x00, 0x00, 0x00, 0x00, 0x00, 0x00,
    0xff, 0xff, 0xf0, 0x00, 0x00, 0x00, 0x00, 0x00, 0x00, 0x0f, 0xff, 0xff, 0x00, 0x00, 0x00, 0x00,
    0x00, 0x00, 0x00, 0xff, 0xff, 0xf0, 0x00, 0x00, 0x00, 0x00, 0x00, 0x00, 0x0f, 0xff, 0xff, 0x00,
    0x00, 0x00, 0x00, 0x00, 0x00, 0x00, 0xff, 0xff, 0xf0, 0x00, 0x00, 0x00, 0x00, 0x00, 0x00, 0x0f,
    0xff, 0xff, 0x01, 0x7c, 0xee, 0xc7, 0x10, 0x00, 0x00, 0xff, 0xff, 0xf1, 0xcf, 0xff, 0xff, 0xfd,
    0x20, 0x00, 0x0f, 0xff, 0xff, 0xcf, 0xff, 0xff, 0xff, 0xfc, 0x00, 0x00, 0xff, 0xff, 0xfe, 0x97,
    0x8d, 0xff, 0xff, 0xf5, 0x00, 0x0f, 0xff, 0xfd, 0x20, 0x00, 0x1c, 0xff, 0xff, 0xa0, 0x00, 0xff,
    0xff, 0x40, 0x00, 0x00, 0x5f, 0xff, 0xfd, 0x00, 0x0f, 0xff, 0xf1, 0x00, 0x00, 0x01, 0xff, 0xff,
    0xe0, 0x00, 0xff, 0xff, 0x00, 0x00, 0x00, 0x1f, 0xff, 0xff, 0x00, 0x0f, 0xff, 0xf0, 0x00, 0x00,
    0x03, 0xff, 0xff, 0xd0, 0x00, 0xff, 0xff, 0x30, 0x00, 0x00, 0x7f, 0xff, 0xfb, 0x00, 0x0f, 0xff,
    0xfc, 0x10, 0x00, 0x2e, 0xff, 0xff, 0x70, 0x00, 0xff, 0xff, 0xfd, 0x86, 0x9e, 0xff, 0xff, 0xe1,
    0x00, 0x0f, 0xff, 0xff, 0xff, 0xff, 0xff, 0xff, 0xf6, 0x00, 0x00, 0xff, 0xff, 0xf6, 0xff, 0xff,
    0xff, 0xf7, 0x00, 0x00, 0x0f, 0xff, 0xff, 0x03, 0xae, 0xfd, 0x93, 0x00, 0x00, 0x00, 0x00, 0x04,
    0x9d, 0xef, 0xec, 0x80, 0x00, 0x02, 0xcf, 0xff, 0xff, 0xff, 0xf0, 0x00, 0x2e, 0xff, 0xff, 0xff,
    0xff, 0xf0, 0x00, 0xdf, 0xff, 0xfc, 0x86, 0x8b, 0xf0, 0x06, 0xff, 0xff, 0x50, 0x00, 0x00, 0x20,
    0x0a, 0xff, 0xf8, 0x00, 0x00, 0x00, 0x00, 0x0d, 0xff, 0xf2, 0x00, 0x00, 0x00, 0x00, 0x0f, 0xff,
    0xf0, 0x00, 0x00, 0x00, 0x00, 0x0e, 0xff, 0xf2, 0x00, 0x00, 0x00, 0x00, 0x0c, 0xff, 0xf7, 0x00,
    0x00, 0x00, 0x00, 0x08, 0xff, 0xfe, 0x40, 0x00, 0x00, 0x30, 0x02, 0xef, 0xff, 0xfb, 0x76, 0x8b,
    0xf0, 0x00, 0x5f, 0xff, 0xff, 0xff, 0xff, 0xf0, 0x00, 0x05, 0xef, 0xff, 0xff, 0xff, 0xf0, 0x00,
    0x00, 0x17, 0xbe, 0xfe, 0xda, 0x50, 0x00, 0x00, 0x00, 0x00, 0x00, 0x00, 0xef, 0xff, 0xf0, 0x00,
    0x00, 0x00, 0x00, 0x00, 0x00, 0x0e, 0xff, 0xff, 0x00, 0x00, 0x00, 0x00, 0x00, 0x00, 0x00, 0xef,
    0xff, 0xf0, 0x00, 0x00, 0x00, 0x00, 0x00, 0x00, 0x0e, 0xff, 0xff, 0x00, 0x00, 0x00, 0x00, 0x00,
    0x00, 0x00, 0xef, 0xff, 0xf0, 0x00, 0x00, 0x00, 0x00, 0x00, 0x00, 0x0e, 0xff, 0xff, 0x00, 0x00,
    0x00, 0x00, 0x00, 0x00, 0x00, 0xef, 0xff, 0xf0, 0x00, 0x00, 0x02, 0x9d, 0xee, 0xc5, 0x0e, 0xff,
    0xff, 0x00, 0x00, 0x06, 0xff, 0xff, 0xff, 0xf8, 0xef, 0xff, 0xf0, 0x00, 0x05, 0xff, 0xff, 0xff,
    0xff, 0xff, 0xff, 0xff, 0x00, 0x01, 0xef, 0xff, 0xfe, 0x96, 0x8e, 0xff, 0xff, 0xf0, 0x00, 0x7f,
    0xff, 0xfe, 0x20, 0x00, 0x1c, 0xff, 0xff, 0x00, 0x0b, 0xff, 0xff, 0x70, 0x00, 0x00, 0x4f, 0xff,
    0xf0, 0x00, 0xef, 0xff, 0xf2, 0x00, 0x00, 0x00, 0xff, 0xff, 0x00, 0x0f, 0xff, 0xff, 0x10, 0x00,
    0x00, 0x0f, 0xff, 0xf0, 0x00, 0xef, 0xff, 0xf2, 0x00, 0x00, 0x02, 0xff, 0xff, 0x00, 0x0d, 0xff,
    0xff, 0x50, 0x00, 0x00, 0x6f, 0xff, 0xf0, 0x00, 0xaf, 0xff, 0xfd, 0x10, 0x00, 0x2e, 0xff, 0xff,
    0x00, 0x04, 0xff, 0xff, 0xfd, 0x86, 0x8e, 0xff, 0xff, 0xf0, 0x00, 0x0b, 0xff, 0xff, 0xff, 0xff,
    0xdf, 0xff, 0xff, 0x00, 0x00, 0x1c, 0xff, 0xff, 0xff, 0xe2, 0xff, 0xff, 0xf0, 0x00, 0x00, 0x06,
    0xce, 0xfd, 0x81, 0x0f, 0xff, 0xff, 0x00, 0x00, 0x00, 0x17, 0xce, 0xfe, 0xa5, 0x00, 0x00, 0x00,
    0x04, 0xef, 0xff, 0xff, 0xff, 0xb1, 0x00, 0x00, 0x3f, 0xff, 0xff, 0xff, 0xff, 0xfb, 0x00, 0x00,
    0xdf, 0xff, 0x92, 0x15, 0xdf, 0xff, 0x40, 0x06, 0xff, 0xf9, 0x00, 0x00, 0x5f, 0xff, 0xa0, 0x0b,
    0xff, 0xf2, 0x00, 0x00, 0x1f, 0xff, 0xd0, 0x0e, 0xff, 0xff, 0xff, 0xff, 0xff, 0xff, 0xe0, 0x0f,
    0xff, 0xff, 0xff, 0xff, 0xff, 0xff, 0xf0, 0x0e, 0xff, 0xfc, 0xcc, 0xcc, 0xcc, 0xcc, 0xc0, 0x0c,
    0xff, 0xf3, 0x00, 0x00, 0x00, 0x00, 0x00, 0x08, 0xff, 0xfb, 0x00, 0x00, 0x00, 0x01, 0x00, 0x02,
    0xff, 0xff, 0xc6, 0x43, 0x46, 0xae, 0x00, 0x00, 0x7f, 0xff, 0xff, 0xff, 0xff, 0xff, 0x00, 0x00,
    0x07, 0xff, 0xff, 0xff, 0xff, 0xff, 0x00, 0x00, 0x00, 0x28, 0xce, 0xfe, 0xdb, 0x72, 0x00, 0x00,
    0x00, 0x00, 0x5b, 0xef, 0xec, 0x00, 0x00, 0x1b, 0xff, 0xff, 0xff, 0x00, 0x00, 0xaf, 0xff, 0xff,
    0xff, 0x00, 0x02, 0xff, 0xff, 0xe8, 0x66, 0x00, 0x06, 0xff, 0xff, 0x40, 0x00, 0x00, 0x07, 0xff,
    0xff, 0x00, 0x00, 0x00, 0x07, 0xff, 0xff, 0x00, 0x00, 0x0f, 0xff, 0xff, 0xff, 0xff, 0xf0, 0x0f,
    0xff, 0xff, 0xff, 0xff, 0xf0, 0x0f, 0xff, 0xff, 0xff, 0xff, 0xf0, 0x04, 0x44, 0xff, 0xff, 0x44,
    0x40, 0x00, 0x00, 0xff, 0xff, 0x00, 0x00, 0x00, 0x00, 0xff, 0xff, 0x00, 0x00, 0x00, 0x00, 0xff,
    0xff, 0x00, 0x00, 0x00, 0x00, 0xff, 0xff, 0x00, 0x00, 0x00, 0x00, 0xff, 0xff, 0x00, 0x00, 0x00,
    0x00, 0xff, 0xff, 0x00, 0x00, 0x00, 0x00, 0xff, 0xff, 0x00, 0x00, 0x00, 0x00, 0xff, 0xff, 0x00,
    0x00, 0x00, 0x00, 0xff, 0xff, 0x00, 0x00, 0x00, 0x00, 0xff, 0xff, 0x00, 0x00, 0x00, 0x00, 0xff,
    0xff, 0x00, 0x00, 0x00, 0x00, 0x29, 0xdf, 0xeb, 0x40, 0xff, 0xff, 0x00, 0x00, 0x00, 0x6f, 0xff,
    0xff, 0xff, 0x6f, 0xff, 0xf0, 0x00, 0x00, 0x5f, 0xff, 0xff, 0xff, 0xff, 0xff, 0xff, 0x00, 0x00,
    0x1e, 0xff, 0xff, 0xd7, 0x7c, 0xff, 0xff, 0xf0, 0x00, 0x07, 0xff, 0xff, 0xd1, 0x00, 0x0b, 0xff,
    0xff, 0x00, 0x00, 0xbf, 0xff, 0xf6, 0x00, 0x00, 0x3f, 0xff, 0xf0, 0x00, 0x0e, 0xff, 0xff, 0x20,
    0x00, 0x00, 0xff, 0xff, 0x00, 0x00, 0xff, 0xff, 0xf1, 0x00, 0x00, 0x0e, 0xff, 0xf0, 0x00, 0x0e,
    0xff, 0xff, 0x10, 0x00, 0x01, 0xff, 0xff, 0x00, 0x00, 0xdf, 0xff, 0xf4, 0x00, 0x00, 0x4f, 0xff,
    0xf0, 0x00, 0x0a, 0xff, 0xff, 0xc0, 0x00, 0x0c, 0xff, 0xff, 0x00, 0x00, 0x4f, 0xff, 0xff, 0xc7,
    0x7c, 0xff, 0xff, 0xf0, 0x00, 0x00, 0xbf, 0xff, 0xff, 0xff, 0xfc, 0xff, 0xff, 0x00, 0x00, 0x01,
    0xcf, 0xff, 0xff, 0xfd, 0x2f, 0xff, 0xf0, 0x00, 0x00, 0x00, 0x6c, 0xef, 0xd8, 0x11, 0xff, 0xfe,
    0x00, 0x00, 0x00, 0x00, 0x00, 0x00, 0x00, 0x4f, 0xff, 0xc0, 0x00, 0x00, 0x00, 0x00, 0x00, 0x00,
    0x0b, 0xff, 0xf8, 0x00, 0x00, 0x02, 0x00, 0x00, 0x00, 0x08, 0xff, 0xff, 0x30, 0x00, 0x00, 0xfc,
    0x86, 0x55, 0x7d, 0xff, 0xff, 0x90, 0x00, 0x00, 0x0f, 0xff, 0xff, 0xff, 0xff, 0xff, 0xc1, 0x00,
    0x00, 0x00, 0xff, 0xff, 0xff, 0xff, 0xff, 0x90, 0x00, 0x00, 0x00, 0x06, 0xad, 0xef, 0xed, 0xb7,
    0x20, 0x00, 0x00, 0x00, 0x00, 0xff, 0xff, 0x50, 0x00, 0x00, 0x00, 0x00, 0x00, 0x00, 0xff, 0xff,
    0x50, 0x00, 0x00, 0x00, 0x00, 0x00, 0x00, 0xff, 0xff, 0x50, 0x00, 0x00, 0x00, 0x00, 0x00, 0x00,
    0xff, 0xff, 0x50, 0x00, 0x00, 0x00, 0x00, 0x00, 0x00, 0xff, 0xff, 0x50, 0x00, 0x00, 0x00, 0x00,
    0x00, 0x00, 0xff, 0xff, 0x50, 0x00, 0x00, 0x00, 0x00, 0x00, 0x00, 0xff, 0xff, 0x50, 0x00, 0x00,
    0x00, 0x00, 0x00, 0x00, 0xff, 0xff, 0x50, 0x6c, 0xee, 0xc7, 0x00, 0x00, 0x00, 0xff, 0xff, 0x5a,
    0xff, 0xff, 0xff, 0xa0, 0x00, 0x00, 0xff, 0xff, 0xcf, 0xff, 0xff, 0xff, 0xf5, 0x00, 0x00, 0xff,
    0xff, 0xfd, 0x87, 0xbf, 0xff, 0xfa, 0x00, 0x00, 0xff, 0xff, 0xc1, 0x00, 0x09, 0xff, 0xfd, 0x00,
    0x00, 0xff, 0xff, 0x40, 0x00, 0x02, 0xff, 0xff, 0x00, 0x00, 0xff, 0xff, 0x10, 0x00, 0x00, 0xff,
    0xff, 0x00, 0x00, 0xff, 0xff, 0x00, 0x00, 0x00, 0xff, 0xff, 0x00, 0x00, 0xff, 0xff, 0x00, 0x00,
    0x00, 0xff, 0xff, 0x00, 0x00, 0xff, 0xff, 0x00, 0x00, 0x00, 0xff, 0xff, 0x00, 0x00, 0xff, 0xff,
    0x00, 0x00, 0x00, 0xff, 0xff, 0x00, 0x00, 0xff, 0xff, 0x00, 0x00, 0x00, 0xff, 0xff, 0x00, 0x00,
    0xff, 0xff, 0x00, 0x00, 0x00, 0xff, 0xff, 0x00, 0x00, 0xff, 0xff, 0x00, 0x00, 0x00, 0xff, 0xff,
    0x00, 0x00, 0xff, 0xff, 0x00, 0x00, 0x00, 0xff, 0xff, 0x00, 0x00, 0x3c, 0xec, 0x30, 0x00, 0xcf,
    0xff, 0xc0, 0x00, 0xef, 0xff, 0xe0, 0x00, 0x9f, 0xff, 0x90, 0x00, 0x06, 0x96, 0x00, 0x00, 0x00,
    0x00, 0x00, 0x00, 0x00, 0x00, 0x00, 0x00, 0xff, 0xff, 0x00, 0x00, 0xff, 0xff, 0x00, 0x00, 0xff,
    0xff, 0x00, 0x00, 0xff, 0xff, 0x00, 0x00, 0xff, 0xff, 0x00, 0x00, 0xff, 0xff, 0x00, 0x00, 0xff,
    0xff, 0x00, 0x00, 0xff, 0xff, 0x00, 0x00, 0xff, 0xff, 0x00, 0x00, 0xff, 0xff, 0x00, 0x00, 0xff,
    0xff, 0x00, 0x00, 0xff, 0xff, 0x00, 0x00, 0xff, 0xff, 0x00, 0x00, 0xff, 0xff, 0x00, 0x00, 0xff,
    0xff, 0x00, 0x00, 0x00, 0x3c, 0xec, 0x30, 0x00, 0x00, 0xcf, 0xff, 0xc0, 0x00, 0x00, 0xef, 0xff,
    0xe0, 0x00, 0x00, 0x9f, 0xff, 0x90, 0x00, 0x00, 0x06, 0x96, 0x00, 0x00, 0x00, 0x00, 0x00, 0x00,
    0x00, 0x00, 0x00, 0x00, 0x00, 0x00, 0x00, 0xff, 0xff, 0x00, 0x00, 0x00, 0xff, 0xff, 0x00, 0x00,
    0x00, 0xff, 0xff, 0x00, 0x00, 0x00, 0xff, 0xff, 0x00, 0x00, 0x00, 0xff, 0xff, 0x00, 0x00, 0x00,
    0xff, 0xff, 0x00, 0x00, 0x00, 0xff, 0xff, 0x00, 0x00, 0x00, 0xff, 0xff, 0x00, 0x00, 0x00, 0xff,
    0xff, 0x00, 0x00, 0x00, 0xff, 0xff, 0x00, 0x00, 0x00, 0xff, 0xff, 0x00, 0x00, 0x00, 0xff, 0xff,
    0x00, 0x00, 0x00, 0xff, 0xff, 0x00, 0x00, 0x00, 0xff, 0xff, 0x00, 0x00, 0x00, 0xff, 0xff, 0x00,
    0x00, 0x00, 0xff, 0xff, 0x00, 0x00, 0x02, 0xff, 0xfe, 0x00, 0x00, 0x05, 0xff, 0xfb, 0x00, 0x91,
    0x3d, 0xff, 0xf7, 0x00, 0xff, 0xff, 0xff, 0xe2, 0x00, 0xff, 0xff, 0xff, 0x60, 0x00, 0xff, 0xff,
    0xe6, 0x00, 0x00, 0x15, 0x54, 0x00, 0x00, 0x00, 0x00, 0xff, 0xff, 0x70, 0x00, 0x00, 0x00, 0x00,
    0x00, 0x0f, 0xff, 0xf7, 0x00, 0x00, 0x00, 0x00, 0x00, 0x00, 0xff, 0xff, 0x70, 0x00, 0x00, 0x00,
    0x00, 0x00, 0x0f, 0xff, 0xf7, 0x00, 0x00, 0x00, 0x00, 0x00, 0x00, 0xff, 0xff, 0x70, 0x00, 0x00,
    0x00, 0x00, 0x00, 0x0f, 0xff, 0xf7, 0x00, 0x00, 0x00, 0x00, 0x00, 0x00, 0xff, 0xff, 0x70, 0x00,
    0x00, 0x00, 0x00, 0x00, 0x0f, 0xff, 0xf7, 0x00, 0x02, 0xef, 0xff, 0xf3, 0x00, 0xff, 0xff, 0x70,
    0x00, 0xbf, 0xff, 0xf6, 0x00, 0x0f, 0xff, 0xf7, 0x00, 0x7f, 0xff, 0xf9, 0x00, 0x00, 0xff, 0xff,
    0x70, 0x2e, 0xff, 0xfc, 0x00, 0x00, 0x0f, 0xff, 0xf7, 0x0c, 0xff, 0xfd, 0x10, 0x00, 0x00, 0xff,
    0xff, 0x77, 0xff, 0xff, 0x30, 0x00, 0x00, 0x0f, 0xff, 0xfa, 0xff, 0xff, 0x60, 0x00, 0x00, 0x00,
    0xff, 0xff, 0xdf, 0xff, 0xf4, 0x00, 0x00, 0x00, 0x0f, 0xff, 0xf3, 0xff, 0xff, 0xe2, 0x00, 0x00,
    0x00, 0xff, 0xff, 0x07, 0xff, 0xff, 0xb0, 0x00, 0x00, 0x0f, 0xff, 0xf0, 0x0b, 0xff, 0xff, 0x80,
    0x00, 0x00, 0xff, 0xff, 0x00, 0x1e, 0xff, 0xff, 0x50, 0x00, 0x0f, 0xff, 0xf0, 0x00, 0x4f, 0xff,
    0xfe, 0x20, 0x00, 0xff, 0xff, 0x00, 0x00, 0x8f, 0xff, 0xfc, 0x00, 0x0f, 0xff, 0xf0, 0x00, 0x00,
    0xbf, 0xff, 0xf9, 0x00, 0xff, 0xff, 0x00, 0x00, 0xff, 0xff, 0x00, 0x00, 0xff, 0xff, 0x00, 0x00,
    0xff, 0xff, 0x00, 0x00, 0xff, 0xff, 0x00, 0x00, 0xff, 0xff, 0x00, 0x00, 0xff, 0xff, 0x00, 0x00,
    0xff, 0xff, 0x00, 0x00, 0xff, 0xff, 0x00, 0x00, 0xff, 0xff, 0x00, 0x00, 0xff, 0xff, 0x00, 0x00,
    0xff, 0xff, 0x00, 0x00, 0xff, 0xff, 0x00, 0x00, 0xff, 0xff, 0x00, 0x00, 0xff, 0xff, 0x00, 0x00,
    0xff, 0xff, 0x00, 0x00, 0xff, 0xff, 0x00, 0x00, 0xff, 0xff, 0x00, 0x00, 0xff, 0xff, 0x00, 0x00,
    0xff, 0xff, 0x00, 0x00, 0xff, 0xff, 0x00, 0x00, 0xff, 0xff, 0x00, 0x00, 0xff, 0xff, 0x70, 0x39,
    0xdf, 0xd9, 0x10, 0x01, 0x7c, 0xee, 0xc7, 0x00, 0x00, 0x00, 0xff, 0xff, 0x76, 0xff, 0xff, 0xff,
    0xd2, 0x2d, 0xff, 0xff, 0xff, 0xb0, 0x00, 0x00, 0xff, 0xff, 0xbf, 0xff, 0xff, 0xff, 0xfa, 0xcf,
    0xff, 0xff, 0xff, 0xf5, 0x00, 0x00, 0xff, 0xff, 0xfd, 0x87, 0xbf, 0xff, 0xff, 0xfd, 0x77, 0xbf,
    0xff, 0xfb, 0x00, 0x00, 0xff, 0xff, 0xc1, 0x00, 0x09, 0xff, 0xff, 0xc1, 0x00, 0x09, 0xff, 0xfe,
    0x00, 0x00, 0xff, 0xff, 0x40, 0x00, 0x02, 0xff, 0xff, 0x40, 0x00, 0x03, 0xff, 0xff, 0x00, 0x00,
    0xff, 0xff, 0x10, 0x00, 0x00, 0xff, 0xff, 0x10, 0x00, 0x00, 0xff, 0xff, 0x00, 0x00, 0xff, 0xff,
    0x00, 0x00, 0x00, 0xff, 0xff, 0x00, 0x00, 0x00, 0xff, 0xff, 0x00, 0x00, 0xff, 0xff, 0x00, 0x00,
    0x00, 0xff, 0xff, 0x00, 0x00, 0x00, 0xff, 0xff, 0x00, 0x00, 0xff, 0xff, 0x00, 0x00, 0x00, 0xff,
    0xff, 0x00, 0x00, 0x00, 0xff, 0xff, 0x00, 0x00, 0xff, 0xff, 0x00, 0x00, 0x00, 0xff, 0xff, 0x00,
    0x00, 0x00, 0xff, 0xff, 0x00, 0x00, 0xff, 0xff, 0x00, 0x00, 0x00, 0xff, 0xff, 0x00, 0x00, 0x00,
    0xff, 0xff, 0x00, 0x00, 0xff, 0xff, 0x00, 0x00, 0x00, 0xff, 0xff, 0x00, 0x00, 0x00, 0xff, 0xff,
    0x00, 0x00, 0xff, 0xff, 0x00, 0x00, 0x00, 0xff, 0xff, 0x00, 0x00, 0x00, 0xff, 0xff, 0x00, 0x00,
    0xff, 0xff, 0x00, 0x00, 0x00, 0xff, 0xff, 0x00, 0x00, 0x00, 0xff, 0xff, 0x00, 0x00, 0xff, 0xff,
    0x00, 0x7c, 0xee, 0xc6, 0x00, 0x00, 0x00, 0xff, 0xff, 0x1c, 0xff, 0xff, 0xff, 0xa0, 0x00, 0x00,
    0xff, 0xff, 0xbf, 0xff, 0xff, 0xff, 0xf5, 0x00, 0x00, 0xff, 0xff, 0xfd, 0x87, 0xbf, 0xff, 0xfa,
    0x00, 0x00, 0xff, 0xff, 0xc1, 0x00, 0x09, 0xff, 0xfd, 0x00, 0x00, 0xff, 0xff, 0x40, 0x00, 0x03,
    0xff, 0xff, 0x00, 0x00, 0xff, 0xff, 0x10, 0x00, 0x01, 0xff, 0xff, 0x00, 0x00, 0xff, 0xff, 0x00,
    0x00, 0x00, 0xff, 0xff, 0x00, 0x00, 0xff, 0xff, 0x00, 0x00, 0x00, 0xff, 0xff, 0x00, 0x00, 0xff,
    0xff, 0x00, 0x00, 0x00, 0xff, 0xff, 0x00, 0x00, 0xff, 0xff, 0x00, 0x00, 0x00, 0xff, 0xff, 0x00,
    0x00, 0xff, 0xff, 0x00, 0x00, 0x00, 0xff, 0xff, 0x00, 0x00, 0xff, 0xff, 0x00, 0x00, 0x00, 0xff,
    0xff, 0x00, 0x00, 0xff, 0xff, 0x00, 0x00, 0x00, 0xff, 0xff, 0x00, 0x00, 0xff, 0xff, 0x00, 0x00,
    0x00, 0xff, 0xff, 0x00, 0x00, 0x00, 0x05, 0xad, 0xef, 0xeb, 0x61, 0x00, 0x00, 0x00, 0x03, 0xdf,
    0xff, 0xff, 0xff, 0xfe, 0x40, 0x00, 0x00, 0x4f, 0xff, 0xff, 0xff, 0xff, 0xff, 0xf5, 0x00, 0x01,
    0xef, 0xff, 0xfa, 0x77, 0x9e, 0xff, 0xfe, 0x10, 0x07, 0xff, 0xfe, 0x20, 0x00, 0x02, 0xdf, 0xff,
    0x80, 0x0b, 0xff, 0xf6, 0x00, 0x00, 0x00, 0x6f, 0xff, 0xc0, 0x0e, 0xff, 0xf1, 0x00, 0x00, 0x00,
    0x2f, 0xff, 0xe0, 0x0f, 0xff, 0xf0, 0x00, 0x00, 0x00, 0x0f, 0xff, 0xf0, 0x0e, 0xff, 0xf1, 0x00,
    0x00, 0x00, 0x1f, 0xff, 0xe0, 0x0c, 0xff, 0xf5, 0x00, 0x00, 0x00, 0x5f, 0xff, 0xb0, 0x07, 0xff,
    0xfd, 0x20, 0x00, 0x02, 0xdf, 0xff, 0x60, 0x01, 0xef, 0xff, 0xe9, 0x66, 0x9e, 0xff, 0xfd, 0x00,
    0x00, 0x5f, 0xff, 0xff, 0xff, 0xff, 0xff, 0xf3, 0x00, 0x00, 0x04, 0xef, 0xff, 0xff, 0xff, 0xfd,
    0x30, 0x00, 0x00, 0x00, 0x16, 0xbd, 0xfe, 0xda, 0x50, 0x00, 0x00, 0x00, 0xff, 0xff, 0xf0, 0x17,
    0xce, 0xec, 0x71, 0x00, 0x00, 0x0f, 0xff, 0xff, 0x1c, 0xff, 0xff, 0xff, 0xd2, 0x00, 0x00, 0xff,
    0xff, 0xfc, 0xff, 0xff, 0xff, 0xff, 0xc0, 0x00, 0x0f, 0xff, 0xff, 0xe8, 0x68, 0xdf, 0xff, 0xff,
    0x50, 0x00, 0xff, 0xff, 0xe2, 0x00, 0x01, 0xcf, 0xff, 0xfa, 0x00, 0x0f, 0xff, 0xf5, 0x00, 0x00,
    0x04, 0xff, 0xff, 0xd0, 0x00, 0xff, 0xff, 0x10, 0x00, 0x00, 0x1f, 0xff, 0xfe, 0x00, 0x0f, 0xff,
    0xf0, 0x00, 0x00, 0x01, 0xff, 0xff, 0xf0, 0x00, 0xff, 0xff, 0x10, 0x00, 0x00, 0x3f, 0xff, 0xfe,
    0x00, 0x0f, 0xff, 0xf4, 0x00, 0x00, 0x07, 0xff, 0xff, 0xb0, 0x00, 0xff, 0xff, 0xc1, 0x00, 0x02,
    0xef, 0xff, 0xf7, 0x00, 0x0f, 0xff, 0xff, 0xd8, 0x69, 0xef, 0xff, 0xfe, 0x10, 0x00, 0xff, 0xff,
    0xff, 0xff, 0xff, 0xff, 0xff, 0x50, 0x00, 0x0f, 0xff, 0xff, 0x6f, 0xff, 0xff, 0xff, 0x60, 0x00,
    0x00, 0xff, 0xff, 0xf0, 0x4b, 0xef, 0xd9, 0x30, 0x00, 0x00, 0x0f, 0xff, 0xff, 0x00, 0x00, 0x00,
    0x00, 0x00, 0x00, 0x00, 0xff, 0xff, 0xf0, 0x00, 0x00, 0x00, 0x00, 0x00, 0x00, 0x0f, 0xff, 0xff,
    0x00, 0x00, 0x00, 0x00, 0x00, 0x00, 0x00, 0xff, 0xff, 0xf0, 0x00, 0x00, 0x00, 0x00, 0x00, 0x00,
    0x0f, 0xff, 0xff, 0x00, 0x00, 0x00, 0x00, 0x00, 0x00, 0x00, 0xff, 0xff, 0xf0, 0x00, 0x00, 0x00,
    0x00, 0x00, 0x00, 0x0f, 0xff, 0xff, 0x00, 0x00, 0x00, 0x00, 0x00, 0x00, 0x00, 0x00, 0x29, 0xde,
    0xeb, 0x40, 0xff, 0xff, 0xf0, 0x00, 0x00, 0x6f, 0xff, 0xff, 0xff, 0x7f, 0xff, 0xff, 0x00, 0x00,
    0x5f, 0xff, 0xff, 0xff, 0xff, 0xff, 0xff, 0xf0, 0x00, 0x1e, 0xff, 0xff, 0xe9, 0x68, 0xef, 0xff,
    0xff, 0x00, 0x07, 0xff, 0xff, 0xe2, 0x00, 0x01, 0xcf, 0xff, 0xf0, 0x00, 0xbf, 0xff, 0xf7, 0x00,
    0x00, 0x04, 0xff, 0xff, 0x00, 0x0e, 0xff, 0xff, 0x20, 0x00, 0x00, 0x1f, 0xff, 0xf0, 0x00, 0xff,
    0xff, 0xf1, 0x00, 0x00, 0x00, 0xff, 0xff, 0x00, 0x0e, 0xff, 0xff, 0x20, 0x00, 0x00, 0x2f, 0xff,
    0xf0, 0x00, 0xdf, 0xff, 0xf5, 0x00, 0x00, 0x05, 0xff, 0xff, 0x00, 0x0a, 0xff, 0xff, 0xd1, 0x00,
    0x02, 0xdf, 0xff, 0xf0, 0x00, 0x4f, 0xff, 0xff, 0xe8, 0x68, 0xef, 0xff, 0xff, 0x00, 0x00, 0xbf,
    0xff, 0xff, 0xff, 0xfd, 0xff, 0xff, 0xf0, 0x00, 0x01, 0xcf, 0xff, 0xff, 0xfe, 0x3f, 0xff, 0xff,
    0x00, 0x00, 0x00, 0x6b, 0xef, 0xd8, 0x10, 0xff, 0xff, 0xf0, 0x00, 0x00, 0x00, 0x00, 0x00, 0x00,
    0x0f, 0xff, 0xff, 0x00, 0x00, 0x00, 0x00, 0x00, 0x00, 0x00, 0xff, 0xff, 0xf0, 0x00, 0x00, 0x00,
    0x00, 0x00, 0x00, 0x0f, 0xff, 0xff, 0x00, 0x00, 0x00, 0x00, 0x00, 0x00, 0x00, 0xff, 0xff, 0xf0,
    0x00, 0x00, 0x00, 0x00, 0x00, 0x00, 0x0f, 0xff, 0xff, 0x00, 0x00, 0x00, 0x00, 0x00, 0x00, 0x00,
    0xff, 0xff, 0xf0, 0x00, 0x00, 0x00, 0x00, 0x00, 0x00, 0x0f, 0xff, 0xff, 0x00, 0x00, 0xff, 0xff,
    0x01, 0x7d, 0xfe, 0x00, 0xff, 0xff, 0x1c, 0xff, 0xff, 0x00, 0xff, 0xff, 0x8f, 0xff, 0xff, 0x00,
    0xff, 0xff, 0xef, 0xff, 0xff, 0x00, 0xff, 0xff, 0xfa, 0x30, 0x00, 0x00, 0xff, 0xff, 0xb0, 0x00,
    0x00, 0x00, 0xff, 0xff, 0x40, 0x00, 0x00, 0x00, 0xff, 0xff, 0x10, 0x00, 0x00, 0x00, 0xff, 0xff,
    0x00, 0x00, 0x00, 0x00, 0xff, 0xff, 0x00, 0x00, 0x00, 0x00, 0xff, 0xff, 0x00, 0x00, 0x00, 0x00,
    0xff, 0xff, 0x00, 0x00, 0x00, 0x00, 0xff, 0xff, 0x00, 0x00, 0x00, 0x00, 0xff, 0xff, 0x00, 0x00,
    0x00, 0x00, 0xff, 0xff, 0x00, 0x00, 0x00, 0x00, 0x00, 0x49, 0xde, 0xfd, 0xb8, 0x00, 0x00, 0x09,
    0xff, 0xff, 0xff, 0xff, 0x00, 0x00, 0x7f, 0xff, 0xff, 0xff, 0xff, 0x00, 0x00, 0xdf, 0xff, 0x92,
    0x13, 0x6d, 0x00, 0x00, 0xff, 0xff, 0x10, 0x00, 0x00, 0x00, 0x00, 0xdf, 0xff, 0xb2, 0x00, 0x00,
    0x00, 0x00, 0x8f, 0xff, 0xff, 0xc7, 0x10, 0x00, 0x00, 0x0a, 0xff, 0xff, 0xff, 0xe7, 0x00, 0x00,
    0x00, 0x4b, 0xff, 0xff, 0xff, 0x60, 0x00, 0x00, 0x00, 0x16, 0xdf, 0xff, 0xd0, 0x00, 0x00, 0x00,
    0x00, 0x2f, 0xff, 0xf0, 0x00, 0xd8, 0x42, 0x12, 0x8f, 0xff, 0xd0, 0x00, 0xff, 0xff, 0xff, 0xff,
    0xff, 0x70, 0x00, 0xff, 0xff, 0xff, 0xff, 0xf8, 0x00, 0x00, 0x6a, 0xde, 0xfe, 0xc8, 0x30, 0x00,
    0x00, 0x00, 0x27, 0xc0, 0x00, 0x00, 0x00, 0x0c, 0xff, 0xf0, 0x00, 0x00, 0x00, 0x0f, 0xff, 0xf0,
    0x00, 0x00, 0x00, 0x0f, 0xff, 0xf0, 0x00, 0x00, 0x00, 0x0f, 0xff, 0xf0, 0x00, 0x00, 0x0f, 0xff,
    0xff, 0xff, 0xff, 0x00, 0x0f, 0xff, 0xff, 0xff, 0xff, 0x00, 0x0f, 0xff, 0xff, 0xff, 0xff, 0x00,
    0x04, 0x4f, 0xff, 0xf4, 0x44, 0x00, 0x00, 0x0f, 0xff, 0xf0, 0x00, 0x00, 0x00, 0x0f, 0xff, 0xf0,
    0x00, 0x00, 0x00, 0x0f, 0xff, 0xf0, 0x00, 0x00, 0x00, 0x0f, 0xff, 0xf0, 0x00, 0x00, 0x00, 0x0f,
    0xff, 0xf0, 0x00, 0x00, 0x00, 0x0f, 0xff, 0xf0, 0x00, 0x00, 0x00, 0x0f, 0xff, 0xf3, 0x00, 0x00,
    0x00, 0x0d, 0xff, 0xfd, 0x76, 0x00, 0x00, 0x0a, 0xff, 0xff, 0xff, 0x00, 0x00, 0x02, 0xef, 0xff,
    0xff, 0x00, 0x00, 0x00, 0x3b, 0xef, 0xea, 0x00, 0x00, 0xff, 0xff, 0x00, 0x00, 0x00, 0xff, 0xff,
    0x00, 0x00, 0xff, 0xff, 0x00, 0x00, 0x00, 0xff, 0xff, 0x00, 0x00, 0xff, 0xff, 0x00, 0x00, 0x00,
    0xff, 0xff, 0x00, 0x00, 0xff, 0xff, 0x00, 0x00, 0x00, 0xff, 0xff, 0x00, 0x00, 0xff, 0xff, 0x00,
    0x00, 0x00, 0xff, 0xff, 0x00, 0x00, 0xff, 0xff, 0x00, 0x00, 0x00, 0xff, 0xff, 0x00, 0x00, 0xff,
    0xff, 0x00, 0x00, 0x00, 0xff, 0xff, 0x00, 0x00, 0xff, 0xff, 0x00, 0x00, 0x00, 0xff, 0xff, 0x00,
    0x00, 0xff, 0xff, 0x00, 0x00, 0x01, 0xff, 0xff, 0x00, 0x00, 0xff, 0xff, 0x20, 0x00, 0x03, 0xff,
    0xff, 0x00, 0x00, 0xdf, 0xff, 0x90, 0x00, 0x0b, 0xff, 0xff, 0x00, 0x00, 0xaf, 0xff, 0xfb, 0x78,
    0xcf, 0xff, 0xff, 0x00, 0x00, 0x4f, 0xff, 0xff, 0xff, 0xfc, 0xff, 0xff, 0x00, 0x00, 0x09, 0xff,
    0xff, 0xff, 0xd1, 0xff, 0xff, 0x00, 0x00, 0x00, 0x5b, 0xef, 0xd7, 0x10, 0xff, 0xff, 0x00, 0xdf,
    0xff, 0xd0, 0x00, 0x00, 0x0b, 0xff, 0xfc, 0x8f, 0xff, 0xf2, 0x00, 0x00, 0x1f, 0xff, 0xf6, 0x3f,
    0xff, 0xf7, 0x00, 0x00, 0x5f, 0xff, 0xe1, 0x0d, 0xff, 0xfb, 0x00, 0x00, 0xaf, 0xff, 0x90, 0x08,
    0xff, 0xff, 0x10, 0x00, 0xef, 0xff, 0x40, 0x03, 0xff, 0xff, 0x50, 0x03, 0xff, 0xfd, 0x00, 0x00,
    0xdf, 0xff, 0xa0, 0x08, 0xff, 0xf7, 0x00, 0x00, 0x8f, 0xff, 0xe0, 0x0c, 0xff, 0xf1, 0x00, 0x00,
    0x3f, 0xff, 0xf3, 0x2f, 0xff, 0xa0, 0x00, 0x00, 0x0d, 0xff, 0xf8, 0x6f, 0xff, 0x40, 0x00, 0x00,
    0x08, 0xff, 0xfb, 0xaf, 0xfd, 0x00, 0x00, 0x00, 0x03, 0xff, 0xfe, 0xdf, 0xf8, 0x00, 0x00, 0x00,
    0x00, 0xdf, 0xff, 0xff, 0xf2, 0x00, 0x00, 0x00, 0x00, 0x8f, 0xff, 0xff, 0xb0, 0x00, 0x00, 0x00,
    0x00, 0x3f, 0xff, 0xff, 0x50, 0x00, 0x00, 0x2f, 0xff, 0xfd, 0x00, 0x00, 0x1f, 0xff, 0xf7, 0x00,
    0x00, 0x0d, 0xff, 0xf2, 0x0c, 0xff, 0xff, 0x10, 0x00, 0x4f, 0xff, 0xfa, 0x00, 0x00, 0x3f, 0xff,
    0xc0, 0x08, 0xff, 0xff, 0x40, 0x00, 0x8f, 0xff, 0xfe, 0x00, 0x00, 0x7f, 0xff, 0x80, 0x04, 0xff,
    0xff, 0x70, 0x00, 0xcf, 0xff, 0xff, 0x30, 0x00, 0xbf, 0xff, 0x30, 0x00, 0xef, 0xff, 0xa0, 0x01,
    0xff, 0xdf, 0xff, 0x60, 0x01, 0xff, 0xfe, 0x00, 0x00, 0xaf, 0xff, 0xd0, 0x05, 0xff, 0xad, 0xff,
    0xa0, 0x05, 0xff, 0xf9, 0x00, 0x00, 0x6f, 0xff, 0xf1, 0x09, 0xff, 0x69, 0xff, 0xd0, 0x09, 0xff,
    0xf5, 0x00, 0x00, 0x2f, 0xff, 0xf4, 0x0d, 0xff, 0x15, 0xff, 0xf2, 0x0d, 0xff, 0xf1, 0x00, 0x00,
    0x0d, 0xff, 0xf7, 0x2f, 0xfc, 0x01, 0xff, 0xf5, 0x2f, 0xff, 0xb0, 0x00, 0x00, 0x08, 0xff, 0xfa,
    0x6f, 0xf7, 0x00, 0xbf, 0xf9, 0x7f, 0xff, 0x60, 0x00, 0x00, 0x04, 0xff, 0xfc, 0xaf, 0xf3, 0x00,
    0x6f, 0xfc, 0xbf, 0xff, 0x20, 0x00, 0x00, 0x00, 0xef, 0xfe, 0xcf, 0xd0, 0x00, 0x1f, 0xfe, 0xef,
    0xfc, 0x00, 0x00, 0x00, 0x00, 0xbf, 0xff, 0xff, 0x90, 0x00, 0x0c, 0xff, 0xff, 0xf8, 0x00, 0x00,
    0x00, 0x00, 0x6f, 0xff, 0xff, 0x40, 0x00, 0x07, 0xff, 0xff, 0xf3, 0x00, 0x00, 0x00, 0x00, 0x2f,
    0xff, 0xfe, 0x00, 0x00, 0x02, 0xff, 0xff, 0xe0, 0x00, 0x00, 0xaf, 0xff, 0xf8, 0x00, 0x00, 0x1e,
    0xff, 0xfa, 0x1e, 0xff, 0xff, 0x20, 0x00, 0x9f, 0xff, 0xe1, 0x05, 0xff, 0xff, 0x90, 0x02, 0xff,
    0xff, 0x50, 0x00, 0xaf, 0xff, 0xf2, 0x0a, 0xff, 0xf9, 0x00, 0x00, 0x1e, 0xff, 0xfa, 0x2f, 0xff,
    0xd1, 0x00, 0x00, 0x05, 0xff, 0xff, 0xbf, 0xff, 0x40, 0x00, 0x00, 0x00, 0x9f, 0xff, 0xff, 0xf9,
    0x00, 0x00, 0x00, 0x00, 0x2f, 0xff, 0xff, 0xf3, 0x00, 0x00, 0x00, 0x00, 0x9f, 0xff, 0xff, 0xfc,
    0x00, 0x00, 0x00, 0x04, 0xff, 0xfe, 0xef, 0xff, 0x70, 0x00, 0x00, 0x1d, 0xff, 0xf7, 0x8f, 0xff,
    0xe2, 0x00, 0x00, 0x9f, 0xff, 0xe1, 0x1e, 0xff, 0xfb, 0x00, 0x04, 0xff, 0xff, 0x60, 0x07, 0xff,
    0xff, 0x60, 0x1e, 0xff, 0xfd, 0x00, 0x00, 0xdf, 0xff, 0xe1, 0xaf, 0xff, 0xf5, 0x00, 0x00, 0x6f,
    0xff, 0xfa, 0xcf, 0xff, 0xf1, 0x00, 0x00, 0x00, 0xef, 0xff, 0x16, 0xff, 0xff, 0x50, 0x00, 0x00,
    0x4f, 0xff, 0xa0, 0x1e, 0xff, 0xfa, 0x00, 0x00, 0x0a, 0xff, 0xf5, 0x00, 0x9f, 0xff, 0xe0, 0x00,
    0x01, 0xef, 0xfe, 0x00, 0x03, 0xff, 0xff, 0x40, 0x00, 0x5f, 0xff, 0x80, 0x00, 0x0d, 0xff, 0xf9,
    0x00, 0x0b, 0xff, 0xf3, 0x00, 0x00, 0x7f, 0xff, 0xd0, 0x01, 0xff, 0xfc, 0x00, 0x00, 0x01, 0xff,
    0xff, 0x30, 0x6f, 0xff, 0x60, 0x00, 0x00, 0x0a, 0xff, 0xf7, 0x0c, 0xff, 0xf1, 0x00, 0x00, 0x00,
    0x4f, 0xff, 0xc2, 0xff, 0xfa, 0x00, 0x00, 0x00, 0x00, 0xdf, 0xff, 0x7f, 0xff, 0x40, 0x00, 0x00,
    0x00, 0x07, 0xff, 0xfd, 0xff, 0xe0, 0x00, 0x00, 0x00, 0x00, 0x1f, 0xff, 0xff, 0xf8, 0x00, 0x00,
    0x00, 0x00, 0x00, 0xaf, 0xff, 0xff, 0x30, 0x00, 0x00, 0x00, 0x00, 0x04, 0xff, 0xff, 0xc0, 0x00,
    0x00, 0x00, 0x00, 0x00, 0x2f, 0xff, 0xf6, 0x00, 0x00, 0x00, 0x00, 0x00, 0x07, 0xff, 0xff, 0x10,
    0x00, 0x00, 0x00, 0x00, 0x00, 0xdf, 0xff, 0x90, 0x00, 0x00, 0x00, 0x09, 0x12, 0xaf, 0xff, 0xf2,
    0x00, 0x00, 0x00, 0x00, 0xff, 0xff, 0xff, 0xf8, 0x00, 0x00, 0x00, 0x00, 0x0f, 0xff, 0xff, 0xfb,
    0x00, 0x00, 0x00, 0x00, 0x00, 0xff, 0xff, 0xf8, 0x00, 0x00, 0x00, 0x00, 0x00, 0x02, 0x56, 0x51,
    0x00, 0x00, 0x00, 0x00, 0x00, 0x00, 0x0f, 0xff, 0xff, 0xff, 0xff, 0xff, 0xf0, 0x0f, 0xff, 0xff,
    0xff, 0xff, 0xff, 0xf0, 0x0f, 0xff, 0xff, 0xff, 0xff, 0xff, 0xc0, 0x04, 0x44, 0x44, 0x5e, 0xff,
    0xfe, 0x20, 0x00, 0x00, 0x00, 0x8f, 0xff, 0xf5, 0x00, 0x00, 0x00, 0x03, 0xff, 0xff, 0x90, 0x00,
    0x00, 0x00, 0x1d, 0xff, 0xfc, 0x10, 0x00, 0x00, 0x00, 0x9f, 0xff, 0xe2, 0x00, 0x00, 0x00, 0x05,
    0xff, 0xff, 0x60, 0x00, 0x00, 0x00, 0x2e, 0xff, 0xfa, 0x00, 0x00, 0x00, 0x00, 0xbf, 0xff, 0xd1,
    0x00, 0x00, 0x00, 0x07, 0xff, 0xff, 0x74, 0x44, 0x44, 0x40, 0x3f, 0xff, 0xff, 0xff, 0xff, 0xff,
    0xf0, 0xcf, 0xff, 0xff, 0xff, 0xff, 0xff, 0xf0, 0xff, 0xff, 0xff, 0xff, 0xff, 0xff, 0xf0, 0x00,
    0x00, 0x00, 0x6b, 0xef, 0x00, 0x00, 0x00, 0xbf, 0xff, 0xf0, 0x00, 0x00, 0x6f, 0xff, 0xff, 0x00,
    0x00, 0x0b, 0xff, 0xfb, 0x10, 0x00, 0x00, 0xef, 0xff, 0x20, 0x00, 0x00, 0x0f, 0xff, 0xf0, 0x00,
    0x00, 0x00, 0xff, 0xff, 0x00, 0x00, 0x00, 0x0f, 0xff, 0xf0, 0x00, 0x00, 0x00, 0xff, 0xff, 0x00,
    0x00, 0x00, 0x1f, 0xff, 0xe0, 0x00, 0x00, 0x03, 0xff, 0xfd, 0x00, 0x00, 0x02, 0xbf, 0xff, 0x80,
    0x00, 0x00, 0xff, 0xff, 0xd1, 0x00, 0x00, 0x0f, 0xff, 0xe2, 0x00, 0x00, 0x00, 0xff, 0xff, 0xd2,
    0x00, 0x00, 0x01, 0xbf, 0xff, 0x90, 0x00, 0x00, 0x02, 0xff, 0xfd, 0x00, 0x00, 0x00, 0x0f, 0xff,
    0xf0, 0x00, 0x00, 0x00, 0xff, 0xff, 0x00, 0x00, 0x00, 0x0f, 0xff, 0xf0, 0x00, 0x00, 0x00, 0xff,
    0xff, 0x00, 0x00, 0x00, 0x0f, 0xff, 0xf2, 0x00, 0x00, 0x00, 0xdf, 0xff, 0x91, 0x00, 0x00, 0x09,
    0xff, 0xff, 0xf0, 0x00, 0x00, 0x1d, 0xff, 0xff, 0x00, 0x00, 0x00, 0x17, 0xbe, 0xf0, 0x00, 0x0f,
    0xff, 0xf0, 0x00, 0x00, 0x0f, 0xff, 0xf0, 0x00, 0x00, 0x0f, 0xff, 0xf0, 0x00, 0x00, 0x0f, 0xff,
    0xf0, 0x00, 0x00, 0x0f, 0xff, 0xf0, 0x00, 0x00, 0x0f, 0xff, 0xf0, 0x00, 0x00, 0x0f, 0xff, 0xf0,
    0x00, 0x00, 0x0f, 0xff, 0xf0, 0x00, 0x00, 0x0f, 0xff, 0xf0, 0x00, 0x00, 0x0f, 0xff, 0xf0, 0x00,
    0x00, 0x0f, 0xff, 0xf0, 0x00, 0x00, 0x0f, 0xff, 0xf0, 0x00, 0x00, 0x0f, 0xff, 0xf0, 0x00, 0x00,
    0x0f, 0xff, 0xf0, 0x00, 0x00, 0x0f, 0xff, 0xf0, 0x00, 0x00, 0x0f, 0xff, 0xf0, 0x00, 0x00, 0x0f,
    0xff, 0xf0, 0x00, 0x00, 0x0f, 0xff, 0xf0, 0x00, 0x00, 0x0f, 0xff, 0xf0, 0x00, 0x00, 0x0f, 0xff,
    0xf0, 0x00, 0x00, 0x0f, 0xff, 0xf0, 0x00, 0x00, 0x0f, 0xff, 0xf0, 0x00, 0x00, 0x0f, 0xff, 0xf0,
    0x00, 0x00, 0x0f, 0xff, 0xf0, 0x00, 0x00, 0x0f, 0xff, 0xf0, 0x00, 0x00, 0x0f, 0xff, 0xf0, 0x00,
    0x00, 0x0f, 0xff, 0xf0, 0x00, 0x00, 0x0f, 0xff, 0xf0, 0x00, 0x00, 0x0f, 0xff, 0xf0, 0x00, 0x00,
    0x0f, 0xff, 0xf0, 0x00, 0x0f, 0xeb, 0x60, 0x00, 0x00, 0x00, 0xff, 0xff, 0xb0, 0x00, 0x00, 0x0f,
    0xff, 0xff, 0x60, 0x00, 0x00, 0x1b, 0xff, 0xfc, 0x00, 0x00, 0x00, 0x3f, 0xff, 0xe0, 0x00, 0x00,
    0x00, 0xff, 0xff, 0x00, 0x00, 0x00, 0x0f, 0xff, 0xf0, 0x00, 0x00, 0x00, 0xff, 0xff, 0x00, 0x00,
    0x00, 0x0f, 0xff, 0xf0, 0x00, 0x00, 0x00, 0xef, 0xff, 0x10, 0x00, 0x00, 0x0d, 0xff, 0xf3, 0x00,
    0x00, 0x00, 0x8f, 0xff, 0xb2, 0x00, 0x00, 0x01, 0xef, 0xff, 0xf0, 0x00, 0x00, 0x03, 0xef, 0xff,
    0x00, 0x00, 0x02, 0xef, 0xff, 0xf0, 0x00, 0x00, 0xaf, 0xff, 0xb2, 0x00, 0x00, 0x0d, 0xff, 0xf2,
    0x00, 0x00, 0x00, 0xff, 0xff, 0x00, 0x00, 0x00, 0x0f, 0xff, 0xf0, 0x00, 0x00, 0x00, 0xff, 0xff,
    0x00, 0x00, 0x00, 0x0f, 0xff, 0xf0, 0x00, 0x00, 0x02, 0xff, 0xfe, 0x00, 0x00, 0x01, 0x9f, 0xff,
    0xd0, 0x00, 0x00, 0xff, 0xff, 0xf8, 0x00, 0x00, 0x0f, 0xff, 0xfd, 0x10, 0x00, 0x00, 0xfe, 0xb7,
    0x10, 0x00, 0x00, 0x00, 0x00, 0x19, 0xee, 0xc8, 0x20, 0x00, 0x1f, 0xfe, 0x00, 0x00, 0x00, 0x1c,
    0xff, 0xff, 0xff, 0x93, 0x19, 0xff, 0xc0, 0x00, 0x00, 0x07, 0xff, 0xfe, 0xff, 0xff, 0xff, 0xff,
    0xf6, 0x00, 0x00, 0x00, 0xcf, 0xf8, 0x01, 0x7e, 0xff, 0xff, 0xfb, 0x00, 0x00, 0x00, 0x0e, 0xff,
    0x10, 0x00, 0x16, 0xad, 0xc7, 0x00, 0x00, 0x00, 0x00, 0x00, 0x00, 0x00, 0x00, 0x00, 0x00, 0x00,
    0x00, 0x00, 0x00, 0x00, 0x00, 0x00, 0x00, 0x00, 0x00, 0x00, 0x00, 0x00, 0x00, 0x00, 0x00, 0x00,
    0x00, 0x00, 0x00, 0x00, 0x00, 0x00, 0x00, 0x00, 0x00, 0x00, 0x00, 0x00, 0x00, 0x00, 0x00, 0x00,
    0x00, 0x00, 0x00, 0x00, 0x00, 0x00, 0x00, 0x00, 0x00, 0x00, 0x00, 0x00, 0x00, 0x00, 0x00, 0x00,
    0x00, 0x00, 0x00, 0x00, 0x00, 0x00, 0x00, 0x00, 0x00, 0x00, 0x00, 0x27, 0xbd, 0xee, 0xdb, 0x73,
    0x00, 0x00, 0x00, 0x00, 0x00, 0x00, 0x00, 0x19, 0xff, 0xeb, 0xaa, 0xbe, 0xff, 0xa2, 0x00, 0x00,
    0x00, 0x00, 0x00, 0x03, 0xef, 0xb4, 0x00, 0x00, 0x00, 0x4b, 0xfe, 0x50, 0x00, 0x00, 0x00, 0x00,
    0x4f, 0xf6, 0x02, 0x9c, 0xef, 0xda, 0x40, 0x6f, 0xf5, 0x00, 0x00, 0x00, 0x02, 0xef, 0x40, 0x7f,
    0xff, 0xff, 0xff, 0xb0, 0x05, 0xfe, 0x30, 0x00, 0x00, 0x0a, 0xf7, 0x07, 0xff, 0xff, 0xff, 0xff,
    0xb0, 0x00, 0x8f, 0xb0, 0x00, 0x00, 0x3f, 0xd0, 0x2f, 0xff, 0xd5, 0x11, 0x37, 0x90, 0x00, 0x1d,
    0xf4, 0x00, 0x00, 0x8f, 0x80, 0x8f, 0xfc, 0x10, 0x00, 0x00, 0x00, 0x00, 0x08, 0xf8, 0x00, 0x00,
    0xcf, 0x30, 0xcf, 0xf4, 0x00, 0x00, 0x00, 0x00, 0x00, 0x03, 0xfc, 0x00, 0x00, 0xef, 0x10, 0xef,
    0xf1, 0x00, 0x00, 0x00, 0x00, 0x00, 0x01, 0xfe, 0x00, 0x00, 0xff, 0x00, 0xff, 0xf1, 0x00, 0x00,
    0x00, 0x00, 0x00, 0x00, 0xff, 0x00, 0x00, 0xef, 0x10, 0xdf, 0xf4, 0x00, 0x00, 0x00, 0x00, 0x00,
    0x01, 0xfe, 0x00, 0x00, 0xcf, 0x30, 0x9f, 0xfc, 0x10, 0x00, 0x00, 0x00, 0x00, 0x03, 0xfc, 0x00,
    0x00, 0x9f, 0x80, 0x3f, 0xff, 0xd5, 0x10, 0x25, 0xc0, 0x00, 0x08, 0xf8, 0x00, 0x00, 0x4f, 0xd0,
    0x07, 0xff, 0xff, 0xff, 0xff, 0xf0, 0x00, 0x1e, 0xf3, 0x00, 0x00, 0x0c, 0xf7, 0x00, 0x7f, 0xff,
    0xff, 0xff, 0xf0, 0x00, 0x8f, 0xb0, 0x00, 0x00, 0x03, 0xff, 0x50, 0x02, 0x8c, 0xed, 0xc8, 0x20,
    0x05, 0xfe, 0x20, 0x00, 0x00, 0x00, 0x6f, 0xf6, 0x00, 0x00, 0x00, 0x00, 0x00, 0x7f, 0xf4, 0x00,
    0x00, 0x00, 0x00, 0x05, 0xef, 0xc4, 0x00, 0x00, 0x00, 0x4c, 0xfe, 0x40, 0x00, 0x00, 0x00, 0x00,
    0x00, 0x3b, 0xff, 0xeb, 0xaa, 0xbe, 0xff, 0x91, 0x00, 0x00, 0x00, 0x00, 0x00, 0x00, 0x00, 0x38,
    0xbd, 0xee, 0xdb, 0x72, 0x00, 0x00, 0x00, 0x00, 0x00, 0x02, 0xae, 0xea, 0x20, 0x00, 0x00, 0x3e,
    0xff, 0xff, 0xe3, 0x00, 0x00, 0xbf, 0xff, 0xff, 0xfb, 0x00, 0x00, 0xef, 0xff, 0xff, 0xfe, 0x00,
    0x00, 0xef, 0xff, 0xff, 0xfe, 0x00, 0x00, 0x9f, 0xff, 0xff, 0xf9, 0x00, 0x00, 0x1c, 0xff, 0xff,
    0xc1, 0x00, 0x00, 0x01, 0x6a, 0xa6, 0x00, 0x00, 0x00, 0x00, 0x00, 0x00, 0x00, 0x00, 0x00, 0x00,
    0x00, 0x00, 0x00, 0x00, 0x00, 0x00, 0x00, 0x00, 0x00, 0x00, 0x00, 0x00, 0x00, 0x00, 0x00, 0x00,
    0x00, 0x00, 0x00, 0x00, 0x00, 0x00, 0x00, 0xff, 0xff, 0xff, 0xff, 0xff, 0xff, 0xff, 0xff, 0x00,
    0x00, 0xff, 0xff, 0xff, 0xff, 0xff, 0xff, 0xff, 0xff, 0x00, 0x00, 0xff, 0xf3, 0x33, 0x33, 0x33,
    0x33, 0x3f, 0xff, 0x00, 0x00, 0xff, 0xf0, 0x00, 0x00, 0x00, 0x00, 0x0f, 0xff, 0x00, 0x00, 0xff,
    0xf0, 0x00, 0x00, 0x00, 0x00, 0x0f, 0xff, 0x00, 0x00, 0xff, 0xf0, 0x00, 0x00, 0x00, 0x00, 0x0f,
    0xff, 0x00, 0x00, 0xff, 0xf0, 0x00, 0x00, 0x00, 0x00, 0x0f, 0xff, 0x00, 0x00, 0xff, 0xf0, 0x00,
    0x00, 0x00, 0x00, 0x0f, 0xff, 0x00, 0x00, 0xff, 0xf0, 0x00, 0x00, 0x00, 0x00, 0x0f, 0xff, 0x00,
    0x00, 0xff, 0xf0, 0x00, 0x00, 0x00, 0x00, 0x0f, 0xff, 0x00, 0x00, 0xff, 0xf0, 0x00, 0x00, 0x00,
    0x00, 0x0f, 0xff, 0x00, 0x00, 0xff, 0xf0, 0x00, 0x00, 0x00, 0x00, 0x0f, 0xff, 0x00, 0x00, 0xff,
    0xf0, 0x00, 0x00, 0x00, 0x00, 0x0f, 0xff, 0x00, 0x00, 0xff, 0xf0, 0x00, 0x00, 0x00, 0x00, 0x0f,
    0xff, 0x00, 0x00, 0xff, 0xf0, 0x00, 0x00, 0x00, 0x00, 0x0f, 0xff, 0x00, 0x00, 0xff, 0xf0, 0x00,
    0x00, 0x00, 0x00, 0x0f, 0xff, 0x00, 0x00, 0xff, 0xf0, 0x00, 0x00, 0x00, 0x00, 0x0f, 0xff, 0x00,
    0x00, 0xff, 0xf0, 0x00, 0x00, 0x00, 0x00, 0x0f, 0xff, 0x00, 0x00, 0xff, 0xf3, 0x33, 0x33, 0x33,
    0x33, 0x3f, 0xff, 0x00, 0x00, 0xff, 0xff, 0xff, 0xff, 0xff, 0xff, 0xff, 0xff, 0x00, 0x00, 0xff,
    0xff, 0xff, 0xff, 0xff, 0xff, 0xff, 0xff, 0x00, 0x00, 0x00, 0x00, 0x00, 0x00, 0x00, 0x00, 0x00,
    0x00, 0x00, 0x00, 0x00, 0x00, 0x00, 0x00, 0x2d, 0x70, 0x00, 0x00, 0x00, 0x00, 0x00, 0x00, 0x00,
    0x00, 0x00, 0x00, 0x00, 0x03, 0xef, 0xf9, 0x00, 0x00, 0x00, 0x00, 0x00, 0x00, 0x00, 0x00, 0x00,
    0x00, 0x00, 0x0c, 0xff, 0xff, 0xa0, 0x00, 0x00, 0x00, 0x00, 0x00, 0x00, 0x00, 0x00, 0x00, 0x00,
    0x01, 0xcf, 0xff, 0xfb, 0x10, 0x00, 0x00, 0x00, 0x00, 0x00, 0x00, 0x00, 0x00, 0x00, 0x00, 0x1b,
    0xff, 0xff, 0xb0, 0x00, 0x00, 0x00, 0x00, 0x00, 0x00, 0x00, 0x00, 0x00, 0x00, 0x01, 0xbf, 0xff,
    0xa0, 0x00, 0x00, 0x00, 0x00, 0x00, 0x00, 0x00, 0x00, 0x00, 0x00, 0x00, 0x1b, 0xfa, 0x00, 0x00,
    0x00, 0x00, 0x00, 0x00, 0x00, 0x00, 0x00, 0x00, 0x00, 0x00, 0x01, 0x70, 0x00, 0x00, 0x00, 0x00,
    0x00, 0x00, 0x00, 0x00, 0x00, 0x00, 0x3f, 0xff, 0xff, 0xff, 0xff, 0xff, 0xff, 0xff, 0xff, 0xff,
    0xff, 0xff, 0xff, 0xf4, 0x3f, 0xff, 0xff, 0xff, 0xff, 0xff, 0xff, 0xff, 0xff, 0xff, 0xff, 0xff,
    0xff, 0xf4, 0x3f, 0xff, 0xff, 0xff, 0xff, 0xff, 0xff, 0xff, 0xff, 0xff, 0xff, 0xff, 0xff, 0xf4,
    0x3f, 0xff, 0xff, 0xff, 0xff, 0xff, 0xff, 0xff, 0xff, 0xff, 0xff, 0xff, 0xff, 0xf4, 0x01, 0x11,
    0x11, 0x11, 0x11, 0x11, 0x11, 0x11, 0x11, 0x11, 0x11, 0x11, 0x11, 0x10, 0x00, 0x00, 0x00, 0x00,
    0x00, 0x00, 0x00, 0x00, 0x00, 0x00, 0x00, 0x00, 0x00, 0x00, 0x00, 0x00, 0x00, 0x00, 0x00, 0x00,
    0x00, 0x00, 0x00, 0x00, 0x00, 0x00, 0x00, 0x00, 0x00, 0x00, 0x00, 0x00, 0x00, 0x00, 0x00, 0x00,
    0x00, 0x00, 0x00, 0x00, 0x00, 0x00, 0x00, 0x00, 0x00, 0x00, 0x00, 0x00, 0x00, 0x00, 0x00, 0x00,
    0x00, 0x00, 0x00, 0x00, 0x00, 0x00, 0x00, 0x00, 0x00, 0x00, 0x00, 0x00, 0x00, 0x00, 0x00, 0x00,
    0x00, 0x00, 0x00, 0x00, 0x00, 0x00, 0x00, 0x00, 0x00, 0x00, 0x00, 0x00, 0x00, 0x00, 0x00, 0x00,
    0x00, 0x00, 0x00, 0x00, 0x00, 0x00, 0x00, 0x00, 0x00, 0x00, 0x00, 0x00, 0x00, 0x00, 0x00, 0x00,
    0x00, 0x00, 0x00, 0x1f, 0xff, 0xf6, 0x00, 0x00, 0x00, 0x00, 0x00, 0x00, 0x00, 0x00, 0x00, 0x00,
    0x00, 0x1f, 0xff, 0xf6, 0x00, 0x00, 0x00, 0x00, 0x00, 0x00, 0x00, 0x00, 0x00, 0x00, 0x00, 0x1f,
    0xff, 0xf6, 0x00, 0x00, 0x00, 0x00, 0x00, 0x00, 0x00, 0x00, 0x00, 0x00, 0x00, 0x1f, 0xff, 0xf6,
    0x00, 0x00, 0x00, 0x00, 0x00, 0x00, 0x00, 0x00, 0x00, 0x00, 0x00, 0x1f, 0xff, 0xf6, 0x00, 0x00,
    0x00, 0x00, 0x00, 0x00, 0x00, 0x00, 0x00, 0x00, 0x00, 0x1f, 0xff, 0xf6, 0x00, 0x00, 0x00, 0x00,
    0x00, 0x00, 0x00, 0x00, 0x00, 0x00, 0x00, 0x1f, 0xff, 0xf6, 0x00, 0x00, 0x00, 0x00, 0x00, 0x00,
    0x00, 0x00, 0x00, 0x00, 0x00, 0x1f, 0xff, 0xf6, 0x00, 0x00, 0x00, 0x00, 0x00, 0x00, 0x00, 0x00,
    0x00, 0x00, 0x00, 0x1f, 0xff, 0xff, 0xff, 0xff, 0xff, 0xff, 0xf7, 0x00, 0x00, 0x00, 0x00, 0x00,
    0x00, 0x1f, 0xff, 0xff, 0xff, 0xff, 0xff, 0xff, 0xf7, 0x00, 0x00, 0x00, 0x00, 0x00, 0x00, 0x1f,
    0xff, 0xff, 0xff, 0xff, 0xff, 0xff, 0xf7, 0x00, 0x00, 0x00, 0x00, 0x00, 0x00, 0x1f, 0xff, 0xfe,
    0xee, 0xee, 0xee, 0xee, 0xe7, 0x00, 0x00, 0x00, 0x00, 0x00, 0x00, 0x1f, 0xff, 0xf6, 0x00, 0x00,
    0x00, 0x00, 0x00, 0x00, 0x00, 0x00, 0x00, 0x00, 0x00, 0x1f, 0xff, 0xf6, 0x00, 0x00, 0x00, 0x00,
    0x00, 0x00, 0x00, 0x00, 0x00, 0x00, 0x00, 0x1f, 0xff, 0xf6, 0x00, 0x00, 0x00, 0x00, 0x00, 0x00,
    0x00, 0x00, 0x00, 0x00, 0x00, 0x1f, 0xff, 0xf6, 0x00, 0x00, 0x00, 0x00, 0x00, 0x00, 0x00, 0x00,
    0x00, 0x00, 0x00, 0x1f, 0xff, 0xf6, 0x00, 0x00, 0x00, 0x00, 0x00, 0x00, 0x00, 0x00, 0x00, 0x00,
    0x00, 0x1f, 0xff, 0xf6, 0x00, 0x00, 0x00, 0x00, 0x00, 0x00, 0x00, 0x00, 0x00, 0x00, 0x00, 0x1f,
    0xff, 0xf6, 0x00, 0x00, 0x00, 0x00, 0x00, 0x00, 0x00, 0x00, 0x00, 0x00, 0x00, 0x1f, 0xff, 0xf6,
    0x00, 0x00, 0x00, 0x00, 0x00, 0x00, 0x00, 0x00, 0x00, 0x00, 0x00, 0x1f, 0xff, 0xf6, 0x00, 0x00,
    0x00, 0x00, 0x00, 0x00, 0x00, 0x00, 0x00, 0x00, 0x00, 0x1f, 0xff, 0xf6, 0x00, 0x00, 0x00, 0x00,
    0x00, 0x00, 0x00, 0x00, 0x00, 0x00, 0x00, 0x1f, 0xff, 0xf6, 0x00, 0x00, 0x00, 0x00, 0x00, 0x00,
    0x3f, 0xff, 0xff, 0xff, 0xff, 0xff, 0xff, 0xff, 0xff, 0xff, 0xff, 0xff, 0xff, 0xf4, 0x3f, 0xff,
    0xff, 0xff, 0xff, 0xff, 0xff, 0xff, 0xff, 0xff, 0xff, 0xff, 0xff, 0xf4, 0x3f, 0xff, 0xff, 0xff,
    0xff, 0xff, 0xff, 0xff, 0xff, 0xff, 0xff, 0xff, 0xff, 0xf4, 0x3d, 0xdd, 0xdd, 0xdd, 0xdd, 0xdd,
    0xdd, 0xdd, 0xdd, 0xdd, 0xdd, 0xdd, 0xdd, 0xd3, 0x4f, 0xff, 0xff, 0xff, 0xff, 0xff, 0xff, 0xff,
    0xff, 0xff, 0xff, 0xff, 0xff, 0xf3, 0x4f, 0xff, 0xff, 0xff, 0xff, 0xff, 0xff, 0xff, 0xff, 0xff,
    0xff, 0xff, 0xff, 0xf3, 0x4f, 0xff, 0xff, 0xff, 0xff, 0xff, 0xff, 0xff, 0xff, 0xff, 0xff, 0xff,
    0xff, 0xf3, 0x3d, 0xdd, 0xdd, 0xdd, 0xdd, 0xdf, 0xff, 0xfd, 0xdd, 0xdd, 0xdd, 0xdd, 0xdd, 0xd2,
    0x00, 0x00, 0x00, 0x00, 0x00, 0x3f, 0xff, 0xf4, 0x00, 0x00, 0x00, 0x00, 0x00, 0x00, 0x00, 0x00,
    0x00, 0x00, 0x00, 0x3f, 0xff, 0xf4, 0x00, 0x00, 0x00, 0x00, 0x00, 0x00, 0x00, 0x00, 0x00, 0x00,
    0x00, 0x3f, 0xff, 0xf4, 0x00, 0x00, 0x00, 0x00, 0x00, 0x00, 0x00, 0x00, 0x00, 0x00, 0x00, 0x3f,
    0xff, 0xf4, 0x1b, 0x60, 0x00, 0x00, 0x00, 0x00, 0x00, 0x00, 0x00, 0x00, 0x00, 0x3f, 0xff, 0xf5,
    0xbf, 0xf9, 0x10, 0x00, 0x00, 0x00, 0x00, 0x00, 0x00, 0x00, 0x00, 0x3f, 0xff, 0xfd, 0xff, 0xff,
    0xc2, 0x00, 0x00, 0x00, 0x00, 0x00, 0x00, 0x00, 0x00, 0x3f, 0xff, 0xfa, 0xff, 0xff, 0xfe, 0x50,
    0x00, 0x00, 0x00, 0x00, 0x00, 0x00, 0x00, 0x3f, 0xff, 0xf4, 0x3d, 0xff, 0xff, 0xf9, 0x00, 0x00,
    0x00, 0x00, 0x00, 0x00, 0x00, 0x3f, 0xff, 0xf4, 0x01, 0xbf, 0xff, 0xff, 0xc2, 0x00, 0x00, 0x00,
    0x00, 0x00, 0x00, 0x3f, 0xff, 0xf4, 0x00, 0x08, 0xff, 0xff, 0xfe, 0x30, 0x00, 0x00, 0x00, 0x00,
    0x00, 0x3f, 0xff, 0xf4, 0x00, 0x00, 0x5e, 0xff, 0xfd, 0x10, 0x00, 0x00, 0x00, 0x00, 0x00, 0x3f,
    0xff, 0xf4, 0x00, 0x00, 0x03, 0xdf, 0xe2, 0x00, 0x00, 0x00, 0x00, 0x00, 0x00, 0x3f, 0xff, 0xf4,
    0x00, 0x00, 0x00, 0x1b, 0x30, 0x00, 0x00, 0x00, 0x00, 0x00, 0x00, 0x3f, 0xff, 0xf4, 0x00, 0x00,
    0x00, 0x00, 0x00, 0x00, 0x00, 0x00, 0x00, 0x00, 0x00, 0x3f, 0xff, 0xf4, 0x00, 0x00, 0x00, 0x00,
    0x00, 0x00, 0x00, 0x00, 0x00, 0x00, 0x00, 0x3f, 0xff, 0xf4, 0x00, 0x00, 0x00, 0x00, 0x00, 0x00,
    0x00, 0x00, 0x00, 0x00, 0x00, 0x3f, 0xff, 0xf4, 0x00, 0x00, 0x00, 0x00, 0x00, 0x00, 0x00, 0x00,
    0x00, 0x00, 0x00, 0x3f, 0xff, 0xf4, 0x00, 0x00, 0x00, 0x00, 0x00, 0x00, 0x00, 0x00, 0x00, 0x00,
    0x00, 0x3f, 0xff, 0xf4, 0x00, 0x00, 0x00, 0x00, 0x00, 0x00, 0x00, 0x00, 0x00, 0x00, 0x00, 0x3f,
    0xff, 0xf4, 0x00, 0x00, 0x00, 0x00, 0x00, 0x00, 0x00, 0x00, 0x00, 0x00, 0x00, 0x3f, 0xff, 0xf4,
    0x00, 0x00, 0x00, 0x00, 0x00, 0x00, 0x00, 0x00, 0x00, 0x00, 0x00, 0x3f, 0xff, 0xf4, 0x00, 0x00,
    0x00, 0x00, 0x00, 0x00, 0x07, 0xff, 0xff, 0xff, 0xff, 0xff, 0xff, 0xff, 0xff, 0xff, 0xff, 0xff,
    0xff, 0xa0, 0x07, 0xff, 0xff, 0xff, 0xff, 0xff, 0xff, 0xff, 0xff, 0xff, 0xff, 0xff, 0xff, 0xa0,
    0x07, 0xff, 0xff, 0xff, 0xff, 0xff, 0xff, 0xff, 0xff, 0xff, 0xff, 0xff, 0xff, 0xa0, 0x05, 0xbb,
    0xbb, 0xbb, 0xbb, 0xbb, 0xef, 0xff, 0xeb, 0xbb, 0xbb, 0xbb, 0xbb, 0x70, 0x00, 0x00, 0x00, 0x00,
    0x00, 0x01, 0xff, 0xff, 0x90, 0x00, 0x00, 0x00, 0x00, 0x00, 0x00, 0x00, 0x00, 0x00, 0x00, 0x08,
    0xff, 0xff, 0x40, 0x00, 0x00, 0x00, 0x00, 0x00, 0x00, 0x00, 0x00, 0x00, 0x00, 0x2e, 0xff, 0xfd,
    0x00, 0x00, 0x00, 0x00, 0x00, 0x00, 0x00, 0x00, 0x00, 0x00, 0x00, 0xaf, 0xff, 0xf7, 0x00, 0x00,
    0x00, 0x00, 0x00, 0x00, 0x00, 0x00, 0x00, 0x00, 0x05, 0xff, 0xff, 0xe1, 0x00, 0x00, 0x00, 0x00,
    0x00, 0x00, 0x00, 0x00, 0x00, 0x00, 0x2e, 0xff, 0xff, 0xff, 0x10, 0x00, 0x00, 0x00, 0x00, 0x00,
    0x00, 0x00, 0x00, 0x00, 0xcf, 0xff, 0xff, 0xff, 0x11, 0xb6, 0x00, 0x00, 0x00, 0x00, 0x00, 0x00,
    0x00, 0x0a, 0xff, 0xff, 0xff, 0xff, 0x4d, 0xff, 0x80, 0x00, 0x00, 0x00, 0x00, 0x00, 0x00, 0x9f,
    0xff, 0xff, 0xff, 0xff, 0xbf, 0xff, 0xfa, 0x00, 0x00, 0x00, 0x00, 0x00, 0x09, 0xff, 0xff, 0xf9,
    0xff, 0xff, 0x1a, 0xff, 0xff, 0xb1, 0x00, 0x00, 0x00, 0x00, 0x9f, 0xff, 0xff, 0xa1, 0xff, 0xff,
    0x10, 0x9f, 0xff, 0xfc, 0x20, 0x00, 0x00, 0x1b, 0xff, 0xff, 0xfb, 0x11, 0xff, 0xff, 0x10, 0x09,
    0xff, 0xff, 0xd3, 0x00, 0x03, 0xdf, 0xff, 0xff, 0xb0, 0x01, 0xff, 0xff, 0x10, 0x00, 0x9f, 0xff,
    0xfe, 0x40, 0x5f, 0xff, 0xff, 0xfa, 0x00, 0x01, 0xff, 0xff, 0x10, 0x00, 0x0a, 0xff, 0xff, 0xf5,
    0x1c, 0xff, 0xff, 0x70, 0x00, 0x01, 0xff, 0xff, 0x10, 0x00, 0x00, 0xaf, 0xff, 0xe3, 0x02, 0xef,
    0xe4, 0x00, 0x00, 0x01, 0xff, 0xff, 0x10, 0x00, 0x00, 0x0b, 0xfe, 0x20, 0x00, 0x4b, 0x20, 0x00,
    0x00, 0x01, 0xff, 0xff, 0x10, 0x00, 0x00, 0x01, 0xb2, 0x00, 0x00, 0x00, 0x00, 0x00, 0x00, 0x01,
    0xff, 0xff, 0x10, 0x00, 0x00, 0x00, 0x00, 0x00, 0x00, 0x00, 0x00, 0x00, 0x00, 0x01, 0xff, 0xff,
    0x10, 0x00, 0x00, 0x00, 0x00, 0x00, 0x00, 0x00, 0x00, 0x00, 0x00, 0x01, 0xff, 0xff, 0x10, 0x00,
    0x00, 0x00, 0x00, 0x00, 0x00, 0x00, 0x00, 0x00, 0x00, 0x01, 0xff, 0xff, 0x10, 0x00, 0x00, 0x00,
    0x00, 0x00, 0x00, 0x00, 0x00, 0x00, 0x00, 0x01, 0xff, 0xff, 0x10, 0x00, 0x00, 0x00, 0x00, 0x00,
    0x00, 0x00, 0x0f, 0xff, 0xf2, 0x00, 0x00, 0x00, 0x00, 0x00, 0x00, 0x00, 0x00, 0x00, 0x00, 0x00,
    0x1f, 0xff, 0xf1, 0x00, 0x00, 0x00, 0x00, 0x00, 0x00, 0x00, 0x00, 0x00, 0x00, 0x00, 0x2f, 0xff,
    0xf0, 0x00, 0x00, 0x00, 0x00, 0x00, 0x00, 0x00, 0x00, 0x00, 0x00, 0x00, 0x3f, 0xff, 0xff, 0xff,
    0xff, 0xff, 0xff, 0xff, 0xff, 0xff, 0xff, 0xd0, 0x00, 0x00, 0x4f, 0xff, 0xff, 0xff, 0xff, 0xff,
    0xff, 0xff, 0xff, 0xff, 0xff, 0xd0, 0x00, 0x00, 0x5f, 0xff, 0xff, 0xff, 0xff, 0xff, 0xff, 0xff,
    0xff, 0xff, 0xff, 0xd0, 0x00, 0x00, 0x6f, 0xff, 0xd9, 0x99, 0x99, 0x99, 0x99, 0x99, 0x99, 0x99,
    0x99, 0x70, 0x00, 0x00, 0x6f, 0xff, 0xb0, 0x00, 0x00, 0x00, 0x00, 0x00, 0x00, 0x00, 0x00, 0x00,
    0x00, 0x00, 0x7f, 0xff, 0xa0, 0x00, 0x00, 0x00, 0x00, 0x00, 0x00, 0x00, 0x00, 0x00, 0x00, 0x00,
    0x8f, 0xff, 0x90, 0x00, 0x00, 0x00, 0x00, 0x00, 0x00, 0x00, 0x00, 0x00, 0x00, 0x00, 0x9f, 0xff,
    0xff, 0xff, 0xff, 0xff, 0xff, 0xff, 0xff, 0xff, 0xf8, 0x00, 0x00, 0x00, 0xaf, 0xff, 0xff, 0xff,
    0xff, 0xff, 0xff, 0xff, 0xff, 0xff, 0xf7, 0x00, 0x00, 0x00, 0xbf, 0xff, 0xff, 0xff, 0xff, 0xff,
    0xff, 0xff, 0xff, 0xff, 0xf7, 0x00, 0x00, 0x00, 0x68, 0x88, 0x88, 0x88, 0x88, 0x88, 0x88, 0x88,
    0x8d, 0xff, 0xf6, 0x00, 0x00, 0x00, 0x00, 0x00, 0x00, 0x00, 0x00, 0x00, 0x00, 0x00, 0x0b, 0xff,
    0xf6, 0x00, 0x00, 0x00, 0x00, 0x00, 0x00, 0x00, 0x00, 0x00, 0x00, 0x00, 0x0c, 0xff, 0xf5, 0x00,
    0x00, 0x00, 0x00, 0x00, 0x00, 0x00, 0x00, 0x00, 0x00, 0x00, 0x0c, 0xff, 0xf4, 0x00, 0x3f, 0xff,
    0xff, 0xff, 0xff, 0xff, 0xff, 0xff, 0xff, 0xf8, 0x0c, 0xff, 0xf4, 0x00, 0x3f, 0xff, 0xff, 0xff,
    0xff, 0xff, 0xff, 0xff, 0xff, 0xf8, 0x0d, 0xff, 0xf3, 0x00, 0x3f, 0xff, 0xff, 0xff, 0xff, 0xff,
    0xff, 0xff, 0xff, 0xf8, 0x0e, 0xff, 0xf3, 0x00, 0x29, 0x99, 0x99, 0x99, 0x99, 0x99, 0x99, 0x99,
    0x99, 0x94, 0x0f, 0xff, 0xf2, 0x00, 0x00, 0x00, 0x00, 0x00, 0x00, 0x00, 0x00, 0x00, 0x00, 0x00,
    0x2f, 0xff, 0xf1, 0x00, 0x00, 0x00, 0x00, 0x00, 0x00, 0x00, 0x00, 0x00, 0x00, 0x02, 0xbf, 0xff,
    0xe0, 0x00, 0x00, 0x00, 0x00, 0x00, 0x00, 0x00, 0x8f, 0xee, 0xed, 0xef, 0xff, 0xff, 0xb0, 0x00,
    0x00, 0x00, 0x00, 0x00, 0x00, 0x00, 0x5f, 0xff, 0xff, 0xff, 0xff, 0xff, 0x50, 0x00, 0x00, 0x00,
    0x00, 0x00, 0x00, 0x00, 0x1f, 0xff, 0xff, 0xff, 0xff, 0xf8, 0x00, 0x00, 0x00, 0x00, 0x00, 0x00,
    0x00, 0x00, 0x0c, 0xff, 0xff, 0xfe, 0xda, 0x40, 0x00, 0x00, 0x00, 0x00, 0x00, 0x00, 0xbf, 0xff,
    0x40, 0x04, 0xff, 0xfa, 0x00, 0x00, 0x00, 0x00, 0x00, 0x00, 0x00, 0x00, 0xbf, 0xff, 0x40, 0x04,
    0xff, 0xfa, 0x00, 0x00, 0x00, 0x00, 0x00, 0x00, 0x00, 0x00, 0xbf, 0xff, 0x40, 0x04, 0xff, 0xfa,
    0x00, 0x00, 0x00, 0x00, 0x00, 0x00, 0x00, 0x00, 0xbf, 0xff, 0x40, 0x04, 0xff, 0xfa, 0x00, 0x00,
    0x00, 0x00, 0x00, 0x00, 0x00, 0x00, 0xbf, 0xff, 0x40, 0x04, 0xff, 0xfa, 0x00, 0x00, 0x00, 0x00,
    0x00, 0x5c, 0x30, 0x00, 0xbf, 0xff, 0x40, 0x04, 0xff, 0xfa, 0x00, 0x02, 0xc6, 0x00, 0x2d, 0xff,
    0x90, 0x00, 0xbf, 0xff, 0x40, 0x04, 0xff, 0xfa, 0x00, 0x08, 0xff, 0xe4, 0x0d, 0xff, 0xf1, 0x00,
    0xbf, 0xff, 0x40, 0x04, 0xff, 0xfa, 0x00, 0x0d, 0xff, 0xf3, 0x08, 0xff, 0xf7, 0x00, 0xbf, 0xff,
    0x40, 0x04, 0xff, 0xfa, 0x00, 0x3f, 0xff, 0xc0, 0x02, 0xff, 0xfd, 0x00, 0xbf, 0xff, 0x40, 0x04,
    0xff, 0xfa, 0x00, 0x9f, 0xff, 0x60, 0x00, 0xcf, 0xff, 0x50, 0xbf, 0xff, 0x40, 0x04, 0xff, 0xfa,
    0x01, 0xef, 0xff, 0x10, 0x00, 0x6f, 0xff, 0xb0, 0xbf, 0xff, 0x40, 0x04, 0xff, 0xfa, 0x06, 0xff,
    0xfa, 0x00, 0x00, 0x1f, 0xff, 0xf2, 0xbf, 0xff, 0x40, 0x04, 0xff, 0xfa, 0x0c, 0xff, 0xf4, 0x00,
    0x00, 0x0a, 0xff, 0xf7, 0xbf, 0xff, 0x40, 0x04, 0xff, 0xfa, 0x4f, 0xff, 0xd0, 0x00, 0x00, 0x05,
    0xff, 0xfd, 0xbf, 0xff, 0x40, 0x04, 0xff, 0xfa, 0xaf, 0xff, 0x70, 0x00, 0x00, 0x01, 0xef, 0xff,
    0xef, 0xff, 0x40, 0x04, 0xff, 0xfd, 0xff, 0xff, 0x10, 0x00, 0x00, 0x00, 0xaf, 0xff, 0xff, 0xff,
    0x40, 0x04, 0xff, 0xff, 0xff, 0xf9, 0x00, 0x00, 0x00, 0x00, 0x5f, 0xf9, 0xcf, 0xff, 0x40, 0x04,
    0xff, 0xfb, 0x9f, 0xf3, 0x00, 0x00, 0x00, 0x00, 0x0b, 0x30, 0xbf, 0xff, 0x40, 0x04, 0xff, 0xfa,
    0x04, 0xa0, 0x00, 0x00, 0x00, 0x00, 0x00, 0x00, 0xbf, 0xff, 0x40, 0x04, 0xff, 0xfa, 0x00, 0x00,
    0x00, 0x00, 0x00, 0x00, 0x00, 0x00, 0xbf, 0xff, 0x40, 0x04, 0xff, 0xfa, 0x00, 0x00, 0x00, 0x00,
    0x00, 0x00, 0x00, 0x00, 0xbf, 0xff, 0x40, 0x04, 0xff, 0xfa, 0x00, 0x00, 0x00, 0x00, 0x00, 0x00,
    0x00, 0x00, 0xbf, 0xff, 0x40, 0x04, 0xff, 0xfa, 0x00, 0x00, 0x00, 0x00, 0x7f, 0xff, 0xff, 0xff,
    0xff, 0xff, 0xff, 0xff, 0xff, 0xff, 0xff, 0xff, 0xff, 0xf8, 0x7f, 0xff, 0xff, 0xff, 0xff, 0xff,
    0xff, 0xff, 0xff, 0xff, 0xff, 0xff, 0xff, 0xf8, 0x7f, 0xff, 0xff, 0xff, 0xff, 0xff, 0xff, 0xff,
    0xff, 0xff, 0xff, 0xff, 0xff, 0xf8, 0x5b, 0xbb, 0xbb, 0xbb, 0xbb, 0xbb, 0xbb, 0xbb, 0xbb, 0xbb,
    0xbb, 0xbb, 0xbb, 0xb6, 0x00, 0x00, 0x00, 0x00, 0x00, 0x01, 0xef, 0xff, 0x50, 0x00, 0x00, 0x00,
    0x00, 0x00, 0x00, 0x00, 0x00, 0x00, 0x00, 0x0a, 0xff, 0xff, 0x90, 0x00, 0x00, 0x00, 0x00, 0x00,
    0x00, 0x00, 0x00, 0x00, 0x00, 0x6f, 0xff, 0xff, 0xf5, 0x00, 0x00, 0x00, 0x00, 0x00, 0x00, 0x00,
    0x00, 0x00, 0x03, 0xef, 0xff, 0xff, 0xfe, 0x10, 0x00, 0x00, 0x00, 0x00, 0x00, 0x00, 0x00, 0x00,
    0x2d, 0xff, 0xfd, 0xdf, 0xff, 0xc1, 0x00, 0x00, 0x00, 0x00, 0x00, 0x00, 0x00, 0x01, 0xdf, 0xff,
    0xf4, 0x4f, 0xff, 0xfb, 0x10, 0x00, 0x00, 0x00, 0x00, 0x00, 0x00, 0x1c, 0xff, 0xff, 0x90, 0x09,
    0xff, 0xff, 0xb0, 0x00, 0x00, 0x00, 0x00, 0x00, 0x02, 0xdf, 0xff, 0xfb, 0x00, 0x01, 0xdf, 0xff,
    0xfc, 0x10, 0x00, 0x00, 0x00, 0x00, 0x4e, 0xff, 0xff, 0xd1, 0x00, 0x00, 0x2e, 0xff, 0xff, 0xd3,
    0x00, 0x00, 0x00, 0x07, 0xff, 0xff, 0xfd, 0x20, 0x00, 0x00, 0x03, 0xef, 0xff, 0xfe, 0x60, 0x00,
    0x02, 0xcf, 0xff, 0xff, 0xc1, 0x02, 0xff, 0xff, 0x10, 0x3e, 0xff, 0xff, 0xfc, 0x30, 0x4e, 0xff,
    0xff, 0xfb, 0x10, 0x02, 0xff, 0xff, 0x10, 0x02, 0xdf, 0xff, 0xff, 0xf5, 0x1d, 0xff, 0xff, 0x80,
    0x00, 0x02, 0xff, 0xff, 0x10, 0x00, 0x1a, 0xff, 0xff, 0xd1, 0x03, 0xef, 0xe4, 0x00, 0x00, 0x02,
    0xff, 0xff, 0x10, 0x00, 0x00, 0x6e, 0xff, 0x30, 0x00, 0x6a, 0x10, 0x00, 0x00, 0x02, 0xff, 0xff,
    0x10, 0x00, 0x00, 0x02, 0xa6, 0x00, 0x00, 0x00, 0x00, 0x00, 0x00, 0x02, 0xff, 0xff, 0x10, 0x00,
    0x00, 0x00, 0x00, 0x00, 0x00, 0x00, 0x00, 0x00, 0x00, 0x02, 0xff, 0xff, 0x10, 0x00, 0x00, 0x00,
    0x00, 0x00, 0x00, 0x00, 0x00, 0x00, 0x00, 0x02, 0xff, 0xff, 0x10, 0x00, 0x00, 0x00, 0x00, 0x00,
    0x00, 0x00, 0x00, 0x00, 0x00, 0x02, 0xff, 0xff, 0x10, 0x00, 0x00, 0x00, 0x00, 0x00, 0x00, 0x00,
    0x00, 0x00, 0x00, 0x02, 0xff, 0xff, 0x10, 0x00, 0x00, 0x00, 0x00, 0x00, 0x00, 0x00, 0x00, 0x00,
    0x00, 0x02, 0xff, 0xff, 0x10, 0x00, 0x00, 0x00, 0x00, 0x00, 0x00, 0x00, 0x00, 0x00, 0x00, 0x02,
    0xff, 0xff, 0x10, 0x00, 0x00, 0x00, 0x00, 0x00, 0x00, 0x00, 0x00, 0x00, 0x00, 0x02, 0xff, 0xff,
    0x10, 0x00, 0x00, 0x00, 0x00, 0x00, 0x00, 0x00, 0x00, 0x00, 0x00, 0x02, 0xff, 0xff, 0x10, 0x00,
    0x00, 0x00, 0x00, 0x00, 0x00, 0x00, 0x00, 0x00, 0x00, 0x02, 0xff, 0xff, 0x10, 0x00, 0x00, 0x00,
    0x00, 0x00, 0x00, 0x00, 0x00, 0x00, 0x00, 0x02, 0xff, 0xff, 0x10, 0x00, 0x00, 0x00, 0x00, 0x00,
    0x00, 0x00, 0x00, 0x00, 0x00, 0x02, 0xff, 0xff, 0x10, 0x00, 0x00, 0x00, 0x00, 0x00, 0x00, 0x00,
    0x00, 0x00, 0x00, 0x02, 0xff, 0xff, 0x10, 0x00, 0x00, 0x00, 0x00, 0x00, 0x00, 0x00, 0x00, 0x00,
    0x00, 0x02, 0xff, 0xff, 0x10, 0x00, 0x00, 0x00, 0x00, 0x00, 0x00, 0x00, 0x00, 0x00, 0x00, 0x02,
    0xff, 0xff, 0x10, 0x00, 0x00, 0x00, 0x00, 0x00, 0x00, 0x00, 0x00, 0x00, 0x00, 0x02, 0xff, 0xff,
    0x10, 0x00, 0x00, 0x00, 0x00, 0x00, 0x00, 0x00, 0x00, 0x00, 0x00, 0x02, 0xff, 0xff, 0x10, 0x00,
    0x00, 0x00, 0x00, 0x00, 0x04, 0xff, 0xff, 0xff, 0xff, 0xff, 0xff, 0xff, 0xff, 0xff, 0xff, 0xff,
    0xff, 0x40, 0x04, 0xff, 0xff, 0xff, 0xff, 0xff, 0xff, 0xff, 0xff, 0xff, 0xff, 0xff, 0xff, 0x40,
    0x04, 0xff, 0xff, 0xff, 0xff, 0xff, 0xff, 0xff, 0xff, 0xff, 0xff, 0xff, 0xff, 0x40, 0x04, 0xff,
    0xfe, 0xcc, 0xcc, 0xcc, 0xff, 0xff, 0xcc, 0xcc, 0xcc, 0xef, 0xff, 0x40, 0x04, 0xff, 0xfb, 0x00,
    0x00, 0x02, 0xff, 0xff, 0x10, 0x00, 0x00, 0xcf, 0xff, 0x40, 0x04, 0xff, 0xfb, 0x00, 0x00, 0x02,
    0xff, 0xff, 0x10, 0x00, 0x00, 0xcf, 0xff, 0x40, 0x04, 0xff, 0xfb, 0x00, 0x00, 0x02, 0xff, 0xff,
    0x10, 0x00, 0x00, 0xcf, 0xff, 0x40, 0x04, 0xff, 0xfb, 0x00, 0x00, 0x02, 0xff, 0xff, 0x10, 0x00,
    0x00, 0xcf, 0xff, 0x40, 0x04, 0xff, 0xfb, 0x00, 0x00, 0x02, 0xff, 0xff, 0x10, 0x00, 0x00, 0xcf,
    0xff, 0x40, 0x04, 0xff, 0xff, 0xff, 0xff, 0xff, 0xff, 0xff, 0xff, 0xff, 0xff, 0xff, 0xff, 0x40,
    0x04, 0xff, 0xff, 0xff, 0xff, 0xff, 0xff, 0xff, 0xff, 0xff, 0xff, 0xff, 0xff, 0x40, 0x04, 0xff,
    0xff, 0xff, 0xff, 0xff, 0xff, 0xff, 0xff, 0xff, 0xff, 0xff, 0xff, 0x40, 0x04, 0xff, 0xfe, 0xcc,
    0xcc, 0xcc, 0xff, 0xff, 0xcc, 0xcc, 0xcc, 0xef, 0xff, 0x40, 0x04, 0xff, 0xfb, 0x00, 0x00, 0x02,
    0xff, 0xff, 0x10, 0x00, 0x00, 0xcf, 0xff, 0x40, 0x04, 0xff, 0xfb, 0x00, 0x00, 0x02, 0xff, 0xff,
    0x10, 0x00, 0x00, 0xcf, 0xff, 0x40, 0x00, 0x00, 0x00, 0x00, 0x00, 0x02, 0xff, 0xff, 0x10, 0x00,
    0x00, 0x00, 0x00, 0x00, 0x00, 0x00, 0x00, 0x00, 0x00, 0x02, 0xff, 0xff, 0x10, 0x00, 0x00, 0x00,
    0x00, 0x00, 0x00, 0x00, 0x00, 0x00, 0x00, 0x02, 0xff, 0xff, 0x10, 0x00, 0x00, 0x00, 0x00, 0x00,
    0x00, 0x00, 0x00, 0x00, 0x00, 0x02, 0xff, 0xff, 0x10, 0x00, 0x00, 0x00, 0x00, 0x00, 0x00, 0x00,
    0x00, 0x00, 0x00, 0x02, 0xff, 0xff, 0x10, 0x00, 0x00, 0x00, 0x00, 0x00, 0x00, 0x00, 0x00, 0x00,
    0x00, 0x02, 0xff, 0xff, 0x10, 0x00, 0x00, 0x00, 0x00, 0x00, 0x00, 0x00, 0x00, 0x00, 0x00, 0x02,
    0xff, 0xff, 0x10, 0x00, 0x00, 0x00, 0x00, 0x00, 0x00, 0x00, 0x4b, 0x10, 0x00, 0x1f, 0xff, 0xf2,
    0x00, 0x00, 0x00, 0x00, 0x00, 0x00, 0x00, 0x06, 0xff, 0xc1, 0x00, 0x2f, 0xff, 0xf0, 0x00, 0x00,
    0x00, 0x00, 0x00, 0x00, 0x00, 0x2e, 0xff, 0xfd, 0x20, 0x3f, 0xff, 0xe0, 0x00, 0x00, 0x00, 0x00,
    0x00, 0x00, 0x00, 0x04, 0xff, 0xff, 0xd0, 0x4f, 0xff, 0xd0, 0x00, 0x00, 0x00, 0x00, 0x00, 0x00,
    0x00, 0x00, 0x5f, 0xff, 0x50, 0x5f, 0xff, 0xc0, 0x00, 0x00, 0x00, 0x00, 0x00, 0x00, 0x00, 0x00,
    0x07, 0xe4, 0x00, 0x6f, 0xff, 0xa0, 0x00, 0x00, 0x00, 0x00, 0x00, 0x00, 0x0e, 0xff, 0xff, 0xff,
    0xff, 0xff, 0xff, 0xff, 0xff, 0xff, 0xff, 0xff, 0xff, 0x40, 0x0e, 0xff, 0xff, 0xff, 0xff, 0xff,
    0xff, 0xff, 0xff, 0xff, 0xff, 0xff, 0xff, 0x30, 0x0e, 0xff, 0xff, 0xff, 0xff, 0xff, 0xff, 0xff,
    0xff, 0xff, 0xff, 0xff, 0xff, 0x20, 0x09, 0x99, 0x99, 0x99, 0x99, 0xef, 0xff, 0xb9, 0x99, 0x99,
    0x99, 0xdf, 0xff, 0x20, 0x00, 0x00, 0x00, 0x00, 0x00, 0xdf, 0xff, 0x40, 0x00, 0x00, 0x00, 0xbf,
    0xff, 0x10, 0x00, 0x00, 0x00, 0x00, 0x01, 0xff, 0xff, 0x11, 0x00, 0x00, 0x00, 0xcf, 0xff, 0x00,
    0x00, 0x00, 0x00, 0x00, 0x05, 0xff, 0xfd, 0x1c, 0xa0, 0x00, 0x00, 0xdf, 0xfe, 0x00, 0x00, 0x00,
    0x00, 0x00, 0x09, 0xff, 0xfb, 0xcf, 0xfb, 0x10, 0x00, 0xef, 0xfd, 0x00, 0x00, 0x00, 0x00, 0x00,
    0x1e, 0xff, 0xf9, 0xff, 0xff, 0xb1, 0x00, 0xef, 0xfc, 0x00, 0x00, 0x00, 0x00, 0x00, 0x6f, 0xff,
    0xe0, 0x6f, 0xff, 0xfb, 0x10, 0xff, 0xfb, 0x00, 0x00, 0x00, 0x00, 0x01, 0xef, 0xff, 0x90, 0x07,
    0xff, 0xfe, 0x31, 0xff, 0xfb, 0x00, 0x00, 0x00, 0x00, 0x08, 0xff, 0xff, 0x20, 0x00, 0x9f, 0xe4,
    0x02, 0xff, 0xfa, 0x00, 0x00, 0x00, 0x00, 0x4f, 0xff, 0xfa, 0x00, 0x00, 0x0a, 0x30, 0x03, 0xff,
    0xf9, 0x00, 0x00, 0x00, 0x02, 0xef, 0xff, 0xf2, 0x00, 0x00, 0x00, 0x00, 0x04, 0xff, 0xf8, 0x00,
    0x00, 0x00, 0x2d, 0xff, 0xff, 0x70, 0x00, 0x00, 0x00, 0x00, 0x05, 0xff, 0xf7, 0x00, 0x00, 0x02,
    0xdf, 0xff, 0xfb, 0x00, 0x00, 0x00, 0x00, 0x00, 0x07, 0xff, 0xf6, 0x00, 0x00, 0x5e, 0xff, 0xff,
    0xd1, 0x00, 0x00, 0x00, 0x00, 0x00, 0x09, 0xff, 0xf4, 0x00, 0x19, 0xff, 0xff, 0xfd, 0x20, 0x00,
    0x03, 0x21, 0x10, 0x01, 0x6f, 0xff, 0xf3, 0x00, 0x2d, 0xff, 0xff, 0xc2, 0x00, 0x00, 0x0b, 0xff,
    0xff, 0xff, 0xff, 0xff, 0xe0, 0x00, 0x01, 0xcf, 0xfb, 0x10, 0x00, 0x00, 0x06, 0xff, 0xff, 0xff,
    0xff, 0xff, 0x70, 0x00, 0x00, 0x1b, 0x70, 0x00, 0x00, 0x00, 0x03, 0xff, 0xff, 0xff, 0xff, 0xf9,
    0x00, 0x00, 0x00, 0x00, 0x00, 0x00, 0x00, 0x00, 0x00, 0xdd, 0xdd, 0xdc, 0xb8, 0x40, 0x00, 0x00,
    0x00, 0x4f, 0xff, 0xff, 0xff, 0xff, 0xff, 0xff, 0xff, 0xff, 0xff, 0xff, 0xf6, 0x00, 0x00, 0x4f,
    0xff, 0xff, 0xff, 0xff, 0xff, 0xff, 0xff, 0xff, 0xff, 0xff, 0xf6, 0x00, 0x00, 0x4f, 0xff, 0xff,
    0xff, 0xff, 0xff, 0xff, 0xff, 0xff, 0xff, 0xff, 0xf6, 0x00, 0x00, 0x4d, 0xdd, 0xdd, 0xdd, 0xdd,
    0xff, 0xff, 0xed, 0xdd, 0xdd, 0xdd, 0xd5, 0x00, 0x00, 0x00, 0x00, 0x00, 0x00, 0x00, 0xbf, 0xff,
    0x60, 0x00, 0x00, 0x00, 0x00, 0x00, 0x00, 0x00, 0x00, 0x00, 0x00, 0x00, 0xbf, 0xff, 0x60, 0x00,
    0x00, 0x00, 0x00, 0x00, 0x00, 0x00, 0x00, 0x00, 0x00, 0x00, 0xbf, 0xff, 0x60, 0x00, 0x00, 0x00,
    0x00, 0x00, 0x00, 0x00, 0x00, 0x00, 0x00, 0x00, 0xbf, 0xff, 0x60, 0x00, 0x00, 0x00, 0x00, 0x00,
    0x00, 0x00, 0x00, 0x00, 0x00, 0x00, 0xbf, 0xff, 0x60, 0x00, 0x00, 0x00, 0x00, 0x00, 0x00, 0x00,
    0x00, 0x00, 0x00, 0x00, 0xbf, 0xff, 0x60, 0x00, 0x00, 0x00, 0x00, 0x00, 0x4f, 0xff, 0xff, 0xff,
    0xff, 0xff, 0xff, 0xff, 0xff, 0xff, 0xff, 0xff, 0xff, 0xf5, 0x4f, 0xff, 0xff, 0xff, 0xff, 0xff,
    0xff, 0xff, 0xff, 0xff, 0xff, 0xff, 0xff, 0xf5, 0x4f, 0xff, 0xff, 0xff, 0xff, 0xff, 0xff, 0xff,
    0xff, 0xff, 0xff, 0xff, 0xff, 0xf5, 0x4d, 0xdd, 0xdd, 0xdd, 0xdd, 0xdd, 0xff, 0xff, 0xed, 0xdd,
    0xdd, 0xdd, 0xdd, 0xd4, 0x00, 0x00, 0x00, 0x00, 0x00, 0x00, 0xbf, 0xff, 0x60, 0x00, 0x00, 0x00,
    0x00, 0x00, 0x00, 0x00, 0x00, 0x00, 0x00, 0x00, 0xbf, 0xff, 0x60, 0x00, 0x00, 0x00, 0x00, 0x00,
    0x00, 0x00, 0x00, 0x00, 0x00, 0x00, 0xbf, 0xff, 0x60, 0x00, 0x00, 0x00, 0x00, 0x00, 0x00, 0x00,
    0x00, 0x00, 0x00, 0x00, 0xbf, 0xff, 0x60, 0x00, 0x00, 0x00, 0x00, 0x00, 0x00, 0x00, 0x00, 0x00,
    0x00, 0x00, 0xbf, 0xff, 0x60, 0x00, 0x00, 0x00, 0x00, 0x00, 0x00, 0x00, 0x00, 0x00, 0x00, 0x00,
    0xbf, 0xff, 0x60, 0x00, 0x00, 0x00, 0x00, 0x00, 0x00, 0x00, 0x00, 0x00, 0x00, 0x00, 0xcf, 0xff,
    0x60, 0x00, 0x00, 0x00, 0x00, 0x00, 0x00, 0x00, 0x00, 0x00, 0x00, 0x00, 0xef, 0xff, 0x50, 0x00,
    0x00, 0x00, 0x00, 0x00, 0x00, 0x00, 0x00, 0x00, 0x00, 0x19, 0xff, 0xff, 0x40, 0x00, 0x00, 0x00,
    0x00, 0x00, 0x00, 0x00, 0x08, 0xff, 0xff, 0xff, 0xff, 0xff, 0x10, 0x00, 0x00, 0x00, 0x00, 0x00,
    0x00, 0x00, 0x05, 0xff, 0xff, 0xff, 0xff, 0xfa, 0x00, 0x00, 0x00, 0x00, 0x00, 0x00, 0x00, 0x00,
    0x01, 0xff, 0xff, 0xff, 0xff, 0xe2, 0x00, 0x00, 0x00, 0x00, 0x00, 0x00, 0x00, 0x00, 0x00, 0xbe,
    0xdd, 0xdd, 0xc8, 0x10, 0x00, 0x00, 0x00, 0x00, 0x00, 0x00, 0x00, 0x00, 0x00, 0x00, 0x00, 0x06,
    0x9b, 0xd8, 0x00, 0x00, 0x00, 0x00, 0x00, 0x00, 0x00, 0x00, 0x00, 0x00, 0x00, 0x0a, 0xff, 0xfe,
    0x10, 0x00, 0x00, 0x00, 0x00, 0x00, 0x0f, 0xff, 0xff, 0xff, 0xff, 0xff, 0xff, 0xff, 0xff, 0xff,
    0xff, 0xff, 0xff, 0xf1, 0x0f, 0xff, 0xff, 0xff, 0xff, 0xff, 0xff, 0xff, 0xff, 0xff, 0xff, 0xff,
    0xff, 0xf1, 0x0c, 0xcc, 0xcc, 0xcc, 0xcc, 0xcc, 0xcc, 0xcc, 0xcc, 0xcc, 0xcc, 0xcc, 0xcc, 0xc1,
    0x00, 0x00, 0x00, 0x00, 0x00, 0x00, 0x00, 0x00, 0x00, 0x00, 0x00, 0x00, 0x00, 0x00, 0x00, 0x00,
    0x7f, 0xff, 0xff, 0xff, 0xff, 0xff, 0xff, 0xff, 0xff, 0xf7, 0x00, 0x00, 0x00, 0x00, 0x7f, 0xff,
    0xff, 0xff, 0xff, 0xff, 0xff, 0xff, 0xff, 0xf7, 0x00, 0x00, 0x00, 0x00, 0x7f, 0xff, 0x86, 0x66,
    0x66, 0x66, 0x66, 0x68, 0xff, 0xf7, 0x00, 0x00, 0x00, 0x00, 0x7f, 0xff, 0x30, 0x00, 0x00, 0x00,
    0x00, 0x04, 0xff, 0xf7, 0x00, 0x00, 0x00, 0x00, 0x7f, 0xff, 0xff, 0xff, 0xff, 0xff, 0xff, 0xff,
    0xff, 0xf7, 0x00, 0x00, 0x00, 0x00, 0x7f, 0xff, 0xff, 0xff, 0xff, 0xff, 0xff, 0xff, 0xff, 0xf7,
    0x00, 0x00, 0x00, 0x00, 0x36, 0x66, 0x66, 0x66, 0x66, 0x66, 0x66, 0x66, 0x66, 0x63, 0x00, 0x00,
    0x00, 0x00, 0x00, 0x00, 0x00, 0x00, 0x00, 0x00, 0x00, 0x00, 0x00, 0x00, 0x00, 0x00, 0x08, 0xff,
    0xff, 0xff, 0xff, 0xff, 0xff, 0xff, 0xff, 0xff, 0xff, 0xff, 0xff, 0xa0, 0x08, 0xff, 0xff, 0xff,
    0xff, 0xff, 0xff, 0xff, 0xff, 0xff, 0xff, 0xff, 0xff, 0xa0, 0x08, 0xff, 0xfb, 0xbb, 0xbb, 0xbb,
    0xbb, 0xbb, 0xbb, 0xbb, 0xbb, 0xbf, 0xff, 0xa0, 0x08, 0xff, 0xf1, 0x00, 0x00, 0x00, 0x00, 0x00,
    0x00, 0x00, 0x00, 0x0e, 0xff, 0xa0, 0x08, 0xff, 0xf1, 0x0a, 0xff, 0xff, 0xff, 0xff, 0xff, 0xff,
    0x10, 0x0e, 0xff, 0xa0, 0x00, 0x00, 0x00, 0x0a, 0xff, 0xff, 0xff, 0xff, 0xff, 0xff, 0x10, 0x00,
    0x00, 0x00, 0x00, 0x00, 0x00, 0x0c, 0xff, 0xfc, 0xcc, 0xcc, 0xef, 0xff, 0x10, 0x00, 0x00, 0x00,
    0x00, 0x00, 0x00, 0x1f, 0xff, 0xc0, 0x00, 0x00, 0xbf, 0xff, 0x10, 0x00, 0xb8, 0x40, 0x00, 0x00,
    0x00, 0x8f, 0xff, 0x90, 0x00, 0x00, 0xbf, 0xff, 0x10, 0x00, 0xff, 0xf8, 0x00, 0x00, 0x18, 0xff,
    0xff, 0x40, 0x00, 0x00, 0xbf, 0xff, 0x50, 0x07, 0xff, 0xf6, 0x14, 0x7b, 0xff, 0xff, 0xf9, 0x00,
    0x00, 0x00, 0x9f, 0xff, 0xff, 0xff, 0xff, 0xf2, 0x3f, 0xff, 0xff, 0xff, 0x90, 0x00, 0x00, 0x00,
    0x5f, 0xff, 0xff, 0xff, 0xff, 0xc0, 0x08, 0xff, 0xff, 0xc5, 0x00, 0x00, 0x00, 0x00, 0x07, 0xef,
    0xff, 0xff, 0xea, 0x10, 0x00, 0xcc, 0x83, 0x00, 0x00, 0x00, 0x00, 0x00, 0x00, 0x02, 0x22, 0x22,
    0x00, 0x00, 0x00, 0x00, 0x00, 0x00, 0x00, 0x06, 0x9b, 0xde, 0x10, 0x00, 0x00, 0x00, 0x00, 0x00,
    0x00, 0x00, 0x00, 0x00, 0x00, 0x07, 0xff, 0xff, 0x50, 0x00, 0x00, 0x00, 0x00, 0x00, 0x00, 0x00,
    0x00, 0x00, 0x00, 0x01, 0xef, 0xff, 0xa0, 0x00, 0x00, 0x00, 0x00, 0x00, 0x02, 0xff, 0xff, 0xff,
    0xff, 0xff, 0xff, 0xff, 0xff, 0xff, 0xff, 0xff, 0xff, 0x00, 0x02, 0xff, 0xff, 0xff, 0xff, 0xff,
    0xff, 0xff, 0xff, 0xff, 0xff, 0xff, 0xff, 0x00, 0x02, 0xff, 0xff, 0xff, 0xff, 0xff, 0xff, 0xff,
    0xff, 0xff, 0xff, 0xff, 0xff, 0x00, 0x00, 0x11, 0x11, 0x27, 0xbf, 0x41, 0x11, 0x11, 0x12, 0xec,
    0x72, 0x11, 0x11, 0x00, 0x00, 0x00, 0x00, 0x9f, 0xff, 0xb0, 0x00, 0x00, 0x08, 0xff, 0xfe, 0x10,
    0x00, 0x00, 0x00, 0x00, 0x00, 0x1e, 0xff, 0xf4, 0x00, 0x00, 0x2f, 0xff, 0xf5, 0x00, 0x00, 0x00,
    0x00, 0x00, 0x00, 0x06, 0xff, 0xfc, 0x00, 0x00, 0x9f, 0xff, 0x90, 0x00, 0x00, 0x00, 0x5f, 0xff,
    0xff, 0xff, 0xff, 0xff, 0xff, 0xff, 0xff, 0xff, 0xff, 0xff, 0xff, 0xf5, 0x5f, 0xff, 0xff, 0xff,
    0xff, 0xff, 0xff, 0xff, 0xff, 0xff, 0xff, 0xff, 0xff, 0xf5, 0x5f, 0xff, 0xff, 0xff, 0xff, 0xff,
    0xff, 0xff, 0xff, 0xff, 0xff, 0xff, 0xff, 0xf5, 0x13, 0x33, 0x33, 0x33, 0x33, 0x33, 0xbf, 0xff,
    0x53, 0x33, 0x33, 0x33, 0x33, 0x31, 0x00, 0x00, 0x00, 0x00, 0x00, 0x00, 0xaf, 0xff, 0x20, 0x00,
    0x00, 0x00, 0x00, 0x00, 0x02, 0xff, 0xff, 0xff, 0xff, 0xff, 0xff, 0xff, 0xff, 0xff, 0xff, 0xff,
    0xff, 0x00, 0x02, 0xff, 0xff, 0xff, 0xff, 0xff, 0xff, 0xff, 0xff, 0xff, 0xff, 0xff, 0xff, 0x00,
    0x02, 0xff, 0xff, 0xff, 0xff, 0xff, 0xff, 0xff, 0xff, 0xff, 0xff, 0xff, 0xff, 0x00, 0x00, 0x22,
    0x22, 0x99, 0x22, 0x22, 0xbf, 0xff, 0x42, 0x22, 0x22, 0x22, 0x22, 0x00, 0x00, 0x00, 0x08, 0xff,
    0x70, 0x00, 0xaf, 0xff, 0x20, 0x00, 0x8a, 0x10, 0x00, 0x00, 0x00, 0x00, 0x9f, 0xff, 0xf3, 0x00,
    0xaf, 0xff, 0x20, 0x09, 0xff, 0xd4, 0x00, 0x00, 0x00, 0x1a, 0xff, 0xff, 0x80, 0x00, 0xaf, 0xff,
    0x20, 0x1c, 0xff, 0xff, 0x91, 0x00, 0x02, 0xcf, 0xff, 0xf6, 0x00, 0x00, 0xaf, 0xff, 0x20, 0x01,
    0x9f, 0xff, 0xfd, 0x30, 0x1d, 0xff, 0xfe, 0x54, 0x31, 0x02, 0xdf, 0xff, 0x20, 0x00, 0x06, 0xff,
    0xff, 0xe2, 0x05, 0xff, 0xd3, 0x09, 0xff, 0xff, 0xff, 0xff, 0x10, 0x00, 0x00, 0x3d, 0xff, 0x50,
    0x00, 0x6a, 0x10, 0x06, 0xff, 0xff, 0xff, 0xfc, 0x00, 0x00, 0x00, 0x01, 0xb5, 0x00, 0x00, 0x00,
    0x00, 0x04, 0xff, 0xff, 0xff, 0xe4, 0x00, 0x00, 0x00, 0x00, 0x00, 0x00, 0x00, 0x00, 0x00, 0x01,
    0x87, 0x77, 0x76, 0x20, 0x00, 0x00, 0x00, 0x00, 0x00, 0x00, 0x00, 0x00, 0x00, 0x00, 0x00, 0x01,
    0xff, 0xfe, 0x00, 0x00, 0x00, 0x00, 0x00, 0x00, 0x00, 0x00, 0x00, 0x00, 0x00, 0x01, 0xff, 0xfe,
    0x00, 0x00, 0x00, 0x00, 0x00, 0x00, 0x00, 0x00, 0x00, 0x00, 0x00, 0x01, 0xff, 0xfd, 0x00, 0x00,
    0x00, 0x00, 0x00, 0x00, 0x00, 0x00, 0x00, 0x00, 0x00, 0x02, 0xff, 0xfd, 0x00, 0x00, 0x00, 0x00,
    0x00, 0x00, 0x00, 0x00, 0x00, 0x00, 0x00, 0x03, 0xff, 0xfc, 0x00, 0x00, 0x00, 0x00, 0x00, 0x00,
    0x00, 0x00, 0x00, 0x00, 0x00, 0x05, 0xff, 0xfb, 0x00, 0x00, 0x00, 0x00, 0x00, 0x00, 0x00, 0x00,
    0x00, 0x00, 0x00, 0x06, 0xff, 0xfc, 0x00, 0x00, 0x00, 0x00, 0x00, 0x00, 0x00, 0x00, 0x00, 0x00,
    0x00, 0x08, 0xff, 0xff, 0x00, 0x00, 0x00, 0x00, 0x00, 0x00, 0x00, 0x00, 0x00, 0x00, 0x00, 0x0b,
    0xff, 0xff, 0x30, 0x00, 0x00, 0x00, 0x00, 0x00, 0x00, 0x00, 0x00, 0x00, 0x00, 0x0e, 0xff, 0xff,
    0x70, 0x00, 0x00, 0x00, 0x00, 0x00, 0x00, 0x00, 0x00, 0x00, 0x00, 0x2f, 0xff, 0xff, 0xb0, 0x00,
    0x00, 0x00, 0x00, 0x00, 0x00, 0x00, 0x00, 0x00, 0x00, 0x7f, 0xff, 0xff, 0xf1, 0x00, 0x00, 0x00,
    0x00, 0x00, 0x00, 0x00, 0x00, 0x00, 0x00, 0xcf, 0xff, 0xff, 0xf6, 0x00, 0x00, 0x00, 0x00, 0x00,
    0x00, 0x00, 0x00, 0x00, 0x03, 0xff, 0xff, 0xff, 0xfd, 0x00, 0x00, 0x00, 0x00, 0x00, 0x00, 0x00,
    0x00, 0x00, 0x0a, 0xff, 0xfc, 0xbf, 0xff, 0x50, 0x00, 0x00, 0x00, 0x00, 0x00, 0x00, 0x00, 0x00,
    0x4f, 0xff, 0xf6, 0x6f, 0xff, 0xd0, 0x00, 0x00, 0x00, 0x00, 0x00, 0x00, 0x00, 0x01, 0xdf, 0xff,
    0xd0, 0x1e, 0xff, 0xf7, 0x00, 0x00, 0x00, 0x00, 0x00, 0x00, 0x00, 0x0a, 0xff, 0xff, 0x60, 0x08,
    0xff, 0xff, 0x30, 0x00, 0x00, 0x00, 0x00, 0x00, 0x00, 0x8f, 0xff, 0xfc, 0x00, 0x01, 0xef, 0xff,
    0xd1, 0x00, 0x00, 0x00, 0x00, 0x00, 0x07, 0xff, 0xff, 0xf3, 0x00, 0x00, 0x6f, 0xff, 0xfc, 0x10,
    0x00, 0x00, 0x00, 0x00, 0x9f, 0xff, 0xff, 0x60, 0x00, 0x00, 0x0c, 0xff, 0xff, 0xd2, 0x00, 0x00,
    0x00, 0x2b, 0xff, 0xff, 0xf9, 0x00, 0x00, 0x00, 0x02, 0xef, 0xff, 0xfe, 0x60, 0x00, 0x06, 0xef,
    0xff, 0xff, 0xa0, 0x00, 0x00, 0x00, 0x00, 0x4f, 0xff, 0xff, 0xfb, 0x40, 0x5f, 0xff, 0xff, 0xfa,
    0x00, 0x00, 0x00, 0x00, 0x00, 0x05, 0xff, 0xff, 0xff, 0xf4, 0x0a, 0xff, 0xff, 0x80, 0x00, 0x00,
    0x00, 0x00, 0x00, 0x00, 0x4e, 0xff, 0xff, 0x70, 0x01, 0xdf, 0xe5, 0x00, 0x00, 0x00, 0x00, 0x00,
    0x00, 0x00, 0x02, 0xcf, 0xf9, 0x00, 0x00, 0x3b, 0x20, 0x00, 0x00, 0x00, 0x00, 0x00, 0x00, 0x00,
    0x00, 0x07, 0xb0, 0x00, 0x00, 0x00, 0x0b, 0xa6, 0x20, 0x03, 0xb3, 0x00, 0x00, 0x00, 0x00, 0x00,
    0x00, 0x00, 0x00, 0x00, 0x1f, 0xff, 0xd0, 0x8f, 0xfd, 0x10, 0x00, 0x00, 0x00, 0x00, 0x00, 0x00,
    0x00, 0x00, 0x5f, 0xff, 0x80, 0xbf, 0xff, 0x90, 0x0c, 0xff, 0xff, 0xff, 0xff, 0x50, 0x00, 0x00,
    0x9f, 0xff, 0x30, 0x2e, 0xff, 0xf4, 0x0c, 0xff, 0xff, 0xff, 0xff, 0x50, 0x00, 0x00, 0xef, 0xfd,
    0x00, 0x07, 0xff, 0xfd, 0x0c, 0xff, 0xff, 0xff, 0xff, 0x50, 0x00, 0x04, 0xff, 0xf9, 0x00, 0x00,
    0xdf, 0xe5, 0x08, 0xaa, 0xaa, 0xcf, 0xff, 0x50, 0x00, 0x09, 0xff, 0xf5, 0x00, 0x00, 0x4a, 0x10,
    0x00, 0x00, 0x00, 0x4f, 0xff, 0x50, 0x00, 0x1e, 0xff, 0xf4, 0x00, 0x00, 0x00, 0x00, 0x00, 0x00,
    0x00, 0x4f, 0xff, 0x50, 0x00, 0x7f, 0xff, 0xf4, 0x02, 0xff, 0xf7, 0x00, 0x00, 0x00, 0x00, 0x4f,
    0xff, 0x50, 0x00, 0xdf, 0xff, 0xf4, 0x02, 0xff, 0xf7, 0x00, 0x00, 0x00, 0x00, 0x4f, 0xff, 0x50,
    0x06, 0xff, 0xff, 0xf4, 0x02, 0xff, 0xf7, 0x00, 0x00, 0x00, 0x00, 0x4f, 0xff, 0x50, 0x1e, 0xff,
    0xff, 0xf4, 0x02, 0xff, 0xf7, 0x00, 0x00, 0x00, 0x00, 0x4f, 0xff, 0x50, 0x7f, 0xff, 0xff, 0xf4,
    0x02, 0xff, 0xf7, 0x00, 0x00, 0x00, 0x00, 0x4f, 0xff, 0x50, 0x6f, 0xff, 0xff, 0xf4, 0x02, 0xff,
    0xf7, 0x00, 0x00, 0x00, 0x00, 0x4f, 0xff, 0x50, 0x3f, 0xfb, 0xff, 0xf4, 0x02, 0xff, 0xf7, 0x00,
    0x00, 0x00, 0x00, 0x4f, 0xff, 0x50, 0x0f, 0xc5, 0xff, 0xf4, 0x02, 0xff, 0xf7, 0x00, 0x00, 0x00,
    0x00, 0x4f, 0xff, 0x50, 0x0d, 0x45, 0xff, 0xf4, 0x02, 0xff, 0xf7, 0x00, 0x00, 0x00, 0x00, 0x4f,
    0xff, 0x50, 0x06, 0x05, 0xff, 0xf4, 0x02, 0xff, 0xf7, 0x00, 0x00, 0x00, 0x00, 0x4f, 0xff, 0x50,
    0x00, 0x05, 0xff, 0xf4, 0x02, 0xff, 0xf7, 0x00, 0x00, 0x00, 0x00, 0x4f, 0xff, 0x50, 0x00, 0x05,
    0xff, 0xf4, 0x02, 0xff, 0xf7, 0x00, 0x00, 0x00, 0x00, 0x4f, 0xff, 0x50, 0x00, 0x05, 0xff, 0xf4,
    0x02, 0xff, 0xf7, 0x00, 0x00, 0x00, 0x00, 0x4f, 0xff, 0x50, 0x00, 0x05, 0xff, 0xf4, 0x02, 0xff,
    0xf7, 0x00, 0x00, 0x00, 0x00, 0x5f, 0xff, 0x50, 0x00, 0x05, 0xff, 0xf4, 0x02, 0xff, 0xf7, 0x00,
    0x00, 0x00, 0x00, 0x8f, 0xff, 0x50, 0x00, 0x05, 0xff, 0xf4, 0x02, 0xff, 0xf7, 0x00, 0x11, 0x00,
    0x15, 0xef, 0xff, 0x30, 0x00, 0x05, 0xff, 0xf4, 0x02, 0xff, 0xf7, 0x00, 0xcf, 0xff, 0xff, 0xff,
    0xff, 0x10, 0x00, 0x05, 0xff, 0xf4, 0x02, 0xff, 0xf7, 0x00, 0x8f, 0xff, 0xff, 0xff, 0xf9, 0x00,
    0x00, 0x05, 0xff, 0xf4, 0x02, 0xff, 0xf7, 0x00, 0x4f, 0xff, 0xff, 0xff, 0xc1, 0x00, 0x00, 0x05,
    0xff, 0xf4, 0x02, 0xff, 0xf7, 0x00, 0x1b, 0xbb, 0xa9, 0x85, 0x00, 0x00, 0x00, 0x00, 0x09, 0xb7,
    0x20, 0x00, 0x00, 0x00, 0x0c, 0xff, 0xf3, 0x00, 0x00, 0x00, 0x00, 0x00, 0x0e, 0xff, 0xf2, 0x00,
    0x00, 0x00, 0x0c, 0xff, 0xf3, 0x00, 0x00, 0x00, 0x00, 0x00, 0x4f, 0xff, 0xd0, 0x09, 0xb8, 0x40,
    0x0c, 0xff, 0xf3, 0x00, 0x00, 0x00, 0x00, 0x00, 0x9f, 0xff, 0x70, 0x0d, 0xff, 0xf1, 0x0c, 0xff,
    0xf3, 0x00, 0x00, 0x00, 0x00, 0x00, 0xef, 0xff, 0x20, 0x1f, 0xff, 0xc0, 0x0c, 0xff, 0xf3, 0x00,
    0x00, 0x00, 0x00, 0x05, 0xff, 0xfb, 0x00, 0x5f, 0xff, 0x80, 0x0c, 0xff, 0xf3, 0x00, 0x00, 0x00,
    0x00, 0x0a, 0xff, 0xf6, 0x00, 0x9f, 0xff, 0xff, 0xff, 0xff, 0xff, 0xff, 0xff, 0xe0, 0x00, 0x1f,
    0xff, 0xf4, 0x00, 0xdf, 0xff, 0xff, 0xff, 0xff, 0xff, 0xff, 0xff, 0xe0, 0x00, 0x8f, 0xff, 0xf4,
    0x03, 0xff, 0xff, 0xff, 0xff, 0xff, 0xff, 0xff, 0xff, 0xe0, 0x00, 0xef, 0xff, 0xf4, 0x08, 0xff,
    0xfb, 0x88, 0x8d, 0xff, 0xf9, 0x88, 0x88, 0x70, 0x06, 0xff, 0xff, 0xf4, 0x0d, 0xff, 0xf2, 0x00,
    0x0c, 0xff, 0xf3, 0x00, 0x00, 0x00, 0x0d, 0xff, 0xff, 0xf4, 0x4f, 0xff, 0xc0, 0x00, 0x0c, 0xff,
    0xf3, 0x00, 0x00, 0x00, 0x6f, 0xff, 0xff, 0xf4, 0x5d, 0xff, 0x60, 0x00, 0x0c, 0xff, 0xf3, 0x00,
    0x00, 0x00, 0x7f, 0xff, 0xff, 0xf4, 0x00, 0x5c, 0x10, 0x00, 0x0c, 0xff, 0xf3, 0x00, 0x00, 0x00,
    0x4f, 0xff, 0xff, 0xf4, 0x00, 0x00, 0x00, 0x00, 0x0c, 0xff, 0xf3, 0x00, 0x00, 0x00, 0x1f, 0xf8,
    0xff, 0xf4, 0x8f, 0xff, 0xff, 0xff, 0xff, 0xff, 0xff, 0xff, 0xff, 0xfa, 0x0d, 0x75, 0xff, 0xf4,
    0x8f, 0xff, 0xff, 0xff, 0xff, 0xff, 0xff, 0xff, 0xff, 0xfa, 0x07, 0x05, 0xff, 0xf4, 0x8f, 0xff,
    0xff, 0xff, 0xff, 0xff, 0xff, 0xff, 0xff, 0xfa, 0x00, 0x05, 0xff, 0xf4, 0x48, 0x88, 0x88, 0x88,
    0x8d, 0xff, 0xf9, 0x88, 0x88, 0x85, 0x00, 0x05, 0xff, 0xf4, 0x00, 0x00, 0x00, 0x00, 0x0c, 0xff,
    0xf3, 0x00, 0x00, 0x00, 0x00, 0x05, 0xff, 0xf4, 0x00, 0x00, 0x00, 0x00, 0x0c, 0xff, 0xf3, 0x00,
    0x00, 0x00, 0x00, 0x05, 0xff, 0xf4, 0x00, 0x00, 0x00, 0x00, 0x0c, 0xff, 0xf3, 0x00, 0x00, 0x00,
    0x00, 0x05, 0xff, 0xf4, 0x00, 0x00, 0x00, 0x00, 0x0c, 0xff, 0xf3, 0x00, 0x00, 0x00, 0x00, 0x05,
    0xff, 0xf4, 0x00, 0x00, 0x00, 0x00, 0x0c, 0xff, 0xf3, 0x00, 0x00, 0x00, 0x00, 0x05, 0xff, 0xf4,
    0x00, 0x00, 0x00, 0x00, 0x0c, 0xff, 0xf3, 0x00, 0x00, 0x00, 0x00, 0x05, 0xff, 0xf4, 0x00, 0x00,
    0x00, 0x00, 0x0c, 0xff, 0xf3, 0x00, 0x00, 0x00, 0x00, 0x05, 0xff, 0xf4, 0x00, 0x00, 0x00, 0x00,
    0x0c, 0xff, 0xf3, 0x00, 0x00, 0x00, 0x00, 0x00, 0x07, 0xb6, 0x10, 0x00, 0x00, 0x00, 0xbf, 0xff,
    0x40, 0x00, 0x00, 0x00, 0x00, 0x00, 0x0c, 0xff, 0xf4, 0x00, 0x00, 0x00, 0xbf, 0xff, 0x40, 0x00,
    0x00, 0x00, 0x00, 0x00, 0x2f, 0xff, 0xe0, 0x38, 0xd1, 0x00, 0xbf, 0xff, 0x40, 0x03, 0xc6, 0x10,
    0x00, 0x00, 0x6f, 0xff, 0xa6, 0xff, 0xf5, 0x00, 0xbf, 0xff, 0x40, 0x09, 0xff, 0xe2, 0x00, 0x00,
    0xbf, 0xff, 0x51, 0xff, 0xfb, 0x00, 0xbf, 0xff, 0x40, 0x1e, 0xff, 0xc0, 0x00, 0x02, 0xff, 0xfe,
    0x00, 0xaf, 0xff, 0x10, 0xbf, 0xff, 0x40, 0x7f, 0xff, 0x60, 0x00, 0x07, 0xff, 0xf9, 0x00, 0x5f,
    0xff, 0x60, 0xbf, 0xff, 0x40, 0xdf, 0xfe, 0x00, 0x00, 0x0d, 0xff, 0xf8, 0x00, 0x0e, 0xff, 0xc0,
    0xbf, 0xff, 0x44, 0xff, 0xf7, 0x00, 0x00, 0x4f, 0xff, 0xf8, 0x00, 0x09, 0xff, 0xf1, 0xbf, 0xff,
    0x48, 0xff, 0xf1, 0x00, 0x00, 0xbf, 0xff, 0xf8, 0x00, 0x04, 0xc6, 0x10, 0xbf, 0xff, 0x40, 0x39,
    0x90, 0x00, 0x02, 0xff, 0xff, 0xf8, 0x00, 0x00, 0x00, 0x00, 0xbf, 0xff, 0x40, 0x00, 0x00, 0x00,
    0x0a, 0xff, 0xff, 0xf8, 0x05, 0xff, 0xff, 0xff, 0xff, 0xff, 0xff, 0xff, 0xff, 0xb0, 0x2f, 0xff,
    0xff, 0xf8, 0x05, 0xff, 0xff, 0xff, 0xff, 0xff, 0xff, 0xff, 0xff, 0xb0, 0x8f, 0xff, 0xff, 0xf8,
    0x05, 0xff, 0xff, 0xff, 0xff, 0xff, 0xff, 0xff, 0xff, 0xb0, 0x5f, 0xfe, 0xff, 0xf8, 0x02, 0x88,
    0x88, 0x88, 0xdf, 0xff, 0x98, 0x88, 0x88, 0x60, 0x2f, 0xf8, 0xff, 0xf8, 0x00, 0x00, 0x00, 0x00,
    0xbf, 0xff, 0x40, 0x00, 0x00, 0x00, 0x0e, 0xd3, 0xff, 0xf8, 0x00, 0x00, 0x00, 0x00, 0xbf, 0xff,
    0x40, 0x00, 0x00, 0x00, 0x0b, 0x53, 0xff, 0xf8, 0x4f, 0xff, 0xff, 0xff, 0xff, 0xff, 0xff, 0xff,
    0xff, 0xf9, 0x05, 0x03, 0xff, 0xf8, 0x4f, 0xff, 0xff, 0xff, 0xff, 0xff, 0xff, 0xff, 0xff, 0xf9,
    0x00, 0x03, 0xff, 0xf8, 0x4f, 0xff, 0xff, 0xff, 0xff, 0xff, 0xff, 0xff, 0xff, 0xf9, 0x00, 0x03,
    0xff, 0xf8, 0x28, 0x88, 0x88, 0x88, 0xdf, 0xff, 0x98, 0x88, 0x88, 0x84, 0x00, 0x03, 0xff, 0xf8,
    0x00, 0x00, 0x00, 0x00, 0xbf, 0xff, 0x40, 0x00, 0x00, 0x00, 0x00, 0x03, 0xff, 0xf8, 0x00, 0x00,
    0x00, 0x00, 0xbf, 0xff, 0x40, 0x00, 0x00, 0x00, 0x00, 0x03, 0xff, 0xf8, 0x00, 0x00, 0x00, 0x00,
    0xbf, 0xff, 0x40, 0x00, 0x00, 0x00, 0x00, 0x03, 0xff, 0xf8, 0x00, 0x00, 0x00, 0x00, 0xbf, 0xff,
    0x40, 0x00, 0x00, 0x00, 0x00, 0x03, 0xff, 0xf8, 0x00, 0x00, 0x00, 0x00, 0xbf, 0xff, 0x40, 0x00,
    0x00, 0x00, 0x00, 0x03, 0xff, 0xf8, 0x00, 0x00, 0x00, 0x00, 0xbf, 0xff, 0x40, 0x00, 0x00, 0x00,
    0x00, 0x03, 0xff, 0xf8, 0x00, 0x00, 0x00, 0x00, 0xbf, 0xff, 0x40, 0x00, 0x00, 0x00, 0x00, 0x00,
    0x03, 0xd8, 0x30, 0x00, 0x00, 0x02, 0x6a, 0xd1, 0x00, 0x00, 0x00, 0x00, 0x00, 0x00, 0x08, 0xff,
    0xf5, 0x00, 0x00, 0x1e, 0xff, 0xf8, 0x00, 0x00, 0x00, 0x00, 0x00, 0x00, 0x0e, 0xff, 0xe0, 0x00,
    0x00, 0x07, 0xff, 0xfe, 0x10, 0x00, 0x00, 0x00, 0x00, 0x00, 0x4f, 0xff, 0x90, 0x00, 0x00, 0x01,
    0xef, 0xeb, 0x40, 0x00, 0x00, 0x00, 0x00, 0x00, 0xaf, 0xff, 0x3e, 0xff, 0xff, 0xff, 0xff, 0xff,
    0xff, 0xff, 0xff, 0xb0, 0x00, 0x01, 0xef, 0xfc, 0x0e, 0xff, 0xff, 0xff, 0xff, 0xff, 0xff, 0xff,
    0xff, 0xb0, 0x00, 0x06, 0xff, 0xf6, 0x0e, 0xff, 0xff, 0xff, 0xff, 0xff, 0xff, 0xff, 0xff, 0xb0,
    0x00, 0x0c, 0xff, 0xf4, 0x07, 0x88, 0x88, 0x88, 0x88, 0x88, 0x88, 0x88, 0x88, 0x60, 0x00, 0x4f,
    0xff, 0xf4, 0x00, 0x00, 0x00, 0x00, 0x00, 0x00, 0x00, 0x00, 0x00, 0x00, 0x00, 0xbf, 0xff, 0xf4,
    0x00, 0x15, 0xa9, 0x00, 0x00, 0x00, 0x08, 0xb7, 0x30, 0x00, 0x03, 0xff, 0xff, 0xf4, 0x00, 0xdf,
    0xfe, 0x00, 0x00, 0x00, 0x0c, 0xff, 0xfa, 0x00, 0x0b, 0xff, 0xff, 0xf4, 0x00, 0x8f, 0xff, 0x40,
    0x00, 0x00, 0x1f, 0xff, 0xf6, 0x00, 0x4f, 0xff, 0xff, 0xf4, 0x00, 0x4f, 0xff, 0x90, 0x00, 0x00,
    0x5f, 0xff, 0xf1, 0x00, 0x8f, 0xff, 0xff, 0xf4, 0x00, 0x0e, 0xff, 0xd0, 0x00, 0x00, 0x8f, 0xff,
    0xb0, 0x00, 0x4f, 0xfe, 0xff, 0xf4, 0x00, 0x0a, 0xff, 0xf3, 0x00, 0x00, 0xcf, 0xff, 0x60, 0x00,
    0x1f, 0xe7, 0xff, 0xf4, 0x00, 0x06, 0xff, 0xf8, 0x00, 0x01, 0xff, 0xff, 0x10, 0x00, 0x0c, 0x75,
    0xff, 0xf4, 0x00, 0x02, 0xff, 0xfc, 0x00, 0x05, 0xff, 0xfb, 0x00, 0x00, 0x06, 0x05, 0xff, 0xf4,
    0x00, 0x00, 0xcf, 0xff, 0x20, 0x09, 0xff, 0xf6, 0x00, 0x00, 0x00, 0x05, 0xff, 0xf4, 0x00, 0x00,
    0x8f, 0xff, 0x60, 0x0e, 0xff, 0xf1, 0x00, 0x00, 0x00, 0x05, 0xff, 0xf4, 0x00, 0x00, 0x4f, 0xff,
    0xb0, 0x3f, 0xff, 0xb0, 0x00, 0x00, 0x00, 0x05, 0xff, 0xf4, 0x00, 0x00, 0x1f, 0xff, 0xe0, 0x8f,
    0xff, 0x60, 0x00, 0x00, 0x00, 0x05, 0xff, 0xf4, 0x00, 0x00, 0x0a, 0xa5, 0x10, 0xdf, 0xff, 0x20,
    0x00, 0x00, 0x00, 0x05, 0xff, 0xf4, 0x00, 0x00, 0x00, 0x00, 0x02, 0xff, 0xfc, 0x00, 0x00, 0x00,
    0x00, 0x05, 0xff, 0xf4, 0x8f, 0xff, 0xff, 0xff, 0xff, 0xff, 0xff, 0xff, 0xff, 0xfa, 0x00, 0x05,
    0xff, 0xf4, 0x8f, 0xff, 0xff, 0xff, 0xff, 0xff, 0xff, 0xff, 0xff, 0xfa, 0x00, 0x05, 0xff, 0xf4,
    0x8f, 0xff, 0xff, 0xff, 0xff, 0xff, 0xff, 0xff, 0xff, 0xfa, 0x00, 0x05, 0xff, 0xf4, 0x48, 0x88,
    0x88, 0x88, 0x88, 0x88, 0x88, 0x88, 0x88, 0x85, 0x00, 0x05, 0xff, 0xf4, 0x00, 0x00, 0x00, 0x00,
    0x00, 0x00, 0x00, 0x00, 0x00, 0x00, 0x00, 0x00, 0x5c, 0x85, 0x10, 0x00, 0x00, 0x0e, 0xff, 0xa0,
    0x00, 0x00, 0x00, 0x00, 0x00, 0x00, 0x9f, 0xff, 0x20, 0x00, 0x00, 0x0e, 0xff, 0xa0, 0x00, 0x00,
    0x00, 0x00, 0x00, 0x00, 0xdf, 0xfd, 0x00, 0x00, 0x00, 0x0e, 0xff, 0xa0, 0x00, 0x00, 0x00, 0x00,
    0x00, 0x02, 0xff, 0xf8, 0x00, 0x00, 0x00, 0x0e, 0xff, 0xa0, 0x00, 0x00, 0x00, 0x00, 0x00, 0x07,
    0xff, 0xf5, 0xff, 0xff, 0xff, 0xff, 0xff, 0xff, 0xff, 0xff, 0xff, 0x80, 0x00, 0x0c, 0xff, 0xd1,
    0xff, 0xff, 0xff, 0xff, 0xff, 0xff, 0xff, 0xff, 0xff, 0x80, 0x00, 0x1f, 0xff, 0x81, 0xff, 0xff,
    0xff, 0xff, 0xff, 0xff, 0xff, 0xff, 0xff, 0x80, 0x00, 0x6f, 0xff, 0x51, 0x66, 0x66, 0x9f, 0xff,
    0xff, 0xff, 0xd6, 0x66, 0x66, 0x30, 0x00, 0xcf, 0xff, 0x50, 0x00, 0x00, 0x9f, 0xff, 0xff, 0xff,
    0xf1, 0x00, 0x00, 0x00, 0x02, 0xff, 0xff, 0x50, 0x00, 0x00, 0xef, 0xce, 0xff, 0xcf, 0xf7, 0x00,
    0x00, 0x00, 0x08, 0xff, 0xff, 0x50, 0x00, 0x05, 0xff, 0x8e, 0xff, 0xad, 0xfd, 0x00, 0x00, 0x00,
    0x1e, 0xff, 0xff, 0x50, 0x00, 0x0d, 0xff, 0x4e, 0xff, 0xa8, 0xff, 0x70, 0x00, 0x00, 0x7f, 0xff,
    0xff, 0x50, 0x00, 0x5f, 0xfe, 0x0e, 0xff, 0xa3, 0xff, 0xe1, 0x00, 0x00, 0x7f, 0xff, 0xff, 0x50,
    0x00, 0xdf, 0xf9, 0x0e, 0xff, 0xa0, 0xdf, 0xf9, 0x00, 0x00, 0x5f, 0xff, 0xff, 0x50, 0x08, 0xff,
    0xf3, 0x0e, 0xff, 0xa0, 0x7f, 0xff, 0x50, 0x00, 0x2f, 0xae, 0xff, 0x50, 0x3f, 0xff, 0xb0, 0x0e,
    0xff, 0xa0, 0x1e, 0xff, 0xe2, 0x00, 0x0e, 0x2e, 0xff, 0x51, 0xdf, 0xff, 0x50, 0x0e, 0xff, 0xa0,
    0x09, 0xff, 0xfc, 0x10, 0x05, 0x0e, 0xff, 0x5b, 0xff, 0xfc, 0x00, 0x0e, 0xff, 0xa0, 0x01, 0xef,
    0xff, 0xc1, 0x00, 0x0e, 0xff, 0xcf, 0xff, 0xf4, 0x00, 0x0e, 0xff, 0xa0, 0x00, 0x8f, 0xff, 0xf6,
    0x00, 0x0e, 0xff, 0xdf, 0xff, 0xef, 0xff, 0xff, 0xff, 0xff, 0xff, 0xfe, 0xff, 0xc0, 0x00, 0x0e,
    0xff, 0x6d, 0xfd, 0x6f, 0xff, 0xff, 0xff, 0xff, 0xff, 0xf5, 0xef, 0x30, 0x00, 0x0e, 0xff, 0x55,
    0xe3, 0x5f, 0xff, 0xff, 0xff, 0xff, 0xff, 0xf3, 0x38, 0x00, 0x00, 0x0e, 0xff, 0x50, 0x30, 0x27,
    0x77, 0x7f, 0xff, 0xc7, 0x77, 0x71, 0x00, 0x00, 0x00, 0x0e, 0xff, 0x50, 0x00, 0x00, 0x00, 0x0e,
    0xff, 0xa0, 0x00, 0x00, 0x00, 0x00, 0x00, 0x0e, 0xff, 0x50, 0x00, 0x00, 0x00, 0x0e, 0xff, 0xa0,
    0x00, 0x00, 0x00, 0x00, 0x00, 0x0e, 0xff, 0x50, 0x00, 0x00, 0x00, 0x0e, 0xff, 0xa0, 0x00, 0x00,
    0x00, 0x00, 0x00, 0x0e, 0xff, 0x50, 0x00, 0x00, 0x00, 0x0e, 0xff, 0xa0, 0x00, 0x00, 0x00, 0x00,
    0x00, 0x00, 0x2d, 0xa6, 0x20, 0x00, 0x00, 0x04, 0xff, 0xf6, 0x00, 0x00, 0x00, 0x00, 0x00, 0x00,
    0x6f, 0xff, 0x70, 0x00, 0x00, 0x04, 0xff, 0xf6, 0x00, 0x00, 0x00, 0x00, 0x00, 0x00, 0xaf, 0xff,
    0xef, 0xff, 0xff, 0xff, 0xff, 0xff, 0xff, 0xff, 0xff, 0xf3, 0x00, 0x00, 0xef, 0xfd, 0xbf, 0xff,
    0xff, 0xff, 0xff, 0xff, 0xff, 0xff, 0xff, 0xf3, 0x00, 0x04, 0xff, 0xf8, 0xbf, 0xff, 0xff, 0xff,
    0xff, 0xff, 0xff, 0xff, 0xff, 0xf3, 0x00, 0x09, 0xff, 0xf3, 0x12, 0x22, 0x22, 0x25, 0xff, 0xf7,
    0x22, 0x22, 0x22, 0x20, 0x00, 0x1e, 0xff, 0xd0, 0x00, 0x00, 0x00, 0x04, 0xff, 0xf6, 0x00, 0x00,
    0x00, 0x00, 0x00, 0x6f, 0xff, 0xc0, 0x0e, 0xff, 0xff, 0xff, 0xff, 0xff, 0xff, 0xff, 0xff, 0x20,
    0x00, 0xcf, 0xff, 0xc0, 0x0e, 0xff, 0xff, 0xff, 0xff, 0xff, 0xff, 0xff, 0xff, 0x20, 0x04, 0xff,
    0xff, 0xc0, 0x0e, 0xff, 0xff, 0xff, 0xff, 0xff, 0xff, 0xff, 0xff, 0x20, 0x0c, 0xff, 0xff, 0xc0,
    0x0e, 0xff, 0x90, 0x04, 0xff, 0xf6, 0x00, 0x6f, 0xff, 0x20, 0x4f, 0xff, 0xff, 0xc0, 0x0e, 0xff,
    0x90, 0x04, 0xff, 0xf6, 0x00, 0x6f, 0xff, 0x20, 0x7f, 0xff, 0xff, 0xc0, 0x0e, 0xff, 0x90, 0x04,
    0xff, 0xf6, 0x00, 0x6f, 0xff, 0x20, 0x4f, 0xfd, 0xff, 0xc0, 0x0e, 0xff, 0xff, 0xff, 0xff, 0xff,
    0xff, 0xff, 0xff, 0x20, 0x1f, 0xba, 0xff, 0xc0, 0x0e, 0xff, 0xff, 0xff, 0xff, 0xff, 0xff, 0xff,
    0xff, 0x20, 0x0d, 0x3a, 0xff, 0xc0, 0x0e, 0xff, 0xff, 0xff, 0xff, 0xff, 0xff, 0xff, 0xff, 0x20,
    0x05, 0x0a, 0xff, 0xc0, 0x00, 0x2c, 0x50, 0x05, 0xff, 0xf5, 0x00, 0x6f, 0xff, 0x20, 0x00, 0x0a,
    0xff, 0xc0, 0x04, 0xef, 0xe4, 0x07, 0xff, 0xf3, 0x00, 0x00, 0x00, 0x00, 0x00, 0x0a, 0xff, 0xc0,
    0x02, 0xef, 0xff, 0x7b, 0xff, 0xf1, 0x00, 0x00, 0x00, 0x00, 0x00, 0x0a, 0xff, 0xc0, 0x00, 0x4e,
    0xff, 0xff, 0xff, 0xc0, 0x00, 0x00, 0x00, 0x00, 0x00, 0x0a, 0xff, 0xc0, 0x00, 0x03, 0xef, 0xff,
    0xff, 0xb2, 0x00, 0x00, 0x00, 0x00, 0x00, 0x0a, 0xff, 0xc0, 0x00, 0x02, 0xaf, 0xff, 0xff, 0xff,
    0xda, 0x75, 0x32, 0x10, 0x00, 0x0a, 0xff, 0xc0, 0x37, 0xcf, 0xff, 0xff, 0xff, 0xff, 0xff, 0xff,
    0xff, 0xf5, 0x00, 0x0a, 0xff, 0xc5, 0xff, 0xff, 0xff, 0xfa, 0x7e, 0xff, 0xff, 0xff, 0xff, 0xd0,
    0x00, 0x0a, 0xff, 0xc0, 0xaf, 0xff, 0xe9, 0x20, 0x00, 0x5a, 0xef, 0xff, 0xff, 0x50, 0x00, 0x0a,
    0xff, 0xc0, 0x1d, 0xa5, 0x00, 0x00, 0x00, 0x00, 0x03, 0x79, 0xcc, 0x00, 0x00, 0x00, 0x2d, 0xa7,
    0x30, 0x00, 0x00, 0x00, 0x00, 0x00, 0x00, 0x00, 0x00, 0x00, 0x00, 0x00, 0x6f, 0xff, 0x9f, 0xff,
    0xff, 0xff, 0xff, 0xff, 0xff, 0xff, 0xff, 0xf2, 0x00, 0x00, 0x9f, 0xff, 0x4f, 0xff, 0xff, 0xff,
    0xff, 0xff, 0xff, 0xff, 0xff, 0xf2, 0x00, 0x00, 0xdf, 0xfe, 0x1f, 0xff, 0xff, 0xff, 0xff, 0xff,
    0xff, 0xff, 0xff, 0xf2, 0x00, 0x03, 0xff, 0xf9, 0x01, 0x11, 0x11, 0x14, 0xff, 0xf6, 0x11, 0x11,
    0x11, 0x10, 0x00, 0x08, 0xff, 0xf4, 0x00, 0x00, 0x00, 0x03, 0xff, 0xf5, 0x00, 0x00, 0x00, 0x00,
    0x00, 0x0d, 0xff, 0xe0, 0x3f, 0xff, 0xff, 0xff, 0xff, 0xff, 0xff, 0xff, 0xff, 0x50, 0x00, 0x4f,
    0xff, 0xb0, 0x3f, 0xff, 0xff, 0xff, 0xff, 0xff, 0xff, 0xff, 0xff, 0x50, 0x00, 0xaf, 0xff, 0xb0,
    0x3f, 0xff, 0xdd, 0xde, 0xff, 0xfe, 0xdd, 0xdf, 0xff, 0x50, 0x01, 0xff, 0xff, 0xb0, 0x3f, 0xff,
    0x20, 0x03, 0xff, 0xf5, 0x00, 0x0f, 0xff, 0x50, 0x08, 0xff, 0xff, 0xb0, 0x3f, 0xff, 0x20, 0x03,
    0xff, 0xf5, 0x00, 0x0f, 0xff, 0x50, 0x1e, 0xff, 0xff, 0xb0, 0x3f, 0xff, 0xff, 0xff, 0xff, 0xff,
    0xff, 0xff, 0xff, 0x50, 0x6f, 0xff, 0xff, 0xb0, 0x3f, 0xff, 0xff, 0xff, 0xff, 0xff, 0xff, 0xff,
    0xff, 0x50, 0x4f, 0xff, 0xff, 0xb0, 0x3f, 0xff, 0xff, 0xff, 0xff, 0xff, 0xff, 0xff, 0xff, 0x50,
    0x2f, 0xff, 0xff, 0xb0, 0x3f, 0xff, 0xa9, 0x9a, 0xff, 0xfb, 0x99, 0x9f, 0xff, 0x50, 0x0f, 0xeb,
    0xff, 0xb0, 0x3f, 0xff, 0x20, 0x03, 0xff, 0xf5, 0x00, 0x0f, 0xff, 0x50, 0x0d, 0x6a, 0xff, 0xb0,
    0x3f, 0xff, 0xff, 0xff, 0xff, 0xff, 0xff, 0xff, 0xff, 0x50, 0x06, 0x0a, 0xff, 0xb0, 0x3f, 0xff,
    0xff, 0xff, 0xff, 0xff, 0xff, 0xff, 0xff, 0x50, 0x00, 0x0a, 0xff, 0xb0, 0x2d, 0xef, 0xed, 0xde,
    0xff, 0xfe, 0xdd, 0xdf, 0xff, 0x50, 0x00, 0x0a, 0xff, 0xb0, 0x04, 0xef, 0xe4, 0x07, 0xff, 0xf2,
    0x00, 0x0f, 0xff, 0x50, 0x00, 0x0a, 0xff, 0xb0, 0x02, 0xef, 0xff, 0x8b, 0xff, 0xf0, 0x00, 0x00,
    0x00, 0x00, 0x00, 0x0a, 0xff, 0xb0, 0x00, 0x3e, 0xff, 0xff, 0xff, 0xb0, 0x00, 0x00, 0x00, 0x00,
    0x00, 0x0a, 0xff, 0xb0, 0x00, 0x02, 0xdf, 0xff, 0xff, 0xb3, 0x00, 0x00, 0x00, 0x00, 0x00, 0x0a,
    0xff, 0xb0, 0x00, 0x04, 0xcf, 0xff, 0xff, 0xff, 0xeb, 0x86, 0x32, 0x10, 0x00, 0x0a, 0xff, 0xb0,
    0x38, 0xdf, 0xff, 0xff, 0xff, 0xff, 0xff, 0xff, 0xff, 0xf4, 0x00, 0x0a, 0xff, 0xb6, 0xff, 0xff,
    0xff, 0xe7, 0x5b, 0xff, 0xff, 0xff, 0xff, 0xb0, 0x00, 0x0a, 0xff, 0xb0, 0xaf, 0xff, 0xd7, 0x10,
    0x00, 0x26, 0xbe, 0xff, 0xff, 0x30, 0x00, 0x0a, 0xff, 0xb0, 0x1d, 0xa4, 0x00, 0x00, 0x00, 0x00,
    0x00, 0x24, 0x67, 0x00, 0x00, 0x00, 0x1d, 0xa6, 0x20, 0x00, 0x00, 0x16, 0x9c, 0xd1, 0x00, 0x00,
    0x00, 0x00, 0x00, 0x00, 0x4f, 0xff, 0x90, 0x00, 0x00, 0x1e, 0xff, 0xf7, 0x00, 0x00, 0x00, 0x00,
    0x00, 0x00, 0x9f, 0xff, 0x40, 0x00, 0x00, 0x08, 0xff, 0xfe, 0x10, 0x00, 0x00, 0x00, 0x00, 0x00,
    0xdf, 0xfe, 0x9f, 0xff, 0xff, 0xff, 0xff, 0xff, 0xff, 0xff, 0xff, 0xf8, 0x00, 0x02, 0xff, 0xf9,
    0x9f, 0xff, 0xff, 0xff, 0xff, 0xff, 0xff, 0xff, 0xff, 0xf8, 0x00, 0x07, 0xff, 0xf4, 0x9f, 0xff,
    0xff, 0xff, 0xff, 0xff, 0xff, 0xff, 0xff, 0xf8, 0x00, 0x0c, 0xff, 0xe0, 0x12, 0x22, 0x22, 0x22,
    0x22, 0x22, 0x22, 0x22, 0x22, 0x21, 0x00, 0x2f, 0xff, 0xa0, 0x00, 0x00, 0x00, 0x00, 0x00, 0x00,
    0x00, 0x00, 0x00, 0x00, 0x00, 0x8f, 0xff, 0xa0, 0x07, 0xff, 0xff, 0xff, 0xff, 0xff, 0xff, 0xff,
    0xfe, 0x00, 0x00, 0xdf, 0xff, 0xa0, 0x07, 0xff, 0xff, 0xff, 0xff, 0xff, 0xff, 0xff, 0xfe, 0x00,
    0x04, 0xff, 0xff, 0xa0, 0x07, 0xee, 0xee, 0xee, 0xee, 0xee, 0xee, 0xee, 0xed, 0x00, 0x0b, 0xff,
    0xff, 0xa0, 0x00, 0x00, 0x00, 0x00, 0x00, 0x00, 0x00, 0x00, 0x00, 0x00, 0x3f, 0xff, 0xff, 0xa0,
    0x00, 0x00, 0x00, 0x00, 0x00, 0x00, 0x00, 0x00, 0x00, 0x00, 0x9f, 0xff, 0xff, 0xa0, 0x07, 0xff,
    0xff, 0xff, 0xff, 0xff, 0xff, 0xff, 0xfe, 0x00, 0x8f, 0xff, 0xff, 0xa0, 0x07, 0xff, 0xff, 0xff,
    0xff, 0xff, 0xff, 0xff, 0xfe, 0x00, 0x5f, 0xff, 0xff, 0xa0, 0x07, 0xee, 0xee, 0xee, 0xee, 0xee,
    0xee, 0xee, 0xed, 0x00, 0x3f, 0xbc, 0xff, 0xa0, 0x00, 0x00, 0x00, 0x00, 0x00, 0x00, 0x00, 0x00,
    0x00, 0x00, 0x0f, 0x3c, 0xff, 0xa0, 0x00, 0x00, 0x00, 0x00, 0x00, 0x00, 0x00, 0x00, 0x00, 0x00,
    0x06, 0x0c, 0xff, 0xa0, 0x08, 0xff, 0xff, 0xff, 0xff, 0xff, 0xff, 0xff, 0xfe, 0x00, 0x00, 0x0c,
    0xff, 0xa0, 0x08, 0xff, 0xff, 0xff, 0xff, 0xff, 0xff, 0xff, 0xfe, 0x00, 0x00, 0x0c, 0xff, 0xa0,
    0x08, 0xff, 0xff, 0xff, 0xff, 0xff, 0xff, 0xff, 0xfe, 0x00, 0x00, 0x0c, 0xff, 0xa0, 0x08, 0xff,
    0xf6, 0x44, 0x44, 0x44, 0x44, 0xdf, 0xfe, 0x00, 0x00, 0x0c, 0xff, 0xa0, 0x08, 0xff, 0xf3, 0x00,
    0x00, 0x00, 0x00, 0xcf, 0xfe, 0x00, 0x00, 0x0c, 0xff, 0xa0, 0x08, 0xff, 0xff, 0xff, 0xff, 0xff,
    0xff, 0xff, 0xfe, 0x00, 0x00, 0x0c, 0xff, 0xa0, 0x08, 0xff, 0xff, 0xff, 0xff, 0xff, 0xff, 0xff,
    0xfe, 0x00, 0x00, 0x0c, 0xff, 0xa0, 0x08, 0xff, 0xff, 0xff, 0xff, 0xff, 0xff, 0xff, 0xfe, 0x00,
    0x00, 0x0c, 0xff, 0xa0, 0x08, 0xff, 0xf6, 0x44, 0x44, 0x44, 0x44, 0xdf, 0xfe, 0x00, 0x00, 0x0c,
    0xff, 0xa0, 0x08, 0xff, 0xf3, 0x00, 0x00, 0x00, 0x00, 0xcf, 0xfe, 0x00, 0x00, 0x00, 0x00, 0x5f,
    0xff, 0xb0, 0x00, 0x0b, 0xff, 0xf9, 0x00, 0x00, 0x00, 0x00, 0x00, 0x00, 0x00, 0x5f, 0xff, 0xb0,
    0x00, 0x0b, 0xff, 0xf9, 0x00, 0x00, 0x00, 0x00, 0x00, 0x00, 0x00, 0x5f, 0xff, 0xb0, 0x00, 0x0b,
    0xff, 0xf9, 0x00, 0x00, 0x00, 0x00, 0x00, 0x00, 0x00, 0x5f, 0xff, 0xb0, 0x00, 0x0b, 0xff, 0xf9,
    0x00, 0x00, 0x00, 0x00, 0x00, 0x00, 0x00, 0x5f, 0xff, 0xb0, 0x00, 0x0b, 0xff, 0xf9, 0x00, 0x00,
    0x00, 0x00, 0x00, 0x00, 0x00, 0x5f, 0xff, 0xb0, 0x00, 0x0b, 0xff, 0xf9, 0x00, 0x00, 0x00, 0x00,
    0x00, 0x00, 0x00, 0x5f, 0xff, 0xb0, 0x00, 0x0b, 0xff, 0xf9, 0x00, 0x00, 0x00, 0x00, 0x00, 0x00,
    0x00, 0x5f, 0xff, 0xb0, 0x00, 0x0b, 0xff, 0xf9, 0x00, 0x00, 0x00, 0x00, 0x00, 0x00, 0x00, 0x5f,
    0xff, 0xb0, 0x00, 0x0b, 0xff, 0xf9, 0x00, 0x00, 0x00, 0x00, 0x00, 0x00, 0x00, 0x5f, 0xff, 0xb0,
    0x00, 0x0b, 0xff, 0xf9, 0x00, 0x00, 0x00, 0x00, 0x00, 0x00, 0x00, 0x5f, 0xff, 0xb0, 0x00, 0x0b,
    0xff, 0xf9, 0x00, 0x00, 0x00, 0x00, 0x00, 0x00, 0x00, 0x5f, 0xff, 0xb0, 0x00, 0x0b, 0xff, 0xf9,
    0x00, 0x00, 0x00, 0x00, 0x00, 0x00, 0x00, 0x6f, 0xff, 0xb0, 0x00, 0x0b, 0xff, 0xf9, 0x00, 0x00,
    0x00, 0x00, 0x00, 0x00, 0x00, 0x7f, 0xff, 0xa0, 0x00, 0x0b, 0xff, 0xf9, 0x00, 0x00, 0x00, 0x00,
    0x00, 0x00, 0x00, 0x9f, 0xff, 0x90, 0x00, 0x0b, 0xff, 0xf9, 0x00, 0x00, 0x00, 0x00, 0x00, 0x00,
    0x00, 0xcf, 0xff, 0x70, 0x00, 0x0b, 0xff, 0xf9, 0x00, 0x00, 0x00, 0x00, 0x00, 0x00, 0x02, 0xff,
    0xff, 0x40, 0x00, 0x0b, 0xff, 0xf9, 0x00, 0x00, 0x00, 0x00, 0x00, 0x00, 0x07, 0xff, 0xff, 0x10,
    0x00, 0x0b, 0xff, 0xf9, 0x00, 0x02, 0xc7, 0x30, 0x00, 0x00, 0x0d, 0xff, 0xfc, 0x00, 0x00, 0x0b,
    0xff, 0xf9, 0x00, 0x03, 0xff, 0xf8, 0x00, 0x00, 0x7f, 0xff, 0xf6, 0x00, 0x00, 0x0b, 0xff, 0xf9,
    0x00, 0x03, 0xff, 0xf7, 0x00, 0x02, 0xef, 0xff, 0xe1, 0x00, 0x00, 0x0b, 0xff, 0xf9, 0x00, 0x05,
    0xff, 0xf6, 0x00, 0x1d, 0xff, 0xff, 0x70, 0x00, 0x00, 0x0b, 0xff, 0xf9, 0x00, 0x06, 0xff, 0xf4,
    0x01, 0xcf, 0xff, 0xfd, 0x10, 0x00, 0x00, 0x0b, 0xff, 0xfc, 0x10, 0x1b, 0xff, 0xf2, 0x3d, 0xff,
    0xff, 0xf3, 0x00, 0x00, 0x00, 0x09, 0xff, 0xff, 0xff, 0xff, 0xff, 0xe0, 0x2c, 0xff, 0xff, 0x60,
    0x00, 0x00, 0x00, 0x05, 0xff, 0xff, 0xff, 0xff, 0xff, 0xb0, 0x01, 0xbf, 0xf6, 0x00, 0x00, 0x00,
    0x00, 0x00, 0xcf, 0xff, 0xff, 0xff, 0xff, 0x40, 0x00, 0x1b, 0x50, 0x00, 0x00, 0x00, 0x00, 0x00,
    0x19, 0xef, 0xff, 0xfe, 0xb4, 0x00, 0x00, 0x00, 0x00, 0x00, 0x00, 0x00, 0x00, 0x00, 0x00, 0x00,
    0x11, 0x00, 0x00, 0x00, 0x00, 0x00, 0x00, 0x00, 0x05, 0xc4, 0x00, 0x00, 0x00, 0x00, 0x00, 0x00,
    0x00, 0x00, 0x00, 0x00, 0x00, 0x03, 0xbf, 0xfe, 0x20, 0x00, 0x00, 0x00, 0x00, 0x00, 0x00, 0x00,
    0x00, 0x00, 0x00, 0x09, 0xff, 0xff, 0xc0, 0x00, 0x00, 0x00, 0x00, 0x00, 0x00, 0x00, 0x00, 0x00,
    0x00, 0x00, 0x9f, 0xff, 0xf8, 0x00, 0x00, 0x00, 0x00, 0x00, 0x00, 0x00, 0x00, 0x00, 0x00, 0x00,
    0x0b, 0xff, 0xff, 0x30, 0x00, 0x00, 0x00, 0x00, 0x00, 0x00, 0x00, 0x00, 0x00, 0x00, 0x01, 0xdf,
    0xff, 0xb0, 0x00, 0x00, 0x00, 0x00, 0x00, 0x00, 0x00, 0x00, 0x00, 0x00, 0x00, 0x4f, 0xff, 0xf4,
    0x00, 0x00, 0x00, 0x00, 0x00, 0x00, 0x00, 0x00, 0x00, 0x00, 0x00, 0x09, 0xff, 0xfc, 0x00, 0x00,
    0x00, 0x00, 0x00, 0x00, 0x00, 0x00, 0x00, 0x00, 0x00, 0x04, 0xff, 0xff, 0x50, 0x00, 0x00, 0x00,
    0x00, 0x00, 0x00, 0x00, 0x00, 0x00, 0x00, 0x08, 0xff, 0xff, 0xc0, 0x00, 0x00, 0x00, 0x00, 0x00,
    0x00, 0x00, 0x00, 0x00, 0x00, 0x0e, 0xff, 0xff, 0xf5, 0x00, 0x00, 0x00, 0x00, 0x00, 0x00, 0x00,
    0x00, 0x00, 0x00, 0x5f, 0xff, 0xff, 0xfc, 0x00, 0x00, 0x00, 0x00, 0x00, 0x00, 0x00, 0x00, 0x00,
    0x00, 0xcf, 0xff, 0xff, 0xff, 0x50, 0x00, 0x00, 0x00, 0x00, 0x00, 0x00, 0x00, 0x00, 0x04, 0xff,
    0xff, 0xcf, 0xff, 0xc0, 0x00, 0x00, 0x00, 0x00, 0x00, 0x00, 0x00, 0x00, 0x0c, 0xff, 0xfa, 0x4f,
    0xff, 0xf5, 0x00, 0x00, 0x00, 0x00, 0x00, 0x00, 0x00, 0x00, 0x6f, 0xff, 0xf3, 0x0b, 0xff, 0xfd,
    0x10, 0x00, 0x00, 0x00, 0x00, 0x00, 0x00, 0x01, 0xef, 0xff, 0xb0, 0x04, 0xff, 0xff, 0x90, 0x00,
    0x00, 0x00, 0x00, 0x00, 0x00, 0x0a, 0xff, 0xff, 0x30, 0x00, 0xbf, 0xff, 0xf4, 0x00, 0x00, 0x00,
    0x00, 0x00, 0x00, 0x7f, 0xff, 0xf9, 0x00, 0x00, 0x2f, 0xff, 0xfd, 0x10, 0x00, 0x00, 0x00, 0x00,
    0x04, 0xff, 0xff, 0xe1, 0x00, 0x00, 0x07, 0xff, 0xff, 0xc0, 0x00, 0x00, 0x00, 0x00, 0x3e, 0xff,
    0xff, 0x50, 0x00, 0x00, 0x00, 0xdf, 0xff, 0xfa, 0x00, 0x00, 0x00, 0x03, 0xef, 0xff, 0xfa, 0x00,
    0x00, 0x00, 0x00, 0x4f, 0xff, 0xff, 0x80, 0x00, 0x00, 0x3e, 0xff, 0xff, 0xc1, 0x00, 0x00, 0x00,
    0x00, 0x08, 0xff, 0xff, 0xf9, 0x00, 0x05, 0xef, 0xff, 0xfe, 0x20, 0x00, 0x00, 0x00, 0x00, 0x00,
    0xbf, 0xff, 0xff, 0xb1, 0x5f, 0xff, 0xff, 0xf3, 0x00, 0x00, 0x00, 0x00, 0x00, 0x00, 0x2e, 0xff,
    0xff, 0xf4, 0x1c, 0xff, 0xfe, 0x40, 0x00, 0x00, 0x00, 0x00, 0x00, 0x00, 0x03, 0xff, 0xff, 0x50,
    0x01, 0xcf, 0xe3, 0x00, 0x00, 0x00, 0x00, 0x00, 0x00, 0x00, 0x00, 0x5f, 0xf5, 0x00, 0x00, 0x1b,
    0x30, 0x00, 0x00, 0x00, 0x00, 0x00, 0x00, 0x00, 0x00, 0x06, 0x70, 0x00, 0x00, 0x00, 0x00, 0x02,
    0xc7, 0x10, 0x00, 0x00, 0x01, 0x7c, 0x10, 0x00, 0x00, 0x00, 0x00, 0x00, 0x00, 0x09, 0xff, 0xe8,
    0x00, 0x00, 0x7e, 0xff, 0x80, 0x00, 0x00, 0x00, 0x00, 0x00, 0x00, 0x2f, 0xff, 0xf7, 0x00, 0x00,
    0x7f, 0xff, 0xf2, 0x00, 0x00, 0x00, 0x00, 0x00, 0x00, 0xbf, 0xff, 0xd0, 0x00, 0x00, 0x0d, 0xff,
    0xfb, 0x00, 0x00, 0x00, 0x00, 0x00, 0x07, 0xff, 0xff, 0x60, 0x00, 0x00, 0x05, 0xff, 0xff, 0x70,
    0x00, 0x00, 0x00, 0x00, 0x3e, 0xff, 0xfb, 0x00, 0x00, 0x00, 0x00, 0xbf, 0xff, 0xf3, 0x00, 0x00,
    0x00, 0x01, 0xdf, 0xff, 0xe2, 0x00, 0x00, 0x00, 0x00, 0x2e, 0xff, 0xfe, 0x20, 0x00, 0x00, 0x1c,
    0xff, 0xff, 0x60, 0x00, 0x00, 0x00, 0x00, 0x06, 0xff, 0xff, 0xd1, 0x00, 0x01, 0xbf, 0xff, 0xf9,
    0x00, 0x00, 0x00, 0x00, 0x00, 0x00, 0xaf, 0xff, 0xfd, 0x20, 0x1c, 0xff, 0xff, 0xb0, 0x00, 0x02,
    0xc6, 0x10, 0x00, 0x00, 0x0c, 0xff, 0xff, 0xd3, 0x2e, 0xff, 0xfc, 0x10, 0x00, 0x09, 0xff, 0xe8,
    0x10, 0x00, 0x02, 0xdf, 0xff, 0xe3, 0x02, 0xef, 0xc1, 0x00, 0x00, 0x2f, 0xff, 0xfc, 0x00, 0x00,
    0x00, 0x2d, 0xfd, 0x20, 0x00, 0x3b, 0x10, 0x00, 0x00, 0xaf, 0xff, 0xf3, 0x00, 0x00, 0x00, 0x02,
    0xb2, 0x00, 0x00, 0x00, 0x00, 0x00, 0x04, 0xff, 0xff, 0x80, 0x00, 0x00, 0x00, 0x00, 0x00, 0x00,
    0x00, 0x00, 0x00, 0x00, 0x0c, 0xff, 0xfd, 0x10, 0x04, 0xc1, 0x00, 0x00, 0x00, 0x00, 0x00, 0x00,
    0x00, 0x00, 0x6f, 0xff, 0xf4, 0x01, 0x9f, 0xfb, 0x00, 0x00, 0x00, 0x00, 0x00, 0x00, 0x00, 0x01,
    0xef, 0xff, 0x90, 0x04, 0xff, 0xff, 0x70, 0x00, 0x00, 0x00, 0x00, 0x00, 0x00, 0x0a, 0xff, 0xfd,
    0x10, 0x00, 0xaf, 0xff, 0xf3, 0x00, 0x00, 0x00, 0x00, 0x00, 0x00, 0x5f, 0xff, 0xf4, 0x00, 0x00,
    0x1e, 0xff, 0xfc, 0x00, 0x00, 0x00, 0x00, 0x00, 0x01, 0xef, 0xff, 0x80, 0x00, 0x00, 0x06, 0xff,
    0xff, 0x80, 0x00, 0x00, 0x00, 0x00, 0x0b, 0xff, 0xfc, 0x00, 0x00, 0x00, 0x00, 0xcf, 0xff, 0xf3,
    0x00, 0x00, 0x00, 0x00, 0x8f, 0xff, 0xe2, 0x11, 0x22, 0x33, 0x44, 0x8f, 0xff, 0xfc, 0x00, 0x00,
    0x00, 0x07, 0xff, 0xff, 0xff, 0xff, 0xff, 0xff, 0xff, 0xff, 0xff, 0xff, 0x70, 0x00, 0x00, 0x4f,
    0xff, 0xff, 0xff, 0xff, 0xff, 0xff, 0xff, 0xff, 0xff, 0xff, 0xf2, 0x00, 0x00, 0x0d, 0xff, 0xff,
    0xff, 0xff, 0xff, 0xff, 0xff, 0xff, 0xff, 0xff, 0xfb, 0x00, 0x00, 0x06, 0xff, 0xff, 0xfe, 0xdd,
    0xcb, 0xaa, 0x98, 0x76, 0x69, 0xff, 0xff, 0x30, 0x00, 0x00, 0xc8, 0x31, 0x00, 0x00, 0x00, 0x00,
    0x00, 0x00, 0x01, 0xef, 0xc2, 0x00, 0x00, 0x00, 0x00, 0x00, 0x00, 0x00, 0x00, 0x00, 0x00, 0x00,
    0x00, 0x78, 0x00, 0x00, 0x00, 0x00, 0x00, 0x6f, 0xff, 0x80, 0x00, 0x00, 0x08, 0xff, 0xf6, 0x00,
    0x00, 0x00, 0x00, 0x00, 0x00, 0x6f, 0xff, 0x80, 0x00, 0x00, 0x08, 0xff, 0xf6, 0x00, 0x00, 0x00,
    0x00, 0x00, 0x00, 0x6f, 0xff, 0x80, 0x00, 0x00, 0x08, 0xff, 0xf6, 0x00, 0x00, 0x00, 0x00, 0x00,
    0x00, 0x6f, 0xff, 0x80, 0x00, 0x00, 0x08, 0xff, 0xf6, 0x00, 0x00, 0x00, 0x00, 0x00, 0x00, 0x6f,
    0xff, 0x80, 0x00, 0x00, 0x08, 0xff, 0xf6, 0x00, 0x00, 0x00, 0x08, 0xff, 0xff, 0xff, 0xff, 0xff,
    0xff, 0xff, 0xff, 0xff, 0xff, 0xff, 0xff, 0x80, 0x08, 0xff, 0xff, 0xff, 0xff, 0xff, 0xff, 0xff,
    0xff, 0xff, 0xff, 0xff, 0xff, 0x80, 0x08, 0xff, 0xff, 0xff, 0xff, 0xff, 0xff, 0xff, 0xff, 0xff,
    0xff, 0xff, 0xff, 0x80, 0x04, 0x88, 0x88, 0xaf, 0xff, 0xc8, 0x88, 0x88, 0x8c, 0xff, 0xfa, 0x88,
    0x88, 0x40, 0x00, 0x00, 0x00, 0x6f, 0xff, 0x80, 0x00, 0x00, 0x08, 0xff, 0xf6, 0x00, 0x00, 0x00,
    0x00, 0x00, 0x00, 0x6f, 0xff, 0x80, 0x00, 0x00, 0x08, 0xff, 0xf6, 0x00, 0x00, 0x00, 0x00, 0x00,
    0x00, 0x6f, 0xff, 0x80, 0x00, 0x00, 0x08, 0xff, 0xf6, 0x00, 0x00, 0x00, 0x00, 0x00, 0x00, 0x6f,
    0xff, 0x80, 0x00, 0x00, 0x08, 0xff, 0xf6, 0x00, 0x00, 0x00, 0x00, 0x00, 0x00, 0x6f, 0xff, 0x80,
    0x00, 0x00, 0x08, 0xff, 0xf6, 0x00, 0x00, 0x00, 0x00, 0x00, 0x00, 0x6f, 0xff, 0x80, 0x00, 0x00,
    0x08, 0xff, 0xf6, 0x00, 0x00, 0x00, 0x6f, 0xff, 0xff, 0xff, 0xff, 0xff, 0xff, 0xff, 0xff, 0xff,
    0xff, 0xff, 0xff, 0xf6, 0x6f, 0xff, 0xff, 0xff, 0xff, 0xff, 0xff, 0xff, 0xff, 0xff, 0xff, 0xff,
    0xff, 0xf6, 0x6f, 0xff, 0xff, 0xff, 0xff, 0xff, 0xff, 0xff, 0xff, 0xff, 0xff, 0xff, 0xff, 0xf6,
    0x38, 0x88, 0x88, 0x88, 0x88, 0x88, 0x88, 0x88, 0x88, 0x88, 0x88, 0x88, 0x88, 0x83, 0x00, 0x00,
    0x00, 0x00, 0x6c, 0x10, 0x00, 0x00, 0x03, 0xc6, 0x00, 0x00, 0x00, 0x00, 0x00, 0x00, 0x00, 0x3c,
    0xff, 0xd2, 0x00, 0x00, 0x2d, 0xff, 0xd5, 0x00, 0x00, 0x00, 0x00, 0x00, 0x19, 0xff, 0xff, 0xfb,
    0x00, 0x00, 0x9f, 0xff, 0xff, 0xc4, 0x00, 0x00, 0x00, 0x18, 0xef, 0xff, 0xff, 0x81, 0x00, 0x00,
    0x05, 0xdf, 0xff, 0xff, 0xa2, 0x00, 0x18, 0xef, 0xff, 0xff, 0xb2, 0x00, 0x00, 0x00, 0x00, 0x18,
    0xff, 0xff, 0xff, 0x91, 0x3f, 0xff, 0xff, 0xd5, 0x00, 0x00, 0x00, 0x00, 0x00, 0x00, 0x2b, 0xff,
    0xff, 0xe3, 0x06, 0xff, 0xe6, 0x00, 0x00, 0x00, 0x00, 0x00, 0x00, 0x00, 0x00, 0x5e, 0xff, 0x50,
    0x00, 0xa8, 0x10, 0x00, 0x00, 0x00, 0x00, 0x00, 0x00, 0x00, 0x00, 0x01, 0xa7, 0x00, 0x00, 0x00,
    0x00, 0x05, 0xb1, 0x00, 0x00, 0x00, 0x00, 0x5b, 0x30, 0x00, 0x00, 0x00, 0x00, 0x00, 0x01, 0xaf,
    0xfa, 0x00, 0x00, 0x00, 0x01, 0xdf, 0xfa, 0x20, 0x00, 0x00, 0x00, 0x00, 0x06, 0xff, 0xff, 0x80,
    0x00, 0x00, 0x07, 0xff, 0xff, 0x80, 0x00, 0x00, 0x00, 0x00, 0x00, 0xbf, 0xff, 0xf5, 0x00, 0x00,
    0x2f, 0xff, 0xfc, 0x00, 0x00, 0x00, 0x00, 0x00, 0x00, 0x1e, 0xff, 0xfe, 0x10, 0x00, 0xbf, 0xff,
    0xe2, 0x00, 0x00, 0x00, 0x00, 0x00, 0x00, 0x05, 0xff, 0xe4, 0x00, 0x06, 0xff, 0xff, 0x40, 0x00,
    0x00, 0x00, 0x00, 0xdf, 0xff, 0xff, 0xff, 0xff, 0xff, 0xff, 0xff, 0xff, 0xff, 0xff, 0xff, 0x00,
    0x00, 0xdf, 0xff, 0xff, 0xff, 0xff, 0xff, 0xff, 0xff, 0xff, 0xff, 0xff, 0xff, 0x00, 0x00, 0xdf,
    0xff, 0xff, 0xff, 0xff, 0xff, 0xff, 0xff, 0xff, 0xff, 0xff, 0xff, 0x00, 0x00, 0x78, 0x88, 0x88,
    0x88, 0x88, 0xff, 0xff, 0x88, 0x88, 0x88, 0x88, 0x87, 0x00, 0x00, 0x00, 0x00, 0x00, 0x00, 0x01,
    0xff, 0xff, 0x10, 0x00, 0x00, 0x00, 0x00, 0x00, 0x00, 0x00, 0x00, 0x00, 0x00, 0x01, 0xff, 0xff,
    0x10, 0x00, 0x00, 0x00, 0x00, 0x00, 0x00, 0x00, 0x00, 0x00, 0x00, 0x01, 0xff, 0xff, 0x10, 0x00,
    0x00, 0x00, 0x00, 0x00, 0x5f, 0xff, 0xff, 0xff, 0xff, 0xff, 0xff, 0xff, 0xff, 0xff, 0xff, 0xff,
    0xff, 0xf5, 0x5f, 0xff, 0xff, 0xff, 0xff, 0xff, 0xff, 0xff, 0xff, 0xff, 0xff, 0xff, 0xff, 0xf5,
    0x5f, 0xff, 0xff, 0xff, 0xff, 0xff, 0xff, 0xff, 0xff, 0xff, 0xff, 0xff, 0xff, 0xf5, 0x28, 0x88,
    0x88, 0x88, 0x88, 0x8f, 0xff, 0xff, 0xe8, 0x88, 0x88, 0x88, 0x88, 0x83, 0x00, 0x00, 0x00, 0x00,
    0x00, 0x6f, 0xff, 0xff, 0xf4, 0x00, 0x00, 0x00, 0x00, 0x00, 0x00, 0x00, 0x00, 0x00, 0x03, 0xef,
    0xff, 0xff, 0xfe, 0x20, 0x00, 0x00, 0x00, 0x00, 0x00, 0x00, 0x00, 0x00, 0x3e, 0xff, 0xfb, 0xaf,
    0xff, 0xd2, 0x00, 0x00, 0x00, 0x00, 0x00, 0x00, 0x00, 0x06, 0xff, 0xff, 0xe2, 0x2e, 0xff, 0xfd,
    0x40, 0x00, 0x00, 0x00, 0x00, 0x00, 0x03, 0xcf, 0xff, 0xfe, 0x30, 0x05, 0xff, 0xff, 0xfa, 0x20,
    0x00, 0x00, 0x00, 0x05, 0xbf, 0xff, 0xff, 0xe4, 0x00, 0x00, 0x6f, 0xff, 0xff, 0xfb, 0x51, 0x00,
    0x29, 0xef, 0xff, 0xff, 0xfc, 0x20, 0x00, 0x00, 0x05, 0xef, 0xff, 0xff, 0xff, 0xc3, 0x1c, 0xff,
    0xff, 0xfe, 0x70, 0x00, 0x00, 0x00, 0x00, 0x2b, 0xff, 0xff, 0xff, 0xa0, 0x01, 0xdf, 0xff, 0x92,
    0x00, 0x00, 0x00, 0x00, 0x00, 0x00, 0x5c, 0xff, 0xfd, 0x10, 0x00, 0x2d, 0x82, 0x00, 0x00, 0x00,
    0x00, 0x00, 0x00, 0x00, 0x00, 0x39, 0xd3, 0x00, 0x00, 0x00, 0x00, 0x00, 0x00, 0x00, 0x00, 0x00,
    0x00, 0x00, 0x00, 0x00, 0x00, 0x00, 0x00, 0x1f, 0xff, 0xff, 0xff, 0xff, 0x90, 0x0d, 0xff, 0xff,
    0xff, 0xff, 0xf1, 0x00, 0x00, 0x1f, 0xff, 0xff, 0xff, 0xff, 0x90, 0x0d, 0xff, 0xff, 0xff, 0xff,
    0xf1, 0x00, 0x00, 0x1f, 0xff, 0xff, 0xff, 0xff, 0x90, 0x0d, 0xff, 0xff, 0xff, 0xff, 0xf1, 0x00,
    0x00, 0x1f, 0xff, 0x60, 0x0d, 0xff, 0x90, 0x0d, 0xff, 0xb5, 0x59, 0xff, 0xf1, 0x00, 0x00, 0x1f,
    0xff, 0x60, 0x0d, 0xff, 0x90, 0x0d, 0xff, 0x90, 0x06, 0xff, 0xf1, 0x00, 0x00, 0x1f, 0xff, 0x60,
    0x0d, 0xff, 0x90, 0x0d, 0xff, 0x90, 0x06, 0xff, 0xf1, 0x00, 0x00, 0x1f, 0xff, 0x60, 0x0d, 0xff,
    0x90, 0x0d, 0xff, 0x90, 0x06, 0xff, 0xf1, 0x00, 0x00, 0x1f, 0xff, 0x60, 0x0d, 0xff, 0x90, 0x0d,
    0xff, 0x90, 0x06, 0xff, 0xf1, 0x00, 0x00, 0x1f, 0xff, 0x60, 0x0d, 0xff, 0x90, 0x0d, 0xff, 0x90,
    0x06, 0xff, 0xf1, 0x00, 0x00, 0x1f, 0xff, 0x60, 0x0d, 0xff, 0x90, 0x0d, 0xff, 0x90, 0x06, 0xff,
    0xf1, 0x00, 0x00, 0x1f, 0xff, 0x60, 0x0d, 0xff, 0x90, 0x0d, 0xff, 0x90, 0x06, 0xff, 0xf1, 0x00,
    0x8f, 0xff, 0xff, 0xff, 0xff, 0xff, 0xff, 0xff, 0xff, 0xff, 0xff, 0xff, 0xff, 0xf9, 0x8f, 0xff,
    0xff, 0xff, 0xff, 0xff, 0xff, 0xff, 0xff, 0xff, 0xff, 0xff, 0xff, 0xf9, 0x8f, 0xff, 0xff, 0xff,
    0xff, 0xff, 0xff, 0xff, 0xff, 0xff, 0xff, 0xff, 0xff, 0xf9, 0x58, 0x9f, 0xff, 0xb8, 0x8e, 0xff,
    0xc8, 0x8e, 0xff, 0xc8, 0x8b, 0xff, 0xf9, 0x85, 0x00, 0x2f, 0xff, 0x50, 0x0d, 0xff, 0x90, 0x0d,
    0xff, 0x80, 0x06, 0xff, 0xf1, 0x00, 0x00, 0x3f, 0xff, 0x40, 0x0d, 0xff, 0x90, 0x0e, 0xff, 0x80,
    0x06, 0xff, 0xf1, 0x00, 0x00, 0x5f, 0xff, 0x30, 0x0d, 0xff, 0x90, 0x0f, 0xff, 0x70, 0x06, 0xff,
    0xf1, 0x00, 0x00, 0x7f, 0xff, 0x20, 0x0d, 0xff, 0x90, 0x2f, 0xff, 0x50, 0x06, 0xff, 0xf1, 0x00,
    0x00, 0xaf, 0xff, 0x00, 0x0d, 0xff, 0x90, 0x4f, 0xff, 0x40, 0x06, 0xff, 0xf1, 0x00, 0x00, 0xdf,
    0xfd, 0x00, 0x0d, 0xff, 0x90, 0x7f, 0xff, 0x20, 0x06, 0xff, 0xf1, 0x00, 0x03, 0xff, 0xfa, 0x00,
    0x0d, 0xff, 0x90, 0xbf, 0xfe, 0x00, 0x06, 0xff, 0xf1, 0x00, 0x08, 0xff, 0xf7, 0x10, 0x4f, 0xff,
    0x91, 0xff, 0xfb, 0x10, 0x1b, 0xff, 0xf1, 0x00, 0x1e, 0xff, 0xf3, 0xdf, 0xff, 0xff, 0x87, 0xff,
    0xf7, 0xcf, 0xff, 0xff, 0xf0, 0x00, 0x8f, 0xff, 0xd0, 0x9f, 0xff, 0xff, 0x6e, 0xff, 0xf2, 0x8f,
    0xff, 0xff, 0xc0, 0x00, 0x18, 0xff, 0x70, 0x6f, 0xff, 0xfb, 0x04, 0xdf, 0xb0, 0x5f, 0xff, 0xff,
    0x40, 0x00, 0x00, 0x3b, 0x10, 0x28, 0x76, 0x40, 0x00, 0x1a, 0x30, 0x28, 0x87, 0x62, 0x00, 0x00,
    0x00, 0x00, 0x00, 0x00, 0x00, 0x0c, 0xa6, 0x20, 0x00, 0x7a, 0x00, 0x00, 0x00, 0x00, 0x00, 0x00,
    0x00, 0x00, 0x00, 0x3f, 0xff, 0xa0, 0x1b, 0xff, 0x90, 0x00, 0x00, 0x00, 0x01, 0x8a, 0x00, 0x00,
    0x00, 0x8f, 0xff, 0x50, 0x2d, 0xff, 0xf8, 0x00, 0x00, 0x00, 0x4d, 0xff, 0x80, 0x00, 0x00, 0xef,
    0xfe, 0x00, 0x03, 0xff, 0xff, 0x50, 0x00, 0x00, 0x6f, 0xff, 0xf7, 0x00, 0x06, 0xff, 0xf9, 0x00,
    0x00, 0x6f, 0xf9, 0x00, 0x00, 0x00, 0x09, 0xff, 0xff, 0x50, 0x0d, 0xff, 0xff, 0xff, 0xff, 0xff,
    0xff, 0xff, 0xff, 0xf1, 0x00, 0xcf, 0xff, 0xf3, 0x7f, 0xff, 0xff, 0xff, 0xff, 0xff, 0xff, 0xff,
    0xff, 0xf1, 0x00, 0x2e, 0xfe, 0x61, 0xef, 0xff, 0xfe, 0xee, 0xef, 0xff, 0xff, 0xee, 0xee, 0xe1,
    0x00, 0x04, 0xb2, 0x0a, 0xff, 0xff, 0xf0, 0x00, 0x04, 0xff, 0xf7, 0x00, 0x00, 0x00, 0x00, 0x00,
    0x00, 0x7f, 0xff, 0xff, 0xf0, 0x00, 0x04, 0xff, 0xf7, 0x00, 0x00, 0x00, 0x00, 0x00, 0x00, 0xef,
    0xff, 0xff, 0xff, 0xff, 0xff, 0xff, 0xff, 0xff, 0xff, 0xc0, 0x00, 0x00, 0x00, 0x7f, 0xfe, 0xff,
    0xff, 0xff, 0xff, 0xff, 0xff, 0xff, 0xff, 0xc0, 0x00, 0x00, 0x40, 0x1e, 0x9b, 0xff, 0xfc, 0xcc,
    0xcd, 0xff, 0xfe, 0xcc, 0xcc, 0xa0, 0x00, 0x05, 0xfc, 0x47, 0x1b, 0xff, 0xf0, 0x00, 0x04, 0xff,
    0xf7, 0x00, 0x00, 0x00, 0x00, 0x0a, 0xff, 0xf7, 0x0b, 0xff, 0xf0, 0x00, 0x04, 0xff, 0xf7, 0x00,
    0x00, 0x00, 0x00, 0x0e, 0xff, 0xf2, 0x0b, 0xff, 0xf0, 0x00, 0x04, 0xff, 0xf7, 0x00, 0x00, 0x00,
    0x00, 0x5f, 0xff, 0xc0, 0x0b, 0xff, 0xff, 0xff, 0xff, 0xff, 0xff, 0xff, 0xff, 0xc0, 0x00, 0xbf,
    0xff, 0x60, 0x0b, 0xff, 0xff, 0xff, 0xff, 0xff, 0xff, 0xff, 0xff, 0xc0, 0x01, 0xff, 0xff, 0x10,
    0x0b, 0xff, 0xfc, 0xcc, 0xcd, 0xff, 0xfe, 0xcc, 0xcc, 0xa0, 0x07, 0xff, 0xfa, 0x00, 0x0b, 0xff,
    0xf0, 0x00, 0x04, 0xff, 0xf7, 0x00, 0x00, 0x00, 0x0d, 0xff, 0xf4, 0x00, 0x0b, 0xff, 0xf0, 0x00,
    0x04, 0xff, 0xf7, 0x00, 0x00, 0x00, 0x4f, 0xff, 0xe0, 0x00, 0x0b, 0xff, 0xf0, 0x00, 0x04, 0xff,
    0xf7, 0x00, 0x00, 0x00, 0xaf, 0xff, 0x80, 0x00, 0x0b, 0xff, 0xff, 0xff, 0xff, 0xff, 0xff, 0xff,
    0xff, 0xf5, 0x19, 0xff, 0x20, 0x00, 0x0b, 0xff, 0xff, 0xff, 0xff, 0xff, 0xff, 0xff, 0xff, 0xf5,
    0x00, 0x4a, 0x00, 0x00, 0x0b, 0xff, 0xfe, 0xee, 0xee, 0xee, 0xee, 0xee, 0xee, 0xe5, 0x00, 0x00,
    0x00, 0x00, 0x0b, 0xff, 0xf0, 0x00, 0x00, 0x00, 0x00, 0x00, 0x00, 0x00, 0x00, 0x00, 0x00, 0x00,
    0x0b, 0xff, 0xf0, 0x00, 0x00, 0x00, 0x00, 0x00, 0x00, 0x00, 0x00, 0x00, 0x00, 0x00, 0x00, 0x01,
    0xff, 0xff, 0x00, 0x00, 0x00, 0x00, 0x00, 0x00, 0x00, 0x00, 0x00, 0x00, 0x00, 0x01, 0xff, 0xff,
    0x00, 0x00, 0x00, 0x00, 0x00, 0x00, 0x00, 0x2f, 0xff, 0xa0, 0x00, 0x01, 0xff, 0xff, 0x00, 0x00,
    0x0b, 0xff, 0xf2, 0x00, 0x00, 0x2f, 0xff, 0xa0, 0x00, 0x01, 0xff, 0xff, 0x00, 0x00, 0x0b, 0xff,
    0xf2, 0x00, 0x00, 0x2f, 0xff, 0xa0, 0x00, 0x01, 0xff, 0xff, 0x00, 0x00, 0x0b, 0xff, 0xf2, 0x00,
    0x00, 0x2f, 0xff, 0xa0, 0x00, 0x01, 0xff, 0xff, 0x00, 0x00, 0x0b, 0xff, 0xf2, 0x00, 0x00, 0x2f,
    0xff, 0xa0, 0x00, 0x01, 0xff, 0xff, 0x00, 0x00, 0x0b, 0xff, 0xf2, 0x00, 0x00, 0x2f, 0xff, 0xa0,
    0x00, 0x01, 0xff, 0xff, 0x00, 0x00, 0x0b, 0xff, 0xf2, 0x00, 0x00, 0x2f, 0xff, 0xa0, 0x00, 0x01,
    0xff, 0xff, 0x00, 0x00, 0x0b, 0xff, 0xf2, 0x00, 0x00, 0x2f, 0xff, 0xff, 0xff, 0xff, 0xff, 0xff,
    0xff, 0xff, 0xff, 0xff, 0xf2, 0x00, 0x00, 0x2f, 0xff, 0xff, 0xff, 0xff, 0xff, 0xff, 0xff, 0xff,
    0xff, 0xff, 0xf2, 0x00, 0x00, 0x2f, 0xff, 0xff, 0xff, 0xff, 0xff, 0xff, 0xff, 0xff, 0xff, 0xff,
    0xf2, 0x00, 0x00, 0x19, 0x99, 0x99, 0x99, 0x9a, 0xff, 0xff, 0x99, 0x99, 0x99, 0x99, 0x91, 0x00,
    0x00, 0x00, 0x00, 0x00, 0x00, 0x01, 0xff, 0xff, 0x00, 0x00, 0x00, 0x00, 0x00, 0x00, 0x02, 0xff,
    0xfa, 0x00, 0x00, 0x01, 0xff, 0xff, 0x00, 0x00, 0x00, 0xbf, 0xff, 0x20, 0x02, 0xff, 0xfa, 0x00,
    0x00, 0x01, 0xff, 0xff, 0x00, 0x00, 0x00, 0xbf, 0xff, 0x20, 0x02, 0xff, 0xfa, 0x00, 0x00, 0x01,
    0xff, 0xff, 0x00, 0x00, 0x00, 0xbf, 0xff, 0x20, 0x02, 0xff, 0xfa, 0x00, 0x00, 0x01, 0xff, 0xff,
    0x00, 0x00, 0x00, 0xbf, 0xff, 0x20, 0x02, 0xff, 0xfa, 0x00, 0x00, 0x01, 0xff, 0xff, 0x00, 0x00,
    0x00, 0xbf, 0xff, 0x20, 0x02, 0xff, 0xfa, 0x00, 0x00, 0x01, 0xff, 0xff, 0x00, 0x00, 0x00, 0xbf,
    0xff, 0x20, 0x02, 0xff, 0xfa, 0x00, 0x00, 0x01, 0xff, 0xff, 0x00, 0x00, 0x00, 0xbf, 0xff, 0x20,
    0x02, 0xff, 0xfa, 0x00, 0x00, 0x01, 0xff, 0xff, 0x00, 0x00, 0x00, 0xbf, 0xff, 0x20, 0x02, 0xff,
    0xff, 0xff, 0xff, 0xff, 0xff, 0xff, 0xff, 0xff, 0xff, 0xff, 0xff, 0x20, 0x02, 0xff, 0xff, 0xff,
    0xff, 0xff, 0xff, 0xff, 0xff, 0xff, 0xff, 0xff, 0xff, 0x20, 0x02, 0xff, 0xff, 0xff, 0xff, 0xff,
    0xff, 0xff, 0xff, 0xff, 0xff, 0xff, 0xff, 0x20, 0x01, 0x99, 0x99, 0x99, 0x99, 0x99, 0x99, 0x99,
    0x99, 0x99, 0x99, 0xdf, 0xff, 0x20, 0x00, 0x00, 0x00, 0x00, 0x00, 0x00, 0x00, 0x00, 0x00, 0x00,
    0x00, 0xbf, 0xff, 0x20, 0x00, 0x00, 0x00, 0x00, 0x00, 0x00, 0xff, 0xff, 0x00, 0x00, 0x00, 0x00,
    0x00, 0x00, 0x00, 0x00, 0x00, 0x00, 0x00, 0x00, 0xff, 0xff, 0x00, 0x00, 0x00, 0x00, 0x00, 0x00,
    0x00, 0x00, 0x00, 0x00, 0x00, 0x00, 0xff, 0xff, 0x00, 0x00, 0x00, 0x00, 0x00, 0x00, 0x00, 0x00,
    0x00, 0x00, 0x00, 0x00, 0xff, 0xff, 0x00, 0x00, 0x00, 0x00, 0x00, 0x00, 0x00, 0xcf, 0xff, 0xff,
    0xff, 0xff, 0xff, 0xff, 0xff, 0xff, 0xff, 0xff, 0xfe, 0x00, 0x00, 0xcf, 0xff, 0xff, 0xff, 0xff,
    0xff, 0xff, 0xff, 0xff, 0xff, 0xff, 0xfe, 0x00, 0x00, 0xcf, 0xff, 0xff, 0xff, 0xff, 0xff, 0xff,
    0xff, 0xff, 0xff, 0xff, 0xfe, 0x00, 0x00, 0x8a, 0xaa, 0xaa, 0xaa, 0xaa, 0xff, 0xff, 0xaa, 0xaa,
    0xaa, 0xaa, 0xa9, 0x00, 0x00, 0x00, 0x00, 0x00, 0x00, 0x00, 0xff, 0xff, 0x00, 0x00, 0x00, 0x00,
    0x00, 0x00, 0x00, 0x00, 0x00, 0x00, 0x00, 0x00, 0xff, 0xff, 0x00, 0x00, 0x00, 0x00, 0x00, 0x00,
    0x00, 0x00, 0x00, 0x00, 0x00, 0x00, 0xff, 0xff, 0x00, 0x00, 0x00, 0x00, 0x00, 0x00, 0x6f, 0xff,
    0xff, 0xff, 0xff, 0xff, 0xff, 0xff, 0xff, 0xff, 0xff, 0xff, 0xff, 0xf6, 0x6f, 0xff, 0xff, 0xff,
    0xff, 0xff, 0xff, 0xff, 0xff, 0xff, 0xff, 0xff, 0xff, 0xf6, 0x6f, 0xff, 0xff, 0xff, 0xff, 0xff,
    0xff, 0xff, 0xff, 0xff, 0xff, 0xff, 0xff, 0xf6, 0x4a, 0xaa, 0xaa, 0xaa, 0xaa, 0xaa, 0xff, 0xff,
    0xaa, 0xaa, 0xaa, 0xaa, 0xaa, 0xa4, 0x00, 0x00, 0x00, 0x00, 0x00, 0x00, 0xff, 0xff, 0x00, 0x00,
    0x00, 0x00, 0x00, 0x00, 0x00, 0x00, 0x00, 0x00, 0x00, 0x00, 0xff, 0xff, 0x00, 0x00, 0x00, 0x00,
    0x00, 0x00, 0x00, 0x1f, 0xff, 0xd0, 0x00, 0x00, 0xff, 0xff, 0x00, 0x00, 0x0c, 0xff, 0xf2, 0x00,
    0x00, 0x1f, 0xff, 0xd0, 0x00, 0x00, 0xff, 0xff, 0x00, 0x00, 0x0c, 0xff, 0xf2, 0x00, 0x00, 0x1f,
    0xff, 0xd0, 0x00, 0x00, 0xff, 0xff, 0x00, 0x00, 0x0c, 0xff, 0xf2, 0x00, 0x00, 0x1f, 0xff, 0xd0,
    0x00, 0x00, 0xff, 0xff, 0x00, 0x00, 0x0c, 0xff, 0xf2, 0x00, 0x00, 0x1f, 0xff, 0xd0, 0x00, 0x00,
    0xff, 0xff, 0x00, 0x00, 0x0c, 0xff, 0xf2, 0x00, 0x00, 0x1f, 0xff, 0xd0, 0x00, 0x00, 0xff, 0xff,
    0x00, 0x00, 0x0c, 0xff, 0xf2, 0x00, 0x00, 0x1f, 0xff, 0xff, 0xff, 0xff, 0xff, 0xff, 0xff, 0xff,
    0xff, 0xff, 0xf2, 0x00, 0x00, 0x1f, 0xff, 0xff, 0xff, 0xff, 0xff, 0xff, 0xff, 0xff, 0xff, 0xff,
    0xf2, 0x00, 0x00, 0x1f, 0xff, 0xff, 0xff, 0xff, 0xff, 0xff, 0xff, 0xff, 0xff, 0xff, 0xf2, 0x00,
    0x00, 0x09, 0x99, 0x99, 0x99, 0x99, 0x99, 0x99, 0x99, 0x99, 0x9e, 0xff, 0xf2, 0x00, 0x00, 0x00,
    0x00, 0x00, 0x00, 0x00, 0x00, 0x00, 0x00, 0x00, 0x0c, 0xff, 0xf2, 0x00, 0x00, 0x00, 0x00, 0x00,
    0x0a, 0x93, 0x00, 0x00, 0x17, 0xc0, 0x00, 0x00, 0x00, 0x00, 0x00, 0x00, 0x00, 0x00, 0x5f, 0xff,
    0xb1, 0x06, 0xef, 0xf8, 0x00, 0x00, 0x00, 0x00, 0x00, 0x00, 0x00, 0x01, 0xef, 0xff, 0xa0, 0x05,
    0xff, 0xff, 0x30, 0x00, 0x00, 0x00, 0x00, 0x00, 0x00, 0x0a, 0xff, 0xfe, 0x10, 0x00, 0xaf, 0xff,
    0xd2, 0x00, 0x00, 0x00, 0x00, 0x00, 0x00, 0x8f, 0xff, 0xf5, 0x00, 0x00, 0x1d, 0xff, 0xfc, 0x10,
    0x00, 0x00, 0x00, 0x00, 0x05, 0xff, 0xff, 0x80, 0x00, 0x00, 0x03, 0xff, 0xff, 0xb0, 0x00, 0x00,
    0x00, 0x00, 0x6f, 0xff, 0xfa, 0x00, 0x00, 0x00, 0x00, 0x6f, 0xff, 0xfb, 0x10, 0x00, 0x00, 0x06,
    0xff, 0xff, 0xb0, 0x00, 0x00, 0x00, 0x00, 0x07, 0xff, 0xff, 0xc1, 0x00, 0x00, 0x8f, 0xff, 0xfb,
    0x10, 0x00, 0x00, 0x00, 0x00, 0x00, 0x8f, 0xff, 0xfd, 0x30, 0x2c, 0xff, 0xff, 0x90, 0x00, 0x00,
    0x00, 0x00, 0x00, 0x00, 0x07, 0xff, 0xff, 0xf6, 0x6f, 0xff, 0xff, 0xff, 0xff, 0xff, 0xff, 0xff,
    0xff, 0xff, 0xff, 0xff, 0xff, 0xe3, 0x07, 0xff, 0xef, 0xff, 0xff, 0xff, 0xff, 0xff, 0xff, 0xff,
    0xff, 0xfc, 0xff, 0x50, 0x00, 0x94, 0xdf, 0xff, 0xff, 0xff, 0xff, 0xff, 0xff, 0xff, 0xff, 0xf2,
    0x78, 0x00, 0x00, 0x00, 0xac, 0xcc, 0xff, 0xff, 0xcc, 0xcc, 0xcc, 0xcf, 0xff, 0xf2, 0x00, 0x00,
    0x00, 0x00, 0x00, 0x00, 0xff, 0xff, 0x20, 0x00, 0x00, 0x2f, 0xff, 0xf1, 0x00, 0x00, 0x00, 0x00,
    0x00, 0x02, 0xff, 0xff, 0x00, 0x00, 0x00, 0x2f, 0xff, 0xf0, 0x00, 0x00, 0x00, 0x00, 0x00, 0x05,
    0xff, 0xfd, 0x00, 0x00, 0x00, 0x3f, 0xff, 0xe0, 0x00, 0x00, 0x00, 0x00, 0x00, 0x09, 0xff, 0xfa,
    0x00, 0x00, 0x00, 0x3f, 0xff, 0xe0, 0x00, 0x00, 0x00, 0x00, 0x00, 0x3f, 0xff, 0xf6, 0x00, 0x00,
    0x00, 0x4f, 0xff, 0xd0, 0x00, 0x00, 0x00, 0x00, 0x01, 0xdf, 0xff, 0xf1, 0x00, 0x00, 0x00, 0x6f,
    0xff, 0xc0, 0x00, 0x00, 0x00, 0x00, 0x3d, 0xff, 0xff, 0x80, 0x00, 0x00, 0x01, 0xbf, 0xff, 0xb0,
    0x00, 0x00, 0x00, 0x18, 0xff, 0xff, 0xfd, 0x10, 0xbf, 0xff, 0xff, 0xff, 0xff, 0x80, 0x00, 0x00,
    0x08, 0xef, 0xff, 0xff, 0xd2, 0x00, 0x9f, 0xff, 0xff, 0xff, 0xff, 0x40, 0x00, 0x00, 0x07, 0xff,
    0xff, 0xfc, 0x20, 0x00, 0x7f, 0xff, 0xff, 0xff, 0xfa, 0x00, 0x00, 0x00, 0x00, 0x9f, 0xff, 0x80,
    0x00, 0x00, 0x5f, 0xfe, 0xee, 0xdb, 0x60, 0x00, 0x00, 0x00, 0x00, 0x0a, 0x92, 0x00, 0x00, 0x00,
    0x01, 0x00, 0x00, 0x00, 0x00, 0x00, 0x00, 0x00, 0x00, 0x08, 0xff, 0xf3, 0x00, 0x00, 0x00, 0x00,
    0x00, 0x00, 0x00, 0x00, 0x00, 0x00, 0x00, 0x08, 0xff, 0xf3, 0x00, 0x5f, 0xff, 0xff, 0xff, 0xff,
    0xff, 0xff, 0xff, 0x40, 0x00, 0x08, 0xff, 0xf3, 0x00, 0x5f, 0xff, 0xff, 0xff, 0xff, 0xff, 0xff,
    0xff, 0x40, 0x00, 0x08, 0xff, 0xf3, 0x00, 0x5f, 0xff, 0xff, 0xff, 0xff, 0xff, 0xff, 0xff, 0x40,
    0x00, 0x08, 0xff, 0xf3, 0x00, 0x27, 0x77, 0xff, 0xfe, 0x77, 0x77, 0xcf, 0xff, 0x40, 0x00, 0x08,
    0xff, 0xf3, 0x00, 0x00, 0x00, 0xff, 0xfd, 0x00, 0x00, 0xaf, 0xff, 0x30, 0x00, 0x08, 0xff, 0xf3,
    0x00, 0x11, 0x01, 0xff, 0xfc, 0x00, 0x00, 0xaf, 0xff, 0x30, 0x01, 0x3a, 0xff, 0xf8, 0x9d, 0xf6,
    0x01, 0xff, 0xfc, 0x00, 0x00, 0xaf, 0xff, 0x30, 0x8f, 0xff, 0xff, 0xff, 0xff, 0xf6, 0x01, 0xff,
    0xfb, 0x00, 0x00, 0xaf, 0xff, 0x20, 0x7f, 0xff, 0xff, 0xff, 0xff, 0xf7, 0x02, 0xff, 0xfb, 0x00,
    0x00, 0xbf, 0xff, 0x20, 0x6f, 0xff, 0xff, 0xff, 0xeb, 0x72, 0x02, 0xff, 0xfa, 0x00, 0x00, 0xbf,
    0xff, 0x20, 0x38, 0x6b, 0xff, 0xf5, 0x00, 0x00, 0x03, 0xff, 0xf9, 0x00, 0x00, 0xbf, 0xff, 0x10,
    0x00, 0x08, 0xff, 0xf3, 0x00, 0x00, 0x03, 0xff, 0xf9, 0x00, 0x00, 0xbf, 0xff, 0x10, 0x00, 0x08,
    0xff, 0xf3, 0x00, 0x00, 0x04, 0xff, 0xf8, 0x00, 0x00, 0xcf, 0xff, 0x10, 0x00, 0x08, 0xff, 0xf3,
    0x00, 0x00, 0x04, 0xff, 0xf7, 0x00, 0x00, 0xcf, 0xff, 0x10, 0x00, 0x08, 0xff, 0xf3, 0x00, 0x00,
    0x06, 0xff, 0xf6, 0x00, 0x00, 0xcf, 0xff, 0x00, 0x00, 0x08, 0xff, 0xf3, 0x00, 0x00, 0x08, 0xff,
    0xf5, 0x00, 0x00, 0xcf, 0xff, 0x00, 0x00, 0x08, 0xff, 0xf3, 0x01, 0x90, 0x0b, 0xff, 0xf3, 0x00,
    0x00, 0xdf, 0xff, 0x00, 0x00, 0x08, 0xff, 0xf3, 0x2c, 0xe0, 0x1e, 0xff, 0xf1, 0x00, 0x00, 0xdf,
    0xfe, 0x00, 0x00, 0x08, 0xff, 0xf7, 0xef, 0xf0, 0x5f, 0xff, 0xd0, 0x00, 0x00, 0xdf, 0xfe, 0x00,
    0x00, 0x09, 0xff, 0xff, 0xff, 0xf1, 0xcf, 0xff, 0x90, 0x00, 0x00, 0xef, 0xfd, 0x00, 0x00, 0x0b,
    0xff, 0xff, 0xff, 0x85, 0xff, 0xff, 0x40, 0x00, 0x01, 0xff, 0xfd, 0x00, 0x00, 0x2f, 0xff, 0xff,
    0xf5, 0x1d, 0xff, 0xfc, 0x21, 0x00, 0x2a, 0xff, 0xfc, 0x00, 0x00, 0x1c, 0xff, 0xfe, 0x30, 0xbf,
    0xff, 0xf5, 0xaf, 0xff, 0xff, 0xff, 0xf9, 0x00, 0x00, 0x02, 0xef, 0xd2, 0x0a, 0xff, 0xff, 0xb0,
    0x6f, 0xff, 0xff, 0xff, 0xf4, 0x00, 0x00, 0x00, 0x5c, 0x10, 0x2d, 0xff, 0xfe, 0x20, 0x2f, 0xff,
    0xff, 0xff, 0xa0, 0x00, 0x00, 0x00, 0x01, 0x00, 0x01, 0xcf, 0xe4, 0x00, 0x0e, 0xed, 0xdc, 0xa6,
    0x00, 0x00, 0x00, 0x00, 0x00, 0x00, 0x00, 0x1b, 0x40, 0x00, 0x00, 0x00, 0x00, 0x00, 0x00, 0x00,
    0x00, 0x00, 0x00, 0x00, 0x00, 0x00, 0x00, 0x00, 0x00, 0x00, 0x00, 0x9f, 0xff, 0x30, 0x4f, 0xff,
    0xff, 0xff, 0xff, 0xff, 0xff, 0xfd, 0x00, 0x00, 0x00, 0x9f, 0xff, 0x30, 0x4f, 0xff, 0xff, 0xff,
    0xff, 0xff, 0xff, 0xfd, 0x00, 0x00, 0x00, 0x9f, 0xff, 0x30, 0x4f, 0xff, 0xff, 0xff, 0xff, 0xff,
    0xff, 0xfd, 0x3f, 0xff, 0x70, 0x9f, 0xff, 0x30, 0x15, 0x55, 0x9f, 0xff, 0xd5, 0x55, 0x55, 0x54,
    0x3f, 0xff, 0x70, 0x9f, 0xff, 0x30, 0x00, 0x00, 0xdf, 0xff, 0x40, 0x19, 0x90, 0x00, 0x3f, 0xff,
    0x70, 0x9f, 0xff, 0x30, 0x00, 0x07, 0xff, 0xf8, 0x03, 0xef, 0xf6, 0x00, 0x3f, 0xff, 0x70, 0x9f,
    0xff, 0x30, 0x00, 0x3f, 0xff, 0xc0, 0x00, 0xdf, 0xfe, 0x20, 0x3f, 0xff, 0x70, 0x9f, 0xff, 0x30,
    0x01, 0xdf, 0xfe, 0x21, 0x12, 0x7f, 0xff, 0xb0, 0x3f, 0xff, 0x70, 0x9f, 0xff, 0x30, 0x1c, 0xff,
    0xff, 0xff, 0xff, 0xff, 0xff, 0xf7, 0x3f, 0xff, 0x70, 0x9f, 0xff, 0x30, 0x2f, 0xff, 0xff, 0xff,
    0xff, 0xff, 0xff, 0xfe, 0x5f, 0xff, 0x70, 0x9f, 0xff, 0x30, 0x0b, 0xff, 0xff, 0xff, 0xff, 0xee,
    0xef, 0xfb, 0x5f, 0xff, 0x70, 0x9f, 0xff, 0x30, 0x06, 0xc8, 0x64, 0x32, 0x10, 0x00, 0x0b, 0x60,
    0x3f, 0xff, 0x70, 0x9f, 0xff, 0x30, 0x00, 0x00, 0x00, 0x7f, 0xff, 0x30, 0x00, 0x00, 0x3f, 0xff,
    0x70, 0x9f, 0xff, 0x30, 0x00, 0x00, 0x00, 0x7f, 0xff, 0x30, 0x00, 0x00, 0x3f, 0xff, 0x70, 0x9f,
    0xff, 0x30, 0x00, 0x00, 0x00, 0x7f, 0xff, 0x30, 0x00, 0x00, 0x3f, 0xff, 0x70, 0x9f, 0xff, 0x30,
    0x09, 0xff, 0xff, 0xff, 0xff, 0xff, 0xff, 0xf0, 0x3f, 0xff, 0x70, 0x9f, 0xff, 0x30, 0x09, 0xff,
    0xff, 0xff, 0xff, 0xff, 0xff, 0xf0, 0x3f, 0xff, 0x70, 0x9f, 0xff, 0x30, 0x09, 0xff, 0xff, 0xff,
    0xff, 0xff, 0xff, 0xf0, 0x3f, 0xff, 0x70, 0x9f, 0xff, 0x30, 0x03, 0x55, 0x55, 0x9f, 0xff, 0x75,
    0x55, 0x50, 0x3f, 0xff, 0x70, 0x9f, 0xff, 0x30, 0x00, 0x00, 0x00, 0x7f, 0xff, 0x30, 0x00, 0x00,
    0x3f, 0xff, 0x70, 0x9f, 0xff, 0x30, 0x00, 0x00, 0x00, 0x7f, 0xff, 0x30, 0x00, 0x00, 0x00, 0x00,
    0x00, 0x9f, 0xff, 0x30, 0x01, 0x22, 0x34, 0x9f, 0xff, 0xaa, 0xbc, 0xdb, 0x00, 0x00, 0x00, 0x9f,
    0xff, 0x30, 0x7f, 0xff, 0xff, 0xff, 0xff, 0xff, 0xff, 0xfb, 0x00, 0x00, 0x02, 0xdf, 0xff, 0x20,
    0x6f, 0xff, 0xff, 0xff, 0xff, 0xff, 0xff, 0xfa, 0x07, 0xff, 0xff, 0xff, 0xff, 0x10, 0x5f, 0xff,
    0xff, 0xff, 0xff, 0xed, 0xcb, 0xa6, 0x03, 0xff, 0xff, 0xff, 0xfc, 0x00, 0x3a, 0x97, 0x65, 0x42,
    0x10, 0x00, 0x00, 0x00, 0x00, 0xef, 0xff, 0xff, 0xf4, 0x00, 0x00, 0x00, 0x00, 0x00, 0x00, 0x00,
    0x00, 0x00, 0x00, 0x9c, 0xbb, 0xa8, 0x30, 0x00, 0x00, 0x00, 0x01, 0x48, 0xd6, 0x00, 0x00, 0x00,
    0x00, 0xac, 0x84, 0x10, 0x00, 0x00, 0x00, 0x00, 0x0b, 0xff, 0xfe, 0x20, 0x00, 0x00, 0x06, 0xff,
    0xff, 0xb0, 0x00, 0x00, 0x00, 0x00, 0x02, 0xef, 0xff, 0xb0, 0x00, 0x00, 0x2e, 0xff, 0xfc, 0x10,
    0x00, 0x00, 0x8f, 0xff, 0xff, 0xff, 0xff, 0xff, 0xff, 0xff, 0xff, 0xff, 0xff, 0xff, 0xff, 0xf8,
    0x8f, 0xff, 0xff, 0xff, 0xff, 0xff, 0xff, 0xff, 0xff, 0xff, 0xff, 0xff, 0xff, 0xf8, 0x8f, 0xff,
    0xff, 0xff, 0xff, 0xff, 0xff, 0xff, 0xff, 0xff, 0xff, 0xff, 0xff, 0xf8, 0x24, 0x44, 0x44, 0x44,
    0x44, 0x44, 0x44, 0x44, 0x44, 0x44, 0x44, 0x44, 0x44, 0x42, 0x00, 0xff, 0xff, 0xff, 0xff, 0xff,
    0xff, 0xf0, 0x00, 0x00, 0x00, 0xaf, 0xff, 0x00, 0x00, 0xff, 0xff, 0xff, 0xff, 0xff, 0xff, 0xf0,
    0x1f, 0xff, 0x50, 0xaf, 0xff, 0x00, 0x00, 0xff, 0xff, 0xff, 0xff, 0xff, 0xff, 0xf0, 0x1f, 0xff,
    0x50, 0xaf, 0xff, 0x00, 0x00, 0xff, 0xfc, 0x55, 0x55, 0x5c, 0xff, 0xf0, 0x1f, 0xff, 0x50, 0xaf,
    0xff, 0x00, 0x00, 0xff, 0xfb, 0x00, 0x00, 0x0b, 0xff, 0xf0, 0x1f, 0xff, 0x50, 0xaf, 0xff, 0x00,
    0x00, 0xff, 0xff, 0xff, 0xff, 0xff, 0xff, 0xf0, 0x1f, 0xff, 0x50, 0xaf, 0xff, 0x00, 0x00, 0xff,
    0xff, 0xff, 0xff, 0xff, 0xff, 0xf0, 0x1f, 0xff, 0x50, 0xaf, 0xff, 0x00, 0x00, 0xff, 0xff, 0xee,
    0xee, 0xef, 0xff, 0xf0, 0x1f, 0xff, 0x50, 0xaf, 0xff, 0x00, 0x00, 0xff, 0xfb, 0x00, 0x00, 0x0b,
    0xff, 0xf0, 0x1f, 0xff, 0x50, 0xaf, 0xff, 0x00, 0x00, 0xff, 0xfb, 0x00, 0x00, 0x0b, 0xff, 0xf0,
    0x1f, 0xff, 0x50, 0xaf, 0xff, 0x00, 0x00, 0xff, 0xfb, 0x00, 0x00, 0x0b, 0xff, 0xf0, 0x1f, 0xff,
    0x50, 0xaf, 0xff, 0x00, 0x00, 0xff, 0xff, 0xff, 0xff, 0xff, 0xff, 0xf0, 0x1f, 0xff, 0x50, 0xaf,
    0xff, 0x00, 0x00, 0xff, 0xff, 0xff, 0xff, 0xff, 0xff, 0xf0, 0x1f, 0xff, 0x50, 0xaf, 0xff, 0x00,
    0x00, 0xff, 0xff, 0xee, 0xee, 0xef, 0xff, 0xf0, 0x1f, 0xff, 0x50, 0xaf, 0xff, 0x00, 0x00, 0xff,
    0xfb, 0x00, 0x00, 0x0b, 0xff, 0xf0, 0x1f, 0xff, 0x50, 0xaf, 0xff, 0x00, 0x00, 0xff, 0xfb, 0x00,
    0x00, 0x0c, 0xff, 0xf0, 0x00, 0x00, 0x00, 0xbf, 0xff, 0x00, 0x00, 0xff, 0xfb, 0x01, 0x10, 0x3f,
    0xff, 0xe0, 0x01, 0x10, 0x03, 0xef, 0xff, 0x00, 0x00, 0xff, 0xfb, 0x06, 0xff, 0xff, 0xff, 0xd0,
    0x0d, 0xff, 0xff, 0xff, 0xfd, 0x00, 0x00, 0xff, 0xfb, 0x02, 0xff, 0xff, 0xff, 0x80, 0x0a, 0xff,
    0xff, 0xff, 0xf8, 0x00, 0x00, 0xff, 0xfb, 0x00, 0xef, 0xff, 0xfb, 0x10, 0x07, 0xff, 0xff, 0xff,
    0xc1, 0x00, 0x00, 0x88, 0x85, 0x00, 0x67, 0x76, 0x30, 0x00, 0x03, 0xbb, 0xba, 0x96, 0x10, 0x00,
    0x00, 0x00, 0x00, 0x00, 0x00, 0x00, 0x00, 0x3f, 0xff, 0x60, 0x00, 0x00, 0x00, 0x00, 0x00, 0x00,
    0x00, 0x00, 0x00, 0x00, 0x00, 0x3f, 0xff, 0x60, 0x00, 0x00, 0x00, 0x00, 0x4f, 0xff, 0xff, 0xff,
    0xff, 0xf1, 0x00, 0x3f, 0xff, 0x60, 0x00, 0x00, 0x00, 0x00, 0x4f, 0xff, 0xff, 0xff, 0xff, 0xf1,
    0x00, 0x3f, 0xff, 0x60, 0x00, 0x00, 0x00, 0x00, 0x4f, 0xff, 0xff, 0xff, 0xff, 0xf7, 0xff, 0xff,
    0xff, 0xff, 0xff, 0xff, 0xff, 0x60, 0x3b, 0xbb, 0xef, 0xff, 0xbb, 0xb7, 0xff, 0xff, 0xff, 0xff,
    0xff, 0xff, 0xff, 0x60, 0x00, 0x00, 0xdf, 0xfe, 0x00, 0x06, 0xff, 0xff, 0xff, 0xff, 0xff, 0xff,
    0xff, 0x60, 0x00, 0x00, 0xdf, 0xfe, 0x00, 0x04, 0x99, 0xbf, 0xff, 0xb9, 0x99, 0xcf, 0xff, 0x50,
    0x00, 0x00, 0xdf, 0xfe, 0x00, 0x00, 0x00, 0x5f, 0xff, 0x40, 0x00, 0x6f, 0xff, 0x50, 0x00, 0x00,
    0xdf, 0xfe, 0x00, 0x00, 0x00, 0x6f, 0xff, 0x30, 0x00, 0x6f, 0xff, 0x50, 0x00, 0x00, 0xdf, 0xfe,
    0x00, 0x00, 0x00, 0x7f, 0xff, 0x20, 0x00, 0x7f, 0xff, 0x40, 0x00, 0x00, 0xdf, 0xfe, 0x00, 0x00,
    0x00, 0x8f, 0xff, 0x10, 0x00, 0x7f, 0xff, 0x40, 0x00, 0x00, 0xdf, 0xfe, 0x00, 0x00, 0x00, 0xaf,
    0xff, 0x00, 0x00, 0x7f, 0xff, 0x40, 0x00, 0x00, 0xdf, 0xfe, 0x00, 0x00, 0x00, 0xcf, 0xfd, 0x00,
    0x00, 0x7f, 0xff, 0x40, 0x00, 0x00, 0xdf, 0xfe, 0x00, 0x00, 0x00, 0xff, 0xfb, 0x00, 0x00, 0x8f,
    0xff, 0x30, 0x00, 0x00, 0xdf, 0xfe, 0x00, 0x00, 0x03, 0xff, 0xf8, 0x00, 0x00, 0x8f, 0xff, 0x30,
    0x00, 0x00, 0xdf, 0xfe, 0x26, 0xa8, 0x08, 0xff, 0xf5, 0x00, 0x00, 0x8f, 0xff, 0x30, 0x00, 0x00,
    0xdf, 0xff, 0xff, 0xf8, 0x0d, 0xff, 0xf2, 0x00, 0x00, 0x8f, 0xff, 0x20, 0x15, 0x9d, 0xff, 0xff,
    0xff, 0xf8, 0x3f, 0xff, 0xd0, 0x00, 0x00, 0x9f, 0xff, 0x20, 0x7f, 0xff, 0xff, 0xff, 0xff, 0xf9,
    0xaf, 0xff, 0x70, 0x00, 0x00, 0x9f, 0xff, 0x20, 0x3f, 0xff, 0xff, 0xff, 0xd9, 0x54, 0xff, 0xff,
    0x20, 0x00, 0x00, 0xaf, 0xff, 0x10, 0x0f, 0xff, 0xfb, 0x72, 0x00, 0x0c, 0xff, 0xfa, 0x00, 0x00,
    0x00, 0xcf, 0xff, 0x10, 0x0b, 0xa5, 0x10, 0x00, 0x00, 0x9f, 0xff, 0xf3, 0x01, 0x00, 0x16, 0xff,
    0xff, 0x00, 0x00, 0x00, 0x00, 0x00, 0x08, 0xff, 0xff, 0x90, 0x2f, 0xff, 0xff, 0xff, 0xfd, 0x00,
    0x00, 0x00, 0x00, 0x00, 0xaf, 0xff, 0xfd, 0x10, 0x0d, 0xff, 0xff, 0xff, 0xf9, 0x00, 0x00, 0x00,
    0x00, 0x01, 0xcf, 0xff, 0xe3, 0x00, 0x0a, 0xff, 0xff, 0xff, 0xd1, 0x00, 0x00, 0x00, 0x00, 0x00,
    0x1b, 0xff, 0x50, 0x00, 0x07, 0xff, 0xed, 0xc8, 0x10, 0x00, 0x00, 0x00, 0x00, 0x00, 0x01, 0xb4,
    0x00, 0x00, 0x00, 0x00, 0x00, 0x00, 0x00, 0x00, 0x00, 0x00, 0xff, 0xf8, 0x00, 0x00, 0x00, 0x00,
    0x00, 0x00, 0x00, 0x00, 0x00, 0x00, 0x00, 0x00, 0xff, 0xf8, 0x00, 0x00, 0x00, 0x00, 0x00, 0x00,
    0x00, 0x00, 0x00, 0x00, 0x00, 0x00, 0xff, 0xf8, 0x00, 0x00, 0x00, 0x0a, 0xff, 0xff, 0xff, 0xff,
    0xff, 0x50, 0x00, 0x00, 0xff, 0xf8, 0x00, 0x00, 0x00, 0x0a, 0xff, 0xff, 0xff, 0xff, 0xff, 0x50,
    0x4f, 0xff, 0xff, 0xff, 0xff, 0xff, 0xfa, 0x0a, 0xff, 0xff, 0xff, 0xff, 0xff, 0x50, 0x4f, 0xff,
    0xff, 0xff, 0xff, 0xff, 0xfa, 0x0a, 0xff, 0xf9, 0x99, 0xbf, 0xff, 0x50, 0x4f, 0xff, 0xff, 0xff,
    0xff, 0xff, 0xfa, 0x0a, 0xff, 0xf0, 0x00, 0x4f, 0xff, 0x50, 0x29, 0x99, 0xff, 0xfb, 0x99, 0xef,
    0xfa, 0x0a, 0xff, 0xf0, 0x00, 0x4f, 0xff, 0x50, 0x00, 0x02, 0xff, 0xf6, 0x00, 0xef, 0xfa, 0x0a,
    0xff, 0xf0, 0x00, 0x4f, 0xff, 0x50, 0x00, 0x03, 0xff, 0xf6, 0x00, 0xef, 0xf9, 0x0a, 0xff, 0xf0,
    0x00, 0x4f, 0xff, 0x50, 0x00, 0x03, 0xff, 0xf5, 0x00, 0xef, 0xf9, 0x0a, 0xff, 0xf0, 0x00, 0x4f,
    0xff, 0x50, 0x00, 0x04, 0xff, 0xf4, 0x00, 0xef, 0xf9, 0x0a, 0xff, 0xf0, 0x00, 0x4f, 0xff, 0x50,
    0x00, 0x05, 0xff, 0xf3, 0x00, 0xef, 0xf9, 0x0a, 0xff, 0xf0, 0x00, 0x4f, 0xff, 0x50, 0x00, 0x07,
    0xff, 0xf2, 0x00, 0xff, 0xf8, 0x0a, 0xff, 0xf0, 0x00, 0x4f, 0xff, 0x50, 0x00, 0x09, 0xff, 0xf0,
    0x00, 0xff, 0xf8, 0x0a, 0xff, 0xf0, 0x00, 0x4f, 0xff, 0x50, 0x00, 0x0b, 0xff, 0xd0, 0x00, 0xff,
    0xf8, 0x0a, 0xff, 0xf0, 0x00, 0x4f, 0xff, 0x50, 0x00, 0x0d, 0xff, 0xb0, 0x00, 0xff, 0xf8, 0x0a,
    0xff, 0xf0, 0x00, 0x4f, 0xff, 0x50, 0x00, 0x1f, 0xff, 0x90, 0x01, 0xff, 0xf7, 0x0a, 0xff, 0xf0,
    0x00, 0x4f, 0xff, 0x50, 0x00, 0x5f, 0xff, 0x50, 0x01, 0xff, 0xf7, 0x0a, 0xff, 0xf0, 0x00, 0x4f,
    0xff, 0x50, 0x00, 0x8f, 0xff, 0x20, 0x02, 0xff, 0xf6, 0x0a, 0xff, 0xf0, 0x00, 0x4f, 0xff, 0x50,
    0x00, 0xdf, 0xfd, 0x00, 0x02, 0xff, 0xf6, 0x0a, 0xff, 0xf0, 0x00, 0x4f, 0xff, 0x50, 0x04, 0xff,
    0xf9, 0x00, 0x03, 0xff, 0xf6, 0x0a, 0xff, 0xf0, 0x00, 0x4f, 0xff, 0x50, 0x0a, 0xff, 0xf4, 0x00,
    0x03, 0xff, 0xf5, 0x0a, 0xff, 0xff, 0xff, 0xff, 0xff, 0x50, 0x3f, 0xff, 0xd1, 0x10, 0x19, 0xff,
    0xf5, 0x0a, 0xff, 0xff, 0xff, 0xff, 0xff, 0x50, 0x7f, 0xff, 0x85, 0xff, 0xff, 0xff, 0xf3, 0x0a,
    0xff, 0xff, 0xff, 0xff, 0xff, 0x50, 0x1e, 0xfe, 0x12, 0xff, 0xff, 0xff, 0xe0, 0x0a, 0xff, 0xf9,
    0x99, 0xbf, 0xff, 0x50, 0x06, 0xf7, 0x00, 0xdf, 0xff, 0xff, 0x60, 0x0a, 0xff, 0xf0, 0x00, 0x4f,
    0xff, 0x50, 0x00, 0x90, 0x00, 0xaf, 0xfe, 0xc5, 0x00, 0x0a, 0xff, 0xf0, 0x00, 0x4f, 0xff, 0x50,
    0x00, 0x00, 0x00, 0x01, 0xcf, 0xff, 0x40, 0x00, 0x00, 0x00, 0x00, 0x00, 0x00, 0x00, 0x00, 0x00,
    0x00, 0x0a, 0xff, 0xf6, 0x00, 0x00, 0x00, 0x00, 0x00, 0x00, 0x00, 0x00, 0x00, 0x00, 0x00, 0xaf,
    0xff, 0xff, 0xff, 0xff, 0xff, 0xff, 0xff, 0xff, 0xf4, 0x00, 0x00, 0x00, 0x1b, 0xff, 0xff, 0xff,
    0xff, 0xff, 0xff, 0xff, 0xff, 0xff, 0xf4, 0x00, 0x00, 0x04, 0xef, 0xff, 0xff, 0xff, 0xff, 0xff,
    0xff, 0xff, 0xff, 0xff, 0xf4, 0x00, 0x01, 0x9f, 0xff, 0xff, 0xfb, 0x20, 0x00, 0x00, 0x00, 0x3c,
    0xff, 0xff, 0x90, 0x00, 0x1e, 0xff, 0xff, 0xef, 0xff, 0xe5, 0x00, 0x00, 0x18, 0xff, 0xff, 0xe6,
    0x00, 0x00, 0x06, 0xff, 0xd5, 0x2c, 0xff, 0xff, 0xc5, 0x18, 0xef, 0xff, 0xfb, 0x20, 0x00, 0x00,
    0x00, 0x89, 0x10, 0x01, 0xaf, 0xff, 0xff, 0xff, 0xff, 0xfd, 0x50, 0x00, 0x00, 0x00, 0x00, 0x00,
    0x00, 0x00, 0x0b, 0xff, 0xff, 0xff, 0xff, 0xfa, 0x40, 0x00, 0x00, 0x00, 0x00, 0x00, 0x00, 0x27,
    0xef, 0xff, 0xff, 0xff, 0xff, 0xff, 0xfe, 0xb7, 0x52, 0x10, 0x00, 0x02, 0x7b, 0xff, 0xff, 0xff,
    0xfd, 0xbf, 0xff, 0xff, 0xff, 0xff, 0xff, 0xf5, 0x3a, 0xdf, 0xff, 0xff, 0xff, 0xfd, 0x50, 0x02,
    0x8d, 0xff, 0xff, 0xff, 0xff, 0xe0, 0x2f, 0xff, 0xff, 0xff, 0xfa, 0x40, 0x00, 0x00, 0x00, 0x27,
    0xad, 0xff, 0xff, 0x80, 0x0b, 0xff, 0xff, 0xb6, 0x10, 0xcf, 0xff, 0x20, 0x00, 0x00, 0x00, 0x24,
    0x68, 0x20, 0x04, 0xd9, 0x51, 0x00, 0x00, 0xff, 0xfe, 0x00, 0x00, 0x00, 0x00, 0x00, 0x00, 0x00,
    0x09, 0xff, 0xff, 0xff, 0xff, 0xff, 0xff, 0xff, 0xff, 0xff, 0xff, 0xff, 0xf6, 0x00, 0x09, 0xff,
    0xff, 0xff, 0xff, 0xff, 0xff, 0xff, 0xff, 0xff, 0xff, 0xff, 0xf5, 0x00, 0x09, 0xff, 0xff, 0xff,
    0xff, 0xff, 0xff, 0xff, 0xff, 0xff, 0xff, 0xff, 0xf4, 0x00, 0x03, 0x55, 0x55, 0x55, 0x9f, 0xff,
    0xe5, 0x55, 0x55, 0x55, 0x5f, 0xff, 0xf2, 0x00, 0x00, 0x00, 0x00, 0x02, 0xef, 0xff, 0x80, 0x00,
    0x00, 0x00, 0x1f, 0xff, 0xf1, 0x00, 0x00, 0x00, 0x00, 0x1c, 0xff, 0xfe, 0x10, 0x00, 0x00, 0x00,
    0x3f, 0xff, 0xf0, 0x00, 0x00, 0x00, 0x03, 0xdf, 0xff, 0xf6, 0x03, 0x21, 0x10, 0x03, 0xbf, 0xff,
    0xd0, 0x00, 0x00, 0x01, 0x8f, 0xff, 0xff, 0x90, 0x0e, 0xff, 0xff, 0xff, 0xff, 0xff, 0x90, 0x00,
    0x04, 0x9e, 0xff, 0xff, 0xf9, 0x00, 0x0a, 0xff, 0xff, 0xff, 0xff, 0xfe, 0x20, 0x00, 0x4f, 0xff,
    0xff, 0xfe, 0x60, 0x00, 0x07, 0xff, 0xff, 0xff, 0xff, 0xb2, 0x00, 0x00, 0x05, 0xff, 0xff, 0x91,
    0x00, 0x00, 0x02, 0x77, 0x88, 0x76, 0x52, 0x00, 0x00, 0x00, 0x00, 0x7c, 0x71, 0x00, 0x00, 0x00,
    0x00, 0x00, 0x00, 0x00, 0x00, 0x00, 0x00, 0x00, 0x00, 0x00, 0x00, 0x00, 0x00, 0x00, 0x00, 0x05,
    0xff, 0xf5, 0x00, 0x00, 0x00, 0x00, 0x00, 0x00, 0x00, 0x00, 0x00, 0x00, 0x00, 0x05, 0xff, 0xf4,
    0x00, 0x00, 0x00, 0x00, 0x04, 0xff, 0xff, 0xff, 0xff, 0xff, 0x30, 0x05, 0xff, 0xf4, 0x00, 0x00,
    0x00, 0x00, 0x04, 0xff, 0xff, 0xff, 0xff, 0xff, 0x30, 0x05, 0xff, 0xf4, 0x00, 0x00, 0x00, 0x00,
    0x04, 0xff, 0xff, 0xff, 0xff, 0xff, 0x30, 0x06, 0xff, 0xf4, 0x00, 0x00, 0x00, 0x00, 0x02, 0x88,
    0x88, 0x88, 0x88, 0x88, 0x5f, 0xff, 0xff, 0xff, 0xff, 0xff, 0xff, 0x60, 0x00, 0x00, 0x00, 0x00,
    0x00, 0x00, 0x4f, 0xff, 0xff, 0xff, 0xff, 0xff, 0xff, 0x60, 0x00, 0x00, 0x00, 0x00, 0x00, 0x00,
    0x4f, 0xff, 0xff, 0xff, 0xff, 0xff, 0xff, 0x50, 0x7f, 0xff, 0xff, 0xff, 0xff, 0xff, 0xfc, 0x9c,
    0xff, 0xfa, 0x99, 0xbf, 0xff, 0x50, 0x7f, 0xff, 0xff, 0xff, 0xff, 0xff, 0xf2, 0x07, 0xff, 0xf2,
    0x00, 0x4f, 0xff, 0x50, 0x7f, 0xff, 0xff, 0xff, 0xff, 0xff, 0xf2, 0x07, 0xff, 0xf2, 0x00, 0x5f,
    0xff, 0x40, 0x48, 0x89, 0xff, 0xfe, 0x88, 0x88, 0x81, 0x08, 0xff, 0xf2, 0x00, 0x5f, 0xff, 0x40,
    0x00, 0x05, 0xff, 0xf9, 0x00, 0x00, 0x00, 0x08, 0xff, 0xf1, 0x00, 0x5f, 0xff, 0x40, 0x00, 0x09,
    0xff, 0xf4, 0x38, 0xd1, 0x00, 0x09, 0xff, 0xf0, 0x00, 0x5f, 0xff, 0x30, 0x00, 0x0d, 0xff, 0xe2,
    0xff, 0xf5, 0x00, 0x0a, 0xff, 0xe0, 0x00, 0x5f, 0xff, 0x30, 0x00, 0x3f, 0xff, 0xa0, 0xbf, 0xfb,
    0x00, 0x0c, 0xff, 0xd0, 0x00, 0x6f, 0xff, 0x30, 0x00, 0x8f, 0xff, 0x50, 0x6f, 0xff, 0x20, 0x0e,
    0xff, 0xc0, 0x00, 0x6f, 0xff, 0x20, 0x00, 0xdf, 0xfe, 0x10, 0x1f, 0xff, 0x70, 0x2f, 0xff, 0x90,
    0x00, 0x7f, 0xff, 0x20, 0x03, 0xff, 0xfa, 0x00, 0x0b, 0xff, 0xd0, 0x6f, 0xff, 0x60, 0x00, 0x7f,
    0xff, 0x20, 0x0a, 0xff, 0xf6, 0x11, 0x28, 0xff, 0xf3, 0xbf, 0xff, 0x30, 0x00, 0x8f, 0xff, 0x10,
    0x4f, 0xff, 0xff, 0xff, 0xff, 0xff, 0xfb, 0xff, 0xfd, 0x00, 0x00, 0x9f, 0xff, 0x10, 0x4f, 0xff,
    0xff, 0xff, 0xff, 0xff, 0xff, 0xff, 0xf8, 0x10, 0x02, 0xdf, 0xff, 0x00, 0x0b, 0xff, 0xff, 0xff,
    0xff, 0xff, 0xff, 0xff, 0xf5, 0xff, 0xff, 0xff, 0xfe, 0x00, 0x03, 0xec, 0xb9, 0x87, 0x64, 0x34,
    0xef, 0xff, 0xa0, 0xef, 0xff, 0xff, 0xfc, 0x00, 0x00, 0x00, 0x00, 0x00, 0x00, 0x0c, 0xff, 0xff,
    0x20, 0xaf, 0xff, 0xff, 0xf5, 0x00, 0x00, 0x00, 0x00, 0x00, 0x00, 0x05, 0xef, 0xf8, 0x00, 0x7f,
    0xee, 0xda, 0x40, 0x00, 0x00, 0x00, 0x00, 0x00, 0x00, 0x00, 0x2b, 0xb0, 0x00, 0x00, 0x00, 0x00,
    0x00, 0x00, 0x00, 0x00, 0x00, 0x00, 0x00, 0x00, 0x00, 0x10, 0x00, 0x00, 0x00, 0x00, 0x00, 0x00,
    0x00, 0x00, 0x00, 0x00, 0x00, 0x00, 0x00, 0x00, 0xff, 0xfa, 0x00, 0x00, 0x00, 0x00, 0x05, 0xff,
    0xff, 0xff, 0xff, 0xff, 0x90, 0x00, 0xff, 0xfa, 0x00, 0x00, 0x00, 0x00, 0x05, 0xff, 0xff, 0xff,
    0xff, 0xff, 0x90, 0x00, 0xff, 0xf9, 0x00, 0x00, 0x00, 0x00, 0x05, 0xff, 0xff, 0xff, 0xff, 0xff,
    0x90, 0x00, 0xff, 0xf9, 0x00, 0x00, 0x00, 0x00, 0x05, 0xff, 0xf4, 0x33, 0x3d, 0xff, 0x98, 0xff,
    0xff, 0xff, 0xff, 0xff, 0xff, 0x60, 0x05, 0xff, 0xf1, 0x00, 0x0d, 0xff, 0x98, 0xff, 0xff, 0xff,
    0xff, 0xff, 0xff, 0x60, 0x05, 0xff, 0xf1, 0x00, 0x0d, 0xff, 0x98, 0xff, 0xff, 0xff, 0xff, 0xff,
    0xff, 0x60, 0x05, 0xff, 0xf1, 0x00, 0x0d, 0xff, 0x95, 0x9a, 0xff, 0xfc, 0x99, 0xbf, 0xff, 0x50,
    0x05, 0xff, 0xff, 0xff, 0xff, 0xff, 0x90, 0x01, 0xff, 0xf8, 0x00, 0x4f, 0xff, 0x50, 0x05, 0xff,
    0xff, 0xff, 0xff, 0xff, 0x90, 0x02, 0xff, 0xf7, 0x00, 0x4f, 0xff, 0x50, 0x05, 0xff, 0xfe, 0xee,
    0xef, 0xff, 0x90, 0x02, 0xff, 0xf7, 0x00, 0x4f, 0xff, 0x40, 0x05, 0xff, 0xf1, 0x00, 0x0d, 0xff,
    0x90, 0x03, 0xff, 0xf6, 0x00, 0x4f, 0xff, 0x40, 0x05, 0xff, 0xf1, 0x00, 0x0d, 0xff, 0x90, 0x04,
    0xff, 0xf5, 0x00, 0x4f, 0xff, 0x40, 0x05, 0xff, 0xf1, 0x00, 0x0d, 0xff, 0x90, 0x06, 0xff, 0xf4,
    0x00, 0x5f, 0xff, 0x40, 0x05, 0xff, 0xf1, 0x00, 0x0d, 0xff, 0x90, 0x08, 0xff, 0xf3, 0x00, 0x5f,
    0xff, 0x30, 0x05, 0xff, 0xff, 0xff, 0xff, 0xff, 0x90, 0x0a, 0xff, 0xf1, 0x00, 0x5f, 0xff, 0x30,
    0x05, 0xff, 0xff, 0xff, 0xff, 0xff, 0x90, 0x0c, 0xff, 0xe0, 0x00, 0x6f, 0xff, 0x30, 0x05, 0xff,
    0xfe, 0xee, 0xef, 0xff, 0x90, 0x1f, 0xff, 0xc0, 0x00, 0x6f, 0xff, 0x20, 0x05, 0xff, 0xf1, 0x00,
    0x0d, 0xff, 0x90, 0x4f, 0xff, 0x90, 0x00, 0x7f, 0xff, 0x20, 0x05, 0xff, 0xf1, 0x00, 0x0d, 0xff,
    0x90, 0x9f, 0xff, 0x60, 0x00, 0x7f, 0xff, 0x20, 0x05, 0xff, 0xf1, 0x00, 0x0d, 0xff, 0x91, 0xef,
    0xff, 0x10, 0x00, 0x8f, 0xff, 0x10, 0x05, 0xff, 0xf2, 0x13, 0x4d, 0xff, 0xca, 0xff, 0xfb, 0x00,
    0x00, 0xaf, 0xff, 0x10, 0x4a, 0xff, 0xff, 0xff, 0xff, 0xff, 0xff, 0xff, 0xf5, 0x00, 0x04, 0xff,
    0xff, 0x00, 0x7f, 0xff, 0xff, 0xff, 0xff, 0xff, 0xff, 0xff, 0xd3, 0xff, 0xff, 0xff, 0xfc, 0x00,
    0x5f, 0xff, 0xff, 0xff, 0xff, 0xff, 0xff, 0xff, 0x60, 0xef, 0xff, 0xff, 0xf7, 0x00, 0x3f, 0xfe,
    0xca, 0x97, 0x54, 0x22, 0xcf, 0xfc, 0x00, 0xbf, 0xff, 0xff, 0xa0, 0x00, 0x03, 0x10, 0x00, 0x00,
    0x00, 0x00, 0x1b, 0xe2, 0x00, 0x7b, 0xba, 0x85, 0x00, 0x00, 0x00, 0x00, 0x00, 0x00, 0x00, 0x00,
    0x00, 0x30, 0x00, 0x00, 0x00, 0x00, 0x00, 0x00, 0x00, 0xef, 0xff, 0xff, 0xff, 0xff, 0xff, 0xff,
    0xff, 0xff, 0xff, 0xff, 0xff, 0x50, 0x00, 0xef, 0xff, 0xff, 0xff, 0xff, 0xff, 0xff, 0xff, 0xff,
    0xff, 0xff, 0xff, 0x50, 0x00, 0xef, 0xff, 0xff, 0xff, 0xff, 0xff, 0xff, 0xff, 0xff, 0xff, 0xff,
    0xff, 0x50, 0x00, 0xef, 0xff, 0xaa, 0xaa, 0xaa, 0xaa, 0xaa, 0xaa, 0xaa, 0xaa, 0xaa, 0xaa, 0x40,
    0x00, 0xef, 0xff, 0x00, 0x1b, 0x30, 0x00, 0x00, 0x00, 0x00, 0x00, 0x00, 0x00, 0x00, 0x00, 0xef,
    0xff, 0x02, 0xdf, 0xe4, 0x00, 0x00, 0x00, 0x06, 0xa2, 0x00, 0x00, 0x00, 0x00, 0xef, 0xff, 0x0b,
    0xff, 0xff, 0x50, 0x00, 0x00, 0x4f, 0xfe, 0x60, 0x00, 0x00, 0x00, 0xef, 0xff, 0x01, 0xcf, 0xff,
    0xf6, 0x00, 0x04, 0xef, 0xff, 0xe2, 0x00, 0x00, 0x00, 0xef, 0xff, 0x00, 0x1c, 0xff, 0xff, 0x70,
    0x4e, 0xff, 0xff, 0x40, 0x00, 0x00, 0x00, 0xef, 0xff, 0x00, 0x01, 0xbf, 0xff, 0xfa, 0xef, 0xff,
    0xf5, 0x00, 0x00, 0x00, 0x00, 0xef, 0xff, 0x00, 0x00, 0x1b, 0xff, 0xff, 0xff, 0xff, 0x60, 0x00,
    0x00, 0x00, 0x00, 0xef, 0xff, 0x00, 0x00, 0x00, 0xaf, 0xff, 0xff, 0xf5, 0x00, 0x00, 0x00, 0x00,
    0x00, 0xef, 0xff, 0x00, 0x00, 0x00, 0x5f, 0xff, 0xff, 0xd1, 0x00, 0x00, 0x00, 0x00, 0x00, 0xef,
    0xff, 0x00, 0x00, 0x03, 0xef, 0xff, 0xff, 0xfd, 0x10, 0x00, 0x00, 0x00, 0x00, 0xef, 0xff, 0x00,
    0x00, 0x1d, 0xff, 0xff, 0xff, 0xff, 0xd2, 0x00, 0x00, 0x00, 0x00, 0xef, 0xff, 0x00, 0x00, 0xbf,
    0xff, 0xf4, 0x8f, 0xff, 0xfd, 0x20, 0x00, 0x00, 0x00, 0xef, 0xff, 0x00, 0x0a, 0xff, 0xff, 0x60,
    0x09, 0xff, 0xff, 0xd2, 0x00, 0x00, 0x00, 0xef, 0xff, 0x00, 0xaf, 0xff, 0xf8, 0x00, 0x00, 0xaf,
    0xff, 0xfe, 0x20, 0x00, 0x00, 0xef, 0xff, 0x09, 0xff, 0xff, 0xa0, 0x00, 0x00, 0x0b, 0xff, 0xff,
    0x50, 0x00, 0x00, 0xef, 0xff, 0x2e, 0xff, 0xfb, 0x00, 0x00, 0x00, 0x01, 0xcf, 0xe4, 0x00, 0x00,
    0x00, 0xef, 0xff, 0x03, 0xef, 0xb1, 0x00, 0x00, 0x00, 0x00, 0x1b, 0x30, 0x00, 0x00, 0x00, 0xef,
    0xff, 0x00, 0x3b, 0x10, 0x00, 0x00, 0x00, 0x00, 0x00, 0x00, 0x00, 0x00, 0x00, 0xef, 0xff, 0xff,
    0xff, 0xff, 0xff, 0xff, 0xff, 0xff, 0xff, 0xff, 0xff, 0xf3, 0x00, 0xef, 0xff, 0xff, 0xff, 0xff,
    0xff, 0xff, 0xff, 0xff, 0xff, 0xff, 0xff, 0xf3, 0x00, 0xef, 0xff, 0xff, 0xff, 0xff, 0xff, 0xff,
    0xff, 0xff, 0xff, 0xff, 0xff, 0xf3, 0x00, 0xaa, 0xaa, 0xaa, 0xaa, 0xaa, 0xaa, 0xaa, 0xaa, 0xaa,
    0xaa, 0xaa, 0xaa, 0xa2, 0x00, 0x00, 0x00, 0x05, 0xc7, 0x00, 0x00, 0x00, 0x00, 0xba, 0x50, 0x00,
    0x00, 0x00, 0x00, 0x00, 0x01, 0xdf, 0xff, 0x50, 0x00, 0x00, 0x07, 0xff, 0xfe, 0x50, 0x00, 0x00,
    0x00, 0x00, 0x00, 0x7f, 0xff, 0xe3, 0x00, 0x00, 0x4f, 0xff, 0xfa, 0x00, 0x00, 0x00, 0x00, 0x00,
    0x00, 0x0b, 0xff, 0xd5, 0x00, 0x01, 0xef, 0xff, 0xb0, 0x00, 0x00, 0x00, 0x00, 0x5f, 0xff, 0xff,
    0xff, 0xff, 0xff, 0xff, 0xff, 0xff, 0xff, 0xff, 0xf6, 0x00, 0x00, 0x5f, 0xff, 0xff, 0xff, 0xff,
    0xff, 0xff, 0xff, 0xff, 0xff, 0xff, 0xf6, 0x00, 0x00, 0x5f, 0xff, 0xff, 0xff, 0xff, 0xff, 0xff,
    0xff, 0xff, 0xff, 0xff, 0xf6, 0x00, 0x00, 0x5f, 0xff, 0x63, 0x33, 0x33, 0xef, 0xfe, 0x33, 0x33,
    0x35, 0xff, 0xf6, 0x00, 0x00, 0x5f, 0xff, 0x40, 0x00, 0x00, 0xdf, 0xfe, 0x00, 0x00, 0x03, 0xff,
    0xf6, 0x00, 0x00, 0x5f, 0xff, 0xff, 0xff, 0xff, 0xff, 0xff, 0xff, 0xff, 0xff, 0xff, 0xf6, 0x00,
    0x00, 0x5f, 0xff, 0xff, 0xff, 0xff, 0xff, 0xff, 0xff, 0xff, 0xff, 0xff, 0xf6, 0x00, 0x00, 0x5f,
    0xff, 0xdc, 0xcc, 0xcc, 0xff, 0xff, 0xcc, 0xcc, 0xcd, 0xff, 0xf6, 0x00, 0x00, 0x5f, 0xff, 0x40,
    0x00, 0x00, 0xdf, 0xfe, 0x00, 0x00, 0x03, 0xff, 0xf6, 0x00, 0x00, 0x5f, 0xff, 0x40, 0x00, 0x00,
    0xdf, 0xfe, 0x00, 0x00, 0x03, 0xff, 0xf6, 0x00, 0x00, 0x5f, 0xff, 0xff, 0xff, 0xff, 0xff, 0xff,
    0xff, 0xff, 0xff, 0xff, 0xf6, 0x00, 0x00, 0x5f, 0xff, 0xff, 0xff, 0xff, 0xff, 0xff, 0xff, 0xff,
    0xff, 0xff, 0xf6, 0x00, 0x00, 0x5f, 0xff, 0xff, 0xff, 0xff, 0xff, 0xff, 0xff, 0xff, 0xff, 0xff,
    0xf6, 0x00, 0x00, 0x13, 0x33, 0x33, 0x33, 0x33, 0xef, 0xfe, 0x33, 0x33, 0x33, 0x33, 0x31, 0x00,
    0x00, 0x00, 0x00, 0x00, 0x00, 0x00, 0xdf, 0xfe, 0x00, 0x00, 0x00, 0x00, 0x00, 0x00, 0x8f, 0xff,
    0xff, 0xff, 0xff, 0xff, 0xff, 0xff, 0xff, 0xff, 0xff, 0xff, 0xff, 0xf8, 0x8f, 0xff, 0xff, 0xff,
    0xff, 0xff, 0xff, 0xff, 0xff, 0xff, 0xff, 0xff, 0xff, 0xf8, 0x8f, 0xff, 0xff, 0xff, 0xff, 0xff,
    0xff, 0xff, 0xff, 0xff, 0xff, 0xff, 0xff, 0xf8, 0x35, 0x55, 0x55, 0x55, 0x55, 0x55, 0xef, 0xfe,
    0x55, 0x55, 0x55, 0x55, 0x55, 0x53, 0x00, 0x00, 0x00, 0x00, 0x00, 0x00, 0xdf, 0xfe, 0x00, 0x00,
    0x00, 0x00, 0x00, 0x00, 0x00, 0x00, 0x00, 0x00, 0x00, 0x00, 0xdf, 0xfe, 0x00, 0x00, 0x00, 0x00,
    0x00, 0x00, 0x00, 0x00, 0x00, 0x00, 0x00, 0x00, 0xdf, 0xfe, 0x00, 0x00, 0x00, 0x00, 0x00, 0x00,
    0x00, 0x00, 0x00, 0x00, 0x00, 0x00, 0xdf, 0xfe, 0x00, 0x00, 0x00, 0x00, 0x00, 0x00, 0x00, 0x00,
    0x00, 0x00, 0x00, 0x00, 0xcf, 0xff, 0x20, 0x00, 0x00, 0x00, 0x00, 0x00, 0x00, 0x00, 0x00, 0x00,
    0x00, 0x00, 0xcf, 0xff, 0x20, 0x00, 0x00, 0x00, 0x00, 0x00, 0x4f, 0xff, 0xff, 0xff, 0xff, 0xff,
    0xff, 0xff, 0xff, 0xff, 0xff, 0xff, 0xff, 0xf4, 0x4f, 0xff, 0xff, 0xff, 0xff, 0xff, 0xff, 0xff,
    0xff, 0xff, 0xff, 0xff, 0xff, 0xf4, 0x4f, 0xff, 0xff, 0xff, 0xff, 0xff, 0xff, 0xff, 0xff, 0xff,
    0xff, 0xff, 0xff, 0xf4, 0x13, 0x33, 0x33, 0x33, 0x33, 0x33, 0xdf, 0xff, 0x53, 0x33, 0x33, 0x33,
    0x33, 0x31, 0x00, 0x00, 0x00, 0x00, 0x00, 0x00, 0xcf, 0xff, 0x20, 0x00, 0x00, 0x00, 0x00, 0x00,
    0x00, 0xff, 0xff, 0xff, 0xff, 0xff, 0xff, 0xff, 0xff, 0xff, 0xff, 0xff, 0xff, 0x30, 0x00, 0xff,
    0xff, 0xff, 0xff, 0xff, 0xff, 0xff, 0xff, 0xff, 0xff, 0xff, 0xff, 0x30, 0x00, 0xff, 0xff, 0xff,
    0xff, 0xff, 0xff, 0xff, 0xff, 0xff, 0xff, 0xff, 0xff, 0x30, 0x00, 0xff, 0xfb, 0x33, 0x49, 0xea,
    0x33, 0x33, 0xae, 0x94, 0x33, 0x9f, 0xff, 0x30, 0x00, 0xff, 0xfa, 0x00, 0xaf, 0xfe, 0x10, 0x00,
    0xef, 0xfc, 0x00, 0x8f, 0xff, 0x30, 0x00, 0xff, 0xfa, 0x00, 0x4f, 0xff, 0x60, 0x06, 0xff, 0xf5,
    0x00, 0x8f, 0xff, 0x30, 0x00, 0xff, 0xfa, 0x00, 0x0d, 0xff, 0xc0, 0x0c, 0xff, 0xd0, 0x00, 0x8f,
    0xff, 0x30, 0x00, 0xff, 0xfa, 0x2f, 0xff, 0xff, 0xff, 0xff, 0xff, 0xff, 0xf3, 0x8f, 0xff, 0x30,
    0x00, 0xff, 0xfa, 0x2f, 0xff, 0xff, 0xff, 0xff, 0xff, 0xff, 0xf3, 0x8f, 0xff, 0x30, 0x00, 0xff,
    0xfa, 0x2e, 0xee, 0xee, 0xff, 0xff, 0xee, 0xee, 0xe2, 0x8f, 0xff, 0x30, 0x00, 0xff, 0xfa, 0x00,
    0x00, 0x00, 0xcf, 0xfc, 0x00, 0x00, 0x00, 0x8f, 0xff, 0x30, 0x00, 0xff, 0xfa, 0x00, 0x00, 0x00,
    0xcf, 0xfc, 0x00, 0x00, 0x00, 0x8f, 0xff, 0x30, 0x00, 0xff, 0xfa, 0x9f, 0xff, 0xff, 0xff, 0xff,
    0xff, 0xff, 0xf9, 0x8f, 0xff, 0x30, 0x00, 0xff, 0xfa, 0x9f, 0xff, 0xff, 0xff, 0xff, 0xff, 0xff,
    0xf9, 0x8f, 0xff, 0x30, 0x00, 0xff, 0xfa, 0x8e, 0xee, 0xee, 0xff, 0xff, 0xee, 0xee, 0xe8, 0x8f,
    0xff, 0x30, 0x00, 0xff, 0xfa, 0x00, 0x00, 0x00, 0xcf, 0xfc, 0x00, 0x00, 0x00, 0x9f, 0xff, 0x30,
    0x00, 0xff, 0xfa, 0x00, 0x00, 0x00, 0xcf, 0xfc, 0x01, 0x11, 0x03, 0xef, 0xff, 0x20, 0x00, 0xff,
    0xfa, 0x00, 0x00, 0x00, 0xcf, 0xfc, 0x08, 0xff, 0xff, 0xff, 0xfe, 0x00, 0x00, 0xff, 0xfa, 0x00,
    0x00, 0x00, 0xcf, 0xfc, 0x05, 0xff, 0xff, 0xff, 0xf9, 0x00, 0x00, 0xff, 0xfa, 0x00, 0x00, 0x00,
    0xcf, 0xfc, 0x02, 0xff, 0xff, 0xff, 0xb1, 0x00, 0x00, 0xff, 0xfa, 0x00, 0x00, 0x00, 0x00, 0x00,
    0x00, 0x78, 0x88, 0x74, 0x00, 0x00, 0x00, 0x00, 0x00, 0x00, 0x00, 0x3f, 0xff, 0xe0, 0x00, 0x00,
    0x00, 0x00, 0x00, 0x00, 0x00, 0x00, 0x00, 0x00, 0x00, 0x3f, 0xff, 0xe0, 0x00, 0x00, 0x00, 0x00,
    0x00, 0x00, 0x00, 0x00, 0x00, 0x00, 0x00, 0x3f, 0xff, 0xe0, 0x00, 0x00, 0x00, 0x00, 0x00, 0x00,
    0x00, 0x00, 0x00, 0x00, 0x00, 0x3f, 0xff, 0xff, 0xff, 0xff, 0xff, 0xff, 0xfb, 0x00, 0x00, 0x00,
    0x00, 0x00, 0x00, 0x3f, 0xff, 0xff, 0xff, 0xff, 0xff, 0xff, 0xfb, 0x00, 0x00, 0x00, 0x00, 0x00,
    0x00, 0x3f, 0xff, 0xff, 0xff, 0xff, 0xff, 0xff, 0xfb, 0x00, 0x00, 0x00, 0x00, 0x00, 0x00, 0x3f,
    0xff, 0xe5, 0x55, 0x55, 0x55, 0x55, 0x54, 0x00, 0x00, 0x00, 0x00, 0x00, 0x00, 0x3f, 0xff, 0xe0,
    0x00, 0x00, 0x00, 0x00, 0x00, 0x00, 0x00, 0x00, 0x00, 0x00, 0x00, 0x3f, 0xff, 0xe0, 0x00, 0x00,
    0x00, 0x00, 0x00, 0x00, 0x00, 0x00, 0x00, 0x00, 0x00, 0x3f, 0xff, 0xe0, 0x00, 0x00, 0x00, 0x00,
    0x00, 0x00, 0x2f, 0xff, 0xff, 0xff, 0xff, 0xff, 0xff, 0xff, 0xff, 0xff, 0xff, 0xff, 0xff, 0xf5,
    0x2f, 0xff, 0xff, 0xff, 0xff, 0xff, 0xff, 0xff, 0xff, 0xff, 0xff, 0xff, 0xff, 0xf5, 0x2f, 0xff,
    0xff, 0xff, 0xff, 0xff, 0xff, 0xff, 0xff, 0xff, 0xff, 0xff, 0xff, 0xf5, 0x16, 0x66, 0x66, 0x66,
    0x66, 0x66, 0x66, 0x66, 0x66, 0x66, 0x66, 0x66, 0x66, 0x62, 0x00, 0x00, 0x00, 0x00, 0x00, 0x3f,
    0xff, 0xe0, 0x00, 0x00, 0x00, 0x00, 0x00, 0x00, 0x00, 0x00, 0x00, 0x00, 0x00, 0x3f, 0xff, 0xe0,
    0x8b, 0x40, 0x00, 0x00, 0x00, 0x00, 0x00, 0x00, 0x00, 0x00, 0x00, 0x3f, 0xff, 0xe5, 0xff, 0xfc,
    0x50, 0x00, 0x00, 0x00, 0x00, 0x00, 0x00, 0x00, 0x00, 0x3f, 0xff, 0xfe, 0xff, 0xff, 0xfd, 0x60,
    0x00, 0x00, 0x00, 0x00, 0x00, 0x00, 0x00, 0x3f, 0xff, 0xe7, 0xef, 0xff, 0xff, 0xfd, 0x50, 0x00,
    0x00, 0x00, 0x00, 0x00, 0x00, 0x3f, 0xff, 0xe0, 0x16, 0xdf, 0xff, 0xff, 0xfd, 0x30, 0x00, 0x00,
    0x00, 0x00, 0x00, 0x3f, 0xff, 0xe0, 0x00, 0x05, 0xdf, 0xff, 0xfe, 0x10, 0x00, 0x00, 0x00, 0x00,
    0x00, 0x3f, 0xff, 0xe0, 0x00, 0x00, 0x06, 0xdf, 0xf6, 0x00, 0x00, 0x00, 0x00, 0x00, 0x00, 0x3f,
    0xff, 0xe0, 0x00, 0x00, 0x00, 0x17, 0xb0, 0x00, 0x00, 0x00, 0x00, 0x00, 0x00, 0x3f, 0xff, 0xe0,
    0x00, 0x00, 0x00, 0x00, 0x00, 0x00, 0x00, 0x00, 0x00, 0x00, 0x00, 0x3f, 0xff, 0xe0, 0x00, 0x00,
    0x00, 0x00, 0x00, 0x00, 0x00, 0x00, 0x00, 0x00, 0x00, 0x3f, 0xff, 0xe0, 0x00, 0x00, 0x00, 0x00,
    0x00, 0x00, 0x00, 0x00, 0x00, 0x00, 0x00, 0x3f, 0xff, 0xe0, 0x00, 0x00, 0x00, 0x00, 0x00, 0x00,
    0x00, 0xcf, 0xff, 0xff, 0xff, 0xff, 0xff, 0xff, 0xff, 0xff, 0xff, 0xff, 0xff, 0xf4, 0x00, 0xcf,
    0xff, 0xff, 0xff, 0xff, 0xff, 0xff, 0xff, 0xff, 0xff, 0xff, 0xff, 0xf4, 0x00, 0xcf, 0xff, 0xff,
    0xff, 0xff, 0xff, 0xff, 0xff, 0xff, 0xff, 0xff, 0xff, 0xf4, 0x00, 0xcf, 0xfb, 0x33, 0x33, 0x33,
    0x33, 0x33, 0x33, 0x33, 0x33, 0x3d, 0xff, 0x91, 0x00, 0xcf, 0xfa, 0x00, 0x00, 0x00, 0x00, 0x00,
    0x00, 0x00, 0x00, 0x0b, 0xff, 0x60, 0x00, 0xcf, 0xfa, 0x0f, 0xff, 0xff, 0xff, 0xff, 0xfa, 0x09,
    0x97, 0x0b, 0xff, 0x60, 0x00, 0xcf, 0xfa, 0x0f, 0xff, 0xff, 0xff, 0xff, 0xfa, 0x0f, 0xfc, 0x0b,
    0xff, 0x60, 0x00, 0xcf, 0xfa, 0x0f, 0xff, 0xff, 0xff, 0xff, 0xfa, 0x0f, 0xfc, 0x0b, 0xff, 0x60,
    0x00, 0xcf, 0xfa, 0x0f, 0xfc, 0x24, 0x43, 0x7f, 0xfa, 0x0f, 0xfc, 0x0b, 0xff, 0x60, 0x00, 0xcf,
    0xfa, 0x0f, 0xfc, 0x3f, 0xf8, 0x6f, 0xfa, 0x0f, 0xfc, 0x0b, 0xff, 0x60, 0x00, 0xcf, 0xfa, 0x0f,
    0xfc, 0x3f, 0xf8, 0x6f, 0xfa, 0x0f, 0xfc, 0x0b, 0xff, 0x60, 0x00, 0xdf, 0xf9, 0x0f, 0xfc, 0x3f,
    0xf8, 0x6f, 0xfa, 0x0f, 0xfc, 0x0b, 0xff, 0x60, 0x00, 0xdf, 0xf9, 0x0f, 0xfc, 0x3f, 0xf8, 0x6f,
    0xfa, 0x0f, 0xfc, 0x0b, 0xff, 0x60, 0x00, 0xdf, 0xf9, 0x0f, 0xfc, 0x3f, 0xf8, 0x6f, 0xfa, 0x0f,
    0xfc, 0x0b, 0xff, 0x60, 0x00, 0xef, 0xf8, 0x0f, 0xfc, 0x3f, 0xf8, 0x6f, 0xfa, 0x0f, 0xfc, 0x0b,
    0xff, 0x60, 0x00, 0xff, 0xf7, 0x0f, 0xfc, 0x4f, 0xf7, 0x6f, 0xfa, 0x0f, 0xfc, 0x0b, 0xff, 0x60,
    0x02, 0xff, 0xf6, 0x0f, 0xfc, 0x7f, 0xf6, 0x6f, 0xfa, 0x0f, 0xfc, 0x0b, 0xff, 0x60, 0x04, 0xff,
    0xf4, 0x0f, 0xfc, 0xcf, 0xf7, 0x6f, 0xfa, 0x0f, 0xfc, 0x0b, 0xff, 0x60, 0x07, 0xff, 0xf2, 0x07,
    0x79, 0xff, 0xff, 0x95, 0x53, 0x0f, 0xfc, 0x0b, 0xff, 0x60, 0x0a, 0xff, 0xe0, 0x00, 0x2e, 0xff,
    0xff, 0xfa, 0x00, 0x0c, 0xc9, 0x0b, 0xff, 0x60, 0x0e, 0xff, 0xb0, 0x03, 0xdf, 0xff, 0xaf, 0xff,
    0xb1, 0x00, 0x00, 0x0b, 0xff, 0x60, 0x5f, 0xff, 0x71, 0x8f, 0xff, 0xf8, 0x08, 0xff, 0xfc, 0x14,
    0x55, 0x7f, 0xff, 0x60, 0x7f, 0xff, 0x35, 0xff, 0xff, 0xb0, 0x00, 0x8f, 0xff, 0xb9, 0xff, 0xff,
    0xff, 0x40, 0x07, 0xfc, 0x00, 0x8f, 0xfa, 0x00, 0x00, 0x08, 0xfb, 0x15, 0xff, 0xff, 0xfd, 0x00,
    0x00, 0x74, 0x00, 0x0a, 0x60, 0x00, 0x00, 0x00, 0x60, 0x02, 0xff, 0xed, 0x92, 0x00, 0x00, 0x00,
    0x00, 0x00, 0xaf, 0xff, 0x70, 0x00, 0x00, 0x00, 0x00, 0x00, 0x00, 0x00, 0x00, 0x00, 0x00, 0x00,
    0xcf, 0xff, 0x50, 0x00, 0x00, 0x00, 0x00, 0x00, 0x00, 0x00, 0x00, 0x00, 0x00, 0x00, 0xef, 0xff,
    0x30, 0x00, 0x00, 0x00, 0x00, 0x00, 0x00, 0x00, 0x0e, 0xff, 0xff, 0xff, 0xff, 0xff, 0xff, 0xff,
    0xff, 0xff, 0xff, 0xff, 0xff, 0xf3, 0x0e, 0xff, 0xff, 0xff, 0xff, 0xff, 0xff, 0xff, 0xff, 0xff,
    0xff, 0xff, 0xff, 0xf3, 0x0e, 0xff, 0xff, 0xff, 0xff, 0xff, 0xff, 0xff, 0xff, 0xff, 0xff, 0xff,
    0xff, 0xf3, 0x06, 0x66, 0x66, 0x6b, 0xff, 0xfb, 0x66, 0x66, 0x66, 0x66, 0x66, 0x66, 0x66, 0x61,
    0x00, 0x00, 0x00, 0x0c, 0xff, 0xf6, 0x00, 0x00, 0x00, 0x00, 0x00, 0x00, 0x00, 0x00, 0x00, 0x00,
    0x00, 0x0e, 0xff, 0xf3, 0x00, 0x00, 0x00, 0x00, 0x00, 0x00, 0x00, 0x00, 0x00, 0x00, 0x00, 0x3f,
    0xff, 0xf1, 0x00, 0x00, 0x00, 0x00, 0x00, 0x00, 0x00, 0x00, 0x00, 0x00, 0x00, 0x8f, 0xff, 0xff,
    0xff, 0xff, 0xff, 0xff, 0xff, 0xff, 0xf3, 0x00, 0x00, 0x00, 0x00, 0xcf, 0xff, 0xff, 0xff, 0xff,
    0xff, 0xff, 0xff, 0xff, 0xf3, 0x00, 0x00, 0x00, 0x02, 0xff, 0xff, 0xff, 0xff, 0xff, 0xff, 0xff,
    0xff, 0xff, 0xf3, 0x00, 0x00, 0x00, 0x07, 0xff, 0xfe, 0x66, 0x66, 0x66, 0x66, 0x66, 0x7f, 0xff,
    0xf2, 0x00, 0x00, 0x00, 0x0d, 0xff, 0xf8, 0x00, 0x00, 0x00, 0x00, 0x00, 0x9f, 0xff, 0x80, 0x00,
    0x00, 0x00, 0x4f, 0xff, 0xf2, 0x03, 0xb1, 0x00, 0x00, 0x04, 0xff, 0xfe, 0x10, 0x00, 0x00, 0x00,
    0xbf, 0xff, 0xb0, 0x4e, 0xfb, 0x00, 0x00, 0x2e, 0xff, 0xf5, 0x00, 0x00, 0x00, 0x04, 0xff, 0xff,
    0x51, 0xef, 0xff, 0xa1, 0x01, 0xdf, 0xff, 0x90, 0x00, 0x00, 0x00, 0x0c, 0xff, 0xfc, 0x00, 0x4f,
    0xff, 0xfd, 0x4c, 0xff, 0xfc, 0x00, 0x00, 0x00, 0x00, 0x6f, 0xff, 0xf4, 0x00, 0x04, 0xef, 0xff,
    0xff, 0xff, 0xc1, 0x00, 0x00, 0x00, 0x02, 0xef, 0xff, 0xb0, 0x00, 0x00, 0x3e, 0xff, 0xff, 0xff,
    0x30, 0x00, 0x00, 0x00, 0x1d, 0xff, 0xfe, 0x20, 0x00, 0x01, 0x8e, 0xff, 0xff, 0xff, 0xf9, 0x20,
    0x00, 0x00, 0x7f, 0xff, 0xf5, 0x00, 0x15, 0xaf, 0xff, 0xff, 0xff, 0xff, 0xff, 0xfb, 0x62, 0x00,
    0x1d, 0xff, 0x90, 0x7b, 0xff, 0xff, 0xff, 0xfd, 0x5a, 0xff, 0xff, 0xff, 0xff, 0xd4, 0x06, 0xfb,
    0x00, 0x9f, 0xff, 0xff, 0xfd, 0x60, 0x00, 0x4c, 0xff, 0xff, 0xff, 0xd1, 0x00, 0xa1, 0x00, 0x1d,
    0xff, 0xfc, 0x60, 0x00, 0x00, 0x00, 0x4b, 0xff, 0xff, 0x40, 0x00, 0x00, 0x00, 0x05, 0xd8, 0x30,
    0x00, 0x00, 0x00, 0x00, 0x00, 0x27, 0xba, 0x00, 0x00, 0x00, 0x00, 0x00, 0x00, 0x7e, 0xdc, 0x60,
    0x00, 0x03, 0xc3, 0x00, 0x00, 0x00, 0x00, 0x5e, 0xcb, 0x40, 0x00, 0xbf, 0xff, 0x50, 0x00, 0x4e,
    0xff, 0x60, 0x00, 0x00, 0x00, 0xaf, 0xff, 0x40, 0x00, 0xef, 0xff, 0x10, 0x00, 0xaf, 0xff, 0xf9,
    0x00, 0x00, 0x01, 0xff, 0xfe, 0x00, 0x03, 0xff, 0xfc, 0x00, 0x00, 0x09, 0xff, 0xff, 0x50, 0x00,
    0x05, 0xff, 0xf9, 0x00, 0x07, 0xff, 0xf9, 0x00, 0x00, 0x00, 0x7f, 0xf7, 0x00, 0x00, 0x08, 0xff,
    0xff, 0xff, 0xff, 0xff, 0xff, 0xff, 0xff, 0xff, 0xff, 0xff, 0xff, 0xf8, 0x08, 0xff, 0xff, 0xff,
    0xff, 0xff, 0xff, 0xff, 0xff, 0xff, 0xff, 0xff, 0xff, 0xf8, 0x08, 0xff, 0xff, 0xff, 0xff, 0xff,
    0xff, 0xff, 0xff, 0xff, 0xff, 0xff, 0xff, 0xf8, 0x03, 0x55, 0x55, 0x55, 0xdf, 0xff, 0x85, 0x55,
    0x55, 0x55, 0x55, 0x55, 0x55, 0x53, 0x00, 0x00, 0x00, 0x03, 0xff, 0xfe, 0x10, 0x00, 0x00, 0x00,
    0x00, 0x00, 0x00, 0x00, 0x00, 0x00, 0x00, 0x0a, 0xff, 0xfa, 0x00, 0x00, 0x00, 0x00, 0x00, 0x00,
    0x00, 0x00, 0x00, 0x00, 0x00, 0x2f, 0xff, 0xff, 0xff, 0xff, 0xff, 0xff, 0xff, 0xff, 0xb0, 0x00,
    0x00, 0x00, 0x00, 0xbf, 0xff, 0xff, 0xff, 0xff, 0xff, 0xff, 0xff, 0xff, 0xb0, 0x00, 0x00, 0x00,
    0x05, 0xff, 0xff, 0xff, 0xff, 0xff, 0xff, 0xff, 0xff, 0xff, 0xb0, 0x00, 0x00, 0x00, 0x1d, 0xff,
    0xff, 0xff, 0x53, 0x33, 0x33, 0x34, 0xff, 0xff, 0x70, 0x00, 0x00, 0x00, 0xaf, 0xff, 0xff, 0xff,
    0xc0, 0x00, 0x00, 0x1c, 0xff, 0xfc, 0x00, 0x00, 0x00, 0x07, 0xff, 0xff, 0xad, 0xff, 0xf9, 0x00,
    0x00, 0xbf, 0xff, 0xe2, 0x00, 0x00, 0x00, 0x4f, 0xff, 0xfe, 0x14, 0xff, 0xff, 0x80, 0x1b, 0xff,
    0xff, 0x50, 0x00, 0x00, 0x04, 0xef, 0xff, 0xf5, 0x00, 0x7f, 0xff, 0xf9, 0xdf, 0xff, 0xf6, 0x00,
    0x00, 0x00, 0x3e, 0xff, 0xff, 0x90, 0x00, 0x09, 0xff, 0xff, 0xff, 0xff, 0x60, 0x00, 0x00, 0x00,
    0x8f, 0xff, 0xfc, 0x00, 0x00, 0x01, 0xdf, 0xff, 0xff, 0xfa, 0x00, 0x00, 0x00, 0x00, 0x4f, 0xff,
    0xd1, 0x00, 0x02, 0x8e, 0xff, 0xff, 0xff, 0xff, 0xd7, 0x20, 0x00, 0x00, 0x0f, 0xfe, 0x20, 0x16,
    0xbf, 0xff, 0xff, 0xff, 0xff, 0xff, 0xff, 0xfc, 0x73, 0x00, 0x0c, 0xe3, 0x4b, 0xff, 0xff, 0xff,
    0xff, 0x92, 0x5e, 0xff, 0xff, 0xff, 0xff, 0xf5, 0x07, 0x30, 0x4f, 0xff, 0xff, 0xff, 0x92, 0x00,
    0x01, 0x7e, 0xff, 0xff, 0xff, 0xc0, 0x00, 0x00, 0x0a, 0xff, 0xfd, 0x72, 0x00, 0x00, 0x00, 0x01,
    0x6c, 0xff, 0xff, 0x30, 0x00, 0x00, 0x01, 0xd9, 0x40, 0x00, 0x00, 0x00, 0x00, 0x00, 0x00, 0x37,
    0xc9, 0x00, 0x3f, 0xff, 0xff, 0xff, 0xff, 0xff, 0xfc, 0x00, 0x00, 0x00, 0x00, 0x00, 0x00, 0x00,
    0x3f, 0xff, 0xff, 0xff, 0xff, 0xff, 0xfc, 0xcf, 0xff, 0xff, 0xff, 0xff, 0xff, 0x90, 0x3f, 0xff,
    0xff, 0xff, 0xff, 0xff, 0xfc, 0xcf, 0xff, 0xff, 0xff, 0xff, 0xff, 0x90, 0x2b, 0xff, 0xf9, 0x88,
    0x8e, 0xff, 0xe6, 0xcf, 0xff, 0xff, 0xff, 0xff, 0xff, 0x90, 0x06, 0xff, 0xf4, 0x00, 0x0d, 0xff,
    0xc0, 0x9f, 0xff, 0xa8, 0x88, 0xaf, 0xff, 0x80, 0x06, 0xff, 0xff, 0xff, 0xff, 0xff, 0xc0, 0x4f,
    0xff, 0x60, 0x00, 0x4f, 0xff, 0x60, 0x06, 0xff, 0xff, 0xff, 0xff, 0xff, 0xc0, 0x2f, 0xff, 0x70,
    0x00, 0x7f, 0xff, 0x40, 0x06, 0xff, 0xff, 0xff, 0xff, 0xff, 0xc0, 0x1f, 0xff, 0x90, 0x00, 0xaf,
    0xff, 0x10, 0x06, 0xff, 0xf8, 0x55, 0x5e, 0xff, 0xc0, 0x0e, 0xff, 0xc0, 0x00, 0xdf, 0xfd, 0x00,
    0x06, 0xff, 0xf4, 0x00, 0x0d, 0xff, 0xc0, 0x0b, 0xff, 0xf0, 0x02, 0xff, 0xf9, 0x00, 0x06, 0xff,
    0xf4, 0x00, 0x0d, 0xff, 0xc0, 0x08, 0xff, 0xf4, 0x07, 0xff, 0xf6, 0x00, 0x06, 0xff, 0xf4, 0x00,
    0x0d, 0xff, 0xc0, 0x05, 0xff, 0xf7, 0x0b, 0xff, 0xf2, 0x00, 0x06, 0xff, 0xff, 0xff, 0xff, 0xff,
    0xc0, 0x01, 0xff, 0xfc, 0x2f, 0xff, 0xc0, 0x00, 0x06, 0xff, 0xff, 0xff, 0xff, 0xff, 0xc0, 0x00,
    0xcf, 0xff, 0xbf, 0xff, 0x60, 0x00, 0x06, 0xff, 0xff, 0xff, 0xff, 0xff, 0xc0, 0x00, 0x7f, 0xff,
    0xff, 0xff, 0x10, 0x00, 0x06, 0xff, 0xf8, 0x55, 0x5e, 0xff, 0xc0, 0x00, 0x2f, 0xff, 0xff, 0xfa,
    0x00, 0x00, 0x06, 0xff, 0xf4, 0x00, 0x0d, 0xff, 0xc0, 0x00, 0x0a, 0xff, 0xff, 0xf3, 0x00, 0x00,
    0x06, 0xff, 0xf4, 0x00, 0x0d, 0xff, 0xc0, 0x10, 0x04, 0xff, 0xff, 0xa0, 0x00, 0x00, 0x06, 0xff,
    0xf4, 0x00, 0x0d, 0xff, 0xed, 0x60, 0x08, 0xff, 0xff, 0xd1, 0x00, 0x00, 0x5c, 0xff, 0xfd, 0xde,
    0xef, 0xff, 0xff, 0x60, 0x5f, 0xff, 0xff, 0xfb, 0x10, 0x00, 0x7f, 0xff, 0xff, 0xff, 0xff, 0xff,
    0xff, 0x64, 0xef, 0xff, 0xff, 0xff, 0xb1, 0x00, 0x5f, 0xff, 0xff, 0xff, 0xff, 0xff, 0xfa, 0x7f,
    0xff, 0xfe, 0xcf, 0xff, 0xfc, 0x20, 0x3f, 0xed, 0xdc, 0xba, 0xae, 0xff, 0xc4, 0xff, 0xff, 0xf5,
    0x1b, 0xff, 0xff, 0xf4, 0x00, 0x00, 0x00, 0x00, 0x0d, 0xff, 0xc1, 0xdf, 0xff, 0x60, 0x01, 0xcf,
    0xff, 0xd0, 0x00, 0x00, 0x00, 0x00, 0x0d, 0xff, 0xc0, 0x4f, 0xf6, 0x00, 0x00, 0x1a, 0xff, 0x30,
    0x00, 0x00, 0x00, 0x00, 0x0d, 0xff, 0xc0, 0x09, 0x40, 0x00, 0x00, 0x00, 0x68, 0x00, 0x00, 0x00,
    0x11, 0x12, 0x22, 0x33, 0x44, 0x56, 0x67, 0x89, 0xab, 0xcd, 0xe1, 0x00, 0x02, 0xff, 0xff, 0xff,
    0xff, 0xff, 0xff, 0xff, 0xff, 0xff, 0xff, 0xff, 0xf4, 0x00, 0x00, 0xef, 0xff, 0xff, 0xff, 0xff,
    0xff, 0xff, 0xff, 0xff, 0xff, 0xff, 0xf7, 0x00, 0x00, 0xdf, 0xff, 0xff, 0xff, 0xff, 0xff, 0xee,
    0xdc, 0xbb, 0xa9, 0x87, 0x63, 0x00, 0x00, 0x56, 0x65, 0x44, 0x33, 0x28, 0xac, 0xd7, 0x00, 0x00,
    0x1d, 0xb7, 0x40, 0x00, 0x00, 0x05, 0xac, 0xe8, 0x00, 0x07, 0xff, 0xfc, 0x00, 0x00, 0x9f, 0xff,
    0xb0, 0x00, 0x00, 0x02, 0xff, 0xfe, 0x10, 0x01, 0xef, 0xff, 0x20, 0x02, 0xff, 0xff, 0x20, 0x00,
    0x00, 0x00, 0x8f, 0xff, 0x70, 0x00, 0x9f, 0xff, 0x70, 0x0a, 0xff, 0xf8, 0x00, 0x00, 0x0a, 0xff,
    0xff, 0xff, 0xff, 0xff, 0xff, 0xff, 0xff, 0xff, 0xff, 0xff, 0xff, 0xa0, 0x0a, 0xff, 0xff, 0xff,
    0xff, 0xff, 0xff, 0xff, 0xff, 0xff, 0xff, 0xff, 0xff, 0xa0, 0x0a, 0xff, 0xff, 0xff, 0xff, 0xff,
    0xff, 0xff, 0xff, 0xff, 0xff, 0xff, 0xff, 0xa0, 0x0a, 0xff, 0xf6, 0x66, 0x66, 0x66, 0x66, 0x66,
    0x66, 0x66, 0x66, 0x6f, 0xff, 0xa0, 0x0a, 0xff, 0xf0, 0x00, 0x00, 0x00, 0x00, 0x00, 0x00, 0x00,
    0x00, 0x0f, 0xff, 0xa0, 0x00, 0x00, 0x00, 0x00, 0x00, 0x00, 0x00, 0x00, 0x00, 0x00, 0x00, 0x00,
    0x00, 0x00, 0x00, 0x00, 0xbf, 0xff, 0xff, 0xff, 0xff, 0xff, 0xff, 0xff, 0xff, 0xfe, 0x00, 0x00,
    0x00, 0x00, 0xbf, 0xff, 0xff, 0xff, 0xff, 0xff, 0xff, 0xff, 0xff, 0xfe, 0x00, 0x00, 0x00, 0x00,
    0xbf, 0xff, 0xff, 0xff, 0xff, 0xff, 0xff, 0xff, 0xff, 0xfe, 0x00, 0x00, 0x00, 0x00, 0x35, 0x9f,
    0xfb, 0x55, 0x55, 0x55, 0x55, 0x9f, 0xff, 0xf8, 0x00, 0x00, 0x00, 0x00, 0x04, 0xff, 0xff, 0xa0,
    0x00, 0x00, 0x07, 0xff, 0xff, 0xb0, 0x00, 0x00, 0x00, 0x00, 0x01, 0xbf, 0xff, 0xfc, 0x30, 0x02,
    0xbf, 0xff, 0xfc, 0x10, 0x00, 0x00, 0x00, 0x00, 0x00, 0x0a, 0xff, 0xff, 0xf9, 0x8f, 0xff, 0xff,
    0xb1, 0x00, 0x00, 0x00, 0x00, 0x00, 0x00, 0x00, 0x7f, 0xff, 0xff, 0xff, 0xff, 0xf9, 0x00, 0x00,
    0x00, 0x00, 0x00, 0x00, 0x00, 0x00, 0x4b, 0xff, 0xff, 0xff, 0xff, 0xd5, 0x10, 0x00, 0x00, 0x00,
    0x00, 0x01, 0x46, 0xae, 0xff, 0xff, 0xff, 0xff, 0xff, 0xff, 0xfd, 0x97, 0x53, 0x10, 0x1b, 0xef,
    0xff, 0xff, 0xff, 0xff, 0xfc, 0xcf, 0xff, 0xff, 0xff, 0xff, 0xff, 0xf5, 0x0a, 0xff, 0xff, 0xff,
    0xff, 0xea, 0x30, 0x03, 0xae, 0xff, 0xff, 0xff, 0xff, 0xe1, 0x03, 0xff, 0xff, 0xfe, 0xa5, 0x10,
    0x00, 0x00, 0x01, 0x59, 0xdf, 0xff, 0xff, 0x90, 0x00, 0xbc, 0x96, 0x20, 0x00, 0x00, 0x00, 0x00,
    0x00, 0x00, 0x01, 0x57, 0x9b, 0x30, 0x00, 0x00, 0x00, 0x00, 0x00, 0x00, 0x00, 0x00, 0x00, 0x00,
    0x00, 0xdf, 0xff, 0x00, 0x00, 0x00, 0x00, 0x00, 0x00, 0x00, 0x00, 0x00, 0x00, 0x00, 0x00, 0xdf,
    0xff, 0x00, 0x01, 0xff, 0xff, 0xff, 0xff, 0xfc, 0x00, 0xcf, 0xfe, 0x00, 0x00, 0xdf, 0xff, 0x00,
    0x01, 0xff, 0xff, 0xff, 0xff, 0xfc, 0x00, 0xcf, 0xfe, 0x00, 0x00, 0xdf, 0xff, 0x00, 0x01, 0xff,
    0xff, 0xff, 0xff, 0xfc, 0x00, 0xcf, 0xfe, 0x00, 0x00, 0xdf, 0xff, 0x00, 0x01, 0xff, 0xfc, 0x88,
    0xef, 0xfc, 0x00, 0xcf, 0xfe, 0x00, 0x00, 0xdf, 0xff, 0x00, 0x01, 0xff, 0xf8, 0x00, 0xcf, 0xfc,
    0x00, 0xcf, 0xfe, 0x00, 0x00, 0xdf, 0xff, 0x00, 0x01, 0xff, 0xf8, 0x00, 0xcf, 0xfc, 0x00, 0xcf,
    0xfe, 0x00, 0x00, 0xdf, 0xff, 0x00, 0x01, 0xff, 0xf8, 0x00, 0xcf, 0xfc, 0x00, 0xcf, 0xfe, 0x00,
    0x00, 0xdf, 0xff, 0x00, 0x01, 0xff, 0xf8, 0x00, 0xcf, 0xfc, 0x00, 0xcf, 0xfe, 0x00, 0x00, 0xdf,
    0xff, 0x00, 0x01, 0xff, 0xf8, 0x00, 0xcf, 0xfc, 0x00, 0xcf, 0xfe, 0x00, 0x00, 0xdf, 0xff, 0x00,
    0x01, 0xff, 0xf8, 0x00, 0xcf, 0xfc, 0x00, 0xcf, 0xfe, 0x00, 0x00, 0xdf, 0xff, 0x00, 0x01, 0xff,
    0xf8, 0x00, 0xcf, 0xfc, 0x00, 0xcf, 0xfe, 0x00, 0x00, 0xdf, 0xff, 0x00, 0x01, 0xff, 0xf8, 0x00,
    0xcf, 0xfc, 0x00, 0xcf, 0xfe, 0x00, 0x00, 0xdf, 0xff, 0x00, 0x01, 0xff, 0xf8, 0x00, 0xcf, 0xfc,
    0x00, 0xcf, 0xfe, 0x00, 0x00, 0xdf, 0xff, 0x00, 0x01, 0xff, 0xf8, 0x00, 0xcf, 0xfc, 0x00, 0xcf,
    0xfe, 0x00, 0x00, 0xdf, 0xff, 0x00, 0x01, 0xff, 0xf8, 0x00, 0xcf, 0xfc, 0x00, 0xcf, 0xfe, 0x00,
    0x00, 0xdf, 0xff, 0x00, 0x01, 0xff, 0xf8, 0x00, 0xcf, 0xfc, 0x00, 0xdf, 0xfe, 0x00, 0x5d, 0xff,
    0xff, 0x00, 0x01, 0xff, 0xf8, 0x00, 0xcf, 0xfc, 0x02, 0xff, 0xfe, 0x3c, 0xff, 0xff, 0xff, 0x00,
    0x01, 0xff, 0xff, 0xff, 0xff, 0xfc, 0x08, 0xff, 0xff, 0xff, 0xff, 0xff, 0xff, 0x00, 0x01, 0xff,
    0xff, 0xff, 0xff, 0xfc, 0x01, 0xef, 0xff, 0xff, 0xff, 0xff, 0xff, 0x00, 0x01, 0xff, 0xff, 0xff,
    0xff, 0xfc, 0x00, 0x4e, 0xdb, 0xa8, 0x76, 0xef, 0xff, 0x00, 0x01, 0xff, 0xfc, 0x88, 0xef, 0xfc,
    0x00, 0x00, 0x00, 0x00, 0x00, 0xdf, 0xff, 0x00, 0x01, 0xff, 0xf8, 0x00, 0xcf, 0xfc, 0x00, 0x00,
    0x00, 0x00, 0x00, 0xdf, 0xff, 0x00, 0x00, 0x00, 0x00, 0x00, 0x00, 0x00, 0x00, 0x00, 0x00, 0x00,
    0x00, 0xdf, 0xff, 0x00, 0x00, 0x00, 0x00, 0x00, 0x00, 0x00, 0x00, 0x00, 0x00, 0x00, 0x00, 0xdf,
    0xff, 0x00, 0x00, 0x00, 0x00, 0x00, 0x00, 0x00, 0x00, 0x00, 0x00, 0x00, 0x00, 0xdf, 0xff, 0x00,
    0x5f, 0xff, 0xff, 0xff, 0xff, 0xff, 0xff, 0xff, 0xff, 0xff, 0xff, 0xff, 0xff, 0xf6, 0x5f, 0xff,
    0xff, 0xff, 0xff, 0xff, 0xff, 0xff, 0xff, 0xff, 0xff, 0xff, 0xff, 0xf6, 0x5f, 0xff, 0xff, 0xff,
    0xff, 0xff, 0xff, 0xff, 0xff, 0xff, 0xff, 0xff, 0xff, 0xf6, 0x3a, 0xaa, 0xaa, 0xaa, 0xaa, 0xaa,
    0xaa, 0xaa, 0xaa, 0xaa, 0xef, 0xff, 0xca, 0xa4, 0x00, 0x00, 0x00, 0x00, 0x00, 0x00, 0x00, 0x00,
    0x00, 0x00, 0xdf, 0xff, 0x50, 0x00, 0x00, 0x00, 0x00, 0x00, 0x00, 0x00, 0x00, 0x00, 0x00, 0x00,
    0xdf, 0xff, 0x50, 0x00, 0x00, 0x06, 0xff, 0xff, 0xff, 0xff, 0xff, 0xff, 0x60, 0x00, 0xdf, 0xff,
    0x50, 0x00, 0x00, 0x06, 0xff, 0xff, 0xff, 0xff, 0xff, 0xff, 0x60, 0x00, 0xdf, 0xff, 0x50, 0x00,
    0x00, 0x06, 0xff, 0xff, 0xff, 0xff, 0xff, 0xff, 0x60, 0x00, 0xdf, 0xff, 0x50, 0x00, 0x00, 0x06,
    0xff, 0xf9, 0x44, 0x44, 0x9f, 0xff, 0x60, 0x00, 0xdf, 0xff, 0x50, 0x00, 0x00, 0x06, 0xff, 0xf7,
    0x00, 0x00, 0x6f, 0xff, 0x60, 0x00, 0xdf, 0xff, 0x50, 0x00, 0x00, 0x06, 0xff, 0xf7, 0x00, 0x00,
    0x6f, 0xff, 0x60, 0x00, 0xdf, 0xff, 0x50, 0x00, 0x00, 0x06, 0xff, 0xf7, 0x00, 0x00, 0x6f, 0xff,
    0x60, 0x00, 0xdf, 0xff, 0x50, 0x00, 0x00, 0x06, 0xff, 0xf7, 0x00, 0x00, 0x6f, 0xff, 0x60, 0x00,
    0xdf, 0xff, 0x50, 0x00, 0x00, 0x06, 0xff, 0xf7, 0x00, 0x00, 0x6f, 0xff, 0x60, 0x00, 0xdf, 0xff,
    0x50, 0x00, 0x00, 0x06, 0xff, 0xf7, 0x00, 0x00, 0x6f, 0xff, 0x60, 0x00, 0xdf, 0xff, 0x50, 0x00,
    0x00, 0x06, 0xff, 0xff, 0xff, 0xff, 0xff, 0xff, 0x60, 0x00, 0xdf, 0xff, 0x50, 0x00, 0x00, 0x06,
    0xff, 0xff, 0xff, 0xff, 0xff, 0xff, 0x60, 0x00, 0xdf, 0xff, 0x50, 0x00, 0x00, 0x06, 0xff, 0xff,
    0xff, 0xff, 0xff, 0xff, 0x60, 0x00, 0xdf, 0xff, 0x50, 0x00, 0x00, 0x06, 0xff, 0xf9, 0x44, 0x44,
    0x44, 0x44, 0x20, 0x00, 0xdf, 0xff, 0x50, 0x00, 0x00, 0x06, 0xff, 0xf7, 0x00, 0x00, 0x00, 0x00,
    0x00, 0x00, 0xdf, 0xff, 0x50, 0x00, 0x00, 0x00, 0x00, 0x00, 0x00, 0x00, 0x00, 0x00, 0x00, 0x00,
    0xef, 0xff, 0x50, 0x00, 0x00, 0x00, 0x00, 0x00, 0x00, 0x00, 0x01, 0x21, 0x00, 0x19, 0xff, 0xff,
    0x40, 0x00, 0x00, 0x00, 0x00, 0x00, 0x00, 0x00, 0x06, 0xff, 0xff, 0xff, 0xff, 0xff, 0x20, 0x00,
    0x00, 0x00, 0x00, 0x00, 0x00, 0x00, 0x03, 0xff, 0xff, 0xff, 0xff, 0xfd, 0x00, 0x00, 0x00, 0x00,
    0x00, 0x00, 0x00, 0x00, 0x00, 0xef, 0xff, 0xff, 0xff, 0xf4, 0x00, 0x00, 0x00, 0x00, 0x00, 0x00,
    0x00, 0x00, 0x00, 0xaf, 0xff, 0xed, 0xc9, 0x20, 0x00, 0x00, 0x00, 0x00, 0x00, 0x00, 0x00, 0x00,
    0x00, 0x00, 0x00, 0x00, 0x00, 0x00, 0x00, 0x00, 0x00, 0x01, 0xff, 0xff, 0xff, 0xff, 0xff, 0xff,
    0xff, 0xff, 0xff, 0xff, 0x40, 0x00, 0x00, 0x01, 0xff, 0xff, 0xff, 0xff, 0xff, 0xff, 0xff, 0xff,
    0xff, 0xff, 0x40, 0x00, 0x00, 0x01, 0xff, 0xff, 0xff, 0xff, 0xff, 0xff, 0xff, 0xff, 0xff, 0xff,
    0x40, 0x00, 0x00, 0x01, 0xff, 0xfd, 0x44, 0x44, 0x44, 0x44, 0x44, 0x44, 0xcf, 0xff, 0x40, 0x00,
    0x00, 0x01, 0xff, 0xfd, 0x00, 0x00, 0x00, 0x00, 0x00, 0x00, 0xbf, 0xff, 0x40, 0x00, 0x00, 0x01,
    0xff, 0xfd, 0x00, 0x00, 0x00, 0x00, 0x00, 0x00, 0xbf, 0xff, 0x40, 0x00, 0x00, 0x01, 0xff, 0xff,
    0xff, 0xff, 0xff, 0xff, 0xff, 0xff, 0xff, 0xff, 0x40, 0x00, 0x00, 0x01, 0xff, 0xff, 0xff, 0xff,
    0xff, 0xff, 0xff, 0xff, 0xff, 0xff, 0x40, 0x00, 0x00, 0x01, 0xff, 0xff, 0xff, 0xff, 0xff, 0xff,
    0xff, 0xff, 0xff, 0xff, 0x40, 0x00, 0x00, 0x00, 0x44, 0x44, 0x44, 0x44, 0x44, 0x44, 0x44, 0x44,
    0x44, 0x44, 0x10, 0x00, 0x00, 0x00, 0x00, 0x00, 0x00, 0x00, 0x00, 0x00, 0x00, 0x00, 0x00, 0x00,
    0x00, 0x00, 0x8f, 0xff, 0xff, 0xff, 0xff, 0xff, 0xff, 0xff, 0xff, 0xff, 0xff, 0xff, 0xff, 0xf9,
    0x8f, 0xff, 0xff, 0xff, 0xff, 0xff, 0xff, 0xff, 0xff, 0xff, 0xff, 0xff, 0xff, 0xf9, 0x8f, 0xff,
    0xff, 0xff, 0xff, 0xff, 0xff, 0xff, 0xff, 0xff, 0xff, 0xff, 0xff, 0xf9, 0x35, 0x55, 0x7f, 0xff,
    0xc5, 0x55, 0x55, 0x55, 0x55, 0x55, 0x55, 0x55, 0x55, 0x53, 0x00, 0x00, 0x5f, 0xff, 0x90, 0x00,
    0x00, 0x00, 0x00, 0x00, 0x00, 0x00, 0x00, 0x00, 0x00, 0x00, 0x7f, 0xff, 0xff, 0xff, 0xff, 0xff,
    0xff, 0xff, 0xff, 0xff, 0x40, 0x00, 0x00, 0x00, 0xaf, 0xff, 0xff, 0xff, 0xff, 0xff, 0xff, 0xff,
    0xff, 0xff, 0x30, 0x00, 0x00, 0x00, 0xcf, 0xff, 0xff, 0xff, 0xff, 0xff, 0xff, 0xff, 0xff, 0xff,
    0x10, 0x00, 0x00, 0x00, 0x44, 0x44, 0x44, 0x44, 0x44, 0x44, 0x44, 0x44, 0xef, 0xff, 0x00, 0x00,
    0x00, 0x00, 0x00, 0x00, 0x00, 0x00, 0x00, 0x00, 0x00, 0x01, 0xff, 0xfe, 0x00, 0x00, 0x00, 0x00,
    0x00, 0x00, 0x00, 0x43, 0x21, 0x10, 0x00, 0x29, 0xff, 0xfc, 0x00, 0x00, 0x00, 0x00, 0x00, 0x00,
    0x00, 0xcf, 0xff, 0xff, 0xff, 0xff, 0xff, 0xf9, 0x00, 0x00, 0x00, 0x00, 0x00, 0x00, 0x00, 0x8f,
    0xff, 0xff, 0xff, 0xff, 0xff, 0xf3, 0x00, 0x00, 0x00, 0x00, 0x00, 0x00, 0x00, 0x4f, 0xff, 0xff,
    0xff, 0xff, 0xfe, 0x50, 0x00, 0x00, 0x00, 0x00, 0x00, 0x00, 0x00, 0x18, 0x88, 0x88, 0x88, 0x87,
    0x50, 0x00, 0x00, 0x00, 0x00, 0x00, 0x01, 0x11, 0x22, 0x33, 0x45, 0x56, 0x78, 0x99, 0xbc, 0xde,
    0x70, 0x00, 0x00, 0x0b, 0xff, 0xff, 0xff, 0xff, 0xff, 0xff, 0xff, 0xff, 0xff, 0xff, 0xf3, 0x00,
    0x00, 0x0b, 0xff, 0xff, 0xff, 0xff, 0xff, 0xff, 0xff, 0xff, 0xff, 0xff, 0xfc, 0x00, 0x00, 0x0b,
    0xff, 0xff, 0xff, 0xff, 0xff, 0xff, 0xff, 0xff, 0xfe, 0xdc, 0xba, 0x30, 0x00, 0x0b, 0xff, 0xf9,
    0x77, 0x66, 0x55, 0x43, 0x32, 0x10, 0x00, 0x00, 0x00, 0x00, 0x00, 0x0b, 0xff, 0xf3, 0x00, 0x00,
    0x00, 0x00, 0x00, 0x00, 0x00, 0x00, 0x00, 0x00, 0x00, 0x0b, 0xff, 0xf3, 0x00, 0x00, 0x00, 0x00,
    0x00, 0x00, 0x00, 0x00, 0x00, 0x00, 0x00, 0x0b, 0xff, 0xff, 0xff, 0xff, 0xff, 0xff, 0xff, 0xff,
    0xff, 0xff, 0xff, 0xf1, 0x00, 0x0b, 0xff, 0xff, 0xff, 0xff, 0xff, 0xff, 0xff, 0xff, 0xff, 0xff,
    0xff, 0xf1, 0x00, 0x0b, 0xff, 0xff, 0xff, 0xff, 0xff, 0xff, 0xff, 0xff, 0xff, 0xff, 0xff, 0xf1,
    0x00, 0x0b, 0xff, 0xfb, 0xaa, 0xaa, 0xaa, 0xaa, 0xaa, 0xaa, 0xaa, 0xaa, 0xaa, 0xa1, 0x00, 0x0b,
    0xff, 0xf3, 0x00, 0x00, 0x00, 0x00, 0x00, 0x00, 0x00, 0x00, 0x00, 0x00, 0x00, 0x0b, 0xff, 0xf2,
    0x00, 0x00, 0x00, 0x00, 0x00, 0x00, 0x00, 0x00, 0x00, 0x00, 0x00, 0x0c, 0xff, 0xf2, 0x00, 0x00,
    0x00, 0x00, 0x00, 0x00, 0x00, 0x00, 0x00, 0x00, 0x00, 0x0c, 0xff, 0xf1, 0x5f, 0xff, 0xff, 0xff,
    0xff, 0xff, 0xff, 0xff, 0xf7, 0x00, 0x00, 0x0d, 0xff, 0xf0, 0x5f, 0xff, 0xff, 0xff, 0xff, 0xff,
    0xff, 0xff, 0xf7, 0x00, 0x00, 0x0e, 0xff, 0xf0, 0x5f, 0xff, 0xff, 0xff, 0xff, 0xff, 0xff, 0xff,
    0xf7, 0x00, 0x00, 0x2f, 0xff, 0xd0, 0x5f, 0xff, 0xc8, 0x88, 0x88, 0x88, 0x8b, 0xff, 0xf7, 0x00,
    0x00, 0x4f, 0xff, 0xb0, 0x5f, 0xff, 0x70, 0x00, 0x00, 0x00, 0x06, 0xff, 0xf7, 0x00, 0x00, 0x7f,
    0xff, 0x90, 0x5f, 0xff, 0x70, 0x00, 0x00, 0x00, 0x06, 0xff, 0xf7, 0x00, 0x00, 0xcf, 0xff, 0x60,
    0x5f, 0xff, 0x70, 0x00, 0x00, 0x00, 0x06, 0xff, 0xf7, 0x00, 0x01, 0xff, 0xff, 0x30, 0x5f, 0xff,
    0x70, 0x00, 0x00, 0x00, 0x06, 0xff, 0xf7, 0x00, 0x07, 0xff, 0xfe, 0x00, 0x5f, 0xff, 0x70, 0x00,
    0x00, 0x00, 0x06, 0xff, 0xf7, 0x00, 0x0d, 0xff, 0xfa, 0x00, 0x5f, 0xff, 0xff, 0xff, 0xff, 0xff,
    0xff, 0xff, 0xf7, 0x00, 0x6f, 0xff, 0xf5, 0x00, 0x5f, 0xff, 0xff, 0xff, 0xff, 0xff, 0xff, 0xff,
    0xf7, 0x00, 0x3d, 0xff, 0xe1, 0x00, 0x5f, 0xff, 0xff, 0xff, 0xff, 0xff, 0xff, 0xff, 0xf7, 0x00,
    0x01, 0xbf, 0x80, 0x00, 0x5f, 0xff, 0xc8, 0x88, 0x88, 0x88, 0x8b, 0xff, 0xf7, 0x00, 0x00, 0x09,
    0x20, 0x00, 0x5f, 0xff, 0x70, 0x00, 0x00, 0x00, 0x06, 0xff, 0xf7, 0x00, 0x00, 0x00, 0x00, 0x00,
    0x00, 0x01, 0x48, 0xbd, 0x00, 0x00, 0x00, 0x00, 0x00, 0x00, 0x00, 0x00, 0x00, 0x00, 0x00, 0x04,
    0xff, 0xff, 0x50, 0x00, 0x00, 0x00, 0x00, 0x00, 0x00, 0x00, 0x00, 0x00, 0x00, 0x00, 0xdf, 0xff,
    0xb0, 0x00, 0x00, 0x00, 0x00, 0x00, 0x00, 0x0f, 0xff, 0xff, 0xff, 0xff, 0xff, 0xff, 0xff, 0xff,
    0xff, 0xff, 0xfc, 0x00, 0x00, 0x0f, 0xff, 0xff, 0xff, 0xff, 0xff, 0xff, 0xff, 0xff, 0xff, 0xff,
    0xfc, 0x00, 0x00, 0x0f, 0xff, 0xff, 0xff, 0xff, 0xff, 0xff, 0xff, 0xff, 0xff, 0xff, 0xfc, 0x00,
    0x00, 0x0f, 0xff, 0xc5, 0x55, 0x55, 0x55, 0x55, 0x55, 0x55, 0x55, 0xef, 0xfc, 0x00, 0x00, 0x0f,
    0xff, 0xa0, 0x00, 0x00, 0x00, 0x00, 0x00, 0x00, 0x00, 0xef, 0xfc, 0x00, 0x00, 0x0f, 0xff, 0xa0,
    0x00, 0x00, 0x00, 0x00, 0x00, 0x00, 0x00, 0xef, 0xfc, 0x00, 0x00, 0x0f, 0xff, 0xa0, 0x00, 0x00,
    0x00, 0x00, 0x00, 0x00, 0x00, 0xef, 0xfc, 0x00, 0x00, 0x0f, 0xff, 0xff, 0xff, 0xff, 0xff, 0xff,
    0xff, 0xff, 0xff, 0xff, 0xfc, 0x00, 0x00, 0x0f, 0xff, 0xff, 0xff, 0xff, 0xff, 0xff, 0xff, 0xff,
    0xff, 0xff, 0xfc, 0x00, 0x00, 0x0f, 0xff, 0xff, 0xff, 0xff, 0xff, 0xff, 0xff, 0xff, 0xff, 0xff,
    0xfc, 0x00, 0x00, 0x1f, 0xff, 0xc5, 0x55, 0x55, 0x55, 0x55, 0x55, 0x55, 0x55, 0x55, 0x54, 0x00,
    0x00, 0x2f, 0xff, 0x90, 0x00, 0x00, 0x00, 0x00, 0x00, 0x00, 0x00, 0x00, 0x00, 0x00, 0x00, 0x2f,
    0xff, 0x87, 0xff, 0xff, 0xff, 0xff, 0xff, 0xff, 0xff, 0xff, 0xf8, 0x00, 0x00, 0x4f, 0xff, 0x77,
    0xff, 0xff, 0xff, 0xff, 0xff, 0xff, 0xff, 0xff, 0xf8, 0x00, 0x00, 0x7f, 0xff, 0x67, 0xff, 0xff,
    0xff, 0xff, 0xff, 0xff, 0xff, 0xff, 0xf8, 0x00, 0x00, 0x9f, 0xff, 0x47, 0xff, 0xf7, 0x55, 0x55,
    0x55, 0x55, 0x56, 0xff, 0xf8, 0x00, 0x00, 0xdf, 0xff, 0x17, 0xff, 0xf3, 0x00, 0x00, 0x00, 0x00,
    0x01, 0xff, 0xf8, 0x00, 0x02, 0xff, 0xfd, 0x07, 0xff, 0xf3, 0x00, 0x00, 0x00, 0x00, 0x01, 0xff,
    0xf8, 0x00, 0x07, 0xff, 0xfa, 0x07, 0xff, 0xf3, 0x00, 0x00, 0x00, 0x00, 0x01, 0xff, 0xf8, 0x00,
    0x0d, 0xff, 0xf4, 0x07, 0xff, 0xff, 0xff, 0xff, 0xff, 0xff, 0xff, 0xff, 0xf8, 0x00, 0x5f, 0xff,
    0xe0, 0x07, 0xff, 0xff, 0xff, 0xff, 0xff, 0xff, 0xff, 0xff, 0xf8, 0x00, 0x4f, 0xff, 0x80, 0x07,
    0xff, 0xff, 0xff, 0xff, 0xff, 0xff, 0xff, 0xff, 0xf8, 0x00, 0x05, 0xfe, 0x10, 0x07, 0xff, 0xf7,
    0x55, 0x55, 0x55, 0x55, 0x56, 0xff, 0xf8, 0x00, 0x00, 0x66, 0x00, 0x07, 0xff, 0xf3, 0x00, 0x00,
    0x00, 0x00, 0x01, 0xff, 0xf8, 0x00, 0x00, 0x00, 0x00, 0x00, 0x00, 0x00, 0x11, 0x12, 0x33, 0x45,
    0x66, 0x79, 0xab, 0x10, 0x00, 0x00, 0x00, 0x00, 0x00, 0x0b, 0xff, 0xff, 0xff, 0xff, 0xff, 0xff,
    0xff, 0x70, 0x04, 0xff, 0xff, 0xff, 0xff, 0x87, 0xff, 0xff, 0xff, 0xff, 0xff, 0xff, 0xff, 0xc0,
    0x04, 0xff, 0xff, 0xff, 0xff, 0x82, 0xff, 0xff, 0xee, 0xff, 0xfb, 0x87, 0x65, 0x40, 0x04, 0xff,
    0xff, 0xff, 0xff, 0x80, 0x32, 0x10, 0x06, 0xff, 0xf7, 0x00, 0x00, 0x00, 0x04, 0xff, 0xf7, 0x7d,
    0xff, 0x80, 0x00, 0x00, 0x06, 0xff, 0xf7, 0x00, 0xb8, 0x20, 0x04, 0xff, 0xf0, 0x0c, 0xff, 0x80,
    0x38, 0xc1, 0x06, 0xff, 0xf7, 0x04, 0xff, 0xe1, 0x04, 0xff, 0xf0, 0x0c, 0xff, 0x80, 0xdf, 0xf6,
    0x06, 0xff, 0xf7, 0x0a, 0xff, 0xa0, 0x04, 0xff, 0xf0, 0x0c, 0xff, 0x80, 0x7f, 0xfd, 0x06, 0xff,
    0xf7, 0x2f, 0xff, 0x40, 0x04, 0xff, 0xf0, 0x0c, 0xff, 0x80, 0x1f, 0xff, 0x56, 0xff, 0xf7, 0x9f,
    0xfd, 0x00, 0x04, 0xff, 0xf0, 0x0c, 0xff, 0x80, 0x0a, 0xff, 0xb6, 0xff, 0xf7, 0xdf, 0xf7, 0x00,
    0x04, 0xff, 0xf0, 0x0c, 0xff, 0x80, 0x04, 0xc7, 0x26, 0xff, 0xf7, 0x16, 0xc1, 0x00, 0x04, 0xff,
    0xf0, 0x0c, 0xff, 0x80, 0x00, 0x00, 0x06, 0xff, 0xf7, 0x00, 0x00, 0x00, 0x04, 0xff, 0xf0, 0x0c,
    0xff, 0x89, 0xff, 0xff, 0xff, 0xff, 0xff, 0xff, 0xff, 0xf6, 0x04, 0xff, 0xf0, 0x0c, 0xff, 0x89,
    0xff, 0xff, 0xff, 0xff, 0xff, 0xff, 0xff, 0xf6, 0x04, 0xff, 0xf0, 0x0c, 0xff, 0x89, 0xff, 0xff,
    0xff, 0xff, 0xff, 0xff, 0xff, 0xf6, 0x04, 0xff, 0xf0, 0x0c, 0xff, 0x86, 0xaa, 0xaa, 0xac, 0xff,
    0xfc, 0xaa, 0xaa, 0xa4, 0x04, 0xff, 0xf0, 0x0c, 0xff, 0x80, 0x00, 0x00, 0x06, 0xff, 0xf7, 0x00,
    0x00, 0x00, 0x04, 0xff, 0xff, 0xff, 0xff, 0x80, 0x00, 0x00, 0x06, 0xff, 0xf7, 0x00, 0x00, 0x00,
    0x04, 0xff, 0xff, 0xff, 0xff, 0x80, 0x00, 0x00, 0x06, 0xff, 0xf7, 0x00, 0x00, 0x00, 0x04, 0xff,
    0xff, 0xff, 0xff, 0x80, 0x00, 0x00, 0x06, 0xff, 0xf7, 0x00, 0x00, 0x00, 0x04, 0xff, 0xf7, 0x7d,
    0xff, 0x80, 0x00, 0x00, 0x07, 0xff, 0xf7, 0x00, 0x00, 0x00, 0x04, 0xff, 0xf0, 0x0c, 0xff, 0x80,
    0x13, 0x21, 0x1c, 0xff, 0xf6, 0x00, 0x00, 0x00, 0x04, 0xff, 0xf0, 0x00, 0x00, 0x00, 0x2f, 0xff,
    0xff, 0xff, 0xf4, 0x00, 0x00, 0x00, 0x04, 0xff, 0xf0, 0x00, 0x00, 0x00, 0x0d, 0xff, 0xff, 0xff,
    0xd0, 0x00, 0x00, 0x00, 0x00, 0x00, 0x00, 0x00, 0x00, 0x00, 0x0a, 0xff, 0xff, 0xfe, 0x40, 0x00,
    0x00, 0x00, 0x00, 0x00, 0x00, 0x00, 0x00, 0x00, 0x04, 0x88, 0x87, 0x51, 0x00, 0x00, 0x00, 0x00,
    0x00, 0xcf, 0xff, 0xff, 0xff, 0xff, 0xe0, 0x0e, 0xff, 0xff, 0xff, 0xff, 0xfc, 0x00, 0x00, 0xcf,
    0xff, 0xff, 0xff, 0xff, 0xe0, 0x0e, 0xff, 0xff, 0xff, 0xff, 0xfc, 0x00, 0x00, 0xcf, 0xfe, 0xcc,
    0xcd, 0xff, 0xe0, 0x0e, 0xff, 0xdc, 0xcc, 0xef, 0xfc, 0x00, 0x00, 0xcf, 0xf8, 0x00, 0x06, 0xff,
    0xe0, 0x0e, 0xff, 0x70, 0x00, 0x9f, 0xfc, 0x00, 0x00, 0xcf, 0xf8, 0x00, 0x06, 0xff, 0xe0, 0x0e,
    0xff, 0x70, 0x00, 0x9f, 0xfc, 0x00, 0x00, 0xcf, 0xff, 0xff, 0xff, 0xff, 0xe0, 0x0e, 0xff, 0xff,
    0xff, 0xff, 0xfc, 0x00, 0x00, 0xcf, 0xff, 0xff, 0xff, 0xff, 0xe0, 0x0e, 0xff, 0xff, 0xff, 0xff,
    0xfc, 0x00, 0x00, 0x9c, 0xcc, 0xcc, 0xcc, 0xcc, 0xb0, 0x0b, 0xcc, 0xcc, 0xcc, 0xcc, 0xc9, 0x00,
    0x00, 0x00, 0x00, 0x00, 0x00, 0x00, 0xef, 0xfd, 0x00, 0x09, 0xbd, 0xa0, 0x00, 0x00, 0x00, 0x00,
    0x00, 0x00, 0x00, 0x00, 0xff, 0xfc, 0x00, 0x0b, 0xff, 0xe0, 0x00, 0x00, 0x3f, 0xff, 0xff, 0xff,
    0xff, 0xff, 0xff, 0xff, 0xff, 0xff, 0xff, 0xff, 0xff, 0xf4, 0x3f, 0xff, 0xff, 0xff, 0xff, 0xff,
    0xff, 0xff, 0xff, 0xff, 0xff, 0xff, 0xff, 0xf4, 0x2c, 0xcc, 0xcc, 0xcc, 0xcc, 0xdf, 0xff, 0xff,
    0xec, 0xcc, 0xcc, 0xcc, 0xcc, 0xc3, 0x00, 0x00, 0x00, 0x00, 0x16, 0xef, 0xfb, 0xcf, 0xf9, 0x30,
    0x00, 0x00, 0x00, 0x00, 0x01, 0x12, 0x45, 0x8b, 0xef, 0xff, 0xa1, 0x1a, 0xff, 0xfd, 0xa7, 0x53,
    0x21, 0x00, 0x7f, 0xff, 0xff, 0xff, 0xff, 0xc5, 0x00, 0x00, 0x5d, 0xff, 0xff, 0xff, 0xff, 0xf7,
    0x4f, 0xff, 0xff, 0xfc, 0x83, 0x00, 0x00, 0x00, 0x00, 0x49, 0xef, 0xff, 0xff, 0xf3, 0x1b, 0xef,
    0xff, 0xff, 0xff, 0xff, 0xe0, 0x0e, 0xff, 0xff, 0xff, 0xff, 0xfe, 0xc0, 0x00, 0xcf, 0xff, 0xff,
    0xff, 0xff, 0xe0, 0x0e, 0xff, 0xff, 0xff, 0xff, 0xfc, 0x00, 0x00, 0xcf, 0xfd, 0xcc, 0xcd, 0xff,
    0xe0, 0x0e, 0xff, 0xdc, 0xcc, 0xdf, 0xfc, 0x00, 0x00, 0xcf, 0xf6, 0x00, 0x04, 0xff, 0xe0, 0x0e,
    0xff, 0x30, 0x00, 0x6f, 0xfc, 0x00, 0x00, 0xcf, 0xf6, 0x00, 0x04, 0xff, 0xe0, 0x0e, 0xff, 0x30,
    0x00, 0x6f, 0xfc, 0x00, 0x00, 0xcf, 0xff, 0xff, 0xff, 0xff, 0xe0, 0x0e, 0xff, 0xff, 0xff, 0xff,
    0xfc, 0x00, 0x00, 0xcf, 0xff, 0xff, 0xff, 0xff, 0xe0, 0x0e, 0xff, 0xff, 0xff, 0xff, 0xfc, 0x00,
    0x00, 0xcf, 0xfd, 0xcc, 0xcd, 0xff, 0xe0, 0x0e, 0xff, 0xdc, 0xcc, 0xdf, 0xfc, 0x00, 0x00, 0xcf,
    0xf6, 0x00, 0x04, 0xff, 0xe0, 0x0e, 0xff, 0x30, 0x00, 0x6f, 0xfc, 0x00, 0x04, 0xff, 0xff, 0xff,
    0xff, 0xff, 0xff, 0xff, 0xff, 0xff, 0xff, 0xff, 0xff, 0x50, 0x04, 0xff, 0xff, 0xff, 0xff, 0xff,
    0xff, 0xff, 0xff, 0xff, 0xff, 0xff, 0xff, 0x50, 0x04, 0xff, 0xff, 0xff, 0xff, 0xff, 0xff, 0xff,
    0xff, 0xff, 0xff, 0xff, 0xff, 0x50, 0x04, 0xff, 0xfb, 0x55, 0x55, 0x55, 0x55, 0x55, 0x55, 0x55,
    0x55, 0xbf, 0xff, 0x50, 0x04, 0xff, 0xf9, 0x00, 0x00, 0x00, 0x00, 0x00, 0x00, 0x00, 0x00, 0x9f,
    0xff, 0x50, 0x04, 0xff, 0xf9, 0x00, 0x00, 0x00, 0x00, 0x00, 0x00, 0x00, 0x00, 0x9f, 0xff, 0x50,
    0x04, 0xff, 0xf9, 0x00, 0x00, 0x00, 0x00, 0x00, 0x00, 0x00, 0x00, 0x9f, 0xff, 0x50, 0x04, 0xff,
    0xf9, 0x02, 0xff, 0xff, 0xff, 0xff, 0xff, 0xff, 0x20, 0x9f, 0xff, 0x50, 0x04, 0xff, 0xf9, 0x02,
    0xff, 0xff, 0xff, 0xff, 0xff, 0xff, 0x20, 0x9f, 0xff, 0x50, 0x04, 0xff, 0xf9, 0x02, 0xff, 0xff,
    0xff, 0xff, 0xff, 0xff, 0x20, 0x9f, 0xff, 0x50, 0x04, 0xff, 0xf9, 0x02, 0xff, 0xfb, 0x44, 0x44,
    0xbf, 0xff, 0x20, 0x9f, 0xff, 0x50, 0x04, 0xff, 0xf9, 0x02, 0xff, 0xfa, 0x00, 0x00, 0xaf, 0xff,
    0x20, 0x9f, 0xff, 0x50, 0x04, 0xff, 0xf9, 0x02, 0xff, 0xfa, 0x00, 0x00, 0xaf, 0xff, 0x20, 0x9f,
    0xff, 0x50, 0x04, 0xff, 0xf9, 0x02, 0xff, 0xfa, 0x00, 0x00, 0xaf, 0xff, 0x20, 0x9f, 0xff, 0x50,
    0x04, 0xff, 0xf9, 0x02, 0xff, 0xfa, 0x00, 0x00, 0xaf, 0xff, 0x20, 0x9f, 0xff, 0x50, 0x04, 0xff,
    0xf9, 0x02, 0xff, 0xff, 0xff, 0xff, 0xff, 0xff, 0x20, 0x9f, 0xff, 0x50, 0x04, 0xff, 0xf9, 0x02,
    0xff, 0xff, 0xff, 0xff, 0xff, 0xff, 0x20, 0x9f, 0xff, 0x50, 0x04, 0xff, 0xf9, 0x02, 0xff, 0xff,
    0xff, 0xff, 0xff, 0xff, 0x20, 0x9f, 0xff, 0x50, 0x04, 0xff, 0xf9, 0x01, 0x44, 0x44, 0x44, 0x44,
    0x44, 0x44, 0x10, 0x9f, 0xff, 0x50, 0x04, 0xff, 0xf9, 0x00, 0x00, 0x00, 0x00, 0x00, 0x00, 0x00,
    0x00, 0x9f, 0xff, 0x50, 0x04, 0xff, 0xf9, 0x00, 0x00, 0x00, 0x00, 0x00, 0x00, 0x00, 0x00, 0x9f,
    0xff, 0x50, 0x04, 0xff, 0xf9, 0x00, 0x00, 0x00, 0x00, 0x00, 0x00, 0x00, 0x00, 0x9f, 0xff, 0x50,
    0x04, 0xff, 0xff, 0xff, 0xff, 0xff, 0xff, 0xff, 0xff, 0xff, 0xff, 0xff, 0xff, 0x50, 0x04, 0xff,
    0xff, 0xff, 0xff, 0xff, 0xff, 0xff, 0xff, 0xff, 0xff, 0xff, 0xff, 0x50, 0x04, 0xff, 0xff, 0xff,
    0xff, 0xff, 0xff, 0xff, 0xff, 0xff, 0xff, 0xff, 0xff, 0x50, 0x04, 0xff, 0xfb, 0x55, 0x55, 0x55,
    0x55, 0x55, 0x55, 0x55, 0x55, 0xbf, 0xff, 0x50, 0x04, 0xff, 0xf9, 0x00, 0x00, 0x00, 0x00, 0x00,
    0x00, 0x00, 0x00, 0x9f, 0xff, 0x50, 0x07, 0xff, 0xff, 0xff, 0xff, 0xff, 0xff, 0xff, 0xff, 0xff,
    0xff, 0xff, 0xff, 0x70, 0x07, 0xff, 0xff, 0xff, 0xff, 0xff, 0xff, 0xff, 0xff, 0xff, 0xff, 0xff,
    0xff, 0x70, 0x07, 0xff, 0xff, 0xff, 0xff, 0xff, 0xff, 0xff, 0xff, 0xff, 0xff, 0xff, 0xff, 0x70,
    0x07, 0xff, 0xf2, 0x00, 0x00, 0x00, 0x00, 0x00, 0x00, 0x00, 0x00, 0x2f, 0xff, 0x70, 0x07, 0xff,
    0xf2, 0x00, 0x00, 0x07, 0xff, 0xe0, 0x00, 0x00, 0x00, 0x2f, 0xff, 0x70, 0x07, 0xff, 0xf4, 0xff,
    0xff, 0xff, 0xff, 0xff, 0xff, 0xff, 0xff, 0x3f, 0xff, 0x70, 0x07, 0xff, 0xf4, 0xff, 0xff, 0xff,
    0xff, 0xff, 0xff, 0xff, 0xff, 0x3f, 0xff, 0x70, 0x07, 0xff, 0xf3, 0xcc, 0xcc, 0xcd, 0xff, 0xfc,
    0xcc, 0xcc, 0xcc, 0x3f, 0xff, 0x70, 0x07, 0xff, 0xf2, 0x00, 0x00, 0x07, 0xff, 0xe0, 0x00, 0x00,
    0x00, 0x2f, 0xff, 0x70, 0x07, 0xff, 0xf2, 0x3f, 0xff, 0xff, 0xff, 0xff, 0xff, 0xff, 0xf1, 0x2f,
    0xff, 0x70, 0x07, 0xff, 0xf2, 0x3f, 0xff, 0xff, 0xff, 0xff, 0xff, 0xff, 0xf1, 0x2f, 0xff, 0x70,
    0x07, 0xff, 0xf2, 0x2b, 0xbb, 0xbd, 0xff, 0xfb, 0xbb, 0xbb, 0xb1, 0x2f, 0xff, 0x70, 0x07, 0xff,
    0xf2, 0x00, 0x00, 0x07, 0xff, 0xe0, 0x00, 0x00, 0x00, 0x2f, 0xff, 0x70, 0x07, 0xff, 0xf8, 0xff,
    0xff, 0xff, 0xff, 0xff, 0xff, 0xff, 0xff, 0x6f, 0xff, 0x70, 0x07, 0xff, 0xf8, 0xff, 0xff, 0xff,
    0xff, 0xff, 0xff, 0xff, 0xff, 0x5f, 0xff, 0x70, 0x07, 0xff, 0xf6, 0xcc, 0xcc, 0xcd, 0xff, 0xfc,
    0xcc, 0xcf, 0xff, 0x4f, 0xff, 0x70, 0x07, 0xff, 0xf2, 0x00, 0x00, 0x07, 0xff, 0xe0, 0x00, 0x4f,
    0xff, 0x3f, 0xff, 0x70, 0x07, 0xff, 0xf2, 0x00, 0x00, 0x07, 0xff, 0xe0, 0x00, 0x8f, 0xfe, 0x2f,
    0xff, 0x70, 0x07, 0xff, 0xf2, 0x00, 0x00, 0x07, 0xff, 0xe5, 0xff, 0xff, 0xfa, 0x2f, 0xff, 0x70,
    0x07, 0xff, 0xf2, 0x00, 0x00, 0x07, 0xff, 0xe2, 0xff, 0xff, 0xd2, 0x2f, 0xff, 0x70, 0x07, 0xff,
    0xf2, 0x00, 0x00, 0x07, 0xff, 0xe0, 0x55, 0x54, 0x00, 0x2f, 0xff, 0x70, 0x07, 0xff, 0xf2, 0x00,
    0x00, 0x00, 0x00, 0x00, 0x00, 0x00, 0x00, 0x2f, 0xff, 0x70, 0x07, 0xff, 0xff, 0xff, 0xff, 0xff,
    0xff, 0xff, 0xff, 0xff, 0xff, 0xff, 0xff, 0x70, 0x07, 0xff, 0xff, 0xff, 0xff, 0xff, 0xff, 0xff,
    0xff, 0xff, 0xff, 0xff, 0xff, 0x70, 0x07, 0xff, 0xff, 0xff, 0xff, 0xff, 0xff, 0xff, 0xff, 0xff,
    0xff, 0xff, 0xff, 0x70, 0x07, 0xff, 0xf2, 0x00, 0x00, 0x00, 0x00, 0x00, 0x00, 0x00, 0x00, 0x2f,
    0xff, 0x70, 0x06, 0xff, 0xff, 0xff, 0xff, 0xff, 0xff, 0xff, 0xff, 0xff, 0xff, 0xff, 0xff, 0x50,
    0x06, 0xff, 0xff, 0xff, 0xff, 0xff, 0xff, 0xff, 0xff, 0xff, 0xff, 0xff, 0xff, 0x50, 0x06, 0xff,
    0xff, 0xff, 0xff, 0xff, 0xff, 0xff, 0xff, 0xff, 0xff, 0xff, 0xff, 0x50, 0x06, 0xff, 0xf9, 0x55,
    0x55, 0xdf, 0xff, 0x55, 0x55, 0x55, 0x55, 0x9f, 0xff, 0x50, 0x06, 0xff, 0xf6, 0x00, 0x06, 0xff,
    0xf7, 0x00, 0x00, 0x00, 0x00, 0x7f, 0xff, 0x50, 0x06, 0xff, 0xf6, 0x00, 0x5f, 0xff, 0xff, 0xff,
    0xff, 0xff, 0xf5, 0x7f, 0xff, 0x50, 0x06, 0xff, 0xf6, 0x06, 0xff, 0xff, 0xff, 0xff, 0xff, 0xff,
    0xf5, 0x7f, 0xff, 0x50, 0x06, 0xff, 0xf6, 0x9f, 0xff, 0xfb, 0x77, 0x77, 0x8f, 0xff, 0xe1, 0x7f,
    0xff, 0x50, 0x06, 0xff, 0xfe, 0xff, 0xfe, 0xff, 0x70, 0x03, 0xdf, 0xff, 0x40, 0x7f, 0xff, 0x50,
    0x06, 0xff, 0xf7, 0xdf, 0x75, 0xff, 0xfc, 0x9f, 0xff, 0xf6, 0x00, 0x7f, 0xff, 0x50, 0x06, 0xff,
    0xf6, 0x39, 0x00, 0x9f, 0xff, 0xff, 0xff, 0x50, 0x00, 0x7f, 0xff, 0x50, 0x06, 0xff, 0xf9, 0x78,
    0x9a, 0xcf, 0xff, 0xff, 0xfe, 0xba, 0x99, 0xbf, 0xff, 0x50, 0x06, 0xff, 0xf9, 0xff, 0xff, 0xff,
    0xfc, 0xbf, 0xff, 0xff, 0xff, 0x9f, 0xff, 0x50, 0x06, 0xff, 0xf6, 0xaf, 0xfe, 0xfa, 0x30, 0x01,
    0x59, 0xcf, 0xf8, 0x7f, 0xff, 0x50, 0x06, 0xff, 0xf6, 0x12, 0x0a, 0xff, 0xfe, 0xb7, 0x41, 0x00,
    0x21, 0x7f, 0xff, 0x50, 0x06, 0xff, 0xf6, 0x00, 0x0d, 0xff, 0xff, 0xff, 0xff, 0xd6, 0x00, 0x7f,
    0xff, 0x50, 0x06, 0xff, 0xf6, 0x00, 0x03, 0x69, 0xbe, 0xff, 0xff, 0xf7, 0x00, 0x7f, 0xff, 0x50,
    0x06, 0xff, 0xf6, 0x00, 0x00, 0x00, 0x00, 0x14, 0x7a, 0xd4, 0x00, 0x7f, 0xff, 0x50, 0x06, 0xff,
    0xf6, 0x0c, 0xed, 0xba, 0x98, 0x76, 0x53, 0x21, 0x00, 0x7f, 0xff, 0x50, 0x06, 0xff, 0xf6, 0x2f,
    0xff, 0xff, 0xff, 0xff, 0xff, 0xff, 0xb0, 0x7f, 0xff, 0x50, 0x06, 0xff, 0xf6, 0x5e, 0xff, 0xff,
    0xff, 0xff, 0xff, 0xff, 0x80, 0x7f, 0xff, 0x50, 0x06, 0xff, 0xf6, 0x00, 0x01, 0x24, 0x56, 0x78,
    0xab, 0xde, 0x40, 0x7f, 0xff, 0x50, 0x06, 0xff, 0xff, 0xff, 0xff, 0xff, 0xff, 0xff, 0xff, 0xff,
    0xff, 0xff, 0xff, 0x50, 0x06, 0xff, 0xff, 0xff, 0xff, 0xff, 0xff, 0xff, 0xff, 0xff, 0xff, 0xff,
    0xff, 0x50, 0x06, 0xff, 0xff, 0xff, 0xff, 0xff, 0xff, 0xff, 0xff, 0xff, 0xff, 0xff, 0xff, 0x50,
    0x06, 0xff, 0xf9, 0x55, 0x55, 0x55, 0x55, 0x55, 0x55, 0x55, 0x55, 0x9f, 0xff, 0x50, 0x00, 0x00,
    0x00, 0x00, 0x05, 0xed, 0xc9, 0x00, 0x00, 0x00, 0x00, 0x00, 0x00, 0x00, 0x00, 0x00, 0x00, 0x00,
    0x0b, 0xff, 0xf9, 0x00, 0x00, 0x00, 0x00, 0x00, 0x00, 0x00, 0x00, 0x00, 0x00, 0x00, 0x1f, 0xff,
    0xf4, 0x00, 0x00, 0x00, 0x00, 0x00, 0x00, 0x00, 0x0d, 0xff, 0xff, 0xff, 0xff, 0xff, 0xff, 0xff,
    0xff, 0xff, 0xff, 0xff, 0xff, 0xf4, 0x0d, 0xff, 0xff, 0xff, 0xff, 0xff, 0xff, 0xff, 0xff, 0xff,
    0xff, 0xff, 0xff, 0xf4, 0x0d, 0xff, 0xff, 0xff, 0xff, 0xff, 0xff, 0xff, 0xff, 0xff, 0xff, 0xff,
    0xff, 0xf4, 0x08, 0xaa, 0xaa, 0xaf, 0xff, 0xfd, 0xaa, 0xaa, 0xaa, 0xaa, 0xaa, 0xaa, 0xaa, 0xa2,
    0x00, 0x00, 0x00, 0x6f, 0xff, 0xf3, 0x00, 0x00, 0xdf, 0xff, 0x00, 0x00, 0x00, 0x00, 0x00, 0x00,
    0x01, 0xef, 0xff, 0xa0, 0x00, 0x00, 0xdf, 0xff, 0x00, 0x00, 0x00, 0x00, 0x00, 0x00, 0x09, 0xff,
    0xff, 0x30, 0x00, 0x00, 0xdf, 0xff, 0x00, 0x00, 0x00, 0x00, 0x00, 0x00, 0x4f, 0xff, 0xf9, 0x00,
    0x00, 0x00, 0xdf, 0xff, 0x00, 0x00, 0x00, 0x00, 0x00, 0x01, 0xdf, 0xff, 0xe1, 0x00, 0x00, 0x00,
    0xdf, 0xff, 0x00, 0x00, 0x00, 0x00, 0x00, 0x0b, 0xff, 0xff, 0x50, 0x00, 0x00, 0x00, 0xdf, 0xff,
    0x00, 0x00, 0x00, 0x00, 0x00, 0x8f, 0xff, 0xfc, 0x00, 0xdf, 0xff, 0xff, 0xff, 0xff, 0xff, 0xff,
    0xff, 0x10, 0x06, 0xff, 0xff, 0xfa, 0x00, 0xdf, 0xff, 0xff, 0xff, 0xff, 0xff, 0xff, 0xff, 0x10,
    0x5f, 0xff, 0xff, 0xfa, 0x00, 0xdf, 0xff, 0xff, 0xff, 0xff, 0xff, 0xff, 0xff, 0x10, 0x5f, 0xff,
    0xff, 0xfa, 0x00, 0x89, 0x99, 0x99, 0xef, 0xff, 0x99, 0x99, 0x99, 0x10, 0x0e, 0xff, 0xff, 0xfa,
    0x00, 0x00, 0x00, 0x00, 0xdf, 0xff, 0x00, 0x00, 0x00, 0x00, 0x09, 0xf7, 0xff, 0xfa, 0x00, 0x00,
    0x00, 0x00, 0xdf, 0xff, 0x00, 0x00, 0x00, 0x00, 0x04, 0x70, 0xff, 0xfa, 0x00, 0x00, 0x00, 0x00,
    0xdf, 0xff, 0x00, 0x00, 0x00, 0x00, 0x00, 0x00, 0xff, 0xfa, 0x00, 0x00, 0x00, 0x00, 0xdf, 0xff,
    0x00, 0x00, 0x00, 0x00, 0x00, 0x00, 0xff, 0xfa, 0x00, 0x00, 0x00, 0x00, 0xdf, 0xff, 0x00, 0x00,
    0x00, 0x00, 0x00, 0x00, 0xff, 0xfa, 0x00, 0x00, 0x00, 0x00, 0xdf, 0xff, 0x00, 0x00, 0x00, 0x00,
    0x00, 0x00, 0xff, 0xfa, 0x5f, 0xff, 0xff, 0xff, 0xff, 0xff, 0xff, 0xff, 0xff, 0xf4, 0x00, 0x00,
    0xff, 0xfa, 0x5f, 0xff, 0xff, 0xff, 0xff, 0xff, 0xff, 0xff, 0xff, 0xf4, 0x00, 0x00, 0xff, 0xfa,
    0x5f, 0xff, 0xff, 0xff, 0xff, 0xff, 0xff, 0xff, 0xff, 0xf4, 0x00, 0x00, 0xff, 0xfa, 0x39, 0x99,
    0x99, 0x99, 0x99, 0x99, 0x99, 0x99, 0x99, 0x93, 0x00, 0x00, 0xff, 0xfa, 0x00, 0x00, 0x00, 0x00,
    0x00, 0x00, 0x00, 0x00, 0x00, 0x00, 0x00, 0x00, 0x00, 0x00, 0x00, 0x00, 0x00, 0x00, 0xcf, 0xfd,
    0x00, 0x00, 0x00, 0x00, 0x00, 0x0d, 0xff, 0xb0, 0x00, 0x00, 0x00, 0x00, 0xcf, 0xfd, 0x00, 0x00,
    0x00, 0x00, 0x00, 0x0d, 0xff, 0xb0, 0x00, 0x00, 0x00, 0x00, 0xcf, 0xfd, 0x00, 0x00, 0x00, 0x00,
    0x00, 0x0d, 0xff, 0xb0, 0x00, 0xff, 0xfa, 0x00, 0xcf, 0xfd, 0x00, 0x00, 0x00, 0x00, 0x00, 0x0d,
    0xff, 0xb0, 0x00, 0xff, 0xfa, 0x00, 0xcf, 0xfd, 0x00, 0x00, 0x01, 0x10, 0x00, 0x0d, 0xff, 0xb0,
    0x00, 0xff, 0xfa, 0x00, 0xcf, 0xfd, 0x03, 0x69, 0xdf, 0x30, 0x00, 0x0d, 0xff, 0xb0, 0x00, 0xff,
    0xfa, 0x00, 0xcf, 0xff, 0xef, 0xff, 0xff, 0x30, 0x00, 0x0d, 0xff, 0xb0, 0x00, 0xff, 0xfc, 0x8c,
    0xff, 0xff, 0xff, 0xff, 0xff, 0x20, 0x0f, 0xff, 0xff, 0xff, 0x50, 0xff, 0xff, 0xff, 0xff, 0xff,
    0xff, 0xff, 0xff, 0x20, 0x0f, 0xff, 0xff, 0xff, 0xbb, 0xff, 0xff, 0xff, 0xff, 0xff, 0xff, 0xff,
    0xff, 0x20, 0x0f, 0xff, 0xff, 0xff, 0xff, 0xff, 0xff, 0xff, 0xff, 0xfe, 0x53, 0x5f, 0xff, 0x10,
    0x0b, 0xbf, 0xff, 0xeb, 0xff, 0xff, 0xfb, 0x45, 0xdf, 0xfd, 0x00, 0x4f, 0xff, 0x10, 0x00, 0x0d,
    0xff, 0xb0, 0xee, 0xff, 0xfa, 0x00, 0xcf, 0xfd, 0x00, 0x5f, 0xff, 0x00, 0x00, 0x0d, 0xff, 0xb0,
    0x20, 0xff, 0xfa, 0x00, 0xcf, 0xfd, 0x00, 0x5f, 0xfe, 0x00, 0x00, 0x0d, 0xff, 0xb0, 0x00, 0xff,
    0xfa, 0x00, 0xcf, 0xfd, 0x00, 0x6f, 0xfe, 0x00, 0x00, 0x0d, 0xff, 0xb0, 0x00, 0xff, 0xfa, 0x00,
    0xcf, 0xfd, 0x00, 0x9f, 0xfc, 0x00, 0x00, 0x0d, 0xff, 0xb0, 0x00, 0xff, 0xfa, 0x00, 0xcf, 0xfd,
    0xdf, 0xff, 0xfa, 0x00, 0x00, 0x0d, 0xff, 0xb0, 0x00, 0xff, 0xfa, 0x00, 0xcf, 0xfd, 0x8f, 0xff,
    0xf3, 0x00, 0x00, 0x0d, 0xff, 0xb0, 0x00, 0xff, 0xfa, 0x00, 0xcf, 0xfd, 0x4e, 0xca, 0x40, 0x00,
    0x00, 0x0d, 0xff, 0xb0, 0x00, 0xff, 0xfa, 0x00, 0xcf, 0xfd, 0x00, 0x00, 0x00, 0x00, 0x00, 0x0d,
    0xff, 0xec, 0xf2, 0xff, 0xfa, 0x00, 0xcf, 0xfd, 0x00, 0x02, 0xb5, 0x00, 0x16, 0xaf, 0xff, 0xff,
    0xf1, 0xff, 0xfa, 0x00, 0xcf, 0xfd, 0x00, 0x05, 0xff, 0xe5, 0x7f, 0xff, 0xff, 0xff, 0xf2, 0xff,
    0xfa, 0x00, 0x00, 0x00, 0x00, 0x08, 0xff, 0xf6, 0x5f, 0xff, 0xff, 0xfc, 0x71, 0xef, 0xfe, 0x30,
    0x00, 0x00, 0x01, 0x4e, 0xff, 0xf2, 0x2f, 0xff, 0xd8, 0x20, 0x00, 0xcf, 0xff, 0xff, 0xff, 0xff,
    0xff, 0xff, 0xff, 0xc0, 0x0c, 0x83, 0x00, 0x00, 0x00, 0x5f, 0xff, 0xff, 0xff, 0xff, 0xff, 0xff,
    0xff, 0x50, 0x00, 0x00, 0x00, 0x00, 0x00, 0x06, 0xdf, 0xff, 0xff, 0xff, 0xff, 0xff, 0xe6, 0x00,
    0x00, 0x00, 0x00, 0x00, 0x00, 0x00, 0x02, 0x34, 0x44, 0x44, 0x44, 0x32, 0x00, 0x00, 0x00, 0x09,
    0xff, 0xf0, 0x00, 0x3c, 0xcc, 0x40, 0x19, 0x99, 0x40, 0x1c, 0xcc, 0x70, 0x00, 0x09, 0xff, 0xf0,
    0x00, 0x4f, 0xff, 0x50, 0x2f, 0xff, 0x60, 0x1f, 0xff, 0x80, 0x00, 0x09, 0xff, 0xf0, 0x00, 0x4f,
    0xff, 0x50, 0x2f, 0xff, 0x60, 0x1f, 0xff, 0x80, 0x00, 0x09, 0xff, 0xf0, 0x00, 0x4f, 0xff, 0x50,
    0x2f, 0xff, 0x60, 0x1f, 0xff, 0x80, 0x00, 0x09, 0xff, 0xf0, 0x00, 0x4f, 0xff, 0x50, 0x2f, 0xff,
    0x60, 0x1f, 0xff, 0x80, 0x00, 0x09, 0xff, 0xf0, 0x00, 0x4f, 0xff, 0x50, 0x2f, 0xff, 0x60, 0x1f,
    0xff, 0x80, 0x3f, 0xff, 0xff, 0xff, 0xfb, 0x4f, 0xff, 0x50, 0x2f, 0xff, 0x60, 0x1f, 0xff, 0x80,
    0x3f, 0xff, 0xff, 0xff, 0xfb, 0x4f, 0xff, 0x50, 0x2f, 0xff, 0x60, 0x1f, 0xff, 0x80, 0x3f, 0xff,
    0xff, 0xff, 0xfb, 0x4f, 0xff, 0x50, 0x2f, 0xff, 0x60, 0x1f, 0xff, 0x80, 0x28, 0x8c, 0xff, 0xf8,
    0x85, 0x4f, 0xff, 0x50, 0x2f, 0xff, 0x60, 0x1f, 0xff, 0x80, 0x00, 0x09, 0xff, 0xf0, 0x00, 0x4f,
    0xff, 0x50, 0x2f, 0xff, 0x60, 0x1f, 0xff, 0x80, 0x00, 0x09, 0xff, 0xf0, 0x00, 0x4f, 0xff, 0x50,
    0x2f, 0xff, 0x60, 0x1f, 0xff, 0x80, 0x00, 0x09, 0xff, 0xf0, 0x00, 0x4f, 0xff, 0x50, 0x2f, 0xff,
    0x60, 0x1f, 0xff, 0x80, 0x00, 0x09, 0xff, 0xf0, 0x00, 0x4f, 0xff, 0x50, 0x2f, 0xff, 0x60, 0x1f,
    0xff, 0x80, 0x00, 0x09, 0xff, 0xf0, 0x00, 0x6f, 0xff, 0x50, 0x2f, 0xff, 0x60, 0x1f, 0xff, 0x80,
    0x00, 0x09, 0xff, 0xf0, 0x01, 0x7f, 0xff, 0x40, 0x2f, 0xff, 0x60, 0x1f, 0xff, 0x80, 0x00, 0x09,
    0xff, 0xfa, 0xe9, 0x9f, 0xff, 0x30, 0x2f, 0xff, 0x60, 0x1f, 0xff, 0x80, 0x14, 0x7d, 0xff, 0xff,
    0xfa, 0xdf, 0xff, 0x10, 0x2f, 0xff, 0x60, 0x1f, 0xff, 0x80, 0x7f, 0xff, 0xff, 0xff, 0xfc, 0xff,
    0xfc, 0x00, 0x2f, 0xff, 0x60, 0x1f, 0xff, 0x80, 0x4f, 0xff, 0xff, 0xff, 0xcd, 0xff, 0xf9, 0x00,
    0x2f, 0xff, 0x60, 0x1f, 0xff, 0x80, 0x1f, 0xff, 0xd9, 0x51, 0x1e, 0xff, 0xf4, 0x00, 0x2f, 0xff,
    0x60, 0x1f, 0xff, 0x80, 0x09, 0x62, 0x00, 0x00, 0x9f, 0xff, 0xd0, 0x00, 0x2f, 0xff, 0x60, 0x1f,
    0xff, 0x80, 0x00, 0x00, 0x00, 0x06, 0xff, 0xff, 0x60, 0x00, 0x2f, 0xff, 0x60, 0x1f, 0xff, 0x80,
    0x00, 0x00, 0x00, 0x2e, 0xff, 0xfd, 0x00, 0x00, 0x2f, 0xff, 0x60, 0x1f, 0xff, 0x80, 0x00, 0x00,
    0x00, 0x03, 0xcf, 0xf3, 0x00, 0x00, 0x01, 0x11, 0x00, 0x1f, 0xff, 0x80, 0x00, 0x00, 0x00, 0x00,
    0x1a, 0x60, 0x00, 0x00, 0x00, 0x00, 0x00, 0x19, 0x99, 0x50, 0x00, 0x06, 0xff, 0xf4, 0x00, 0x00,
    0x00, 0x0d, 0xff, 0xb0, 0x00, 0x00, 0x00, 0x00, 0x00, 0x06, 0xff, 0xf4, 0x00, 0x00, 0x00, 0x0d,
    0xff, 0xb0, 0x00, 0x00, 0x00, 0x00, 0x00, 0x06, 0xff, 0xf4, 0x00, 0x00, 0x00, 0x0d, 0xff, 0xb0,
    0x00, 0x00, 0x00, 0x00, 0x00, 0x06, 0xff, 0xf4, 0x00, 0x00, 0x00, 0x0d, 0xff, 0xa0, 0x00, 0x00,
    0x00, 0x00, 0x00, 0x06, 0xff, 0xf4, 0x00, 0x4f, 0xff, 0xff, 0xff, 0xff, 0xff, 0xff, 0xf6, 0x00,
    0x00, 0x06, 0xff, 0xf4, 0x00, 0x4f, 0xff, 0xff, 0xff, 0xff, 0xff, 0xff, 0xf6, 0x00, 0x4f, 0xff,
    0xff, 0xff, 0xff, 0x5f, 0xff, 0xff, 0xff, 0xff, 0xff, 0xff, 0xf6, 0x00, 0x4f, 0xff, 0xff, 0xff,
    0xff, 0x27, 0x77, 0x7f, 0xff, 0xc7, 0x78, 0xff, 0xf6, 0x00, 0x4f, 0xff, 0xff, 0xff, 0xff, 0x00,
    0x00, 0x0f, 0xff, 0x90, 0x02, 0xff, 0xf6, 0x00, 0x2a, 0xac, 0xff, 0xfb, 0xaa, 0x00, 0x00, 0x0f,
    0xff, 0x80, 0x02, 0xff, 0xf6, 0x00, 0x00, 0x06, 0xff, 0xf4, 0x00, 0x00, 0x00, 0x1f, 0xff, 0x70,
    0x02, 0xff, 0xf6, 0x00, 0x00, 0x06, 0xff, 0xf4, 0x00, 0x00, 0x00, 0x2f, 0xff, 0x70, 0x02, 0xff,
    0xf6, 0x00, 0x00, 0x06, 0xff, 0xf4, 0x00, 0x00, 0x00, 0x3f, 0xff, 0x60, 0x02, 0xff, 0xf6, 0x00,
    0x00, 0x06, 0xff, 0xf4, 0x0e, 0xff, 0xff, 0xff, 0xff, 0xff, 0xff, 0xff, 0xff, 0xf4, 0x00, 0x06,
    0xff, 0xf4, 0x0e, 0xff, 0xff, 0xff, 0xff, 0xff, 0xff, 0xff, 0xff, 0xf4, 0x00, 0x06, 0xff, 0xf4,
    0x0e, 0xff, 0xff, 0xff, 0xff, 0xff, 0xff, 0xff, 0xff, 0xf4, 0x00, 0x06, 0xff, 0xf4, 0x06, 0x77,
    0x77, 0xff, 0xff, 0xfd, 0x77, 0x77, 0x77, 0x72, 0x00, 0x06, 0xff, 0xf5, 0x7c, 0x10, 0x04, 0xff,
    0xff, 0xff, 0x30, 0x00, 0x00, 0x00, 0x00, 0x06, 0xff, 0xff, 0xff, 0x20, 0x0c, 0xff, 0xec, 0xff,
    0xb0, 0x00, 0x00, 0x00, 0x01, 0x6c, 0xff, 0xff, 0xff, 0x40, 0x8f, 0xff, 0x85, 0xff, 0xf8, 0x00,
    0x00, 0x00, 0x7f, 0xff, 0xff, 0xff, 0xfd, 0x37, 0xff, 0xfe, 0x10, 0xcf, 0xff, 0x60, 0x00, 0x00,
    0x5f, 0xff, 0xff, 0xfa, 0x40, 0x9f, 0xff, 0xf5, 0x00, 0x4f, 0xff, 0xf8, 0x00, 0x00, 0x1e, 0xff,
    0xc7, 0x10, 0x3c, 0xff, 0xff, 0x80, 0x00, 0x09, 0xff, 0xff, 0xb2, 0x00, 0x09, 0x93, 0x00, 0x1a,
    0xff, 0xff, 0xf9, 0x00, 0x00, 0x00, 0xcf, 0xff, 0xff, 0xa1, 0x00, 0x00, 0x00, 0x0b, 0xff, 0xff,
    0x80, 0x00, 0x00, 0x00, 0x1b, 0xff, 0xff, 0xb0, 0x00, 0x00, 0x00, 0x01, 0xdf, 0xf6, 0x00, 0x00,
    0x00, 0x00, 0x00, 0x9f, 0xfe, 0x20, 0x00, 0x00, 0x00, 0x00, 0x3b, 0x20, 0x00, 0x00, 0x00, 0x00,
    0x00, 0x03, 0xb6, 0x00, 0x00, 0x00, 0x08, 0xff, 0xf3, 0x00, 0x00, 0x00, 0x00, 0x2f, 0xff, 0x90,
    0x00, 0x00, 0x00, 0x00, 0x08, 0xff, 0xf3, 0x00, 0x00, 0x00, 0x00, 0x2f, 0xff, 0x90, 0x00, 0x00,
    0x08, 0xff, 0xff, 0xff, 0xff, 0xff, 0xff, 0xff, 0xff, 0xff, 0xff, 0xff, 0xff, 0x80, 0x08, 0xff,
    0xff, 0xff, 0xff, 0xff, 0xff, 0xff, 0xff, 0xff, 0xff, 0xff, 0xff, 0x80, 0x07, 0xdd, 0xde, 0xff,
    0xfe, 0xdd, 0xdd, 0xdd, 0xdd, 0xdf, 0xff, 0xed, 0xdd, 0x70, 0x00, 0x00, 0x08, 0xff, 0xf3, 0x00,
    0x00, 0x00, 0x00, 0x2f, 0xff, 0x90, 0x00, 0x00, 0x00, 0x00, 0x08, 0xff, 0xff, 0xff, 0xff, 0xff,
    0xff, 0xff, 0xff, 0x90, 0x00, 0x00, 0x00, 0x00, 0x08, 0xff, 0xff, 0xff, 0xff, 0xff, 0xff, 0xff,
    0xff, 0x90, 0x00, 0x00, 0x00, 0x00, 0x08, 0xff, 0xf5, 0x22, 0x22, 0x22, 0x22, 0x4f, 0xff, 0x90,
    0x00, 0x00, 0x00, 0x00, 0x08, 0xff, 0xff, 0xff, 0xff, 0xff, 0xff, 0xff, 0xff, 0x90, 0x00, 0x00,
    0x00, 0x00, 0x08, 0xff, 0xff, 0xff, 0xff, 0xff, 0xff, 0xff, 0xff, 0x90, 0x00, 0x00, 0x00, 0x00,
    0x08, 0xff, 0xf4, 0x11, 0x11, 0x11, 0x11, 0x3f, 0xff, 0x90, 0x00, 0x00, 0x5f, 0xff, 0xff, 0xff,
    0xff, 0xff, 0xff, 0xff, 0xff, 0xff, 0xff, 0xff, 0xff, 0xf5, 0x5f, 0xff, 0xff, 0xff, 0xff, 0xff,
    0xff, 0xff, 0xff, 0xff, 0xff, 0xff, 0xff, 0xf5, 0x4d, 0xdd, 0xdd, 0xff, 0xff, 0xdd, 0xdd, 0xdd,
    0xdd, 0xff, 0xff, 0xdd, 0xdd, 0xd4, 0x00, 0x00, 0x08, 0xff, 0xfa, 0x00, 0x00, 0x00, 0x00, 0x9f,
    0xff, 0x90, 0x00, 0x00, 0x00, 0x00, 0x9f, 0xff, 0xc1, 0x00, 0xdf, 0xfd, 0x00, 0x1c, 0xff, 0xfa,
    0x00, 0x00, 0x00, 0x2b, 0xff, 0xfe, 0x20, 0x00, 0xdf, 0xfd, 0x00, 0x02, 0xef, 0xff, 0xc2, 0x00,
    0x06, 0xef, 0xfe, 0xcf, 0xff, 0xff, 0xff, 0xff, 0xff, 0xff, 0xfb, 0xef, 0xfe, 0x60, 0x6f, 0xff,
    0xe3, 0xaf, 0xff, 0xff, 0xff, 0xff, 0xff, 0xff, 0xf8, 0x3e, 0xff, 0xf6, 0x0b, 0xfe, 0x30, 0x8c,
    0xcc, 0xcc, 0xff, 0xff, 0xcc, 0xcc, 0xc7, 0x03, 0xef, 0xb0, 0x01, 0xb2, 0x00, 0x00, 0x00, 0x00,
    0xdf, 0xfd, 0x00, 0x00, 0x00, 0x00, 0x2b, 0x10, 0x00, 0x00, 0x00, 0x00, 0x00, 0x00, 0xdf, 0xfd,
    0x00, 0x00, 0x00, 0x00, 0x00, 0x00, 0x00, 0xbf, 0xff, 0xff, 0xff, 0xff, 0xff, 0xff, 0xff, 0xff,
    0xff, 0xff, 0xfb, 0x00, 0x00, 0xbf, 0xff, 0xff, 0xff, 0xff, 0xff, 0xff, 0xff, 0xff, 0xff, 0xff,
    0xfb, 0x00, 0x00, 0x9d, 0xdd, 0xdd, 0xdd, 0xdd, 0xdd, 0xdd, 0xdd, 0xdd, 0xdd, 0xdd, 0xd9, 0x00,
    0x00, 0x00, 0x6e, 0xca, 0x10, 0x00, 0x00, 0x00, 0xcf, 0xfe, 0x00, 0x00, 0x00, 0x00, 0x00, 0x00,
    0x9f, 0xfe, 0x00, 0x00, 0x00, 0x00, 0xcf, 0xfe, 0x00, 0x00, 0x00, 0x00, 0x00, 0x00, 0xcf, 0xfa,
    0x00, 0x00, 0x00, 0x00, 0xcf, 0xfe, 0x00, 0x00, 0x00, 0x00, 0x00, 0x01, 0xff, 0xf6, 0x00, 0x00,
    0x00, 0x00, 0xcf, 0xfe, 0x00, 0x00, 0x00, 0x00, 0x00, 0x04, 0xff, 0xff, 0xff, 0xff, 0xff, 0x00,
    0xcf, 0xfe, 0x00, 0x00, 0x00, 0x00, 0x00, 0x08, 0xff, 0xff, 0xff, 0xff, 0xff, 0x00, 0xcf, 0xfe,
    0x00, 0x00, 0x00, 0x00, 0x00, 0x0c, 0xff, 0xff, 0xff, 0xff, 0xff, 0x00, 0xcf, 0xfe, 0x03, 0xc2,
    0x00, 0x00, 0x00, 0x1f, 0xff, 0x86, 0x66, 0xcf, 0xfe, 0x00, 0xcf, 0xfe, 0x8f, 0xfc, 0x00, 0x00,
    0x00, 0x6f, 0xfe, 0x10, 0x00, 0xbf, 0xfd, 0x00, 0xcf, 0xfe, 0xaf, 0xff, 0x90, 0x00, 0x00, 0xcf,
    0xfd, 0x00, 0x00, 0xcf, 0xfc, 0x00, 0xcf, 0xfe, 0x1e, 0xff, 0xf5, 0x00, 0x03, 0xff, 0xff, 0x10,
    0x00, 0xef, 0xf9, 0x00, 0xcf, 0xfe, 0x05, 0xff, 0xfe, 0x10, 0x09, 0xff, 0xff, 0x40, 0x02, 0xff,
    0xf6, 0x00, 0xcf, 0xfe, 0x00, 0xaf, 0xff, 0xb0, 0x2f, 0xff, 0xff, 0x70, 0x05, 0xff, 0xf3, 0x00,
    0xcf, 0xfe, 0x00, 0x2e, 0xff, 0xf6, 0x9f, 0xff, 0xff, 0xc0, 0x0a, 0xff, 0xe0, 0x00, 0xcf, 0xfe,
    0x00, 0x07, 0xff, 0x91, 0x8f, 0xff, 0xff, 0xf2, 0x0e, 0xff, 0xa0, 0x00, 0xcf, 0xfe, 0x00, 0x00,
    0xb4, 0x00, 0x1f, 0xf9, 0xff, 0xf7, 0x6f, 0xff, 0x50, 0x00, 0xcf, 0xfe, 0x00, 0x00, 0x00, 0x00,
    0x09, 0xd1, 0xbf, 0xfd, 0xcf, 0xfe, 0x10, 0x00, 0xcf, 0xfe, 0x00, 0x00, 0x00, 0x00, 0x02, 0x50,
    0x6f, 0xff, 0xff, 0xf8, 0x00, 0x00, 0xcf, 0xfe, 0x00, 0x00, 0x00, 0x00, 0x00, 0x00, 0x0d, 0xff,
    0xff, 0xf2, 0x00, 0x00, 0xcf, 0xfe, 0x00, 0x00, 0x00, 0x00, 0x00, 0x00, 0x05, 0xff, 0xff, 0x90,
    0x00, 0x00, 0xcf, 0xfe, 0x00, 0x00, 0x00, 0x00, 0x00, 0x00, 0x05, 0xff, 0xff, 0xf8, 0x00, 0x00,
    0xcf, 0xfe, 0x00, 0x00, 0x00, 0x00, 0x00, 0x00, 0x4f, 0xff, 0xff, 0xff, 0xc6, 0x10, 0xcf, 0xfe,
    0x00, 0x00, 0x00, 0x00, 0x00, 0x04, 0xef, 0xff, 0xff, 0xff, 0xff, 0xeb, 0x85, 0x32, 0x10, 0x00,
    0x00, 0x00, 0x00, 0x6f, 0xff, 0xfc, 0x3c, 0xff, 0xff, 0xff, 0xff, 0xff, 0xff, 0xff, 0xff, 0xf7,
    0x19, 0xff, 0xff, 0xc1, 0x00, 0x7e, 0xff, 0xff, 0xff, 0xff, 0xff, 0xff, 0xff, 0xf2, 0x5f, 0xff,
    0xfd, 0x10, 0x00, 0x01, 0x7c, 0xff, 0xff, 0xff, 0xff, 0xff, 0xff, 0xc0, 0x07, 0xff, 0xa1, 0x00,
    0x00, 0x00, 0x00, 0x26, 0x9b, 0xcd, 0xee, 0xff, 0xff, 0x70, 0x00, 0x97, 0x00, 0x00, 0x00, 0x00,
    0x00, 0x00, 0x00, 0x00, 0x00, 0x00, 0x01, 0x00, 0x00, 0x00, 0x00, 0x00, 0x32, 0x00, 0x00, 0x00,
    0x00, 0x00, 0x00, 0x00, 0x00, 0x00, 0x00, 0x00, 0x00, 0x05, 0xff, 0xfc, 0x10, 0x00, 0x00, 0x00,
    0x00, 0x00, 0x00, 0x00, 0x00, 0x00, 0x00, 0x3e, 0xff, 0xf4, 0x00, 0x00, 0x00, 0x00, 0x00, 0x00,
    0x00, 0x00, 0x00, 0x00, 0x03, 0xef, 0xff, 0xff, 0xff, 0xff, 0xff, 0xff, 0xff, 0xff, 0xc0, 0x00,
    0x00, 0x00, 0x3e, 0xff, 0xff, 0xff, 0xff, 0xff, 0xff, 0xff, 0xff, 0xff, 0xc0, 0x00, 0x00, 0x05,
    0xef, 0xff, 0xfe, 0xdd, 0xdd, 0xdd, 0xdd, 0xde, 0xff, 0xff, 0xc0, 0x00, 0x00, 0x8f, 0xff, 0xff,
    0xfd, 0x40, 0x00, 0x00, 0x01, 0x8f, 0xff, 0xfd, 0x20, 0x00, 0x2c, 0xff, 0xff, 0xbf, 0xff, 0xf8,
    0x10, 0x00, 0x6d, 0xff, 0xff, 0xb1, 0x00, 0x00, 0x1a, 0xff, 0xe4, 0x07, 0xff, 0xff, 0xe8, 0x7d,
    0xff, 0xff, 0xf7, 0x00, 0x00, 0x00, 0x00, 0x99, 0x10, 0x00, 0x4d, 0xff, 0xff, 0xff, 0xff, 0xfa,
    0x20, 0x00, 0x00, 0x00, 0x00, 0x00, 0x00, 0x00, 0x4c, 0xff, 0xff, 0xff, 0xff, 0xe9, 0x40, 0x00,
    0x00, 0x00, 0x00, 0x00, 0x00, 0x6c, 0xff, 0xff, 0xff, 0xff, 0xff, 0xff, 0xfe, 0xb8, 0x53, 0x20,
    0x00, 0x03, 0x9e, 0xff, 0xff, 0xff, 0xa5, 0x6c, 0xff, 0xff, 0xff, 0xff, 0xff, 0xf5, 0x39, 0xdf,
    0xff, 0xff, 0xea, 0x51, 0x00, 0x00, 0x49, 0xef, 0xff, 0xff, 0xff, 0xd0, 0x4f, 0xfd, 0xda, 0x63,
    0x00, 0x00, 0x00, 0x00, 0x00, 0x03, 0x7b, 0xef, 0xff, 0x60, 0x0d, 0xc8, 0xff, 0xff, 0xff, 0xff,
    0xff, 0xff, 0xff, 0xff, 0xff, 0xff, 0xb6, 0x10, 0x06, 0x38, 0xff, 0xff, 0xff, 0xff, 0xff, 0xff,
    0xff, 0xff, 0xff, 0xff, 0x80, 0x00, 0x00, 0x08, 0xff, 0xfc, 0xcc, 0xcc, 0xef, 0xfe, 0xcc, 0xcc,
    0xcf, 0xff, 0x80, 0x00, 0x00, 0x08, 0xff, 0xf4, 0x00, 0x00, 0xcf, 0xfc, 0x00, 0x00, 0x4f, 0xff,
    0x80, 0x00, 0x00, 0x08, 0xff, 0xf4, 0x00, 0x00, 0xcf, 0xfc, 0x00, 0x00, 0x4f, 0xff, 0x80, 0x00,
    0x00, 0x08, 0xff, 0xff, 0xff, 0xff, 0xff, 0xff, 0xff, 0xff, 0xff, 0xff, 0x80, 0x00, 0x00, 0x08,
    0xff, 0xff, 0xff, 0xff, 0xff, 0xff, 0xff, 0xff, 0xff, 0xff, 0x80, 0x00, 0x00, 0x08, 0xff, 0xfa,
    0x88, 0x88, 0xdf, 0xfd, 0x88, 0x88, 0xaf, 0xff, 0x80, 0x00, 0x00, 0x08, 0xff, 0xf4, 0x00, 0x00,
    0xcf, 0xfc, 0x00, 0x00, 0x4f, 0xff, 0x80, 0x00, 0x00, 0x08, 0xff, 0xf4, 0x00, 0x00, 0xcf, 0xfc,
    0x00, 0x00, 0x4f, 0xff, 0x80, 0x00, 0x00, 0x08, 0xff, 0xff, 0xff, 0xff, 0xff, 0xff, 0xff, 0xff,
    0xff, 0xff, 0x80, 0x00, 0x00, 0x08, 0xff, 0xff, 0xff, 0xff, 0xff, 0xff, 0xff, 0xff, 0xff, 0xff,
    0x80, 0x00, 0x00, 0x08, 0xff, 0xfc, 0xcc, 0xcc, 0xcc, 0xcc, 0xcc, 0xcc, 0xcf, 0xff, 0x80, 0x00,
    0x00, 0x08, 0xff, 0xf4, 0x00, 0x00, 0x00, 0x00, 0x00, 0x00, 0x4f, 0xff, 0x80, 0x00, 0x00, 0x00,
    0x08, 0xda, 0x72, 0x00, 0x00, 0x00, 0x9f, 0xff, 0x40, 0x00, 0x00, 0x00, 0x00, 0x00, 0x0c, 0xff,
    0xf2, 0x00, 0x00, 0x00, 0x9f, 0xff, 0x40, 0x00, 0x00, 0x00, 0x00, 0x00, 0x1f, 0xff, 0xd0, 0x00,
    0x00, 0x00, 0x9f, 0xff, 0x40, 0x00, 0x00, 0x00, 0x00, 0x00, 0x4f, 0xff, 0x90, 0x00, 0x00, 0x00,
    0x9f, 0xff, 0x40, 0x00, 0x00, 0x00, 0x00, 0x00, 0x9f, 0xff, 0xff, 0xff, 0xff, 0xe0, 0x9f, 0xff,
    0x40, 0x00, 0x00, 0x00, 0x00, 0x00, 0xef, 0xff, 0xff, 0xff, 0xff, 0xe0, 0x9f, 0xff, 0x40, 0x00,
    0x00, 0x00, 0x00, 0x05, 0xff, 0xff, 0xff, 0xff, 0xff, 0xe0, 0x9f, 0xff, 0x40, 0x00, 0x00, 0x00,
    0x00, 0x0b, 0xff, 0xfa, 0xaa, 0xae, 0xff, 0xe0, 0x9f, 0xff, 0x4b, 0x30, 0x00, 0x00, 0x00, 0x3f,
    0xff, 0xb0, 0x00, 0x0e, 0xff, 0xb0, 0x9f, 0xff, 0xef, 0xd1, 0x00, 0x00, 0x00, 0xaf, 0xff, 0x50,
    0x00, 0x3f, 0xff, 0x90, 0x9f, 0xff, 0xff, 0xfc, 0x10, 0x00, 0x03, 0xff, 0xfd, 0x00, 0x00, 0x6f,
    0xff, 0x60, 0x9f, 0xff, 0xff, 0xff, 0xa0, 0x00, 0x0c, 0xff, 0xf6, 0x00, 0x00, 0xbf, 0xff, 0x20,
    0x9f, 0xff, 0xaf, 0xff, 0xf7, 0x00, 0x7f, 0xff, 0xd1, 0xb3, 0x01, 0xff, 0xfd, 0x00, 0x9f, 0xff,
    0x4a, 0xff, 0xff, 0x40, 0x9f, 0xff, 0x58, 0xff, 0x66, 0xff, 0xf8, 0x00, 0x9f, 0xff, 0x41, 0xcf,
    0xff, 0xe2, 0x1e, 0xfb, 0x3f, 0xff, 0xff, 0xff, 0xf3, 0x00, 0x9f, 0xff, 0x40, 0x2e, 0xff, 0xf9,
    0x09, 0xe2, 0x7f, 0xff, 0xff, 0xff, 0xc0, 0x00, 0x9f, 0xff, 0x40, 0x05, 0xff, 0x90, 0x02, 0x60,
    0x04, 0xdf, 0xff, 0xff, 0x50, 0x00, 0x9f, 0xff, 0x40, 0x00, 0x96, 0x00, 0x00, 0x00, 0x00, 0x0c,
    0xff, 0xfd, 0x00, 0x00, 0x9f, 0xff, 0x40, 0x00, 0x00, 0x00, 0x00, 0x00, 0x00, 0x4f, 0xff, 0xf5,
    0x00, 0x00, 0x9f, 0xff, 0x40, 0x00, 0x00, 0x00, 0x00, 0x00, 0x02, 0xef, 0xff, 0xb0, 0x00, 0x00,
    0x9f, 0xff, 0x40, 0x00, 0x00, 0x00, 0x00, 0x00, 0x1d, 0xff, 0xfe, 0x20, 0x00, 0x00, 0x9f, 0xff,
    0x40, 0x00, 0x00, 0x00, 0x00, 0x01, 0xcf, 0xff, 0xf5, 0x00, 0x00, 0x00, 0x9f, 0xff, 0x40, 0x00,
    0x00, 0x00, 0x00, 0x2d, 0xff, 0xff, 0x80, 0x00, 0x00, 0x00, 0x9f, 0xff, 0x40, 0x00, 0x00, 0x00,
    0x04, 0xef, 0xff, 0xf9, 0x00, 0x00, 0x00, 0x00, 0x9f, 0xff, 0x40, 0x00, 0x00, 0x00, 0x0b, 0xff,
    0xff, 0x90, 0x00, 0x00, 0x00, 0x00, 0x9f, 0xff, 0x40, 0x00, 0x00, 0x00, 0x00, 0xbf, 0xf8, 0x00,
    0x00, 0x00, 0x00, 0x00, 0x9f, 0xff, 0x40, 0x00, 0x00, 0x00, 0x00, 0x1b, 0x50, 0x00, 0x00, 0x00,
    0x00, 0x00, 0x9f, 0xff, 0x40, 0x00, 0x00, 0x00, 0x00, 0x00, 0x00, 0x00, 0x01, 0xcf, 0xff, 0xb0,
    0x00, 0x00, 0x00, 0x00, 0x00, 0x00, 0x00, 0x00, 0x00, 0x00, 0x2d, 0xff, 0xfd, 0x10, 0x00, 0x00,
    0x00, 0x00, 0x00, 0x00, 0x00, 0x00, 0x00, 0x05, 0xef, 0xff, 0xff, 0xff, 0xff, 0xff, 0xff, 0xff,
    0xb0, 0x00, 0x00, 0x00, 0x01, 0xaf, 0xff, 0xff, 0xff, 0xff, 0xff, 0xff, 0xff, 0xff, 0xb0, 0x00,
    0x00, 0x00, 0x7e, 0xff, 0xff, 0xff, 0xff, 0xff, 0xff, 0xff, 0xff, 0xff, 0xb0, 0x00, 0x01, 0x7d,
    0xff, 0xff, 0xfd, 0x11, 0x11, 0x11, 0x11, 0x5e, 0xff, 0xfd, 0x20, 0x00, 0x09, 0xff, 0xff, 0xff,
    0xff, 0x70, 0x00, 0x00, 0x19, 0xff, 0xff, 0xe2, 0x00, 0x00, 0x00, 0xaf, 0xfe, 0x8d, 0xff, 0xf6,
    0x00, 0x06, 0xef, 0xff, 0xfc, 0x20, 0x00, 0x00, 0x00, 0x1c, 0x81, 0x02, 0xef, 0xff, 0x66, 0xdf,
    0xff, 0xff, 0xa1, 0x00, 0x00, 0x00, 0x00, 0x00, 0x00, 0x00, 0x4f, 0xff, 0xff, 0xff, 0xff, 0xe6,
    0x00, 0x00, 0x00, 0x00, 0x00, 0x00, 0x00, 0x03, 0x8e, 0xff, 0xff, 0xff, 0xfc, 0x20, 0x00, 0x00,
    0x00, 0x00, 0x00, 0x03, 0x69, 0xef, 0xff, 0xff, 0xff, 0xfe, 0x60, 0x00, 0x00, 0x00, 0x00, 0x00,
    0x2b, 0xef, 0xff, 0xff, 0xff, 0xff, 0xfc, 0xaf, 0xff, 0xf6, 0x00, 0x00, 0x00, 0x00, 0x0c, 0xff,
    0xff, 0xff, 0xff, 0xc8, 0x38, 0xff, 0xff, 0x60, 0x00, 0x00, 0x00, 0x00, 0x05, 0xff, 0xff, 0xfb,
    0x72, 0x03, 0xcf, 0xff, 0xff, 0xff, 0xff, 0xff, 0xff, 0x80, 0x00, 0xcb, 0x74, 0x00, 0x02, 0xaf,
    0xff, 0xff, 0xff, 0xff, 0xff, 0xff, 0xff, 0x80, 0x00, 0x00, 0x00, 0x03, 0x9f, 0xff, 0xff, 0xff,
    0xff, 0xff, 0xff, 0xff, 0xff, 0x80, 0x00, 0x00, 0x15, 0xbf, 0xff, 0xff, 0xe6, 0x11, 0x11, 0x11,
    0x3d, 0xff, 0xfc, 0x10, 0x01, 0x6b, 0xff, 0xff, 0xff, 0xfe, 0x10, 0x00, 0x00, 0x04, 0xef, 0xff,
    0xd1, 0x00, 0x01, 0xef, 0xff, 0xff, 0xff, 0xff, 0x80, 0x00, 0x01, 0x9f, 0xff, 0xfd, 0x20, 0x00,
    0x00, 0x5f, 0xff, 0xe9, 0x3c, 0xff, 0xf7, 0x00, 0x5d, 0xff, 0xff, 0xb1, 0x00, 0x00, 0x00, 0x09,
    0xb5, 0x00, 0x01, 0xdf, 0xff, 0x8c, 0xff, 0xff, 0xf9, 0x00, 0x00, 0x00, 0x00, 0x00, 0x00, 0x00,
    0x00, 0x3f, 0xff, 0xff, 0xff, 0xfd, 0x40, 0x00, 0x00, 0x00, 0x00, 0x00, 0x00, 0x01, 0x48, 0xdf,
    0xff, 0xff, 0xff, 0x81, 0x00, 0x00, 0x00, 0x00, 0x01, 0x35, 0x7a, 0xcf, 0xff, 0xff, 0xff, 0xff,
    0x92, 0x00, 0x00, 0x00, 0x00, 0x00, 0x1e, 0xff, 0xff, 0xff, 0xff, 0xff, 0xfd, 0x71, 0x00, 0x00,
    0x00, 0x00, 0x00, 0x00, 0x06, 0xff, 0xff, 0xff, 0xff, 0xd9, 0x40, 0x00, 0x00, 0x00, 0x00, 0x00,
    0x00, 0x00, 0x00, 0xef, 0xff, 0xda, 0x63, 0x00, 0x00, 0x00, 0x00, 0x00, 0x00, 0x00, 0x00, 0x00,
    0x00, 0x56, 0x31, 0x00, 0x00, 0x00, 0x00, 0x00, 0x00, 0x00, 0x00, 0x00, 0x00, 0x00, 0x00, 0x00,
    0x00, 0x00, 0x00, 0x02, 0xff, 0xff, 0x00, 0x00, 0x00, 0x00, 0x00, 0x00, 0x00, 0x00, 0x00, 0x00,
    0x00, 0x02, 0xff, 0xff, 0x00, 0x00, 0x00, 0x00, 0x00, 0x00, 0x00, 0x00, 0x00, 0x00, 0x00, 0x02,
    0xff, 0xff, 0x00, 0x00, 0x00, 0x00, 0x00, 0x00, 0x00, 0x00, 0x00, 0x00, 0x00, 0x02, 0xff, 0xfe,
    0x00, 0x00, 0x00, 0x00, 0x00, 0x00, 0x00, 0x00, 0x00, 0x00, 0x00, 0x02, 0xff, 0xfe, 0x00, 0x00,
    0x00, 0x00, 0x00, 0x00, 0x00, 0x00, 0x00, 0x00, 0x00, 0x03, 0xff, 0xfd, 0x00, 0x00, 0x00, 0x00,
    0x00, 0x00, 0x00, 0x00, 0x00, 0x00, 0x00, 0x04, 0xff, 0xfd, 0x00, 0x00, 0x00, 0x00, 0x00, 0x00,
    0x1f, 0xff, 0xff, 0xff, 0xff, 0xff, 0xff, 0xff, 0xff, 0xff, 0xff, 0xff, 0xff, 0xf2, 0x1f, 0xff,
    0xff, 0xff, 0xff, 0xff, 0xff, 0xff, 0xff, 0xff, 0xff, 0xff, 0xff, 0xf2, 0x1f, 0xff, 0xff, 0xff,
    0xff, 0xff, 0xff, 0xff, 0xff, 0xff, 0xff, 0xff, 0xff, 0xf2, 0x1c, 0xcc, 0xcc, 0xcc, 0xcc, 0xce,
    0xff, 0xff, 0xcc, 0xcc, 0xcc, 0xcc, 0xcc, 0xc1, 0x00, 0x00, 0x00, 0x00, 0x00, 0x0c, 0xff, 0xff,
    0x50, 0x00, 0x00, 0x00, 0x00, 0x00, 0x00, 0x00, 0x00, 0x00, 0x00, 0x0f, 0xff, 0xff, 0xa0, 0x00,
    0x00, 0x00, 0x00, 0x00, 0x00, 0x00, 0x00, 0x00, 0x00, 0x4f, 0xff, 0xff, 0xe1, 0x00, 0x00, 0x00,
    0x00, 0x00, 0x00, 0x00, 0x00, 0x00, 0x00, 0xaf, 0xff, 0xff, 0xf7, 0x00, 0x00, 0x00, 0x00, 0x00,
    0x00, 0x00, 0x00, 0x00, 0x02, 0xff, 0xfe, 0xdf, 0xfe, 0x10, 0x00, 0x00, 0x00, 0x00, 0x00, 0x00,
    0x00, 0x00, 0x0a, 0xff, 0xf8, 0x7f, 0xff, 0x80, 0x00, 0x00, 0x00, 0x00, 0x00, 0x00, 0x00, 0x00,
    0x5f, 0xff, 0xf2, 0x1e, 0xff, 0xf4, 0x00, 0x00, 0x00, 0x00, 0x00, 0x00, 0x00, 0x03, 0xef, 0xff,
    0x90, 0x08, 0xff, 0xfe, 0x20, 0x00, 0x00, 0x00, 0x00, 0x00, 0x00, 0x3e, 0xff, 0xfe, 0x10, 0x01,
    0xdf, 0xff, 0xd2, 0x00, 0x00, 0x00, 0x00, 0x00, 0x05, 0xef, 0xff, 0xf5, 0x00, 0x00, 0x5f, 0xff,
    0xfd, 0x40, 0x00, 0x00, 0x00, 0x01, 0x8f, 0xff, 0xff, 0x80, 0x00, 0x00, 0x08, 0xff, 0xff, 0xf8,
    0x10, 0x00, 0x00, 0x5d, 0xff, 0xff, 0xf9, 0x00, 0x00, 0x00, 0x00, 0xaf, 0xff, 0xff, 0xd6, 0x00,
    0x3c, 0xff, 0xff, 0xff, 0x90, 0x00, 0x00, 0x00, 0x00, 0x0a, 0xff, 0xff, 0xff, 0xe3, 0x1c, 0xff,
    0xff, 0xf6, 0x00, 0x00, 0x00, 0x00, 0x00, 0x00, 0x8f, 0xff, 0xff, 0x90, 0x01, 0xcf, 0xfc, 0x30,
    0x00, 0x00, 0x00, 0x00, 0x00, 0x00, 0x04, 0xdf, 0xfa, 0x00, 0x00, 0x1c, 0x70, 0x00, 0x00, 0x00,
    0x00, 0x00, 0x00, 0x00, 0x00, 0x18, 0xb0, 0x00, 0x00, 0x00, 0x00, 0x00, 0x00, 0x00, 0x9f, 0xff,
    0x50, 0x00, 0x00, 0x00, 0x00, 0x00, 0x00, 0x00, 0x0c, 0xb9, 0x50, 0x00, 0x9f, 0xff, 0x50, 0x00,
    0x00, 0x00, 0x00, 0x00, 0x00, 0x00, 0x2f, 0xff, 0xb0, 0x00, 0x9f, 0xff, 0x50, 0x00, 0x00, 0x00,
    0x00, 0x00, 0x00, 0x00, 0x6f, 0xff, 0x60, 0x00, 0x9f, 0xff, 0x50, 0x00, 0x00, 0x00, 0x00, 0x00,
    0x00, 0x00, 0xbf, 0xff, 0x20, 0x00, 0xaf, 0xff, 0x50, 0x00, 0x00, 0x00, 0x00, 0x00, 0x00, 0x02,
    0xff, 0xff, 0xff, 0xff, 0xff, 0xff, 0xff, 0xff, 0xff, 0xff, 0xfc, 0x00, 0x00, 0x08, 0xff, 0xff,
    0xff, 0xff, 0xff, 0xff, 0xff, 0xff, 0xff, 0xff, 0xfc, 0x00, 0x00, 0x1e, 0xff, 0xff, 0xff, 0xff,
    0xff, 0xff, 0xff, 0xff, 0xff, 0xff, 0xfc, 0x00, 0x00, 0x7f, 0xff, 0xb7, 0x77, 0x77, 0xdf, 0xff,
    0x87, 0x77, 0x77, 0x77, 0x75, 0x00, 0x01, 0xef, 0xff, 0x20, 0x00, 0x00, 0xdf, 0xff, 0x10, 0x00,
    0x00, 0x00, 0x00, 0x00, 0x02, 0xaf, 0xfa, 0x00, 0x00, 0x00, 0xef, 0xff, 0x10, 0x00, 0x00, 0x00,
    0x00, 0x00, 0x00, 0x03, 0xb3, 0x00, 0x00, 0x00, 0xff, 0xff, 0x00, 0x00, 0x00, 0x00, 0x00, 0x00,
    0x00, 0x00, 0x00, 0x00, 0x00, 0x01, 0xff, 0xfe, 0x00, 0x00, 0x00, 0x00, 0x00, 0x00, 0x4f, 0xff,
    0xff, 0xff, 0xff, 0xff, 0xff, 0xff, 0xff, 0xff, 0xff, 0xff, 0xff, 0xf5, 0x4f, 0xff, 0xff, 0xff,
    0xff, 0xff, 0xff, 0xff, 0xff, 0xff, 0xff, 0xff, 0xff, 0xf5, 0x4f, 0xff, 0xff, 0xff, 0xff, 0xff,
    0xff, 0xff, 0xff, 0xff, 0xff, 0xff, 0xff, 0xf5, 0x27, 0x77, 0x77, 0x77, 0x77, 0x9f, 0xff, 0xff,
    0xf9, 0x77, 0x77, 0x77, 0x77, 0x72, 0x00, 0x00, 0x00, 0x00, 0x00, 0xbf, 0xff, 0xff, 0xfc, 0x10,
    0x00, 0x00, 0x00, 0x00, 0x00, 0x00, 0x00, 0x00, 0x07, 0xff, 0xfd, 0x8f, 0xff, 0xb0, 0x00, 0x00,
    0x00, 0x00, 0x00, 0x00, 0x00, 0x00, 0x8f, 0xff, 0xf4, 0x0c, 0xff, 0xfb, 0x10, 0x00, 0x00, 0x00,
    0x00, 0x00, 0x00, 0x2b, 0xff, 0xff, 0x90, 0x02, 0xef, 0xff, 0xc2, 0x00, 0x00, 0x00, 0x00, 0x00,
    0x07, 0xef, 0xff, 0xfa, 0x00, 0x00, 0x4f, 0xff, 0xfe, 0x70, 0x00, 0x00, 0x00, 0x06, 0xdf, 0xff,
    0xff, 0xa0, 0x00, 0x00, 0x05, 0xff, 0xff, 0xfd, 0x61, 0x00, 0x18, 0xef, 0xff, 0xff, 0xf8, 0x00,
    0x00, 0x00, 0x00, 0x5e, 0xff, 0xff, 0xff, 0xb1, 0x09, 0xff, 0xff, 0xfd, 0x40, 0x00, 0x00, 0x00,
    0x00, 0x02, 0xcf, 0xff, 0xff, 0x80, 0x00, 0xaf, 0xff, 0x81, 0x00, 0x00, 0x00, 0x00, 0x00, 0x00,
    0x18, 0xef, 0xfa, 0x00, 0x00, 0x0b, 0x92, 0x00, 0x00, 0x00, 0x00, 0x00, 0x00, 0x00, 0x00, 0x19,
    0xb0, 0x00, 0x00, 0x00, 0x00, 0x00, 0x00, 0x9c, 0x85, 0x10, 0x00, 0x00, 0x00, 0x00, 0x00, 0x00,
    0x00, 0x00, 0x00, 0x00, 0x00, 0xef, 0xff, 0xd0, 0x00, 0x00, 0x00, 0x00, 0x00, 0x00, 0x00, 0x00,
    0x00, 0x00, 0x04, 0xff, 0xff, 0x70, 0x00, 0x00, 0x00, 0x00, 0x00, 0x00, 0x00, 0x00, 0x00, 0x00,
    0x09, 0xff, 0xff, 0x10, 0x00, 0x00, 0x00, 0x00, 0x00, 0x00, 0x00, 0x00, 0x00, 0x00, 0x0e, 0xff,
    0xfa, 0x00, 0x00, 0x00, 0x00, 0x00, 0x00, 0x00, 0x00, 0x00, 0x00, 0x00, 0x5f, 0xff, 0xf4, 0x00,
    0x00, 0x00, 0x00, 0x00, 0x00, 0x00, 0x6f, 0xff, 0xff, 0xff, 0xff, 0xff, 0xff, 0xff, 0xff, 0xff,
    0xff, 0xff, 0xff, 0xf7, 0x6f, 0xff, 0xff, 0xff, 0xff, 0xff, 0xff, 0xff, 0xff, 0xff, 0xff, 0xff,
    0xff, 0xf7, 0x6f, 0xff, 0xff, 0xff, 0xff, 0xff, 0xff, 0xff, 0xff, 0xff, 0xff, 0xff, 0xff, 0xf7,
    0x5c, 0xcc, 0xcc, 0xcf, 0xff, 0xfd, 0xcc, 0xcc, 0xcc, 0xdf, 0xff, 0xfd, 0xcc, 0xc5, 0x00, 0x00,
    0x00, 0x5f, 0xff, 0xf2, 0x00, 0x00, 0x00, 0x8f, 0xff, 0xf1, 0x00, 0x00, 0x00, 0x00, 0x00, 0xcf,
    0xff, 0xb0, 0x00, 0x00, 0x00, 0xcf, 0xff, 0xa0, 0x00, 0x00, 0x00, 0x00, 0x04, 0xff, 0xff, 0x40,
    0x00, 0x00, 0x02, 0xff, 0xff, 0x50, 0x00, 0x00, 0x00, 0x00, 0x0c, 0xff, 0xfc, 0x00, 0x00, 0x00,
    0x08, 0xff, 0xfe, 0x00, 0x00, 0x00, 0x00, 0x00, 0x5f, 0xff, 0xfa, 0x10, 0x00, 0x00, 0x2e, 0xff,
    0xf8, 0x00, 0x00, 0x00, 0x00, 0x00, 0xdf, 0xff, 0xff, 0xe7, 0x10, 0x00, 0xaf, 0xff, 0xf2, 0x00,
    0x00, 0x00, 0x00, 0x00, 0x2a, 0xff, 0xff, 0xff, 0xe7, 0x16, 0xff, 0xff, 0x80, 0x00, 0x00, 0x00,
    0x00, 0x00, 0x00, 0x2a, 0xff, 0xff, 0xff, 0xef, 0xff, 0xfe, 0x10, 0x00, 0x00, 0x00, 0x00, 0x00,
    0x00, 0x00, 0x2a, 0xff, 0xff, 0xff, 0xff, 0xf5, 0x00, 0x00, 0x00, 0x00, 0x00, 0x00, 0x00, 0x00,
    0x00, 0x3d, 0xff, 0xff, 0xff, 0xf8, 0x10, 0x00, 0x00, 0x00, 0x00, 0x00, 0x00, 0x00, 0x04, 0xcf,
    0xff, 0xff, 0xff, 0xff, 0xe7, 0x10, 0x00, 0x00, 0x00, 0x00, 0x00, 0x27, 0xdf, 0xff, 0xff, 0xff,
    0xff, 0xff, 0xff, 0xe7, 0x10, 0x00, 0x00, 0x14, 0x8d, 0xff, 0xff, 0xff, 0xff, 0xa2, 0x6e, 0xff,
    0xff, 0xff, 0xe7, 0x10, 0x4d, 0xff, 0xff, 0xff, 0xff, 0xff, 0xb4, 0x00, 0x01, 0x8f, 0xff, 0xff,
    0xff, 0xc0, 0x0c, 0xff, 0xff, 0xff, 0xff, 0xa3, 0x00, 0x00, 0x00, 0x02, 0xaf, 0xff, 0xff, 0x40,
    0x03, 0xff, 0xff, 0xfb, 0x61, 0x00, 0x00, 0x00, 0x00, 0x00, 0x04, 0xcf, 0xf9, 0x00, 0x00, 0x7d,
    0x95, 0x10, 0x00, 0x00, 0x00, 0x00, 0x00, 0x00, 0x00, 0x06, 0xb1, 0x00, 0x00, 0x02, 0xed, 0xb5,
    0x00, 0x00, 0x00, 0x00, 0x5d, 0x84, 0x00, 0x00, 0x00, 0x00, 0x00, 0x04, 0xff, 0xf6, 0x00, 0x00,
    0x00, 0x00, 0xcf, 0xff, 0xb0, 0x00, 0x00, 0x00, 0x00, 0x06, 0xff, 0xf3, 0x00, 0x00, 0x00, 0x05,
    0xff, 0xfe, 0x20, 0x00, 0x00, 0x00, 0x00, 0x08, 0xff, 0xf1, 0x00, 0x00, 0x00, 0x1d, 0xff, 0xf6,
    0x05, 0xb7, 0x00, 0x00, 0x00, 0x0a, 0xff, 0xd0, 0x00, 0x00, 0x00, 0x8f, 0xff, 0xb0, 0x9f, 0xfe,
    0x10, 0x00, 0x7f, 0xff, 0xff, 0xff, 0xff, 0xfa, 0x03, 0xff, 0xfe, 0x20, 0x2f, 0xff, 0x90, 0x00,
    0x7f, 0xff, 0xff, 0xff, 0xff, 0xf9, 0x1d, 0xff, 0xf4, 0x00, 0x09, 0xff, 0xf3, 0x00, 0x7f, 0xff,
    0xff, 0xff, 0xff, 0xf9, 0xaf, 0xff, 0x70, 0x00, 0x01, 0xef, 0xfb, 0x00, 0x36, 0x9f, 0xff, 0x76,
    0xef, 0xfe, 0xff, 0xfe, 0x9a, 0xbc, 0xde, 0xff, 0xff, 0x40, 0x00, 0x8f, 0xfe, 0x00, 0xef, 0xfd,
    0xff, 0xff, 0xff, 0xff, 0xff, 0xff, 0xff, 0xc0, 0x00, 0xaf, 0xfc, 0x00, 0xff, 0xf6, 0xff, 0xff,
    0xff, 0xff, 0xff, 0xee, 0xff, 0xf4, 0x00, 0xdf, 0xf9, 0x02, 0xff, 0xf4, 0xad, 0xb9, 0x76, 0x43,
    0x20, 0x02, 0xff, 0xf9, 0x01, 0xff, 0xf6, 0x04, 0xff, 0xf2, 0x00, 0x00, 0x00, 0x00, 0x00, 0x00,
    0x99, 0x30, 0x05, 0xff, 0xf2, 0x07, 0xff, 0xe0, 0x00, 0x00, 0x00, 0x00, 0x00, 0x00, 0x00, 0x00,
    0x08, 0xff, 0xe0, 0x0b, 0xff, 0xc0, 0x7f, 0xff, 0xff, 0xff, 0xff, 0xff, 0xff, 0x30, 0x0c, 0xff,
    0xe2, 0x0e, 0xff, 0x80, 0x7f, 0xff, 0xff, 0xff, 0xff, 0xff, 0xff, 0x30, 0x0c, 0xff, 0xfe, 0x8f,
    0xff, 0x40, 0x7f, 0xff, 0xff, 0xff, 0xff, 0xff, 0xff, 0x30, 0x01, 0xbf, 0xff, 0xff, 0xfe, 0x10,
    0x7f, 0xff, 0x87, 0x77, 0x77, 0xbf, 0xff, 0x30, 0x00, 0x0a, 0xff, 0xff, 0xfa, 0x00, 0x7f, 0xff,
    0x30, 0x00, 0x00, 0x8f, 0xff, 0x30, 0x00, 0x00, 0x9f, 0xff, 0xfd, 0x20, 0x7f, 0xff, 0x30, 0x00,
    0x00, 0x8f, 0xff, 0x30, 0x00, 0x00, 0x9f, 0xff, 0xff, 0xe4, 0x7f, 0xff, 0x30, 0x00, 0x00, 0x8f,
    0xff, 0x30, 0x00, 0x07, 0xff, 0xff, 0xff, 0xff, 0xbf, 0xff, 0x30, 0x00, 0x00, 0x8f, 0xff, 0x30,
    0x00, 0x7f, 0xff, 0xfc, 0xff, 0xfb, 0x7f, 0xff, 0xff, 0xff, 0xff, 0xff, 0xff, 0x30, 0x1b, 0xff,
    0xff, 0xc1, 0x8f, 0xe1, 0x7f, 0xff, 0xff, 0xff, 0xff, 0xff, 0xff, 0x30, 0x6f, 0xff, 0xfc, 0x10,
    0x09, 0x40, 0x7f, 0xff, 0xff, 0xff, 0xff, 0xff, 0xff, 0x30, 0x08, 0xff, 0xb1, 0x00, 0x00, 0x00,
    0x7f, 0xff, 0x87, 0x77, 0x77, 0xbf, 0xff, 0x30, 0x00, 0x97, 0x00, 0x00, 0x00, 0x00, 0x7f, 0xff,
    0x30, 0x00, 0x00, 0x8f, 0xff, 0x30, 0x00, 0x8f, 0xff, 0xff, 0xff, 0xff, 0xff, 0xff, 0xff, 0xff,
    0xff, 0xff, 0xf8, 0x00, 0x00, 0x8f, 0xff, 0xff, 0xff, 0xff, 0xff, 0xff, 0xff, 0xff, 0xff, 0xff,
    0xf8, 0x00, 0x00, 0x8f, 0xff, 0xff, 0xff, 0xff, 0xff, 0xff, 0xff, 0xff, 0xff, 0xff, 0xf8, 0x00,
    0x00, 0x5a, 0xaa, 0xaa, 0xaa, 0xaa, 0xaa, 0xaa, 0xaa, 0xbf, 0xff, 0xff, 0xf6, 0x00, 0x00, 0x00,
    0x00, 0x00, 0x00, 0x00, 0x00, 0x00, 0x06, 0xef, 0xff, 0xfe, 0x50, 0x00, 0x00, 0x00, 0x00, 0x00,
    0x00, 0x00, 0x00, 0x02, 0xbf, 0xff, 0xff, 0xa1, 0x00, 0x00, 0x00, 0x00, 0x00, 0x00, 0x00, 0x00,
    0x00, 0x6e, 0xff, 0xff, 0xe5, 0x00, 0x00, 0x00, 0x00, 0x00, 0x00, 0x00, 0x00, 0x00, 0x2b, 0xff,
    0xff, 0xfa, 0x10, 0x00, 0x00, 0x00, 0x00, 0x00, 0x00, 0x00, 0x00, 0x00, 0xaf, 0xff, 0xfe, 0x50,
    0x00, 0x00, 0x00, 0x00, 0x00, 0x00, 0x00, 0x00, 0x00, 0x00, 0xaf, 0xff, 0xb1, 0x00, 0x00, 0x00,
    0x00, 0x00, 0x00, 0x00, 0x00, 0x00, 0x00, 0x00, 0xaf, 0xff, 0x70, 0x00, 0x00, 0x00, 0x00, 0x00,
    0x6f, 0xff, 0xff, 0xff, 0xff, 0xff, 0xff, 0xff, 0xff, 0xff, 0xff, 0xff, 0xff, 0xf7, 0x6f, 0xff,
    0xff, 0xff, 0xff, 0xff, 0xff, 0xff, 0xff, 0xff, 0xff, 0xff, 0xff, 0xf7, 0x6f, 0xff, 0xff, 0xff,
    0xff, 0xff, 0xff, 0xff, 0xff, 0xff, 0xff, 0xff, 0xff, 0xf7, 0x4b, 0xbb, 0xbb, 0xbb, 0xbb, 0xbb,
    0xef, 0xff, 0xdb, 0xbb, 0xbb, 0xbb, 0xbb, 0xb5, 0x00, 0x00, 0x00, 0x00, 0x00, 0x00, 0xaf, 0xff,
    0x70, 0x00, 0x00, 0x00, 0x00, 0x00, 0x00, 0x00, 0x00, 0x00, 0x00, 0x00, 0xaf, 0xff, 0x70, 0x00,
    0x00, 0x00, 0x00, 0x00, 0x00, 0x00, 0x00, 0x00, 0x00, 0x00, 0xaf, 0xff, 0x70, 0x00, 0x00, 0x00,
    0x00, 0x00, 0x00, 0x00, 0x00, 0x00, 0x00, 0x00, 0xaf, 0xff, 0x70, 0x00, 0x00, 0x00, 0x00, 0x00,
    0x00, 0x00, 0x00, 0x00, 0x00, 0x00, 0xaf, 0xff, 0x70, 0x00, 0x00, 0x00, 0x00, 0x00, 0x00, 0x00,
    0x00, 0x00, 0x00, 0x00, 0xdf, 0xff, 0x70, 0x00, 0x00, 0x00, 0x00, 0x00, 0x00, 0x00, 0x02, 0x31,
    0x10, 0x17, 0xff, 0xff, 0x60, 0x00, 0x00, 0x00, 0x00, 0x00, 0x00, 0x00, 0x07, 0xff, 0xff, 0xff,
    0xff, 0xff, 0x30, 0x00, 0x00, 0x00, 0x00, 0x00, 0x00, 0x00, 0x03, 0xff, 0xff, 0xff, 0xff, 0xfd,
    0x00, 0x00, 0x00, 0x00, 0x00, 0x00, 0x00, 0x00, 0x00, 0xef, 0xff, 0xff, 0xff, 0xe4, 0x00, 0x00,
    0x00, 0x00, 0x00, 0x00, 0x00, 0x00, 0x00, 0xae, 0xee, 0xee, 0xd9, 0x20, 0x00, 0x00, 0x00, 0x00,
    0x00, 0x00, 0x00, 0x00, 0x00, 0x00, 0x00, 0x00, 0x00, 0x00, 0x0f, 0xff, 0xb0, 0x00, 0x00, 0x00,
    0x4f, 0xff, 0xff, 0xff, 0xff, 0xfb, 0x00, 0x00, 0x0f, 0xff, 0xb0, 0x00, 0x00, 0x00, 0x4f, 0xff,
    0xff, 0xff, 0xff, 0xfb, 0x00, 0x00, 0x0f, 0xff, 0xb0, 0x00, 0x00, 0x00, 0x4f, 0xff, 0xff, 0xff,
    0xff, 0xfb, 0x00, 0x00, 0x0f, 0xff, 0xb0, 0x00, 0x00, 0x00, 0x14, 0x44, 0x44, 0x7f, 0xff, 0xf5,
    0x00, 0x00, 0x0f, 0xff, 0xb0, 0x00, 0x00, 0x00, 0x00, 0x00, 0x01, 0xdf, 0xff, 0x80, 0x00, 0x00,
    0x0f, 0xff, 0xb0, 0x00, 0x00, 0x00, 0x00, 0x00, 0x0b, 0xff, 0xfb, 0x00, 0x2a, 0x73, 0x1f, 0xff,
    0xb1, 0x48, 0x90, 0x00, 0x00, 0x00, 0x7f, 0xff, 0xd1, 0x00, 0x5f, 0xff, 0x4f, 0xff, 0xb6, 0xff,
    0xf1, 0x00, 0x00, 0x00, 0x9f, 0xff, 0x30, 0x00, 0x8f, 0xff, 0x1f, 0xff, 0xb3, 0xff, 0xf5, 0x00,
    0x00, 0x00, 0x9f, 0xff, 0x00, 0x00, 0xbf, 0xfc, 0x0f, 0xff, 0xb0, 0xef, 0xf9, 0x00, 0x00, 0x00,
    0x9f, 0xff, 0x01, 0x20, 0xef, 0xf8, 0x0f, 0xff, 0xb0, 0xbf, 0xfd, 0x00, 0x00, 0x00, 0x9f, 0xff,
    0xdf, 0x94, 0xff, 0xf5, 0x0f, 0xff, 0xb0, 0x8f, 0xff, 0x10, 0x03, 0x6a, 0xef, 0xff, 0xff, 0x97,
    0xff, 0xf2, 0x0f, 0xff, 0xb0, 0x4f, 0xff, 0x50, 0x9f, 0xff, 0xff, 0xff, 0xff, 0xac, 0xff, 0xd0,
    0x0f, 0xff, 0xb0, 0x1f, 0xff, 0x90, 0x7f, 0xff, 0xff, 0xff, 0xc8, 0x4f, 0xff, 0x90, 0x0f, 0xff,
    0xb0, 0x0d, 0xff, 0xc0, 0x4f, 0xff, 0xef, 0xff, 0x00, 0x6f, 0xff, 0x40, 0x0f, 0xff, 0xb0, 0x0a,
    0xff, 0xf1, 0x2a, 0x51, 0x9f, 0xff, 0x00, 0xbf, 0xfe, 0x00, 0x0f, 0xff, 0xb0, 0x07, 0xff, 0xf4,
    0x00, 0x00, 0x9f, 0xff, 0x01, 0xff, 0xfb, 0x00, 0x0f, 0xff, 0xb0, 0x04, 0xff, 0xf7, 0x00, 0x00,
    0x9f, 0xff, 0x04, 0xef, 0xf6, 0x00, 0x0f, 0xff, 0xb0, 0x01, 0xff, 0xf9, 0x00, 0x00, 0x9f, 0xff,
    0x00, 0x16, 0xc2, 0x00, 0x0f, 0xff, 0xb0, 0x00, 0xa7, 0x30, 0x00, 0x00, 0x9f, 0xff, 0x00, 0x00,
    0x00, 0x00, 0x0f, 0xff, 0xb0, 0x00, 0x00, 0x00, 0x00, 0x00, 0xaf, 0xff, 0x00, 0x00, 0x00, 0x00,
    0x0f, 0xff, 0xb0, 0x00, 0x00, 0x00, 0x37, 0x67, 0xff, 0xff, 0x00, 0x00, 0x01, 0x00, 0x5f, 0xff,
    0xb0, 0x00, 0x00, 0x00, 0x4f, 0xff, 0xff, 0xfc, 0x00, 0x00, 0x2f, 0xff, 0xff, 0xff, 0xa0, 0x00,
    0x00, 0x00, 0x1f, 0xff, 0xff, 0xf6, 0x00, 0x00, 0x0e, 0xff, 0xff, 0xff, 0x60, 0x00, 0x00, 0x00,
    0x0e, 0xfe, 0xeb, 0x50, 0x00, 0x00, 0x0c, 0xff, 0xff, 0xfb, 0x00, 0x00, 0x00, 0x00, 0x00, 0x00,
    0x00, 0x00, 0x00, 0x00, 0x04, 0x66, 0x65, 0x20, 0x00, 0x00, 0x00, 0x00, 0x00, 0x00, 0x00, 0x00,
    0x00, 0x06, 0x9b, 0xdc, 0x00, 0x00, 0x00, 0x00, 0x00, 0x00, 0x00, 0x00, 0x00, 0x00, 0x00, 0x0a,
    0xff, 0xff, 0x10, 0x00, 0x00, 0x00, 0x00, 0x00, 0x00, 0x00, 0x00, 0x00, 0x00, 0x06, 0xff, 0xff,
    0x40, 0x00, 0x00, 0x00, 0x00, 0x00, 0x00, 0x00, 0x00, 0x00, 0x00, 0x02, 0xff, 0xff, 0x70, 0x00,
    0x00, 0x00, 0x00, 0x00, 0x06, 0xff, 0xff, 0xff, 0xff, 0xff, 0xff, 0xff, 0xff, 0xff, 0xff, 0xff,
    0xff, 0x60, 0x06, 0xff, 0xff, 0xff, 0xff, 0xff, 0xff, 0xff, 0xff, 0xff, 0xff, 0xff, 0xff, 0x60,
    0x06, 0xff, 0xff, 0xff, 0xff, 0xff, 0xff, 0xff, 0xff, 0xff, 0xff, 0xff, 0xff, 0x60, 0x06, 0xff,
    0xfb, 0x66, 0x66, 0x66, 0x66, 0x66, 0x66, 0x66, 0x66, 0xbf, 0xff, 0x60, 0x06, 0xff, 0xf9, 0x00,
    0x00, 0x00, 0x00, 0x00, 0x00, 0x00, 0x00, 0x8f, 0xff, 0x60, 0x06, 0xff, 0xf9, 0x00, 0x00, 0x00,
    0x00, 0x00, 0x05, 0xff, 0xfb, 0x8f, 0xff, 0x60, 0x00, 0x00, 0x00, 0x00, 0x00, 0x00, 0x00, 0x00,
    0x05, 0xff, 0xfb, 0x00, 0x00, 0x00, 0x00, 0x00, 0x00, 0x00, 0x00, 0x00, 0x00, 0x00, 0x05, 0xff,
    0xfb, 0x00, 0x00, 0x00, 0x8f, 0xff, 0xff, 0xff, 0xff, 0xff, 0xff, 0xff, 0xff, 0xff, 0xff, 0xff,
    0xff, 0xf9, 0x8f, 0xff, 0xff, 0xff, 0xff, 0xff, 0xff, 0xff, 0xff, 0xff, 0xff, 0xff, 0xff, 0xf9,
    0x8f, 0xff, 0xff, 0xff, 0xff, 0xff, 0xff, 0xff, 0xff, 0xff, 0xff, 0xff, 0xff, 0xf9, 0x59, 0x99,
    0x9a, 0xe9, 0x99, 0x99, 0x99, 0x99, 0x9b, 0xff, 0xfd, 0x99, 0x99, 0x95, 0x00, 0x00, 0x1c, 0xfa,
    0x10, 0x00, 0x00, 0x00, 0x05, 0xff, 0xfb, 0x00, 0x00, 0x00, 0x00, 0x00, 0xaf, 0xff, 0xe4, 0x00,
    0x00, 0x00, 0x05, 0xff, 0xfb, 0x00, 0x00, 0x00, 0x00, 0x02, 0xdf, 0xff, 0xff, 0x80, 0x00, 0x00,
    0x05, 0xff, 0xfb, 0x00, 0x00, 0x00, 0x00, 0x00, 0x1a, 0xff, 0xff, 0xfc, 0x20, 0x00, 0x05, 0xff,
    0xfb, 0x00, 0x00, 0x00, 0x00, 0x00, 0x00, 0x6f, 0xff, 0xfb, 0x00, 0x00, 0x05, 0xff, 0xfb, 0x00,
    0x00, 0x00, 0x00, 0x00, 0x00, 0x03, 0xef, 0xd1, 0x00, 0x00, 0x07, 0xff, 0xfb, 0x00, 0x00, 0x00,
    0x00, 0x00, 0x00, 0x00, 0x2b, 0x21, 0x10, 0x01, 0x4e, 0xff, 0xfb, 0x00, 0x00, 0x00, 0x00, 0x00,
    0x00, 0x00, 0x00, 0x0d, 0xff, 0xff, 0xff, 0xff, 0xf9, 0x00, 0x00, 0x00, 0x00, 0x00, 0x00, 0x00,
    0x00, 0x09, 0xff, 0xff, 0xff, 0xff, 0xf5, 0x00, 0x00, 0x00, 0x00, 0x00, 0x00, 0x00, 0x00, 0x06,
    0xff, 0xff, 0xff, 0xff, 0xa0, 0x00, 0x00, 0x00, 0x00, 0x00, 0x00, 0x00, 0x00, 0x02, 0xee, 0xed,
    0xdc, 0xb6, 0x00, 0x00, 0x00, 0x00, 0x00, 0x00, 0x00, 0x00, 0x00, 0x02, 0x58, 0xbd, 0x00, 0x00,
    0x00, 0x00, 0x00, 0x00, 0x00, 0x00, 0x00, 0x00, 0x00, 0x07, 0xff, 0xff, 0x50, 0x00, 0x00, 0x00,
    0x00, 0x00, 0x00, 0x00, 0x00, 0x00, 0x00, 0x02, 0xff, 0xff, 0xa0, 0x00, 0x00, 0x00, 0x00, 0x00,
    0x07, 0xff, 0xff, 0xff, 0xff, 0xff, 0xff, 0xff, 0xff, 0xff, 0xff, 0xff, 0xff, 0x80, 0x07, 0xff,
    0xff, 0xff, 0xff, 0xff, 0xff, 0xff, 0xff, 0xff, 0xff, 0xff, 0xff, 0x80, 0x07, 0xff, 0xff, 0xff,
    0xff, 0xff, 0xff, 0xff, 0xff, 0xff, 0xff, 0xff, 0xff, 0x80, 0x07, 0xff, 0xfb, 0x66, 0x66, 0x66,
    0x66, 0x66, 0x66, 0x66, 0x66, 0xaf, 0xff, 0x80, 0x07, 0xff, 0xf8, 0x00, 0x00, 0xab, 0x73, 0x00,
    0x00, 0x00, 0x00, 0x6f, 0xff, 0x80, 0x07, 0xff, 0xf8, 0x00, 0x02, 0xff, 0xff, 0xb0, 0x00, 0x00,
    0x00, 0x6f, 0xff, 0x80, 0x00, 0x00, 0x00, 0x00, 0x08, 0xff, 0xff, 0x30, 0x00, 0x00, 0x00, 0x00,
    0x00, 0x00, 0x00, 0x00, 0x00, 0x00, 0x1e, 0xff, 0xf9, 0x00, 0x00, 0x00, 0x00, 0x00, 0x00, 0x00,
    0x8f, 0xff, 0xff, 0xff, 0xff, 0xff, 0xff, 0xff, 0xff, 0xff, 0xff, 0xff, 0xff, 0xf8, 0x8f, 0xff,
    0xff, 0xff, 0xff, 0xff, 0xff, 0xff, 0xff, 0xff, 0xff, 0xff, 0xff, 0xf8, 0x8f, 0xff, 0xff, 0xff,
    0xff, 0xff, 0xff, 0xff, 0xff, 0xff, 0xff, 0xff, 0xff, 0xf8, 0x37, 0x77, 0x77, 0x8f, 0xff, 0xf8,
    0x77, 0x77, 0x77, 0xff, 0xff, 0xb7, 0x77, 0x74, 0x00, 0x00, 0x00, 0xaf, 0xff, 0xb0, 0x00, 0x00,
    0x05, 0xff, 0xff, 0x20, 0x00, 0x00, 0x00, 0x00, 0x04, 0xff, 0xff, 0x20, 0x00, 0x00, 0x0d, 0xff,
    0xfb, 0x00, 0x00, 0x00, 0x00, 0x00, 0x0d, 0xff, 0xfe, 0x83, 0x00, 0x00, 0x8f, 0xff, 0xf3, 0x00,
    0x00, 0x00, 0x00, 0x00, 0x5f, 0xff, 0xff, 0xff, 0xc7, 0x27, 0xff, 0xff, 0x90, 0x00, 0x00, 0x00,
    0x00, 0x00, 0x01, 0x6c, 0xff, 0xff, 0xff, 0xff, 0xff, 0xfc, 0x10, 0x00, 0x00, 0x00, 0x00, 0x00,
    0x00, 0x00, 0x39, 0xef, 0xff, 0xff, 0xff, 0xf5, 0x00, 0x00, 0x00, 0x00, 0x00, 0x00, 0x00, 0x00,
    0x16, 0xbf, 0xff, 0xff, 0xff, 0xff, 0xd7, 0x10, 0x00, 0x00, 0x00, 0x00, 0x14, 0x8c, 0xff, 0xff,
    0xff, 0xff, 0xff, 0xff, 0xff, 0xfa, 0x50, 0x00, 0x39, 0xbd, 0xff, 0xff, 0xff, 0xff, 0xfe, 0x93,
    0x8e, 0xff, 0xff, 0xff, 0xfe, 0x60, 0x1e, 0xff, 0xff, 0xff, 0xff, 0xfc, 0x71, 0x00, 0x00, 0x5c,
    0xff, 0xff, 0xff, 0x40, 0x06, 0xff, 0xff, 0xfe, 0xb7, 0x20, 0x00, 0x00, 0x00, 0x00, 0x39, 0xef,
    0xfa, 0x00, 0x00, 0xcc, 0x96, 0x30, 0x00, 0x00, 0x00, 0x00, 0x00, 0x00, 0x00, 0x17, 0xd2, 0x00,
    0x00, 0x00, 0x00, 0x00, 0x00, 0x01, 0x48, 0xca, 0x00, 0x00, 0x00, 0x00, 0x00, 0x00, 0x00, 0x00,
    0x00, 0x00, 0x00, 0x07, 0xff, 0xff, 0x10, 0x00, 0x00, 0x00, 0x00, 0x00, 0x00, 0x00, 0x00, 0x00,
    0x00, 0x01, 0xff, 0xff, 0x70, 0x00, 0x00, 0x00, 0x00, 0x00, 0x06, 0xff, 0xff, 0xff, 0xff, 0xff,
    0xff, 0xff, 0xff, 0xff, 0xff, 0xff, 0xff, 0x80, 0x06, 0xff, 0xff, 0xff, 0xff, 0xff, 0xff, 0xff,
    0xff, 0xff, 0xff, 0xff, 0xff, 0x80, 0x06, 0xff, 0xff, 0xff, 0xff, 0xff, 0xff, 0xff, 0xff, 0xff,
    0xff, 0xff, 0xff, 0x80, 0x06, 0xff, 0xf9, 0x55, 0x55, 0x55, 0x55, 0x55, 0x55, 0x55, 0x55, 0x8f,
    0xff, 0x80, 0x06, 0xff, 0xf5, 0x00, 0x00, 0x00, 0x00, 0x00, 0x00, 0x00, 0x00, 0x4f, 0xff, 0x80,
    0x00, 0x00, 0x00, 0x00, 0x00, 0x00, 0x00, 0x00, 0x00, 0x00, 0x00, 0x00, 0x00, 0x00, 0x0d, 0xff,
    0xff, 0xff, 0xff, 0xff, 0xff, 0xff, 0xff, 0xff, 0xff, 0xff, 0xff, 0xe0, 0x0d, 0xff, 0xff, 0xff,
    0xff, 0xff, 0xff, 0xff, 0xff, 0xff, 0xff, 0xff, 0xff, 0xe0, 0x0d, 0xff, 0xff, 0xff, 0xff, 0xff,
    0xff, 0xff, 0xff, 0xff, 0xff, 0xff, 0xff, 0xe0, 0x05, 0x55, 0x55, 0x55, 0x55, 0x55, 0xbf, 0xff,
    0x95, 0x55, 0x55, 0x55, 0x55, 0x50, 0x00, 0x00, 0x00, 0x00, 0x00, 0x00, 0x8f, 0xff, 0x60, 0x00,
    0x00, 0x00, 0x00, 0x00, 0x00, 0x00, 0x5e, 0xca, 0x40, 0x00, 0x8f, 0xff, 0x60, 0x00, 0x00, 0x00,
    0x00, 0x00, 0x00, 0x00, 0x8f, 0xff, 0x40, 0x00, 0x8f, 0xff, 0x60, 0x00, 0x00, 0x00, 0x00, 0x00,
    0x00, 0x00, 0xbf, 0xff, 0x10, 0x00, 0x8f, 0xff, 0xff, 0xff, 0xff, 0xff, 0xf8, 0x00, 0x00, 0x01,
    0xef, 0xfc, 0x00, 0x00, 0x8f, 0xff, 0xff, 0xff, 0xff, 0xff, 0xf8, 0x00, 0x00, 0x05, 0xff, 0xfa,
    0x00, 0x00, 0x8f, 0xff, 0xff, 0xff, 0xff, 0xff, 0xf8, 0x00, 0x00, 0x0a, 0xff, 0xff, 0x20, 0x00,
    0x8f, 0xff, 0x95, 0x55, 0x55, 0x55, 0x53, 0x00, 0x00, 0x3f, 0xff, 0xff, 0xb0, 0x00, 0x8f, 0xff,
    0x60, 0x00, 0x00, 0x00, 0x00, 0x00, 0x00, 0xbf, 0xff, 0xff, 0xf9, 0x00, 0x8f, 0xff, 0x60, 0x00,
    0x00, 0x00, 0x00, 0x00, 0x05, 0xff, 0xfe, 0xcf, 0xff, 0xd6, 0x9f, 0xff, 0x60, 0x00, 0x00, 0x00,
    0x00, 0x00, 0x3e, 0xff, 0xf5, 0x3f, 0xff, 0xff, 0xff, 0xff, 0xed, 0xdd, 0xdd, 0xde, 0xee, 0xf7,
    0x4f, 0xff, 0xb0, 0x05, 0xef, 0xff, 0xff, 0xff, 0xff, 0xff, 0xff, 0xff, 0xff, 0xf2, 0x07, 0xfd,
    0x20, 0x00, 0x2a, 0xff, 0xff, 0xff, 0xff, 0xff, 0xff, 0xff, 0xff, 0xc0, 0x00, 0x93, 0x00, 0x00,
    0x00, 0x13, 0x67, 0x78, 0x99, 0x9a, 0xaa, 0xaa, 0xaa, 0x60, 0x00, 0x00, 0x00, 0x00, 0x00, 0x09,
    0xac, 0xdb, 0x00, 0x00, 0x00, 0x00, 0x00, 0x00, 0x00, 0x00, 0x00, 0x00, 0x00, 0x0a, 0xff, 0xff,
    0x20, 0x00, 0x00, 0x00, 0x00, 0x00, 0x00, 0x00, 0x00, 0x00, 0x00, 0x04, 0xff, 0xff, 0x60, 0x00,
    0x00, 0x00, 0x00, 0x00, 0x09, 0xff, 0xff, 0xff, 0xff, 0xff, 0xff, 0xff, 0xff, 0xff, 0xff, 0xff,
    0xff, 0xa0, 0x09, 0xff, 0xff, 0xff, 0xff, 0xff, 0xff, 0xff, 0xff, 0xff, 0xff, 0xff, 0xff, 0xa0,
    0x09, 0xff, 0xff, 0xff, 0xff, 0xff, 0xff, 0xff, 0xff, 0xff, 0xff, 0xff, 0xff, 0xa0, 0x09, 0xff,
    0xf8, 0x66, 0x66, 0x66, 0x66, 0x66, 0x66, 0x66, 0x66, 0x8f, 0xff, 0xa0, 0x09, 0xff, 0xf3, 0x00,
    0x00, 0x00, 0x00, 0x00, 0x00, 0x00, 0x00, 0x2f, 0xff, 0xa0, 0x00, 0x00, 0x00, 0x00, 0x00, 0x00,
    0x00, 0x00, 0x00, 0x00, 0x00, 0x00, 0x00, 0x00, 0x00, 0x8f, 0xff, 0xff, 0xff, 0xff, 0xff, 0xff,
    0xff, 0xff, 0xff, 0xff, 0xf8, 0x00, 0x00, 0x8f, 0xff, 0xff, 0xff, 0xff, 0xff, 0xff, 0xff, 0xff,
    0xff, 0xff, 0xf8, 0x00, 0x00, 0x8f, 0xff, 0xff, 0xff, 0xff, 0xff, 0xff, 0xff, 0xff, 0xff, 0xff,
    0xf8, 0x00, 0x00, 0x24, 0x44, 0x44, 0x44, 0x44, 0xff, 0xff, 0x54, 0x44, 0x44, 0x44, 0x42, 0x00,
    0x00, 0x00, 0x00, 0x00, 0x00, 0x00, 0xff, 0xff, 0x10, 0x00, 0x00, 0x00, 0x00, 0x00, 0x00, 0x00,
    0x00, 0x00, 0x00, 0x00, 0xff, 0xff, 0x10, 0x00, 0x00, 0x00, 0x00, 0x00, 0x00, 0x0d, 0xff, 0xff,
    0xff, 0xff, 0xff, 0xff, 0xff, 0xff, 0xff, 0xff, 0xd0, 0x00, 0x00, 0x0d, 0xff, 0xff, 0xff, 0xff,
    0xff, 0xff, 0xff, 0xff, 0xff, 0xff, 0xd0, 0x00, 0x00, 0x0d, 0xff, 0xff, 0xff, 0xff, 0xff, 0xff,
    0xff, 0xff, 0xff, 0xff, 0xd0, 0x00, 0x00, 0x04, 0x55, 0x55, 0x55, 0x55, 0xff, 0xff, 0x55, 0x5a,
    0xfc, 0x55, 0x40, 0x00, 0x00, 0x00, 0x00, 0x00, 0x00, 0x00, 0xff, 0xff, 0x10, 0x7f, 0xff, 0x80,
    0x00, 0x00, 0x00, 0x00, 0x00, 0x00, 0x00, 0x00, 0xff, 0xff, 0x10, 0x7f, 0xff, 0xf7, 0x00, 0x00,
    0x00, 0x00, 0x00, 0x00, 0x00, 0x00, 0xff, 0xff, 0x10, 0x08, 0xff, 0xfa, 0x00, 0x00, 0x00, 0x00,
    0x00, 0x00, 0x00, 0x00, 0xff, 0xff, 0x10, 0x00, 0xaf, 0x90, 0x00, 0x00, 0x4f, 0xff, 0xff, 0xff,
    0xff, 0xff, 0xff, 0xff, 0xff, 0xff, 0xff, 0xff, 0xff, 0xf5, 0x4f, 0xff, 0xff, 0xff, 0xff, 0xff,
    0xff, 0xff, 0xff, 0xff, 0xff, 0xff, 0xff, 0xf5, 0x4f, 0xff, 0xff, 0xff, 0xff, 0xff, 0xff, 0xff,
    0xff, 0xff, 0xff, 0xff, 0xff, 0xf5, 0x15, 0x55, 0x55, 0x55, 0x55, 0x55, 0x55, 0x55, 0x55, 0x55,
    0x55, 0x55, 0x55, 0x52, 0x00, 0x00, 0x00, 0x00, 0x00, 0x04, 0x9b, 0xce, 0x40, 0x00, 0x00, 0x00,
    0x00, 0x00, 0x00, 0x00, 0x00, 0x00, 0x00, 0x03, 0xff, 0xff, 0x80, 0x00, 0x00, 0x00, 0x00, 0x00,
    0x00, 0x00, 0x00, 0x00, 0x00, 0x00, 0xdf, 0xff, 0xd0, 0x00, 0x00, 0x00, 0x00, 0x00, 0x0a, 0xff,
    0xff, 0xff, 0xff, 0xff, 0xff, 0xff, 0xff, 0xff, 0xff, 0xff, 0xff, 0xa0, 0x0a, 0xff, 0xff, 0xff,
    0xff, 0xff, 0xff, 0xff, 0xff, 0xff, 0xff, 0xff, 0xff, 0xa0, 0x0a, 0xff, 0xff, 0xff, 0xff, 0xff,
    0xff, 0xff, 0xff, 0xff, 0xff, 0xff, 0xff, 0xa0, 0x0a, 0xff, 0xf5, 0x44, 0x44, 0x44, 0x44, 0x44,
    0x44, 0x44, 0x44, 0x6f, 0xff, 0xa0, 0x0a, 0xff, 0xf2, 0x06, 0xa2, 0x00, 0x00, 0x5f, 0xff, 0x60,
    0x00, 0x2f, 0xff, 0xa0, 0x0a, 0xff, 0xf2, 0x2e, 0xff, 0x81, 0x00, 0x6f, 0xff, 0x60, 0x00, 0x2f,
    0xff, 0xa0, 0x0a, 0xff, 0xf2, 0x5e, 0xff, 0xfe, 0x50, 0x6f, 0xff, 0x50, 0x00, 0x2f, 0xff, 0xa0,
    0x00, 0x00, 0x00, 0x01, 0xaf, 0xff, 0xf9, 0x7f, 0xff, 0x50, 0x00, 0x00, 0x00, 0x00, 0x00, 0x00,
    0x09, 0x92, 0x04, 0xdf, 0xf2, 0x8f, 0xff, 0x40, 0x00, 0x00, 0x00, 0x00, 0x00, 0x00, 0x4f, 0xfe,
    0x81, 0x19, 0x70, 0x9f, 0xff, 0x30, 0x00, 0x00, 0x00, 0x00, 0x00, 0x00, 0x9f, 0xff, 0xfe, 0x60,
    0x00, 0xaf, 0xff, 0x20, 0x00, 0x00, 0x00, 0x00, 0x00, 0x00, 0x05, 0xef, 0xff, 0xf5, 0x00, 0xbf,
    0xff, 0x10, 0x00, 0x00, 0x00, 0x00, 0x00, 0x00, 0x00, 0x1a, 0xff, 0xb0, 0x00, 0xdf, 0xfe, 0x00,
    0x00, 0x00, 0x00, 0x00, 0x00, 0x00, 0x00, 0x00, 0x6e, 0x20, 0x01, 0xff, 0xfc, 0x00, 0x00, 0x00,
    0x00, 0x00, 0x4f, 0xff, 0xff, 0xff, 0xff, 0xff, 0xff, 0xff, 0xff, 0xff, 0xff, 0xff, 0xff, 0xf4,
    0x4f, 0xff, 0xff, 0xff, 0xff, 0xff, 0xff, 0xff, 0xff, 0xff, 0xff, 0xff, 0xff, 0xf4, 0x4f, 0xff,
    0xff, 0xff, 0xff, 0xff, 0xff, 0xff, 0xff, 0xff, 0xff, 0xff, 0xff, 0xf4, 0x26, 0x66, 0x66, 0x66,
    0x66, 0x66, 0xcf, 0xff, 0xd6, 0x66, 0x66, 0x66, 0x66, 0x62, 0x00, 0x00, 0x00, 0x00, 0x00, 0x19,
    0xff, 0xff, 0xfd, 0x72, 0x00, 0x00, 0x00, 0x00, 0x00, 0x00, 0x00, 0x00, 0x17, 0xef, 0xff, 0xff,
    0xff, 0xff, 0xc6, 0x10, 0x00, 0x00, 0x00, 0x00, 0x03, 0x6b, 0xff, 0xff, 0xff, 0xbd, 0xff, 0xff,
    0xff, 0xfb, 0x51, 0x00, 0x03, 0x9b, 0xef, 0xff, 0xff, 0xff, 0xf7, 0x00, 0x4a, 0xff, 0xff, 0xff,
    0xfe, 0xa0, 0x01, 0xdf, 0xff, 0xff, 0xff, 0xf9, 0x20, 0x00, 0x00, 0x16, 0xcf, 0xff, 0xff, 0xc0,
    0x00, 0x3f, 0xff, 0xff, 0xd8, 0x20, 0x00, 0x00, 0x00, 0x00, 0x04, 0xaf, 0xff, 0x50, 0x00, 0x08,
    0xd9, 0x62, 0x00, 0x00, 0x00, 0x00, 0x00, 0x00, 0x00, 0x01, 0x7c, 0x00, 0x00, 0x00, 0x00, 0x00,
    0x00, 0x07, 0xbc, 0xde, 0x20, 0x00, 0x00, 0x00, 0x00, 0x00, 0x00, 0x00, 0x00, 0x00, 0x00, 0x04,
    0xff, 0xff, 0x80, 0x00, 0x00, 0x00, 0x00, 0x00, 0x0c, 0xff, 0xff, 0xff, 0xff, 0xff, 0xff, 0xff,
    0xff, 0xff, 0xff, 0xff, 0xff, 0xd0, 0x0c, 0xff, 0xff, 0xff, 0xff, 0xff, 0xff, 0xff, 0xff, 0xff,
    0xff, 0xff, 0xff, 0xd0, 0x0c, 0xff, 0xff, 0xff, 0xff, 0xff, 0xff, 0xff, 0xff, 0xff, 0xff, 0xff,
    0xff, 0xd0, 0x0c, 0xff, 0x92, 0x22, 0x22, 0x22, 0x22, 0x22, 0x22, 0x22, 0x22, 0x28, 0xff, 0xd0,
    0x0c, 0xff, 0x80, 0x00, 0x00, 0x00, 0x00, 0x00, 0x00, 0x00, 0x00, 0x07, 0xff, 0xd0, 0x0c, 0xff,
    0x89, 0xff, 0xff, 0xff, 0xff, 0xff, 0xff, 0xff, 0xff, 0xa7, 0xff, 0xd0, 0x0c, 0xff, 0x89, 0xff,
    0xff, 0xff, 0xff, 0xff, 0xff, 0xff, 0xff, 0xa7, 0xff, 0xd0, 0x00, 0x00, 0x08, 0xee, 0xff, 0xff,
    0xff, 0xee, 0xef, 0xff, 0xfe, 0x90, 0x00, 0x00, 0x00, 0x00, 0x00, 0x1a, 0xff, 0xff, 0x90, 0x00,
    0x4e, 0xff, 0xd3, 0x00, 0x00, 0x00, 0x00, 0x00, 0x05, 0xdf, 0xff, 0xe6, 0x00, 0x00, 0x2b, 0xff,
    0xff, 0x60, 0x00, 0x00, 0x00, 0x02, 0xbf, 0xff, 0xfd, 0x31, 0x12, 0x22, 0x33, 0xbf, 0xff, 0xfa,
    0x10, 0x00, 0x00, 0x1f, 0xff, 0xff, 0xff, 0xff, 0xff, 0xff, 0xff, 0xff, 0xff, 0xff, 0xd3, 0x00,
    0x00, 0x0b, 0xff, 0xff, 0xff, 0xff, 0xff, 0xff, 0xff, 0xff, 0xff, 0xff, 0xff, 0x50, 0x00, 0x04,
    0xff, 0xfe, 0xdd, 0xcc, 0xff, 0xff, 0x99, 0x98, 0x87, 0x7e, 0xfd, 0x10, 0x00, 0x00, 0x31, 0x00,
    0x00, 0x00, 0xff, 0xff, 0x00, 0x00, 0x00, 0x02, 0xb2, 0x00, 0x00, 0x00, 0x00, 0x00, 0x00, 0x00,
    0xff, 0xff, 0x00, 0x00, 0x00, 0x00, 0x00, 0x00, 0x00, 0x3f, 0xff, 0xff, 0xff, 0xff, 0xff, 0xff,
    0xff, 0xff, 0xff, 0xff, 0xf4, 0x00, 0x00, 0x3f, 0xff, 0xff, 0xff, 0xff, 0xff, 0xff, 0xff, 0xff,
    0xff, 0xff, 0xf4, 0x00, 0x00, 0x3f, 0xff, 0xff, 0xff, 0xff, 0xff, 0xff, 0xff, 0xff, 0xff, 0xff,
    0xf4, 0x00, 0x00, 0x15, 0x55, 0x55, 0x55, 0x55, 0xff, 0xff, 0x55, 0x55, 0x55, 0x55, 0x51, 0x00,
    0x00, 0x00, 0x00, 0x00, 0x00, 0x00, 0xff, 0xff, 0x00, 0x00, 0x00, 0x00, 0x00, 0x00, 0x0d, 0xff,
    0xff, 0xff, 0xff, 0xff, 0xff, 0xff, 0xff, 0xff, 0xff, 0xff, 0xff, 0xf0, 0x0d, 0xff, 0xff, 0xff,
    0xff, 0xff, 0xff, 0xff, 0xff, 0xff, 0xff, 0xff, 0xff, 0xf0, 0x0d, 0xff, 0xff, 0xff, 0xff, 0xff,
    0xff, 0xff, 0xff, 0xff, 0xff, 0xff, 0xff, 0xf0, 0x06, 0x77, 0x77, 0x77, 0x77, 0x77, 0x77, 0x77,
    0x77, 0x77, 0x77, 0x77, 0x77, 0x70, 0x00, 0x00, 0x00, 0x00, 0x00, 0x06, 0xab, 0xde, 0x10, 0x00,
    0x00, 0x00, 0x00, 0x00, 0x00, 0x00, 0x00, 0x00, 0x00, 0x05, 0xff, 0xff, 0x60, 0x00, 0x00, 0x00,
    0x00, 0x00, 0x0b, 0xff, 0xff, 0xff, 0xff, 0xff, 0xff, 0xff, 0xff, 0xff, 0xff, 0xff, 0xff, 0xc0,
    0x0b, 0xff, 0xff, 0xff, 0xff, 0xff, 0xff, 0xff, 0xff, 0xff, 0xff, 0xff, 0xff, 0xc0, 0x0b, 0xff,
    0xff, 0xff, 0xff, 0xff, 0xff, 0xff, 0xff, 0xff, 0xff, 0xff, 0xff, 0xc0, 0x0b, 0xff, 0xf3, 0x22,
    0x22, 0x22, 0x22, 0x22, 0x22, 0x22, 0x22, 0x2f, 0xff, 0xc0, 0x0b, 0xff, 0xf1, 0x00, 0x00, 0x00,
    0x00, 0x00, 0x00, 0x00, 0x00, 0x0f, 0xff, 0xc0, 0x0b, 0xff, 0xf1, 0xef, 0xff, 0xff, 0xff, 0xff,
    0xff, 0xff, 0xfe, 0x0f, 0xff, 0xc0, 0x0b, 0xff, 0xf1, 0xef, 0xff, 0xff, 0xff, 0xff, 0xff, 0xff,
    0xfe, 0x0f, 0xff, 0xc0, 0x00, 0x00, 0x00, 0xef, 0xff, 0xff, 0xff, 0xff, 0xff, 0xff, 0xfe, 0x00,
    0x00, 0x00, 0x00, 0x00, 0x00, 0x00, 0x39, 0xef, 0xff, 0xd5, 0x00, 0x00, 0x00, 0x3c, 0x30, 0x00,
    0x00, 0x00, 0x26, 0x9e, 0xff, 0xff, 0xff, 0x80, 0x00, 0x00, 0x2a, 0xff, 0xd1, 0x00, 0x06, 0xce,
    0xff, 0xff, 0xff, 0xde, 0xff, 0xf4, 0x00, 0x18, 0xff, 0xff, 0xfa, 0x00, 0x02, 0xef, 0xff, 0xfd,
    0x83, 0x08, 0xff, 0xfd, 0x18, 0xef, 0xff, 0xfe, 0x71, 0x00, 0x00, 0x6d, 0xa6, 0x20, 0x03, 0xbf,
    0xff, 0xff, 0xff, 0xff, 0xfd, 0x60, 0x00, 0x00, 0x00, 0x00, 0x00, 0x16, 0xcf, 0xff, 0xee, 0xff,
    0xff, 0xff, 0xfe, 0x10, 0x00, 0x00, 0x00, 0x03, 0x6b, 0xff, 0xff, 0xf9, 0x19, 0xff, 0xfc, 0x5f,
    0xff, 0x70, 0x00, 0x00, 0x08, 0xef, 0xff, 0xff, 0xf9, 0x20, 0x5e, 0xff, 0xfc, 0x0a, 0xff, 0xe1,
    0x00, 0x00, 0x03, 0xff, 0xff, 0xd7, 0x20, 0x19, 0xff, 0xff, 0xff, 0x13, 0xff, 0xfb, 0x00, 0x00,
    0x00, 0x7c, 0x83, 0x00, 0x07, 0xef, 0xff, 0xdf, 0xff, 0x30, 0xbf, 0xff, 0x80, 0x00, 0x00, 0x00,
    0x00, 0x16, 0xdf, 0xff, 0xd3, 0x8f, 0xff, 0x40, 0x2f, 0xff, 0xf8, 0x00, 0x00, 0x00, 0x39, 0xef,
    0xff, 0xf8, 0x10, 0xaf, 0xff, 0x40, 0x08, 0xff, 0xff, 0xb2, 0x15, 0x9e, 0xff, 0xff, 0xfc, 0x30,
    0x16, 0xff, 0xff, 0x20, 0x00, 0xcf, 0xff, 0xe3, 0x3f, 0xff, 0xff, 0xfb, 0x4f, 0xff, 0xff, 0xff,
    0xfe, 0x00, 0x00, 0x2d, 0xfe, 0x30, 0x06, 0xff, 0xfb, 0x40, 0x0c, 0xff, 0xff, 0xff, 0xf7, 0x00,
    0x00, 0x02, 0xb3, 0x00, 0x00, 0xb9, 0x30, 0x00, 0x08, 0xff, 0xff, 0xff, 0x80, 0x00, 0x00, 0x00,
    0x00, 0x00, 0x00, 0x00, 0x00, 0x00, 0x02, 0x66, 0x65, 0x41, 0x00, 0x00, 0x00, 0x00, 0x00, 0x00,
    0x00, 0x1f, 0xff, 0xff, 0xff, 0xff, 0xff, 0xff, 0xff, 0xff, 0xff, 0xff, 0xe0, 0x00, 0x00, 0x1f,
    0xff, 0xff, 0xff, 0xff, 0xff, 0xff, 0xff, 0xff, 0xff, 0xff, 0xe0, 0x00, 0x00, 0x1d, 0xdd, 0xdd,
    0xdd, 0xdd, 0xdd, 0xdd, 0xdd, 0xdd, 0xdf, 0xff, 0xe0, 0x00, 0x00, 0x00, 0x00, 0x00, 0x00, 0x00,
    0x00, 0x00, 0x00, 0x00, 0x0c, 0xff, 0xe0, 0x00, 0x00, 0x00, 0x00, 0x00, 0x00, 0x00, 0x00, 0x00,
    0x00, 0x00, 0x0c, 0xff, 0xe0, 0x00, 0x00, 0x04, 0xff, 0xff, 0xff, 0xff, 0xff, 0xff, 0xff, 0xff,
    0xff, 0xff, 0xe0, 0x00, 0x00, 0x04, 0xff, 0xff, 0xff, 0xff, 0xff, 0xff, 0xff, 0xff, 0xff, 0xff,
    0xe0, 0x00, 0x00, 0x03, 0xcc, 0xcc, 0xcc, 0xcc, 0xcc, 0xcc, 0xcc, 0xcc, 0xcf, 0xff, 0xe0, 0x00,
    0x00, 0x00, 0x00, 0x00, 0x00, 0x00, 0x00, 0x00, 0x00, 0x00, 0x0c, 0xff, 0xe0, 0x00, 0x00, 0x00,
    0x00, 0x00, 0x00, 0x00, 0x00, 0x00, 0x00, 0x00, 0x0c, 0xff, 0xe0, 0x00, 0x00, 0x5f, 0xff, 0xff,
    0xff, 0xff, 0xff, 0xff, 0xff, 0xff, 0xff, 0xff, 0xe0, 0x00, 0x00, 0x5f, 0xff, 0xff, 0xff, 0xff,
    0xff, 0xff, 0xff, 0xff, 0xff, 0xff, 0xe0, 0x00, 0x00, 0x4d, 0xdd, 0xdd, 0xdd, 0xdd, 0xdd, 0xdd,
    0xdd, 0xdd, 0xdd, 0xdd, 0xc0, 0x00, 0x00, 0x00, 0x00, 0x00, 0x00, 0x00, 0x00, 0x00, 0x00, 0x00,
    0x00, 0x00, 0x00, 0x00, 0x00, 0x00, 0x00, 0x00, 0x00, 0x00, 0x00, 0x00, 0x00, 0x1f, 0xff, 0xb0,
    0x00, 0x00, 0x9f, 0xff, 0xff, 0xff, 0xff, 0xff, 0xff, 0xff, 0xff, 0xff, 0xff, 0xff, 0xff, 0xf9,
    0x9f, 0xff, 0xff, 0xff, 0xff, 0xff, 0xff, 0xff, 0xff, 0xff, 0xff, 0xff, 0xff, 0xf9, 0x9f, 0xff,
    0xff, 0xff, 0xff, 0xff, 0xff, 0xff, 0xff, 0xff, 0xff, 0xff, 0xff, 0xf9, 0x23, 0x33, 0x33, 0xcf,
    0x63, 0x33, 0x33, 0x33, 0x33, 0x4f, 0xff, 0xc3, 0x33, 0x32, 0x00, 0x00, 0x0a, 0xff, 0xf7, 0x00,
    0x00, 0x00, 0x00, 0x1f, 0xff, 0xb0, 0x00, 0x00, 0x00, 0x00, 0x06, 0xff, 0xff, 0xb1, 0x00, 0x00,
    0x00, 0x2f, 0xff, 0xb0, 0x00, 0x00, 0x00, 0x00, 0x00, 0x4e, 0xff, 0xfc, 0x02, 0x10, 0x01, 0x8f,
    0xff, 0xb0, 0x00, 0x00, 0x00, 0x00, 0x00, 0x03, 0xdf, 0xe4, 0x0a, 0xff, 0xff, 0xff, 0xff, 0x90,
    0x00, 0x00, 0x00, 0x00, 0x00, 0x00, 0x1b, 0x40, 0x06, 0xff, 0xff, 0xff, 0xff, 0x40, 0x00, 0x00,
    0x00, 0x00, 0x00, 0x00, 0x00, 0x00, 0x02, 0xff, 0xff, 0xff, 0xe6, 0x00, 0x00, 0x00, 0x00, 0x00,
    0x00, 0x00, 0x00, 0x00, 0x00, 0x77, 0x77, 0x64, 0x10, 0x00, 0x00, 0x00, 0x00, 0x1f, 0xff, 0xff,
    0xff, 0xff, 0xff, 0xff, 0xff, 0xff, 0xff, 0xfb, 0x00, 0x00, 0x00, 0x1f, 0xff, 0xff, 0xff, 0xff,
    0xff, 0xff, 0xff, 0xff, 0xff, 0xfb, 0x00, 0x00, 0x00, 0x1f, 0xff, 0xff, 0xff, 0xff, 0xff, 0xff,
    0xff, 0xff, 0xff, 0xfb, 0x00, 0x00, 0x00, 0x1f, 0xff, 0xd4, 0x44, 0x44, 0x44, 0x44, 0x44, 0x45,
    0xff, 0xfb, 0x00, 0x00, 0x00, 0x1f, 0xff, 0xc0, 0x00, 0x00, 0x00, 0x00, 0x00, 0x02, 0xff, 0xfb,
    0x00, 0x00, 0x00, 0x1f, 0xff, 0xff, 0xff, 0xff, 0xff, 0xff, 0xff, 0xff, 0xff, 0xfb, 0x00, 0x00,
    0x00, 0x1f, 0xff, 0xff, 0xff, 0xff, 0xff, 0xff, 0xff, 0xff, 0xff, 0xfb, 0xda, 0x61, 0x00, 0x1f,
    0xff, 0xff, 0xff, 0xff, 0xff, 0xff, 0xff, 0xff, 0xff, 0xfb, 0xff, 0xf6, 0x00, 0x1f, 0xff, 0xc0,
    0x00, 0x00, 0x00, 0x00, 0x00, 0x00, 0x00, 0x04, 0xff, 0xf3, 0x00, 0x0f, 0xff, 0xf6, 0x10, 0x00,
    0x00, 0x00, 0x00, 0x00, 0x00, 0x3c, 0xff, 0xf0, 0x00, 0x0b, 0xff, 0xff, 0xff, 0xff, 0xff, 0xff,
    0xff, 0xff, 0xff, 0xff, 0xff, 0xb0, 0x00, 0x04, 0xff, 0xff, 0xff, 0xff, 0xff, 0xff, 0xff, 0xff,
    0xff, 0xff, 0xff, 0x40, 0x00, 0x00, 0x4d, 0xff, 0xff, 0xff, 0xff, 0xff, 0xff, 0xff, 0xff, 0xff,
    0xd5, 0x00, 0x00, 0x00, 0x00, 0x24, 0x44, 0x44, 0x44, 0x44, 0x44, 0x44, 0x44, 0x42, 0x00, 0x00,
    0x00, 0x00, 0x00, 0x00, 0x00, 0x00, 0x00, 0x00, 0x00, 0x1f, 0xff, 0xb0, 0x00, 0x00, 0x9f, 0xff,
    0xff, 0xff, 0xff, 0xff, 0xff, 0xff, 0xff, 0xff, 0xff, 0xff, 0xff, 0xf9, 0x9f, 0xff, 0xff, 0xff,
    0xff, 0xff, 0xff, 0xff, 0xff, 0xff, 0xff, 0xff, 0xff, 0xf9, 0x9f, 0xff, 0xff, 0xff, 0xff, 0xff,
    0xff, 0xff, 0xff, 0xff, 0xff, 0xff, 0xff, 0xf9, 0x36, 0x66, 0x68, 0xff, 0xfa, 0x66, 0x66, 0x66,
    0x66, 0x7f, 0xff, 0xd6, 0x66, 0x64, 0x00, 0x00, 0x06, 0xff, 0xff, 0x50, 0x00, 0x00, 0x00, 0x1f,
    0xff, 0xb0, 0x00, 0x00, 0x00, 0x00, 0x00, 0x6f, 0xff, 0xf5, 0x00, 0x00, 0x00, 0x3f, 0xff, 0xb0,
    0x00, 0x00, 0x00, 0x00, 0x00, 0x05, 0xff, 0xc1, 0x12, 0x10, 0x02, 0xbf, 0xff, 0xa0, 0x00, 0x00,
    0x00, 0x00, 0x00, 0x00, 0x4b, 0x10, 0x2f, 0xff, 0xff, 0xff, 0xff, 0x80, 0x00, 0x00, 0x00, 0x00,
    0x00, 0x00, 0x00, 0x00, 0x0d, 0xff, 0xff, 0xff, 0xfe, 0x20, 0x00, 0x00, 0x00, 0x00, 0x00, 0x00,
    0x00, 0x00, 0x09, 0xff, 0xff, 0xff, 0xe4, 0x00, 0x00, 0x00, 0x00, 0x00, 0x00, 0x00, 0x00, 0x00,
    0x03, 0x77, 0x77, 0x64, 0x00, 0x00, 0x00, 0x00, 0x00, 0x00, 0x08, 0xff, 0xf0, 0x00, 0x00, 0x0b,
    0xdc, 0xa3, 0x00, 0x00, 0x00, 0x00, 0x00, 0x00, 0x08, 0xff, 0xf0, 0x00, 0x00, 0x6f, 0xff, 0xd0,
    0x00, 0x00, 0x00, 0x00, 0x00, 0x00, 0x08, 0xff, 0xf0, 0x00, 0x03, 0xef, 0xff, 0x40, 0x00, 0x00,
    0x00, 0x00, 0x00, 0x00, 0x08, 0xff, 0xf0, 0x00, 0x1d, 0xff, 0xff, 0xff, 0xff, 0xff, 0xff, 0xe0,
    0x16, 0xb8, 0x08, 0xff, 0xf0, 0x01, 0xcf, 0xff, 0xff, 0xff, 0xff, 0xff, 0xff, 0xe0, 0x6f, 0xfe,
    0x08, 0xff, 0xf0, 0x1c, 0xff, 0xff, 0xff, 0xff, 0xff, 0xff, 0xff, 0xe0, 0x1f, 0xff, 0x58, 0xff,
    0xf2, 0xdf, 0xff, 0xd3, 0x11, 0x11, 0x11, 0xaf, 0xff, 0xc0, 0x0b, 0xff, 0xb8, 0xff, 0xf1, 0x9f,
    0xfc, 0x14, 0xc6, 0x00, 0x3b, 0xff, 0xfe, 0x20, 0x06, 0xff, 0xfa, 0xff, 0xf0, 0x08, 0x90, 0x7f,
    0xff, 0xb9, 0xff, 0xff, 0xd3, 0x00, 0x01, 0xff, 0xfe, 0xff, 0xf0, 0x00, 0x00, 0x2c, 0xff, 0xff,
    0xff, 0xfc, 0x20, 0x00, 0x00, 0xbf, 0xff, 0xff, 0xf0, 0x00, 0x15, 0x9d, 0xff, 0xff, 0xfe, 0x70,
    0x00, 0x00, 0x00, 0x6a, 0x48, 0xff, 0xf1, 0x9d, 0xff, 0xff, 0xff, 0xfd, 0x71, 0x00, 0x00, 0x00,
    0x00, 0x00, 0x08, 0xff, 0xf0, 0x5f, 0xff, 0xff, 0xd9, 0x40, 0x09, 0xff, 0xf0, 0x00, 0x00, 0x00,
    0x08, 0xff, 0xf0, 0x08, 0xda, 0x62, 0x00, 0x00, 0x09, 0xff, 0xf0, 0x00, 0x00, 0x00, 0x09, 0xff,
    0xf0, 0x00, 0x00, 0x00, 0x00, 0x00, 0x09, 0xff, 0xf0, 0x00, 0x00, 0x00, 0x7f, 0xff, 0xf3, 0xff,
    0xff, 0xff, 0xff, 0xff, 0xff, 0xff, 0xff, 0xfb, 0x00, 0x1a, 0xff, 0xff, 0xf3, 0xff, 0xff, 0xff,
    0xff, 0xff, 0xff, 0xff, 0xff, 0xfb, 0x03, 0xdf, 0xff, 0xff, 0xf3, 0xff, 0xff, 0xff, 0xff, 0xff,
    0xff, 0xff, 0xff, 0xfb, 0x5f, 0xff, 0xff, 0xff, 0xf1, 0x33, 0x4e, 0xf9, 0x33, 0x33, 0x3a, 0xff,
    0xf3, 0x32, 0x6f, 0xff, 0xfe, 0xff, 0xf0, 0x01, 0xdf, 0xff, 0x30, 0x00, 0x09, 0xff, 0xf0, 0x00,
    0x2f, 0xff, 0x78, 0xff, 0xf0, 0x00, 0xaf, 0xff, 0xd1, 0x00, 0x09, 0xff, 0xf0, 0x00, 0x0c, 0xf5,
    0x08, 0xff, 0xf0, 0x00, 0x1d, 0xff, 0xf9, 0x00, 0x09, 0xff, 0xf0, 0x00, 0x07, 0x40, 0x08, 0xff,
    0xf0, 0x00, 0x03, 0xff, 0xa1, 0x00, 0x0a, 0xff, 0xf0, 0x00, 0x00, 0x00, 0x08, 0xff, 0xf0, 0x00,
    0x00, 0x87, 0x21, 0x01, 0x3e, 0xff, 0xf0, 0x00, 0x00, 0x00, 0x08, 0xff, 0xf0, 0x00, 0x00, 0x00,
    0xef, 0xff, 0xff, 0xff, 0xd0, 0x00, 0x00, 0x00, 0x08, 0xff, 0xf0, 0x00, 0x00, 0x00, 0xaf, 0xff,
    0xff, 0xff, 0x80, 0x00, 0x00, 0x00, 0x08, 0xff, 0xf0, 0x00, 0x00, 0x00, 0x7f, 0xff, 0xff, 0xfa,
    0x10, 0x00, 0x00, 0x00, 0x08, 0xff, 0xf0, 0x00, 0x00, 0x00, 0x26, 0x65, 0x54, 0x10, 0x00, 0x00,
    0x00, 0x00, 0x05, 0xb1, 0x00, 0x02, 0xff, 0xfe, 0x00, 0x00, 0x0b, 0x60, 0x00, 0x00, 0x00, 0x00,
    0x8f, 0xfb, 0x00, 0x02, 0xff, 0xfe, 0x00, 0x00, 0xaf, 0xfb, 0x20, 0x00, 0x00, 0x00, 0xcf, 0xff,
    0xa0, 0x02, 0xff, 0xfe, 0x00, 0x08, 0xff, 0xfd, 0x10, 0x00, 0x00, 0x00, 0x1d, 0xff, 0xf6, 0x02,
    0xff, 0xfe, 0x00, 0x8f, 0xff, 0xd2, 0x00, 0x00, 0x00, 0x00, 0x03, 0xef, 0x60, 0x02, 0xff, 0xfe,
    0x00, 0x8f, 0xfe, 0x20, 0x00, 0x00, 0x07, 0xff, 0xff, 0xff, 0xff, 0xff, 0xff, 0xff, 0xff, 0xff,
    0xff, 0xff, 0xff, 0x70, 0x07, 0xff, 0xff, 0xff, 0xff, 0xff, 0xff, 0xff, 0xff, 0xff, 0xff, 0xff,
    0xff, 0x70, 0x07, 0xff, 0xff, 0xff, 0xff, 0xff, 0xff, 0xff, 0xff, 0xff, 0xff, 0xff, 0xff, 0x70,
    0x07, 0xff, 0xf9, 0x33, 0x33, 0x33, 0x33, 0x33, 0x33, 0x33, 0x33, 0x9f, 0xff, 0x70, 0x07, 0xff,
    0xf8, 0x00, 0x00, 0x00, 0x00, 0x00, 0x00, 0x00, 0x00, 0x8f, 0xff, 0x70, 0x07, 0xff, 0xff, 0xff,
    0xff, 0xff, 0xff, 0xff, 0xff, 0xff, 0xff, 0xff, 0xff, 0x70, 0x00, 0x00, 0x5f, 0xff, 0xff, 0xff,
    0xff, 0xff, 0xff, 0xff, 0xff, 0xf8, 0x00, 0x00, 0x00, 0x00, 0x5f, 0xff, 0xff, 0xff, 0xff, 0xff,
    0xff, 0xff, 0xff, 0xf8, 0x00, 0x00, 0x00, 0x00, 0x14, 0x44, 0x44, 0x44, 0x44, 0x44, 0x44, 0x44,
    0x44, 0x42, 0x00, 0x00, 0x00, 0x00, 0x00, 0x00, 0x00, 0x00, 0x00, 0x00, 0x00, 0x00, 0x00, 0x00,
    0x00, 0x00, 0x0f, 0xff, 0xff, 0xff, 0xff, 0xff, 0xff, 0xff, 0xff, 0xff, 0xff, 0xff, 0xff, 0xf2,
    0x0f, 0xff, 0xff, 0xff, 0xff, 0xff, 0xff, 0xff, 0xff, 0xff, 0xff, 0xff, 0xff, 0xf2, 0x0f, 0xff,
    0xff, 0xff, 0xff, 0xff, 0xff, 0xff, 0xff, 0xff, 0xff, 0xff, 0xff, 0xf2, 0x06, 0x66, 0x66, 0x6b,
    0xff, 0xff, 0x76, 0x66, 0x66, 0xef, 0xa6, 0x66, 0x66, 0x61, 0x00, 0x00, 0x00, 0x3f, 0xff, 0xf8,
    0x00, 0x00, 0x0b, 0xff, 0xe3, 0x00, 0x00, 0x00, 0x00, 0x00, 0x01, 0xdf, 0xff, 0xc0, 0x00, 0x00,
    0x1e, 0xff, 0xfd, 0x20, 0x00, 0x00, 0x00, 0x00, 0x1c, 0xff, 0xfe, 0x20, 0x00, 0x00, 0x05, 0xff,
    0xff, 0xd1, 0x00, 0x00, 0x00, 0x02, 0xcf, 0xff, 0xf6, 0x01, 0x12, 0x23, 0x34, 0xcf, 0xff, 0xfc,
    0x10, 0x00, 0x00, 0x08, 0xff, 0xff, 0xff, 0xff, 0xff, 0xff, 0xff, 0xff, 0xff, 0xff, 0xb0, 0x00,
    0x00, 0x02, 0xff, 0xff, 0xff, 0xff, 0xff, 0xff, 0xff, 0xff, 0xff, 0xff, 0xf7, 0x00, 0x00, 0x00,
    0xaf, 0xff, 0xff, 0xff, 0xff, 0xff, 0xff, 0xee, 0xde, 0xff, 0x80, 0x00, 0x00, 0x00, 0x3c, 0xa8,
    0x76, 0x54, 0x33, 0x21, 0x00, 0x00, 0x02, 0xc4, 0x00, 0x00, 0x00, 0x00, 0x06, 0xbc, 0xe6, 0x00,
    0x00, 0x00, 0x1f, 0xff, 0x70, 0x00, 0x00, 0x00, 0x00, 0x00, 0x06, 0xff, 0xfa, 0x00, 0x00, 0x00,
    0x2f, 0xff, 0x70, 0x8a, 0x10, 0x00, 0x00, 0x00, 0x02, 0xff, 0xfd, 0x00, 0x00, 0x00, 0x2f, 0xff,
    0x8b, 0xff, 0xc2, 0x00, 0x5f, 0xff, 0xff, 0xff, 0xff, 0xff, 0xff, 0xb0, 0x2f, 0xff, 0x78, 0xff,
    0xfe, 0x40, 0x5f, 0xff, 0xff, 0xff, 0xff, 0xff, 0xff, 0xb0, 0x2f, 0xff, 0x60, 0x7f, 0xfb, 0x10,
    0x5f, 0xff, 0xff, 0xff, 0xff, 0xff, 0xff, 0xb0, 0x2f, 0xff, 0x60, 0x06, 0xa0, 0x00, 0x13, 0x33,
    0x33, 0x33, 0x33, 0x33, 0x33, 0x20, 0x2f, 0xff, 0x60, 0x00, 0x00, 0x00, 0x00, 0x00, 0x00, 0x00,
    0x00, 0x00, 0x00, 0x8f, 0xff, 0xff, 0xff, 0xff, 0xff, 0xf3, 0x02, 0xff, 0xff, 0xff, 0xff, 0xff,
    0xf7, 0x8f, 0xff, 0xff, 0xff, 0xff, 0xff, 0xf3, 0x02, 0xff, 0xff, 0xff, 0xff, 0xff, 0xf7, 0x8f,
    0xff, 0xff, 0xff, 0xff, 0xff, 0xf3, 0x02, 0xff, 0xfd, 0xdd, 0xdd, 0xff, 0xf7, 0x36, 0x8f, 0xff,
    0x86, 0x66, 0x66, 0x61, 0x02, 0xff, 0xf3, 0x00, 0x00, 0xdf, 0xf7, 0x00, 0x5f, 0xff, 0x30, 0x00,
    0x00, 0x00, 0x02, 0xff, 0xf3, 0x00, 0x00, 0xdf, 0xf7, 0x00, 0x6f, 0xff, 0xff, 0xc0, 0x00, 0x00,
    0x02, 0xff, 0xff, 0xff, 0xff, 0xff, 0xf7, 0x00, 0x7f, 0xff, 0xff, 0xc0, 0x00, 0x00, 0x02, 0xff,
    0xff, 0xff, 0xff, 0xff, 0xf7, 0x00, 0x9f, 0xfe, 0xff, 0xc0, 0x00, 0x00, 0x02, 0xdd, 0xdd, 0xef,
    0xff, 0xdd, 0xd6, 0x00, 0xcf, 0xfc, 0xff, 0xc0, 0x00, 0x00, 0x00, 0x00, 0x00, 0x8f, 0xfe, 0x00,
    0x00, 0x00, 0xef, 0xf9, 0xff, 0xc0, 0x00, 0x00, 0x00, 0xab, 0x72, 0x8f, 0xfe, 0x19, 0x70, 0x04,
    0xff, 0xf6, 0xff, 0xc0, 0x00, 0x00, 0x00, 0xef, 0xf6, 0x8f, 0xfe, 0xdf, 0xf5, 0x08, 0xff, 0xc6,
    0xff, 0xc0, 0x00, 0x00, 0x03, 0xff, 0xf2, 0x8f, 0xfe, 0xbf, 0xfe, 0x3d, 0xff, 0x76, 0xff, 0xc0,
    0x7a, 0x51, 0x06, 0xff, 0xe0, 0x8f, 0xfe, 0x1d, 0xff, 0xef, 0xff, 0x26, 0xff, 0xc0, 0x9f, 0xf8,
    0x0b, 0xff, 0xa0, 0x8f, 0xfe, 0x02, 0xc6, 0xdf, 0xfc, 0x06, 0xff, 0xc0, 0xaf, 0xf6, 0x1f, 0xff,
    0x60, 0x8f, 0xfe, 0x00, 0x08, 0xff, 0xf5, 0x06, 0xff, 0xc0, 0xbf, 0xf5, 0x5f, 0xff, 0x20, 0xbf,
    0xfe, 0x00, 0x5f, 0xff, 0xd0, 0x06, 0xff, 0xe1, 0xef, 0xf3, 0x39, 0xef, 0xff, 0xff, 0xfd, 0x01,
    0xdf, 0xff, 0x50, 0x04, 0xff, 0xff, 0xff, 0xf0, 0x00, 0x09, 0xff, 0xff, 0xfb, 0x00, 0x2d, 0xfb,
    0x00, 0x02, 0xff, 0xff, 0xff, 0xc0, 0x00, 0x05, 0xff, 0xff, 0xe4, 0x00, 0x01, 0xb2, 0x00, 0x00,
    0x7f, 0xff, 0xfe, 0x30, 0x00, 0x01, 0x98, 0x86, 0x20, 0x00, 0x00, 0x00, 0x00, 0x00, 0x02, 0x55,
    0x41, 0x00, 0x00, 0x0f, 0xff, 0xff, 0xff, 0xff, 0xff, 0xff, 0xff, 0xff, 0xff, 0xff, 0xff, 0x20,
    0x00, 0x0f, 0xff, 0xff, 0xff, 0xff, 0xff, 0xff, 0xff, 0xff, 0xff, 0xff, 0xff, 0x20, 0x00, 0x0f,
    0xff, 0xff, 0xff, 0xff, 0xff, 0xff, 0xff, 0xff, 0xff, 0xff, 0xff, 0x20, 0x00, 0x0f, 0xff, 0xe3,
    0x33, 0x33, 0x33, 0x33, 0x33, 0x33, 0x33, 0xcf, 0xff, 0x20, 0x00, 0x0f, 0xff, 0xe0, 0x00, 0x00,
    0x00, 0x00, 0x00, 0x00, 0x00, 0xcf, 0xff, 0x20, 0x00, 0x0f, 0xff, 0xe0, 0x00, 0x00, 0x00, 0x00,
    0x00, 0x00, 0x00, 0xcf, 0xff, 0x20, 0x00, 0x0f, 0xff, 0xff, 0xff, 0xff, 0xff, 0xff, 0xff, 0xff,
    0xff, 0xff, 0xff, 0x20, 0x00, 0x0f, 0xff, 0xff, 0xff, 0xff, 0xff, 0xff, 0xff, 0xff, 0xff, 0xff,
    0xff, 0x20, 0x00, 0x0f, 0xff, 0xff, 0xff, 0xff, 0xff, 0xff, 0xff, 0xff, 0xff, 0xff, 0xff, 0x20,
    0x00, 0x0f, 0xff, 0xe3, 0x33, 0x33, 0x33, 0x7f, 0xff, 0xa3, 0x33, 0x33, 0x33, 0x00, 0x00, 0x0f,
    0xff, 0xe0, 0x00, 0x00, 0x00, 0x5f, 0xff, 0x90, 0x00, 0x00, 0x00, 0x00, 0x00, 0x0f, 0xff, 0xff,
    0xff, 0xff, 0xff, 0xff, 0xff, 0xff, 0xff, 0xff, 0xff, 0xf8, 0x00, 0x1f, 0xff, 0xff, 0xff, 0xff,
    0xff, 0xff, 0xff, 0xff, 0xff, 0xff, 0xff, 0xf8, 0x00, 0x1f, 0xff, 0xff, 0xff, 0xff, 0xff, 0xff,
    0xff, 0xff, 0xff, 0xff, 0xff, 0xf8, 0x00, 0x2f, 0xff, 0xc3, 0x33, 0x33, 0x33, 0x7f, 0xff, 0xa3,
    0x33, 0x33, 0x33, 0x32, 0x00, 0x4f, 0xff, 0xb0, 0x00, 0x00, 0x00, 0x5f, 0xff, 0x90, 0x00, 0x00,
    0x00, 0x00, 0x00, 0x5f, 0xff, 0xa0, 0xef, 0xff, 0xff, 0xff, 0xff, 0xff, 0xff, 0xff, 0xf9, 0x00,
    0x00, 0x7f, 0xff, 0x80, 0xef, 0xff, 0xff, 0xff, 0xff, 0xff, 0xff, 0xff, 0xf9, 0x00, 0x00, 0xbf,
    0xff, 0x60, 0xef, 0xff, 0xff, 0xff, 0xff, 0xff, 0xff, 0xff, 0xf9, 0x00, 0x01, 0xef, 0xff, 0x20,
    0xef, 0xfc, 0x11, 0x11, 0x11, 0x11, 0x12, 0xff, 0xf9, 0x00, 0x05, 0xff, 0xfe, 0x00, 0xef, 0xfc,
    0x00, 0x00, 0x00, 0x00, 0x01, 0xff, 0xf9, 0x00, 0x0c, 0xff, 0xf9, 0x00, 0xef, 0xfc, 0x00, 0x00,
    0x00, 0x00, 0x01, 0xff, 0xf9, 0x00, 0x4f, 0xff, 0xf4, 0x00, 0xef, 0xff, 0xff, 0xff, 0xff, 0xff,
    0xff, 0xff, 0xf9, 0x00, 0x2d, 0xff, 0xd0, 0x00, 0xef, 0xff, 0xff, 0xff, 0xff, 0xff, 0xff, 0xff,
    0xf9, 0x00, 0x02, 0xdf, 0x50, 0x00, 0xef, 0xff, 0xff, 0xff, 0xff, 0xff, 0xff, 0xff, 0xf9, 0x00,
    0x00, 0x2a, 0x00, 0x00, 0xef, 0xfc, 0x11, 0x11, 0x11, 0x11, 0x12, 0xff, 0xf9, 0x00, 0x00, 0x00,
    0x00, 0x00, 0x00, 0x00, 0x00, 0x00, 0x00, 0x00, 0x01, 0xff, 0xf9, 0x00, 0x00, 0x5f, 0xff, 0xff,
    0xff, 0xff, 0xff, 0xff, 0xff, 0xff, 0xff, 0xff, 0xff, 0x30, 0x00, 0x5f, 0xff, 0xff, 0xff, 0xff,
    0xff, 0xff, 0xff, 0xff, 0xff, 0xff, 0xff, 0x30, 0x00, 0x5f, 0xff, 0xff, 0xff, 0xff, 0xff, 0xff,
    0xff, 0xff, 0xff, 0xff, 0xff, 0x30, 0x00, 0x5f, 0xff, 0x94, 0x44, 0x44, 0x44, 0x44, 0x44, 0x44,
    0x44, 0xaf, 0xff, 0x30, 0x00, 0x5f, 0xff, 0xff, 0xff, 0xff, 0xff, 0xff, 0xff, 0xff, 0xff, 0xff,
    0xff, 0x30, 0x00, 0x5f, 0xff, 0xff, 0xff, 0xff, 0xff, 0xff, 0xff, 0xff, 0xff, 0xff, 0xff, 0x30,
    0x00, 0x5f, 0xff, 0xdc, 0xcc, 0xcf, 0xfe, 0xcc, 0xcc, 0xce, 0xff, 0xdc, 0xcc, 0x20, 0x00, 0x5f,
    0xff, 0x70, 0x00, 0x5f, 0xfe, 0x10, 0x00, 0x0c, 0xff, 0xd2, 0x00, 0x00, 0x00, 0x5f, 0xff, 0x70,
    0x00, 0x9f, 0xff, 0x60, 0x00, 0x3f, 0xff, 0xe1, 0x00, 0x00, 0x00, 0x5f, 0xff, 0x70, 0x00, 0x3f,
    0xff, 0xc0, 0x00, 0x8f, 0xff, 0x80, 0x00, 0x00, 0x00, 0x5f, 0xff, 0x60, 0x00, 0x0c, 0xff, 0xf3,
    0x00, 0xdf, 0xff, 0x20, 0x00, 0x00, 0x00, 0x5f, 0xff, 0x6c, 0xff, 0xff, 0xff, 0xff, 0xff, 0xff,
    0xff, 0xff, 0xff, 0x50, 0x00, 0x6f, 0xff, 0x6c, 0xff, 0xff, 0xff, 0xff, 0xff, 0xff, 0xff, 0xff,
    0xff, 0x50, 0x00, 0x7f, 0xff, 0x5c, 0xff, 0xff, 0xff, 0xff, 0xff, 0xff, 0xff, 0xff, 0xff, 0x50,
    0x00, 0x8f, 0xff, 0x53, 0x44, 0x6f, 0xff, 0x94, 0x44, 0x5f, 0xff, 0xb4, 0x44, 0x10, 0x00, 0x9f,
    0xff, 0x40, 0x00, 0x3f, 0xff, 0x70, 0x00, 0x1f, 0xff, 0x90, 0x00, 0x00, 0x00, 0xaf, 0xff, 0xff,
    0xff, 0xff, 0xff, 0xff, 0xff, 0xff, 0xff, 0xff, 0xff, 0xfa, 0x00, 0xcf, 0xff, 0xff, 0xff, 0xff,
    0xff, 0xff, 0xff, 0xff, 0xff, 0xff, 0xff, 0xfa, 0x00, 0xef, 0xff, 0xff, 0xff, 0xff, 0xff, 0xff,
    0xff, 0xff, 0xff, 0xff, 0xff, 0xfa, 0x02, 0xff, 0xfd, 0x44, 0x44, 0xbf, 0xff, 0x64, 0x44, 0x5f,
    0xff, 0xb4, 0x44, 0x43, 0x06, 0xff, 0xf9, 0x00, 0x01, 0xef, 0xff, 0x00, 0x00, 0x1f, 0xff, 0x90,
    0x00, 0x00, 0x0b, 0xff, 0xf5, 0x00, 0x08, 0xff, 0xfb, 0x00, 0x00, 0x1f, 0xff, 0x90, 0x00, 0x00,
    0x1f, 0xff, 0xf1, 0x00, 0x4f, 0xff, 0xf4, 0x00, 0x00, 0x1f, 0xff, 0x90, 0x00, 0x00, 0x09, 0xff,
    0xa0, 0x04, 0xef, 0xff, 0xb0, 0x00, 0x00, 0x1f, 0xff, 0x90, 0x00, 0x00, 0x00, 0xbf, 0x40, 0x02,
    0xaf, 0xfe, 0x20, 0x00, 0x00, 0x1f, 0xff, 0x90, 0x00, 0x00, 0x00, 0x19, 0x00, 0x00, 0x04, 0xc3,
    0x00, 0x00, 0x00, 0x1f, 0xff, 0x90, 0x00, 0x00, 0x00, 0xbf, 0xff, 0xff, 0xff, 0xff, 0xff, 0xff,
    0xff, 0xff, 0xff, 0xff, 0x50, 0x00, 0x00, 0xbf, 0xff, 0xff, 0xff, 0xff, 0xff, 0xff, 0xff, 0xff,
    0xff, 0xff, 0x50, 0x00, 0x00, 0xbf, 0xff, 0xff, 0xff, 0xff, 0xff, 0xff, 0xff, 0xff, 0xff, 0xff,
    0x50, 0x00, 0x00, 0x8b, 0xbb, 0xbb, 0xbb, 0xbb, 0xbb, 0xbb, 0xbb, 0xbb, 0xef, 0xff, 0x50, 0x00,
    0x00, 0x00, 0x00, 0x00, 0x00, 0x00, 0x00, 0x00, 0x00, 0x00, 0xbf, 0xff, 0x50, 0x00, 0x00, 0x00,
    0x00, 0x00, 0x00, 0x00, 0x00, 0x00, 0x00, 0x00, 0xbf, 0xff, 0x50, 0x00, 0x00, 0x00, 0x00, 0x00,
    0x00, 0x00, 0x00, 0x00, 0x00, 0x00, 0xbf, 0xff, 0x50, 0x00, 0x00, 0x0f, 0xff, 0xf0, 0x00, 0x00,
    0x00, 0x00, 0x00, 0x00, 0xbf, 0xff, 0x50, 0x00, 0x00, 0x0f, 0xff, 0xf0, 0x00, 0x00, 0x00, 0x00,
    0x00, 0x00, 0xbf, 0xff, 0x50, 0x00, 0x00, 0x0f, 0xff, 0xf0, 0x00, 0x00, 0x00, 0x00, 0x00, 0x00,
    0xbf, 0xff, 0x50, 0x00, 0x00, 0x0f, 0xff, 0xff, 0xff, 0xff, 0xff, 0xff, 0xff, 0xff, 0xff, 0xff,
    0x50, 0x00, 0x00, 0x0f, 0xff, 0xff, 0xff, 0xff, 0xff, 0xff, 0xff, 0xff, 0xff, 0xff, 0x50, 0x00,
    0x00, 0x0f, 0xff, 0xff, 0xff, 0xff, 0xff, 0xff, 0xff, 0xff, 0xff, 0xff, 0x50, 0x00, 0x00, 0x0f,
    0xff, 0xfb, 0xbb, 0xbb, 0xbb, 0xbb, 0xbb, 0xbb, 0xbb, 0xbb, 0x40, 0x00, 0x00, 0x0f, 0xff, 0xf0,
    0x00, 0x00, 0x00, 0x00, 0x00, 0x00, 0x00, 0x00, 0x00, 0x00, 0x00, 0x0f, 0xff, 0xf0, 0x00, 0x00,
    0x00, 0x00, 0x00, 0x00, 0x00, 0x08, 0x93, 0x00, 0x00, 0x0f, 0xff, 0xf0, 0x00, 0x00, 0x00, 0x00,
    0x00, 0x00, 0x00, 0x0b, 0xff, 0xc5, 0x00, 0x0f, 0xff, 0xf0, 0x00, 0x00, 0x00, 0x00, 0x00, 0x00,
    0x00, 0x0c, 0xff, 0xf7, 0x00, 0x0f, 0xff, 0xf0, 0x00, 0x00, 0x00, 0x00, 0x00, 0x00, 0x00, 0x0e,
    0xff, 0xf4, 0x00, 0x0f, 0xff, 0xf1, 0x00, 0x00, 0x00, 0x00, 0x00, 0x00, 0x00, 0x1f, 0xff, 0xf1,
    0x00, 0x0e, 0xff, 0xf5, 0x00, 0x00, 0x00, 0x00, 0x00, 0x00, 0x00, 0x5f, 0xff, 0xd0, 0x00, 0x0c,
    0xff, 0xfd, 0x40, 0x00, 0x00, 0x00, 0x00, 0x00, 0x15, 0xdf, 0xff, 0xa0, 0x00, 0x07, 0xff, 0xff,
    0xff, 0xff, 0xff, 0xff, 0xff, 0xff, 0xff, 0xff, 0xff, 0x60, 0x00, 0x01, 0xef, 0xff, 0xff, 0xff,
    0xff, 0xff, 0xff, 0xff, 0xff, 0xff, 0xfe, 0x10, 0x00, 0x00, 0x3e, 0xff, 0xff, 0xff, 0xff, 0xff,
    0xff, 0xff, 0xff, 0xff, 0xd3, 0x00, 0x00, 0x00, 0x01, 0x6a, 0xbb, 0xbb, 0xbb, 0xbb, 0xbb, 0xbb,
    0xbb, 0x95, 0x00, 0x00, 0x00, 0x00, 0x00, 0x00, 0x00, 0x03, 0x6a, 0xd3, 0x00, 0x00, 0x00, 0x00,
    0x00, 0x00, 0x00, 0x00, 0x00, 0x00, 0x00, 0x2f, 0xff, 0xf8, 0x00, 0x00, 0x00, 0x00, 0x00, 0x00,
    0x00, 0x00, 0x00, 0x00, 0x00, 0x0c, 0xff, 0xfd, 0x00, 0x00, 0x00, 0x00, 0x00, 0x00, 0x00, 0x00,
    0x00, 0x00, 0x00, 0x07, 0xff, 0xff, 0x20, 0x00, 0x00, 0x00, 0x00, 0x00, 0x0f, 0xff, 0xff, 0xff,
    0xff, 0xff, 0xff, 0xff, 0xff, 0xff, 0xff, 0xff, 0xff, 0xf2, 0x0f, 0xff, 0xff, 0xff, 0xff, 0xff,
    0xff, 0xff, 0xff, 0xff, 0xff, 0xff, 0xff, 0xf2, 0x0f, 0xff, 0xff, 0xff, 0xff, 0xff, 0xff, 0xff,
    0xff, 0xff, 0xff, 0xff, 0xff, 0xf2, 0x08, 0x88, 0x88, 0x88, 0x88, 0x88, 0xff, 0xff, 0x88, 0x88,
    0x88, 0x88, 0x88, 0x81, 0x00, 0x00, 0x00, 0x00, 0x00, 0x00, 0xff, 0xff, 0x00, 0x00, 0x00, 0x00,
    0x00, 0x00, 0x00, 0x00, 0x00, 0x00, 0x00, 0x00, 0xff, 0xff, 0x00, 0x00, 0x00, 0x00, 0x00, 0x00,
    0x00, 0x1f, 0xff, 0xff, 0xff, 0xff, 0xff, 0xff, 0xff, 0xff, 0xff, 0xff, 0xfc, 0x00, 0x00, 0x1f,
    0xff, 0xff, 0xff, 0xff, 0xff, 0xff, 0xff, 0xff, 0xff, 0xff, 0xfc, 0x00, 0x00, 0x1f, 0xff, 0xff,
    0xff, 0xff, 0xff, 0xff, 0xff, 0xff, 0xff, 0xff, 0xfc, 0x00, 0x00, 0x1f, 0xff, 0xc7, 0x77, 0x77,
    0xff, 0xff, 0x77, 0x77, 0x77, 0xff, 0xfc, 0x00, 0x00, 0x1f, 0xff, 0x90, 0x00, 0x00, 0xff, 0xff,
    0x00, 0x00, 0x00, 0xef, 0xfc, 0x00, 0x00, 0x1f, 0xff, 0x90, 0x00, 0x00, 0xff, 0xff, 0x00, 0x00,
    0x00, 0xef, 0xfc, 0x00, 0x00, 0x1f, 0xff, 0x90, 0x00, 0x00, 0xff, 0xff, 0x00, 0x00, 0x00, 0xef,
    0xfc, 0x00, 0x00, 0x1f, 0xff, 0x90, 0x00, 0x00, 0xff, 0xff, 0x00, 0x00, 0x00, 0xef, 0xfc, 0x00,
    0x00, 0x1f, 0xff, 0x90, 0x00, 0x00, 0xff, 0xff, 0x00, 0x00, 0x00, 0xef, 0xfc, 0x00, 0x00, 0x1f,
    0xff, 0x90, 0x00, 0x00, 0xff, 0xff, 0x00, 0x00, 0x00, 0xff, 0xfc, 0x00, 0x00, 0x1f, 0xff, 0x90,
    0x00, 0x00, 0xff, 0xff, 0x01, 0x10, 0x18, 0xff, 0xfb, 0x00, 0x00, 0x1f, 0xff, 0x90, 0x00, 0x00,
    0xff, 0xff, 0x0c, 0xff, 0xff, 0xff, 0xf8, 0x00, 0x00, 0x1f, 0xff, 0x90, 0x00, 0x00, 0xff, 0xff,
    0x08, 0xff, 0xff, 0xff, 0xf3, 0x00, 0x00, 0x1f, 0xff, 0x90, 0x00, 0x00, 0xff, 0xff, 0x03, 0xff,
    0xff, 0xfe, 0x50, 0x00, 0x00, 0x00, 0x00, 0x00, 0x00, 0x00, 0xff, 0xff, 0x00, 0x76, 0x65, 0x41,
    0x00, 0x00, 0x00, 0x00, 0x00, 0x00, 0x00, 0x00, 0xff, 0xff, 0x00, 0x00, 0x00, 0x00, 0x00, 0x00,
    0x00, 0x00, 0x00, 0x00, 0x00, 0x00, 0xff, 0xff, 0x00, 0x00, 0x00, 0x00, 0x00, 0x00, 0x00, 0x00,
    0x00, 0x3f, 0xff, 0x40, 0x00, 0x00, 0x00, 0x00, 0x00, 0x00, 0x00, 0x00, 0x00, 0x00, 0x00, 0x3f,
    0xff, 0x40, 0x00, 0x01, 0xff, 0xff, 0xff, 0xff, 0xff, 0x40, 0x02, 0xff, 0xff, 0xff, 0xff, 0xff,
    0xff, 0xc1, 0xff, 0xff, 0xff, 0xff, 0xff, 0x40, 0x02, 0xff, 0xff, 0xff, 0xff, 0xff, 0xff, 0xc1,
    0xff, 0xfc, 0xaa, 0xdf, 0xff, 0x20, 0x01, 0x99, 0x99, 0xaf, 0xff, 0xb9, 0x99, 0x71, 0xff, 0xf5,
    0x01, 0xef, 0xf8, 0x00, 0x00, 0x00, 0x00, 0x3f, 0xff, 0x40, 0x00, 0x01, 0xff, 0xf5, 0x0a, 0xff,
    0xd1, 0x00, 0x00, 0x8f, 0xff, 0xff, 0xff, 0xff, 0xff, 0x01, 0xff, 0xf5, 0x4f, 0xff, 0x50, 0x00,
    0x00, 0x8f, 0xff, 0xff, 0xff, 0xff, 0xff, 0x01, 0xff, 0xf5, 0x6e, 0xff, 0xe4, 0x00, 0x00, 0x48,
    0x88, 0xcf, 0xff, 0x88, 0x88, 0x01, 0xff, 0xf5, 0x01, 0xbf, 0xff, 0x30, 0x00, 0x00, 0x00, 0xcf,
    0xfc, 0x00, 0x00, 0x01, 0xff, 0xf5, 0x00, 0x1e, 0xff, 0xa0, 0x0f, 0xff, 0xff, 0xff, 0xff, 0xff,
    0xff, 0xf1, 0xff, 0xf7, 0x31, 0x1d, 0xff, 0xe0, 0x0f, 0xff, 0xff, 0xff, 0xff, 0xff, 0xff, 0xf1,
    0xff, 0xf8, 0xff, 0xff, 0xff, 0xd0, 0x09, 0x99, 0xbf, 0xff, 0xe9, 0x99, 0x99, 0x91, 0xff, 0xf6,
    0xff, 0xff, 0xff, 0x80, 0x00, 0x01, 0xcf, 0xff, 0x90, 0x00, 0x00, 0x01, 0xff, 0xf5, 0xdf, 0xff,
    0xd8, 0x00, 0x00, 0x0a, 0xff, 0xff, 0x30, 0x00, 0x00, 0x01, 0xff, 0xf5, 0x12, 0x21, 0x00, 0x00,
    0x00, 0xaf, 0xff, 0xfb, 0x00, 0x00, 0xbf, 0xfb, 0x00, 0x00, 0x00, 0x00, 0x00, 0x00, 0x00, 0x4e,
    0xff, 0xf4, 0x00, 0x00, 0xbf, 0xfb, 0x00, 0x00, 0x00, 0x00, 0x00, 0x00, 0x00, 0x02, 0xff, 0xff,
    0xff, 0xff, 0xff, 0xff, 0xff, 0xff, 0xff, 0xff, 0x90, 0x00, 0x00, 0x00, 0xef, 0xff, 0xff, 0xff,
    0xff, 0xff, 0xff, 0xff, 0xff, 0xff, 0x90, 0x00, 0x00, 0x00, 0xef, 0xfe, 0xee, 0xee, 0xff, 0xff,
    0xee, 0xee, 0xef, 0xff, 0x90, 0x00, 0x00, 0x00, 0xef, 0xf8, 0x00, 0x00, 0xbf, 0xfb, 0x00, 0x00,
    0x0c, 0xff, 0x90, 0x00, 0x00, 0x00, 0xef, 0xf8, 0x00, 0x00, 0xbf, 0xfb, 0x00, 0x00, 0x0d, 0xff,
    0x90, 0x00, 0x00, 0x00, 0xef, 0xf8, 0x00, 0x00, 0xbf, 0xfb, 0x03, 0x10, 0x4f, 0xff, 0x90, 0x00,
    0x00, 0x00, 0xef, 0xf8, 0x00, 0x00, 0xbf, 0xfb, 0x0f, 0xff, 0xff, 0xff, 0x80, 0x00, 0x00, 0x00,
    0xef, 0xf8, 0x00, 0x00, 0xbf, 0xfb, 0x0c, 0xff, 0xff, 0xff, 0x20, 0x00, 0x00, 0x00, 0xef, 0xf8,
    0x00, 0x00, 0xbf, 0xfb, 0x0a, 0xff, 0xfe, 0xb3, 0x00, 0x00, 0x00, 0x00, 0x00, 0x00, 0x00, 0x00,
    0xbf, 0xfb, 0x00, 0x00, 0x00, 0x00, 0x00, 0x00, 0x00, 0x00, 0x05, 0xb1, 0x00, 0x00, 0xcf, 0xfc,
    0x00, 0x00, 0x2c, 0x50, 0x00, 0x00, 0x00, 0x00, 0x7f, 0xfd, 0x10, 0x00, 0xcf, 0xfc, 0x00, 0x02,
    0xdf, 0xf9, 0x00, 0x00, 0x00, 0x00, 0x5f, 0xff, 0xd2, 0x00, 0xcf, 0xfc, 0x00, 0x2d, 0xff, 0xf7,
    0x00, 0x00, 0x00, 0x00, 0x06, 0xff, 0xe3, 0x00, 0xcf, 0xfc, 0x00, 0x8f, 0xff, 0x60, 0x00, 0x00,
    0x0c, 0xff, 0xff, 0xff, 0xff, 0xff, 0xff, 0xff, 0xff, 0xff, 0xff, 0xff, 0xff, 0xd0, 0x0c, 0xff,
    0xff, 0xff, 0xff, 0xff, 0xff, 0xff, 0xff, 0xff, 0xff, 0xff, 0xff, 0xd0, 0x0c, 0xff, 0xee, 0xee,
    0xee, 0xee, 0xee, 0xee, 0xee, 0xee, 0xee, 0xee, 0xff, 0xd0, 0x0c, 0xff, 0x80, 0x00, 0x00, 0x00,
    0x00, 0x00, 0x00, 0x00, 0x00, 0x07, 0xff, 0xd0, 0x0c, 0xff, 0x88, 0xff, 0xff, 0xff, 0xff, 0xff,
    0xff, 0xff, 0xff, 0x97, 0xff, 0xd0, 0x0c, 0xff, 0x88, 0xff, 0xff, 0xff, 0xff, 0xff, 0xff, 0xff,
    0xff, 0x97, 0xff, 0xd0, 0x00, 0x00, 0x08, 0xff, 0xe8, 0x88, 0x88, 0x88, 0x88, 0x8d, 0xff, 0x90,
    0x00, 0x00, 0x00, 0x00, 0x08, 0xff, 0xc0, 0x00, 0x00, 0x00, 0x00, 0x0b, 0xff, 0x90, 0x00, 0x00,
    0x00, 0x00, 0x08, 0xff, 0xff, 0xff, 0xff, 0xff, 0xff, 0xff, 0xff, 0x90, 0x00, 0x00, 0x00, 0x00,
    0x08, 0xff, 0xff, 0xff, 0xff, 0xff, 0xff, 0xff, 0xff, 0x90, 0x00, 0x00, 0x00, 0x00, 0x04, 0x88,
    0x88, 0x88, 0xef, 0xfe, 0x88, 0x88, 0x88, 0x50, 0x00, 0x00, 0x00, 0x00, 0x00, 0x00, 0x00, 0x00,
    0xcf, 0xfd, 0x00, 0x00, 0x00, 0x00, 0x00, 0x00, 0x00, 0x5f, 0xff, 0xff, 0xff, 0xff, 0xff, 0xff,
    0xff, 0xff, 0xff, 0xff, 0xfa, 0x00, 0x00, 0x5f, 0xff, 0xff, 0xff, 0xff, 0xff, 0xff, 0xff, 0xff,
    0xff, 0xff, 0xfa, 0x00, 0x00, 0x5f, 0xff, 0xee, 0xee, 0xee, 0xff, 0xff, 0xee, 0xee, 0xee, 0xff,
    0xfa, 0x00, 0x00, 0x5f, 0xff, 0x40, 0x00, 0x00, 0xcf, 0xfd, 0x00, 0x00, 0x00, 0xef, 0xfa, 0x00,
    0x00, 0x5f, 0xff, 0x40, 0x00, 0x00, 0xcf, 0xfd, 0x00, 0x00, 0x00, 0xff, 0xfa, 0x00, 0x00, 0x5f,
    0xff, 0x40, 0x00, 0x00, 0xcf, 0xfd, 0x00, 0x11, 0x04, 0xff, 0xfa, 0x00, 0x00, 0x5f, 0xff, 0x40,
    0x00, 0x00, 0xcf, 0xfd, 0x00, 0xbf, 0xff, 0xff, 0xf8, 0x00, 0x00, 0x5f, 0xff, 0x40, 0x00, 0x00,
    0xcf, 0xfd, 0x00, 0x6f, 0xff, 0xff, 0xf3, 0x00, 0x00, 0x5f, 0xff, 0x40, 0x00, 0x00, 0xcf, 0xfd,
    0x00, 0x2f, 0xff, 0xec, 0x40, 0x00, 0x00, 0x00, 0x00, 0x00, 0x00, 0x00, 0xcf, 0xfd, 0x00, 0x00,
    0x00, 0x00, 0x00, 0x00, 0x00, 0x00, 0x00, 0x00, 0x00, 0x00, 0xcf, 0xfd, 0x00, 0x00, 0x00, 0x00,
    0x00, 0x00, 0x00, 0x00, 0x00, 0x00, 0xef, 0xfb, 0x00, 0x00, 0xaf, 0xff, 0x00, 0x00, 0x00, 0x00,
    0x0c, 0xff, 0xff, 0xff, 0xff, 0xff, 0xff, 0xff, 0xff, 0xff, 0xff, 0xff, 0xff, 0xf0, 0x0c, 0xff,
    0xff, 0xff, 0xff, 0xff, 0xff, 0xff, 0xff, 0xff, 0xff, 0xff, 0xff, 0xf0, 0x0c, 0xff, 0xff, 0xff,
    0xff, 0xff, 0xff, 0xff, 0xff, 0xff, 0xff, 0xff, 0xff, 0xf0, 0x00, 0x00, 0x00, 0x00, 0x99, 0x96,
    0x00, 0x00, 0x69, 0x99, 0x00, 0x00, 0x00, 0x00, 0x00, 0x06, 0xff, 0xff, 0xff, 0xff, 0xff, 0xff,
    0xff, 0xff, 0xff, 0xff, 0x60, 0x00, 0x00, 0x06, 0xff, 0xff, 0xff, 0xff, 0xff, 0xff, 0xff, 0xff,
    0xff, 0xff, 0x60, 0x00, 0x00, 0x06, 0xff, 0xf5, 0x22, 0x22, 0x22, 0x22, 0x22, 0x22, 0x5f, 0xff,
    0x60, 0x00, 0x00, 0x06, 0xff, 0xf4, 0x00, 0x00, 0x00, 0x00, 0x00, 0x00, 0x4f, 0xff, 0x60, 0x00,
    0x00, 0x06, 0xff, 0xff, 0xff, 0xff, 0xff, 0xff, 0xff, 0xff, 0xff, 0xff, 0x60, 0x00, 0x00, 0x06,
    0xff, 0xfb, 0xaa, 0xaa, 0xaa, 0xaa, 0xaa, 0xaa, 0xbf, 0xff, 0x60, 0x00, 0x00, 0x06, 0xff, 0xf4,
    0x00, 0x00, 0x00, 0x00, 0x00, 0x00, 0x4f, 0xff, 0x60, 0x00, 0x00, 0x06, 0xff, 0xf4, 0x00, 0x00,
    0x00, 0x00, 0x00, 0x00, 0x4f, 0xff, 0x60, 0x00, 0x00, 0x06, 0xff, 0xff, 0xff, 0xff, 0xff, 0xff,
    0xff, 0xff, 0xff, 0xff, 0x60, 0x00, 0x00, 0x06, 0xff, 0xff, 0xff, 0xff, 0xff, 0xff, 0xff, 0xff,
    0xff, 0xff, 0x60, 0x00, 0x00, 0x01, 0x22, 0x22, 0x2c, 0xff, 0xc2, 0x22, 0x22, 0x22, 0x22, 0x22,
    0x10, 0x00, 0x0c, 0xff, 0xff, 0xff, 0xff, 0xff, 0xff, 0xff, 0xff, 0xff, 0xff, 0xff, 0xff, 0xc0,
    0x0c, 0xff, 0xff, 0xff, 0xff, 0xff, 0xff, 0xff, 0xff, 0xff, 0xff, 0xff, 0xff, 0xc0, 0x07, 0x99,
    0x9c, 0xff, 0xfe, 0xa9, 0xef, 0xfe, 0x99, 0xef, 0xfe, 0x99, 0x99, 0x70, 0x00, 0x00, 0x7f, 0xff,
    0xd3, 0x00, 0xcf, 0xfd, 0x00, 0x2c, 0xff, 0xb3, 0x00, 0x00, 0x00, 0x5d, 0xff, 0xff, 0xff, 0xff,
    0xff, 0xff, 0xff, 0xff, 0xff, 0xff, 0xb5, 0x10, 0x0d, 0xff, 0xff, 0xff, 0xff, 0xff, 0xff, 0xff,
    0xff, 0xff, 0xff, 0xff, 0xff, 0xf4, 0x07, 0xff, 0xcf, 0xff, 0xa8, 0x88, 0xef, 0xfe, 0x88, 0x8a,
    0xff, 0xfc, 0xff, 0xc0, 0x00, 0xb6, 0x1f, 0xff, 0x50, 0x00, 0xcf, 0xfd, 0x02, 0x06, 0xff, 0xf2,
    0x4b, 0x40, 0x00, 0x00, 0x1f, 0xff, 0x50, 0x00, 0xcf, 0xfd, 0x0d, 0xff, 0xff, 0xf1, 0x00, 0x00,
    0x00, 0x00, 0x1f, 0xff, 0x50, 0x00, 0xcf, 0xfd, 0x0a, 0xff, 0xff, 0xc0, 0x00, 0x00, 0x00, 0x00,
    0x1f, 0xff, 0x50, 0x00, 0xcf, 0xfd, 0x05, 0xaa, 0xa8, 0x10, 0x00, 0x00, 0x00, 0x00, 0x00, 0x00,
    0x00, 0x00, 0xcf, 0xfd, 0x00, 0x00, 0x00, 0x00, 0x00, 0x00, 0x00, 0x00, 0x00, 0x00, 0x00, 0x00,
    0x38, 0xac, 0xe1, 0x00, 0x00, 0x00, 0x00, 0x00, 0x00, 0x00, 0x00, 0x00, 0x00, 0x00, 0x5f, 0xff,
    0xf6, 0x00, 0x00, 0x00, 0x00, 0x00, 0x00, 0x00, 0x00, 0x00, 0x00, 0x00, 0x0e, 0xff, 0xfb, 0x00,
    0x00, 0x00, 0x00, 0x00, 0x00, 0xbf, 0xff, 0xff, 0xff, 0xff, 0xff, 0xff, 0xff, 0xff, 0xff, 0xff,
    0xff, 0xf6, 0x00, 0xbf, 0xff, 0xff, 0xff, 0xff, 0xff, 0xff, 0xff, 0xff, 0xff, 0xff, 0xff, 0xf6,
    0x00, 0xbf, 0xff, 0xff, 0xff, 0xff, 0xff, 0xff, 0xff, 0xff, 0xff, 0xff, 0xff, 0xf6, 0x00, 0xbf,
    0xfc, 0x11, 0x11, 0x11, 0x11, 0x11, 0x11, 0x11, 0x11, 0x11, 0x11, 0x10, 0x00, 0xbf, 0xfc, 0x00,
    0x09, 0xff, 0xd0, 0x00, 0x00, 0x05, 0xff, 0xf2, 0x00, 0x00, 0x00, 0xbf, 0xfc, 0x9f, 0xff, 0xff,
    0xff, 0xff, 0xff, 0xff, 0xff, 0xff, 0xff, 0xd0, 0x00, 0xbf, 0xfc, 0x9f, 0xff, 0xff, 0xff, 0xff,
    0xff, 0xff, 0xff, 0xff, 0xff, 0xd0, 0x00, 0xbf, 0xfc, 0x8e, 0xef, 0xff, 0xfe, 0xee, 0xee, 0xef,
    0xff, 0xfe, 0xee, 0xd0, 0x00, 0xbf, 0xfc, 0x00, 0x09, 0xff, 0xd0, 0x00, 0x00, 0x05, 0xff, 0xf2,
    0x00, 0x00, 0x00, 0xbf, 0xfc, 0x00, 0x09, 0xff, 0xd0, 0x00, 0x00, 0x05, 0xff, 0xf2, 0x00, 0x00,
    0x00, 0xbf, 0xfc, 0x00, 0x09, 0xff, 0xff, 0xff, 0xff, 0xff, 0xff, 0xf2, 0x00, 0x00, 0x00, 0xbf,
    0xfc, 0x00, 0x09, 0xff, 0xff, 0xff, 0xff, 0xff, 0xff, 0xf2, 0x00, 0x00, 0x00, 0xcf, 0xfb, 0x00,
    0x07, 0xcc, 0xcc, 0xcc, 0xcc, 0xcc, 0xcc, 0xc2, 0x00, 0x00, 0x00, 0xcf, 0xfb, 0x00, 0x00, 0x00,
    0x00, 0x00, 0x00, 0x00, 0x00, 0x00, 0x00, 0x00, 0x00, 0xef, 0xfa, 0x4f, 0xff, 0xff, 0xff, 0xff,
    0xff, 0xff, 0xff, 0xff, 0xb0, 0x00, 0x00, 0xff, 0xf9, 0x4f, 0xff, 0xff, 0xff, 0xff, 0xff, 0xff,
    0xff, 0xff, 0xb0, 0x00, 0x02, 0xff, 0xf7, 0x4e, 0xff, 0xff, 0xfe, 0xee, 0xee, 0xee, 0xff, 0xff,
    0xb0, 0x00, 0x05, 0xff, 0xf6, 0x00, 0x2e, 0xff, 0xd3, 0x00, 0x00, 0x03, 0xdf, 0xfe, 0x40, 0x00,
    0x08, 0xff, 0xf3, 0x00, 0x03, 0xef, 0xfe, 0x60, 0x00, 0x6e, 0xff, 0xf4, 0x00, 0x00, 0x0c, 0xff,
    0xf1, 0x00, 0x00, 0x4e, 0xff, 0xfc, 0x7d, 0xff, 0xfe, 0x40, 0x00, 0x00, 0x2f, 0xff, 0xc0, 0x00,
    0x00, 0x02, 0xdf, 0xff, 0xff, 0xff, 0xc2, 0x00, 0x00, 0x00, 0x8f, 0xff, 0x81, 0x23, 0x57, 0x9c,
    0xef, 0xff, 0xff, 0xff, 0xfd, 0xb9, 0x86, 0x53, 0xaf, 0xff, 0x4d, 0xff, 0xff, 0xff, 0xff, 0xff,
    0xff, 0xff, 0xff, 0xff, 0xff, 0xf3, 0x09, 0xfc, 0x04, 0xff, 0xff, 0xff, 0xea, 0x62, 0x05, 0x9d,
    0xff, 0xff, 0xff, 0xb0, 0x00, 0x75, 0x00, 0xbd, 0xb8, 0x52, 0x00, 0x00, 0x00, 0x00, 0x14, 0x7a,
    0xce, 0x30, 0x00, 0x00, 0x00, 0x00, 0x00, 0x00, 0x00, 0x00, 0x00, 0x00, 0x00, 0x00, 0x00, 0x00,
    0x00, 0x00, 0x00, 0x00, 0x00, 0x00, 0x26, 0x9c, 0xc0, 0x00, 0x00, 0x00, 0x00, 0x00, 0x00, 0x00,
    0x00, 0x00, 0x00, 0x00, 0xbf, 0xff, 0xf3, 0x00, 0x00, 0x00, 0x00, 0x00, 0x00, 0x00, 0x00, 0x00,
    0x00, 0x00, 0x5f, 0xff, 0xf9, 0x00, 0x00, 0x00, 0x00, 0x00, 0x00, 0xbf, 0xff, 0xff, 0xff, 0xff,
    0xff, 0xff, 0xff, 0xff, 0xff, 0xff, 0xff, 0xf6, 0x00, 0xbf, 0xff, 0xff, 0xff, 0xff, 0xff, 0xff,
    0xff, 0xff, 0xff, 0xff, 0xff, 0xf6, 0x00, 0xbf, 0xff, 0xff, 0xff, 0xff, 0xff, 0xff, 0xff, 0xff,
    0xff, 0xff, 0xff, 0xf6, 0x00, 0xbf, 0xfd, 0x33, 0x33, 0x33, 0x33, 0x33, 0x33, 0x33, 0x33, 0x33,
    0x33, 0x31, 0x00, 0xbf, 0xfc, 0x00, 0x00, 0x00, 0x00, 0x01, 0x23, 0x45, 0x68, 0x9b, 0xde, 0x20,
    0x00, 0xbf, 0xfc, 0x6f, 0xff, 0xff, 0xfb, 0x9f, 0xff, 0xff, 0xff, 0xff, 0xff, 0x40, 0x00, 0xbf,
    0xfc, 0x6f, 0xff, 0xff, 0xfb, 0x7f, 0xff, 0xff, 0xff, 0xff, 0xff, 0x70, 0x00, 0xbf, 0xfc, 0x6f,
    0xff, 0xff, 0xfb, 0x4f, 0xff, 0xef, 0xff, 0x85, 0x43, 0x10, 0x00, 0xbf, 0xfc, 0x11, 0x2c, 0xff,
    0xe3, 0x01, 0x10, 0x4f, 0xff, 0x30, 0x00, 0x00, 0x00, 0xbf, 0xfc, 0x01, 0xcf, 0xfe, 0x30, 0x00,
    0x00, 0x4f, 0xff, 0x30, 0x00, 0x00, 0x00, 0xbf, 0xfc, 0x1c, 0xff, 0xd2, 0x00, 0x3f, 0xff, 0xff,
    0xff, 0xff, 0xff, 0x20, 0x00, 0xbf, 0xfc, 0x4f, 0xff, 0xff, 0xff, 0x3f, 0xff, 0xff, 0xff, 0xff,
    0xff, 0x20, 0x00, 0xcf, 0xfb, 0x4f, 0xff, 0xff, 0xfd, 0x3f, 0xff, 0xff, 0xff, 0xff, 0xff, 0x20,
    0x00, 0xcf, 0xfb, 0x4f, 0xff, 0xff, 0xfb, 0x02, 0x22, 0x6f, 0xff, 0x52, 0x22, 0x00, 0x00, 0xdf,
    0xfa, 0x05, 0x90, 0x7f, 0xf8, 0x00, 0x00, 0x4f, 0xff, 0x30, 0x00, 0x00, 0x00, 0xff, 0xf9, 0x7f,
    0xe1, 0xbf, 0xf5, 0x00, 0x00, 0x4f, 0xff, 0x30, 0x00, 0x00, 0x02, 0xff, 0xf7, 0xaf, 0xfa, 0xff,
    0xf1, 0xdf, 0xff, 0xff, 0xff, 0xff, 0xff, 0xc0, 0x04, 0xff, 0xf6, 0x4f, 0xff, 0xff, 0xa0, 0xdf,
    0xff, 0xff, 0xff, 0xff, 0xff, 0xc0, 0x07, 0xff, 0xf3, 0x0b, 0xff, 0xff, 0x30, 0xdf, 0xff, 0xff,
    0xff, 0xff, 0xff, 0xc0, 0x0b, 0xff, 0xf1, 0x05, 0xff, 0xff, 0x70, 0x23, 0x33, 0x33, 0x33, 0x33,
    0x33, 0x20, 0x1f, 0xff, 0xc0, 0x2e, 0xff, 0xff, 0xfe, 0x95, 0x31, 0x10, 0x00, 0x11, 0x11, 0x21,
    0x7f, 0xff, 0x83, 0xdf, 0xff, 0xff, 0xff, 0xff, 0xff, 0xff, 0xff, 0xff, 0xff, 0xf7, 0xaf, 0xff,
    0x5e, 0xff, 0xf8, 0x2a, 0xff, 0xff, 0xff, 0xff, 0xff, 0xff, 0xff, 0xf3, 0x09, 0xfc, 0x06, 0xff,
    0x90, 0x00, 0x27, 0xad, 0xff, 0xff, 0xff, 0xff, 0xff, 0xe0, 0x00, 0x75, 0x00, 0x88, 0x00, 0x00,
    0x00, 0x00, 0x01, 0x12, 0x22, 0x22, 0x22, 0x20, 0x00, 0xff, 0xff, 0xff, 0xff, 0xff, 0xff, 0xff,
    0xff, 0xff, 0xff, 0xff, 0xff, 0x70, 0x00, 0xff, 0xff, 0xff, 0xff, 0xff, 0xff, 0xff, 0xff, 0xff,
    0xff, 0xff, 0xff, 0x70, 0x00, 0xff, 0xff, 0xff, 0xff, 0xff, 0xff, 0xff, 0xff, 0xff, 0xff, 0xff,
    0xff, 0x70, 0x00, 0x88, 0x88, 0x9f, 0xff, 0xe8, 0x88, 0x88, 0x88, 0xff, 0xff, 0x98, 0x88, 0x40,
    0x00, 0x00, 0x00, 0x2f, 0xff, 0xc0, 0x00, 0x00, 0x00, 0xef, 0xff, 0x10, 0x00, 0x00, 0x00, 0x00,
    0x00, 0x2f, 0xff, 0xc0, 0x00, 0x00, 0x00, 0xef, 0xff, 0x10, 0x00, 0x00, 0x00, 0x00, 0x00, 0x2f,
    0xff, 0xc0, 0x00, 0x00, 0x00, 0xef, 0xff, 0x10, 0x00, 0x00, 0x00, 0x00, 0x00, 0x2f, 0xff, 0xc0,
    0x00, 0x00, 0x00, 0xef, 0xff, 0x10, 0x00, 0x00, 0x00, 0x00, 0x00, 0x2f, 0xff, 0xc0, 0x00, 0x00,
    0x00, 0xef, 0xff, 0x10, 0x00, 0x00, 0x00, 0x00, 0x00, 0x2f, 0xff, 0xc0, 0x00, 0x00, 0x00, 0xef,
    0xff, 0x10, 0x00, 0x00, 0x00, 0x00, 0x00, 0x2f, 0xff, 0xc0, 0x00, 0x00, 0x00, 0xef, 0xff, 0x10,
    0x00, 0x00, 0x7f, 0xff, 0xff, 0xff, 0xff, 0xff, 0xff, 0xff, 0xff, 0xff, 0xff, 0xff, 0xff, 0xf9,
    0x7f, 0xff, 0xff, 0xff, 0xff, 0xff, 0xff, 0xff, 0xff, 0xff, 0xff, 0xff, 0xff, 0xf9, 0x7f, 0xff,
    0xff, 0xff, 0xff, 0xff, 0xff, 0xff, 0xff, 0xff, 0xff, 0xff, 0xff, 0xf9, 0x48, 0x88, 0x88, 0xaf,
    0xff, 0xd8, 0x88, 0x88, 0x88, 0xff, 0xff, 0x98, 0x88, 0x85, 0x00, 0x00, 0x00, 0x6f, 0xff, 0xa0,
    0x00, 0x00, 0x00, 0xef, 0xff, 0x10, 0x00, 0x00, 0x00, 0x00, 0x00, 0x8f, 0xff, 0x90, 0x00, 0x00,
    0x00, 0xef, 0xff, 0x10, 0x00, 0x00, 0x00, 0x00, 0x00, 0xbf, 0xff, 0x70, 0x00, 0x00, 0x00, 0xef,
    0xff, 0x10, 0x00, 0x00, 0x00, 0x00, 0x01, 0xff, 0xff, 0x40, 0x00, 0x00, 0x00, 0xef, 0xff, 0x10,
    0x00, 0x00, 0x00, 0x00, 0x07, 0xff, 0xff, 0x10, 0x00, 0x00, 0x00, 0xef, 0xff, 0x10, 0x00, 0x00,
    0x00, 0x00, 0x2e, 0xff, 0xfb, 0x00, 0x00, 0x00, 0x00, 0xef, 0xff, 0x10, 0x00, 0x00, 0x00, 0x02,
    0xdf, 0xff, 0xf5, 0x00, 0x00, 0x00, 0x00, 0xef, 0xff, 0x10, 0x00, 0x00, 0x00, 0x2d, 0xff, 0xff,
    0xc0, 0x00, 0x00, 0x00, 0x00, 0xef, 0xff, 0x10, 0x00, 0x00, 0x06, 0xef, 0xff, 0xfe, 0x30, 0x00,
    0x00, 0x00, 0x00, 0xef, 0xff, 0x10, 0x00, 0x00, 0x2d, 0xff, 0xff, 0xf4, 0x00, 0x00, 0x00, 0x00,
    0x00, 0xef, 0xff, 0x10, 0x00, 0x00, 0x01, 0xbf, 0xfe, 0x40, 0x00, 0x00, 0x00, 0x00, 0x00, 0xef,
    0xff, 0x10, 0x00, 0x00, 0x00, 0x09, 0xa1, 0x00, 0x00, 0x00, 0x00, 0x00, 0x00, 0xef, 0xff, 0x10,
    0x00, 0x00, 0x00, 0x00, 0x00, 0x00, 0x00, 0x00, 0x00, 0x00, 0x00, 0x00, 0x2f, 0xff, 0xd0, 0x00,
    0x05, 0xff, 0xff, 0xff, 0xff, 0xff, 0xff, 0xff, 0x20, 0x00, 0x2f, 0xff, 0xd0, 0x00, 0x05, 0xff,
    0xff, 0xff, 0xff, 0xff, 0xff, 0xff, 0x20, 0x00, 0x2f, 0xff, 0xd0, 0x00, 0x05, 0xff, 0xff, 0xff,
    0xff, 0xff, 0xff, 0xff, 0x20, 0x00, 0x2f, 0xff, 0xd0, 0x00, 0x03, 0x88, 0x88, 0x88, 0x88, 0x88,
    0xef, 0xff, 0x20, 0x00, 0x2f, 0xff, 0xd0, 0x00, 0x00, 0x00, 0x00, 0x00, 0x00, 0x00, 0xef, 0xff,
    0x20, 0x00, 0x2f, 0xff, 0xd0, 0x00, 0x00, 0x00, 0x00, 0x00, 0x00, 0x00, 0xef, 0xff, 0x20, 0x00,
    0x2f, 0xff, 0xd0, 0x00, 0x00, 0x00, 0x00, 0x00, 0x00, 0x00, 0xef, 0xff, 0x20, 0x00, 0x2f, 0xff,
    0xd0, 0x00, 0x00, 0x9f, 0xff, 0xff, 0xff, 0xff, 0xff, 0xff, 0x20, 0x00, 0x2f, 0xff, 0xd0, 0x00,
    0x00, 0xaf, 0xff, 0xff, 0xff, 0xff, 0xff, 0xff, 0x20, 0x00, 0x2f, 0xff, 0xd0, 0x00, 0x00, 0xcf,
    0xff, 0xff, 0xff, 0xff, 0xff, 0xff, 0x20, 0x00, 0x2f, 0xff, 0xd0, 0x00, 0x00, 0xdf, 0xff, 0x98,
    0x88, 0x88, 0x88, 0x88, 0x10, 0x00, 0x2f, 0xff, 0xd0, 0x00, 0x00, 0xef, 0xff, 0x10, 0x00, 0x00,
    0x00, 0x00, 0x00, 0x00, 0x2f, 0xff, 0xd0, 0x00, 0x01, 0xff, 0xfe, 0x00, 0x00, 0x00, 0x00, 0x00,
    0x00, 0x00, 0x2f, 0xff, 0xd0, 0x00, 0x02, 0xff, 0xff, 0xff, 0xff, 0xff, 0xff, 0xff, 0x20, 0x00,
    0x2f, 0xff, 0xd0, 0x00, 0x04, 0xff, 0xff, 0xff, 0xff, 0xff, 0xff, 0xff, 0x20, 0x00, 0x2f, 0xff,
    0xd0, 0x00, 0x05, 0xff, 0xff, 0xff, 0xff, 0xff, 0xff, 0xff, 0x10, 0x00, 0x2f, 0xff, 0xd0, 0x00,
    0x03, 0x88, 0x88, 0x88, 0x88, 0x8a, 0xff, 0xff, 0x00, 0x00, 0x2f, 0xff, 0xd0, 0x00, 0x00, 0x00,
    0x00, 0x00, 0x00, 0x04, 0xff, 0xfe, 0x00, 0x00, 0x2f, 0xff, 0xd0, 0x00, 0x00, 0x00, 0x00, 0x00,
    0x00, 0x05, 0xff, 0xfd, 0x00, 0x00, 0x2f, 0xff, 0xd0, 0x00, 0x00, 0x00, 0x00, 0x00, 0x00, 0x06,
    0xff, 0xfc, 0x00, 0x00, 0x2f, 0xff, 0xd0, 0x00, 0x00, 0x00, 0x00, 0x00, 0x00, 0x07, 0xff, 0xfc,
    0x00, 0x00, 0x2f, 0xff, 0xd0, 0x00, 0x00, 0x00, 0x00, 0x00, 0x00, 0x0a, 0xff, 0xfa, 0x00, 0x00,
    0x2f, 0xff, 0xd0, 0x00, 0x00, 0x00, 0x11, 0x10, 0x01, 0x5f, 0xff, 0xf8, 0x00, 0x00, 0x2f, 0xff,
    0xd0, 0x00, 0x00, 0x00, 0xaf, 0xff, 0xff, 0xff, 0xff, 0xf4, 0x00, 0x00, 0x2f, 0xff, 0xd0, 0x00,
    0x00, 0x00, 0x6f, 0xff, 0xff, 0xff, 0xff, 0xd0, 0x00, 0x00, 0x2f, 0xff, 0xd0, 0x00, 0x00, 0x00,
    0x2f, 0xff, 0xff, 0xff, 0xfe, 0x30, 0x00, 0x00, 0x2f, 0xff, 0xd0, 0x00, 0x00, 0x00, 0x0b, 0xdd,
    0xcc, 0xb9, 0x71, 0x00, 0x00, 0x00, 0x2f, 0xff, 0xd0, 0x00, 0x00, 0x00, 0x00, 0x05, 0xb7, 0x00,
    0x00, 0x00, 0x00, 0xaa, 0x40, 0x00, 0x00, 0x00, 0x00, 0x00, 0x01, 0xdf, 0xff, 0x50, 0x00, 0x00,
    0x07, 0xff, 0xfd, 0x20, 0x00, 0x00, 0x00, 0x00, 0x00, 0x5f, 0xff, 0xe3, 0x00, 0x00, 0x4f, 0xff,
    0xf5, 0x00, 0x00, 0x00, 0x00, 0xff, 0xff, 0xff, 0xff, 0xff, 0xff, 0xff, 0xff, 0xff, 0xff, 0xff,
    0xf8, 0x00, 0x00, 0xff, 0xff, 0xff, 0xff, 0xff, 0xff, 0xff, 0xff, 0xff, 0xff, 0xff, 0xf8, 0x00,
    0x00, 0xff, 0xff, 0xff, 0xff, 0xff, 0xff, 0xff, 0xff, 0xff, 0xff, 0xff, 0xf8, 0x00, 0x00, 0x44,
    0x44, 0x44, 0x44, 0x44, 0xff, 0xfd, 0x44, 0x44, 0x46, 0xff, 0xf8, 0x00, 0x00, 0x00, 0x00, 0x00,
    0x00, 0x00, 0xff, 0xfc, 0x00, 0x00, 0x04, 0xff, 0xf8, 0x00, 0x00, 0x00, 0x00, 0x00, 0x00, 0x00,
    0xff, 0xfc, 0x00, 0x00, 0x04, 0xff, 0xf8, 0x00, 0x00, 0x6f, 0xff, 0xff, 0xff, 0xff, 0xff, 0xff,
    0xff, 0xff, 0xff, 0xff, 0xf8, 0x00, 0x00, 0x8f, 0xff, 0xff, 0xff, 0xff, 0xff, 0xff, 0xff, 0xff,
    0xff, 0xff, 0xf8, 0x00, 0x00, 0xaf, 0xff, 0xff, 0xff, 0xff, 0xff, 0xff, 0xff, 0xff, 0xff, 0xff,
    0xf8, 0x00, 0x00, 0xcf, 0xfe, 0x44, 0x44, 0x44, 0xff, 0xfd, 0x44, 0x44, 0x44, 0x44, 0x42, 0x00,
    0x00, 0xef, 0xfd, 0x00, 0x00, 0x00, 0xff, 0xfc, 0x00, 0x00, 0x00, 0x00, 0x00, 0x00, 0x01, 0xff,
    0xfb, 0x00, 0x00, 0x00, 0xff, 0xfc, 0x00, 0x00, 0x00, 0x00, 0x00, 0x00, 0x03, 0xff, 0xff, 0xff,
    0xff, 0xff, 0xff, 0xff, 0xff, 0xff, 0xff, 0xff, 0xff, 0xd0, 0x05, 0xff, 0xff, 0xff, 0xff, 0xff,
    0xff, 0xff, 0xff, 0xff, 0xff, 0xff, 0xff, 0xc0, 0x07, 0xff, 0xff, 0xff, 0xff, 0xff, 0xff, 0xff,
    0xff, 0xff, 0xff, 0xff, 0xff, 0xb0, 0x02, 0x44, 0x44, 0x44, 0xdf, 0xff, 0xff, 0xfd, 0x44, 0x44,
    0x44, 0x4f, 0xff, 0xb0, 0x00, 0x00, 0x00, 0x1b, 0xff, 0xfc, 0xff, 0xfc, 0x00, 0x00, 0x00, 0x1f,
    0xff, 0xa0, 0x00, 0x00, 0x02, 0xcf, 0xff, 0xd2, 0xff, 0xfc, 0x00, 0x00, 0x00, 0x3f, 0xff, 0x90,
    0x00, 0x00, 0x6e, 0xff, 0xfe, 0x30, 0xff, 0xfc, 0x02, 0x21, 0x03, 0xcf, 0xff, 0x80, 0x00, 0x4c,
    0xff, 0xff, 0xd2, 0x00, 0xff, 0xfc, 0x0d, 0xff, 0xff, 0xff, 0xff, 0x40, 0x4c, 0xff, 0xff, 0xfc,
    0x20, 0x00, 0xff, 0xfc, 0x09, 0xff, 0xff, 0xff, 0xfc, 0x00, 0x7f, 0xff, 0xff, 0x80, 0x00, 0x00,
    0xff, 0xfc, 0x05, 0xff, 0xff, 0xff, 0xa1, 0x00, 0x0b, 0xff, 0xc4, 0x00, 0x00, 0x00, 0xff, 0xfc,
    0x01, 0x66, 0x65, 0x51, 0x00, 0x00, 0x01, 0xc6, 0x00, 0x00, 0x00, 0x00, 0xff, 0xfc, 0x00, 0x00,
    0x00, 0x00, 0x00, 0x00, 0x00, 0x00, 0x00, 0x00, 0x00, 0x00, 0xff, 0xfc, 0x00, 0x00, 0x00, 0x00,
    0x00, 0x00, 0x00, 0x00, 0x00, 0x00, 0x00, 0x01, 0xff, 0xff, 0x00, 0x00, 0x00, 0x00, 0x00, 0x00,
    0x00, 0x00, 0x00, 0x00, 0x00, 0x01, 0xff, 0xff, 0x00, 0x00, 0x00, 0x00, 0x00, 0x00, 0x00, 0x00,
    0x5b, 0x10, 0x00, 0x01, 0xff, 0xff, 0x00, 0x00, 0x01, 0xb6, 0x00, 0x00, 0x00, 0x06, 0xff, 0xd3,
    0x00, 0x01, 0xff, 0xff, 0x00, 0x00, 0x2d, 0xff, 0x80, 0x00, 0x00, 0x2f, 0xff, 0xfe, 0x50, 0x01,
    0xff, 0xff, 0x00, 0x03, 0xef, 0xff, 0xf8, 0x00, 0x00, 0x04, 0xef, 0xff, 0xf7, 0x01, 0xff, 0xff,
    0x00, 0x6f, 0xff, 0xff, 0x90, 0x00, 0x00, 0x00, 0x3e, 0xff, 0xff, 0x41, 0xff, 0xff, 0x05, 0xff,
    0xff, 0xf6, 0x00, 0x00, 0x00, 0x00, 0x02, 0xdf, 0xe5, 0x01, 0xff, 0xff, 0x00, 0x8f, 0xfd, 0x30,
    0x00, 0x00, 0x00, 0x00, 0x00, 0x2b, 0x30, 0x01, 0xff, 0xff, 0x00, 0x06, 0xb1, 0x00, 0x00, 0x00,
    0x00, 0x00, 0x00, 0x00, 0x00, 0x01, 0xff, 0xff, 0x00, 0x00, 0x00, 0x00, 0x00, 0x00, 0x02, 0xff,
    0xff, 0xff, 0xff, 0xff, 0xff, 0xff, 0xff, 0xff, 0xff, 0xff, 0xfc, 0x00, 0x02, 0xff, 0xff, 0xff,
    0xff, 0xff, 0xff, 0xff, 0xff, 0xff, 0xff, 0xff, 0xfc, 0x00, 0x02, 0xff, 0xff, 0xff, 0xff, 0xff,
    0xff, 0xff, 0xff, 0xff, 0xff, 0xff, 0xfc, 0x00, 0x01, 0x66, 0x66, 0x66, 0x66, 0x66, 0x66, 0x66,
    0x66, 0x66, 0x68, 0xff, 0xfc, 0x00, 0x00, 0x00, 0x00, 0x00, 0x00, 0x00, 0x00, 0x00, 0x00, 0x00,
    0x04, 0xff, 0xfc, 0x00, 0x00, 0x00, 0x00, 0x00, 0x00, 0x00, 0x00, 0x00, 0x00, 0x00, 0x04, 0xff,
    0xfc, 0x00, 0x00, 0x4f, 0xff, 0xff, 0xff, 0xff, 0xff, 0xff, 0xff, 0xff, 0xff, 0xff, 0xfc, 0x00,
    0x00, 0x4f, 0xff, 0xff, 0xff, 0xff, 0xff, 0xff, 0xff, 0xff, 0xff, 0xff, 0xfc, 0x00, 0x00, 0x4f,
    0xff, 0xff, 0xff, 0xff, 0xff, 0xff, 0xff, 0xff, 0xff, 0xff, 0xfc, 0x00, 0x00, 0x26, 0x66, 0x66,
    0x66, 0x66, 0x66, 0x66, 0x66, 0x66, 0x68, 0xff, 0xfc, 0x00, 0x00, 0x00, 0x00, 0x00, 0x00, 0x00,
    0x00, 0x00, 0x00, 0x00, 0x04, 0xff, 0xfc, 0x00, 0x00, 0x00, 0x00, 0x00, 0x00, 0x00, 0x00, 0x00,
    0x00, 0x00, 0x04, 0xff, 0xfc, 0x00, 0x08, 0xff, 0xff, 0xff, 0xff, 0xff, 0xff, 0xff, 0xff, 0xff,
    0xff, 0xff, 0xfc, 0x00, 0x08, 0xff, 0xff, 0xff, 0xff, 0xff, 0xff, 0xff, 0xff, 0xff, 0xff, 0xff,
    0xfc, 0x00, 0x08, 0xff, 0xff, 0xff, 0xff, 0xff, 0xff, 0xff, 0xff, 0xff, 0xff, 0xff, 0xfc, 0x00,
    0x03, 0x66, 0x66, 0x66, 0x66, 0x66, 0x66, 0x66, 0x66, 0x66, 0x68, 0xff, 0xfc, 0x00, 0x00, 0x00,
    0x00, 0x00, 0x00, 0x00, 0x00, 0x00, 0x00, 0x00, 0x04, 0xff, 0xfc, 0x00, 0x00, 0x00, 0x05, 0xa1,
    0x00, 0x00, 0x00, 0x00, 0xcf, 0xff, 0x20, 0x00, 0x00, 0x00, 0x00, 0x00, 0x2e, 0xfd, 0x30, 0x00,
    0x00, 0x00, 0xcf, 0xff, 0x20, 0x00, 0x00, 0x00, 0x00, 0x00, 0xcf, 0xff, 0xe1, 0x00, 0x00, 0x00,
    0xcf, 0xff, 0x20, 0x00, 0x00, 0x00, 0x00, 0x0a, 0xff, 0xff, 0x40, 0xaf, 0xff, 0xff, 0xff, 0xff,
    0xff, 0xff, 0xff, 0x50, 0x00, 0x9f, 0xff, 0xf7, 0x00, 0xaf, 0xff, 0xff, 0xff, 0xff, 0xff, 0xff,
    0xff, 0x50, 0x08, 0xff, 0xff, 0xa0, 0x00, 0xaf, 0xff, 0xff, 0xff, 0xff, 0xff, 0xff, 0xff, 0x50,
    0x0a, 0xff, 0xfc, 0x10, 0x00, 0x46, 0x66, 0x66, 0xdf, 0xff, 0x76, 0x66, 0x66, 0x20, 0x04, 0xff,
    0xd1, 0x00, 0x00, 0x00, 0x00, 0x00, 0xcf, 0xff, 0x20, 0x00, 0x00, 0x00, 0x00, 0xed, 0x20, 0x94,
    0x00, 0x00, 0x00, 0x00, 0xcf, 0xff, 0x20, 0x00, 0x00, 0x00, 0x00, 0x72, 0x05, 0xff, 0x4f, 0xff,
    0xff, 0xff, 0xff, 0xff, 0xff, 0xff, 0xff, 0xf8, 0x00, 0x00, 0x2e, 0xff, 0xff, 0xff, 0xff, 0xff,
    0xff, 0xff, 0xff, 0xff, 0xff, 0xf8, 0x00, 0x00, 0xcf, 0xff, 0xdf, 0xff, 0xff, 0xff, 0xff, 0xff,
    0xff, 0xff, 0xff, 0xf8, 0x00, 0x09, 0xff, 0xff, 0x36, 0x66, 0x66, 0x66, 0x66, 0x66, 0x66, 0x66,
    0x66, 0x63, 0x00, 0x7f, 0xff, 0xf7, 0x00, 0x00, 0x00, 0x00, 0x00, 0x00, 0x9f, 0xff, 0x10, 0x00,
    0x05, 0xff, 0xff, 0xf2, 0x00, 0x00, 0x00, 0x00, 0x00, 0x00, 0x9f, 0xff, 0x10, 0x00, 0x5f, 0xff,
    0xff, 0xf2, 0x0f, 0xff, 0xff, 0xff, 0xff, 0xff, 0xff, 0xff, 0xff, 0xf7, 0x6f, 0xff, 0xff, 0xf2,
    0x0f, 0xff, 0xff, 0xff, 0xff, 0xff, 0xff, 0xff, 0xff, 0xf7, 0x2f, 0xff, 0xff, 0xf2, 0x0f, 0xff,
    0xff, 0xff, 0xff, 0xff, 0xff, 0xff, 0xff, 0xf7, 0x0d, 0xe8, 0xff, 0xf2, 0x05, 0x55, 0xaf, 0x85,
    0x55, 0x55, 0xbf, 0xff, 0x65, 0x52, 0x08, 0x26, 0xff, 0xf2, 0x00, 0x08, 0xff, 0xe2, 0x00, 0x00,
    0x9f, 0xff, 0x10, 0x00, 0x00, 0x06, 0xff, 0xf2, 0x00, 0x0b, 0xff, 0xfd, 0x10, 0x00, 0x9f, 0xff,
    0x10, 0x00, 0x00, 0x06, 0xff, 0xf2, 0x00, 0x01, 0xdf, 0xff, 0xa0, 0x00, 0x9f, 0xff, 0x10, 0x00,
    0x00, 0x06, 0xff, 0xf2, 0x00, 0x00, 0x3f, 0xfc, 0x20, 0x00, 0x9f, 0xff, 0x10, 0x00, 0x00, 0x06,
    0xff, 0xf2, 0x00, 0x00, 0x06, 0x92, 0x10, 0x02, 0xdf, 0xff, 0x10, 0x00, 0x00, 0x06, 0xff, 0xf2,
    0x00, 0x00, 0x00, 0x0d, 0xff, 0xff, 0xff, 0xfe, 0x00, 0x00, 0x00, 0x06, 0xff, 0xf2, 0x00, 0x00,
    0x00, 0x09, 0xff, 0xff, 0xff, 0xfa, 0x00, 0x00, 0x00, 0x06, 0xff, 0xf2, 0x00, 0x00, 0x00, 0x06,
    0xff, 0xff, 0xff, 0xb1, 0x00, 0x00, 0x00, 0x06, 0xff, 0xf2, 0x00, 0x00, 0x00, 0x01, 0x66, 0x65,
    0x42, 0x00, 0x00, 0x00, 0x00, 0x00, 0x00, 0x00, 0x00, 0x00, 0x4c, 0x30, 0x00, 0x00, 0x00, 0x00,
    0x00, 0x00, 0x00, 0x00, 0x00, 0x00, 0x00, 0x19, 0xff, 0xd1, 0x00, 0x00, 0x00, 0x00, 0x00, 0x00,
    0x00, 0x00, 0x00, 0x00, 0x00, 0x2e, 0xff, 0xfb, 0x00, 0x00, 0x00, 0x00, 0x00, 0x00, 0x00, 0x00,
    0x00, 0x00, 0x00, 0x05, 0xff, 0xff, 0x70, 0x00, 0x00, 0x00, 0x00, 0x00, 0x00, 0x00, 0x00, 0x00,
    0x00, 0x00, 0xaf, 0xff, 0xf4, 0x00, 0x00, 0x00, 0x00, 0x00, 0x00, 0x00, 0x00, 0x00, 0x00, 0x00,
    0x1e, 0xff, 0xfd, 0x10, 0x00, 0x00, 0x00, 0x00, 0x00, 0x00, 0x00, 0x05, 0xff, 0xfb, 0x05, 0xff,
    0xff, 0x90, 0x00, 0x00, 0x00, 0x00, 0x00, 0x00, 0x00, 0x05, 0xff, 0xfb, 0x00, 0xbf, 0xf9, 0x10,
    0x00, 0x00, 0x00, 0x00, 0x00, 0x0b, 0xb8, 0x45, 0xff, 0xfb, 0x00, 0x2c, 0x30, 0x00, 0x00, 0x00,
    0x00, 0x00, 0x00, 0x0e, 0xff, 0xe5, 0xff, 0xfb, 0x00, 0x00, 0x00, 0x00, 0x01, 0x7c, 0x20, 0x00,
    0x00, 0x3f, 0xff, 0xb5, 0xff, 0xfb, 0x00, 0x00, 0x00, 0x00, 0x7f, 0xff, 0x90, 0x00, 0x00, 0x6f,
    0xff, 0x85, 0xff, 0xfb, 0x00, 0x00, 0x00, 0x00, 0x5f, 0xff, 0xe1, 0x00, 0x00, 0xaf, 0xff, 0x55,
    0xff, 0xfb, 0x00, 0x00, 0x00, 0x00, 0x0d, 0xff, 0xf8, 0x00, 0x00, 0xdf, 0xff, 0x25, 0xff, 0xfb,
    0x00, 0x00, 0x00, 0x00, 0x06, 0xff, 0xfe, 0x10, 0x02, 0xff, 0xfd, 0x05, 0xff, 0xfb, 0x00, 0x00,
    0x00, 0x00, 0x00, 0xdf, 0xff, 0x60, 0x06, 0xff, 0xfa, 0x05, 0xff, 0xfb, 0x00, 0x00, 0x00, 0x00,
    0x00, 0x7f, 0xff, 0xd0, 0x0a, 0xff, 0xf5, 0x05, 0xff, 0xfb, 0x00, 0x00, 0x00, 0x00, 0x00, 0x2f,
    0xff, 0xf4, 0x0e, 0xff, 0xf1, 0x05, 0xff, 0xfb, 0x00, 0x00, 0x00, 0x4b, 0x50, 0x0a, 0xff, 0xe5,
    0x4f, 0xff, 0xc0, 0x05, 0xff, 0xfb, 0x00, 0x00, 0x00, 0x5f, 0xfe, 0x84, 0xb5, 0x00, 0x6f, 0xff,
    0x70, 0x05, 0xff, 0xfb, 0x00, 0x00, 0x00, 0x7f, 0xff, 0xc0, 0x00, 0x00, 0x01, 0x6c, 0x30, 0x05,
    0xff, 0xfb, 0x00, 0x00, 0x00, 0x9f, 0xff, 0x90, 0x00, 0x00, 0x00, 0x00, 0x00, 0x05, 0xff, 0xfd,
    0x00, 0x00, 0x00, 0xcf, 0xff, 0x60, 0x00, 0x00, 0x00, 0x00, 0x00, 0x04, 0xff, 0xff, 0x81, 0x00,
    0x28, 0xff, 0xff, 0x20, 0x00, 0x00, 0x00, 0x00, 0x00, 0x02, 0xff, 0xff, 0xff, 0xff, 0xff, 0xff,
    0xfd, 0x00, 0x00, 0x00, 0x00, 0x00, 0x00, 0x00, 0xbf, 0xff, 0xff, 0xff, 0xff, 0xff, 0xf7, 0x00,
    0x00, 0x00, 0x00, 0x00, 0x00, 0x00, 0x2d, 0xff, 0xff, 0xff, 0xff, 0xff, 0x90, 0x00, 0x00, 0x00,
    0x00, 0x00, 0x00, 0x00, 0x00, 0x58, 0x88, 0x88, 0x88, 0x62, 0x00, 0x00, 0x00, 0x00, 0x00, 0x00,
    0x00, 0x00, 0x00, 0x03, 0xff, 0xfd, 0x00, 0x00, 0x00, 0x00, 0x00, 0x00, 0x00, 0x00, 0x00, 0x00,
    0x00, 0x03, 0xff, 0xfc, 0x00, 0x00, 0x00, 0x00, 0x00, 0x00, 0x00, 0x00, 0x00, 0x00, 0x00, 0x05,
    0xff, 0xfb, 0x00, 0x00, 0x00, 0x00, 0x00, 0x00, 0x0a, 0xff, 0xff, 0xff, 0xff, 0xff, 0xff, 0xff,
    0xff, 0xff, 0xff, 0xff, 0xff, 0xa0, 0x0a, 0xff, 0xff, 0xff, 0xff, 0xff, 0xff, 0xff, 0xff, 0xff,
    0xff, 0xff, 0xff, 0xa0, 0x0a, 0xff, 0xff, 0xff, 0xff, 0xff, 0xff, 0xff, 0xff, 0xff, 0xff, 0xff,
    0xff, 0xa0, 0x03, 0x44, 0x44, 0x44, 0x45, 0xef, 0xff, 0xff, 0xfd, 0x64, 0x44, 0x44, 0x44, 0x30,
    0x00, 0x00, 0x00, 0x00, 0x4d, 0xff, 0xfb, 0x8f, 0xff, 0xe6, 0x00, 0x00, 0x00, 0x00, 0x00, 0x00,
    0x00, 0x4b, 0xff, 0xff, 0xc1, 0x08, 0xff, 0xff, 0xe8, 0x30, 0x00, 0x00, 0x00, 0x26, 0xae, 0xff,
    0xff, 0xfc, 0x10, 0x00, 0x8f, 0xff, 0xff, 0xfd, 0x96, 0x31, 0x5e, 0xff, 0xff, 0xff, 0xff, 0x90,
    0x00, 0x00, 0x04, 0xdf, 0xff, 0xff, 0xff, 0xf6, 0x0c, 0xff, 0xff, 0xff, 0xc3, 0x01, 0xa7, 0x00,
    0x00, 0x18, 0xef, 0xff, 0xff, 0xd0, 0x03, 0xff, 0xff, 0xb4, 0x00, 0x1b, 0xff, 0xa1, 0x00, 0x00,
    0x18, 0xef, 0xff, 0x60, 0x00, 0xab, 0x61, 0x00, 0x00, 0x2d, 0xff, 0xfd, 0x20, 0x00, 0x00, 0x05,
    0x9c, 0x00, 0x00, 0x00, 0x00, 0x00, 0x00, 0x01, 0xcf, 0xff, 0xe1, 0x00, 0x00, 0x00, 0x00, 0x00,
    0x00, 0x4c, 0x72, 0x2f, 0xff, 0x70, 0x1b, 0xff, 0x50, 0x00, 0x00, 0x4b, 0x50, 0x00, 0x00, 0x8f,
    0xff, 0x5f, 0xff, 0x70, 0x7b, 0xb5, 0x00, 0x00, 0x0b, 0xff, 0xe1, 0x00, 0x00, 0xdf, 0xfd, 0x2f,
    0xff, 0x75, 0xff, 0xe5, 0x00, 0x00, 0x08, 0xff, 0xf9, 0x00, 0x02, 0xff, 0xf9, 0x2f, 0xff, 0x79,
    0xff, 0xff, 0xa1, 0x00, 0x01, 0xef, 0xff, 0x30, 0x07, 0xff, 0xf4, 0x2f, 0xff, 0x70, 0x5e, 0xff,
    0xfd, 0x1a, 0x10, 0x6f, 0xff, 0xb0, 0x0d, 0xff, 0xe0, 0x2f, 0xff, 0x70, 0x02, 0xcf, 0xf6, 0x3f,
    0xd3, 0x0c, 0xff, 0xf5, 0x3f, 0xff, 0xa0, 0x2f, 0xff, 0x80, 0x00, 0x0a, 0x60, 0x7f, 0xff, 0x75,
    0xff, 0xd4, 0x6f, 0xff, 0x50, 0x1f, 0xff, 0xd2, 0x00, 0x00, 0x14, 0xef, 0xff, 0x80, 0xb6, 0x00,
    0x02, 0x8c, 0x00, 0x0e, 0xff, 0xff, 0xff, 0xff, 0xff, 0xff, 0xff, 0x20, 0x00, 0x00, 0x00, 0x00,
    0x00, 0x08, 0xff, 0xff, 0xff, 0xff, 0xff, 0xff, 0xf9, 0x00, 0x00, 0x00, 0x00, 0x00, 0x00, 0x00,
    0x9f, 0xff, 0xff, 0xff, 0xff, 0xfe, 0x80, 0x00, 0x00, 0x00, 0x00, 0x00, 0x00, 0x00, 0x01, 0x44,
    0x44, 0x44, 0x44, 0x30, 0x00, 0x00, 0x00, 0x00, 0x00, 0x00, 0x00, 0x03, 0xef, 0xff, 0x60, 0x00,
    0x00, 0x00, 0x00, 0x00, 0x00, 0x00, 0x00, 0x00, 0x00, 0x4e, 0xff, 0xfb, 0x00, 0x00, 0x00, 0x00,
    0x00, 0x00, 0x00, 0x00, 0x00, 0x00, 0x07, 0xff, 0xff, 0xff, 0xff, 0xff, 0xff, 0xff, 0xfd, 0x00,
    0x00, 0x00, 0x00, 0x02, 0xbf, 0xff, 0xff, 0xff, 0xff, 0xff, 0xff, 0xff, 0xfd, 0x00, 0x00, 0x00,
    0x01, 0x7e, 0xff, 0xff, 0xc9, 0x99, 0x99, 0x99, 0xbf, 0xff, 0xfa, 0x00, 0x00, 0x00, 0x3e, 0xff,
    0xff, 0xf8, 0x00, 0x00, 0x00, 0x07, 0xff, 0xfe, 0x60, 0x00, 0x00, 0x00, 0x09, 0xff, 0xff, 0xff,
    0xff, 0xff, 0xff, 0xff, 0xff, 0xff, 0xff, 0xff, 0xf0, 0x00, 0x00, 0x9e, 0xff, 0xff, 0xff, 0xff,
    0xff, 0xff, 0xff, 0xff, 0xff, 0xff, 0xf0, 0x00, 0x00, 0x00, 0xee, 0xee, 0xee, 0xee, 0xee, 0xee,
    0xee, 0xee, 0xef, 0xff, 0xf0, 0x00, 0x00, 0x00, 0x00, 0x00, 0x00, 0x00, 0x00, 0x00, 0x00, 0x00,
    0x08, 0xff, 0xf0, 0x00, 0x00, 0x00, 0x00, 0x00, 0x00, 0x00, 0x00, 0x00, 0x00, 0x00, 0x08, 0xff,
    0xf0, 0x00, 0x00, 0x01, 0xff, 0xff, 0xff, 0xff, 0xff, 0xff, 0xff, 0xff, 0xff, 0xff, 0xf0, 0x00,
    0x00, 0x01, 0xff, 0xff, 0xff, 0xff, 0xff, 0xff, 0xff, 0xff, 0xff, 0xff, 0xf0, 0x00, 0x00, 0x01,
    0x99, 0x99, 0x99, 0x99, 0x99, 0x99, 0x99, 0x99, 0x9c, 0xff, 0xf0, 0x00, 0x00, 0x00, 0x00, 0x00,
    0x00, 0x00, 0x00, 0x00, 0x00, 0x00, 0x08, 0xff, 0xf0, 0x00, 0x00, 0x0e, 0xff, 0xff, 0xff, 0xff,
    0xff, 0xff, 0xff, 0xff, 0xff, 0xff, 0xf0, 0x00, 0x00, 0x0e, 0xff, 0xff, 0xff, 0xff, 0xff, 0xff,
    0xff, 0xff, 0xff, 0xff, 0xf0, 0x00, 0x00, 0x0d, 0xee, 0xee, 0xee, 0xee, 0xef, 0xff, 0xee, 0xee,
    0xee, 0xee, 0xe0, 0x00, 0x00, 0x6b, 0x61, 0x0f, 0xff, 0xb0, 0x9f, 0xff, 0x60, 0x00, 0x00, 0x3a,
    0xb0, 0x00, 0x00, 0xcf, 0xfe, 0x2f, 0xff, 0xb0, 0x4f, 0xff, 0xf7, 0x00, 0x07, 0xff, 0xf5, 0x00,
    0x02, 0xff, 0xfa, 0x0f, 0xff, 0xb0, 0x06, 0xff, 0xc3, 0x56, 0x01, 0xef, 0xfd, 0x10, 0x09, 0xff,
    0xf3, 0x0f, 0xff, 0xb0, 0x00, 0x88, 0x00, 0xaf, 0x80, 0x7f, 0xff, 0x80, 0x2f, 0xff, 0xb0, 0x0f,
    0xff, 0xe3, 0x00, 0x00, 0x03, 0xef, 0xfb, 0x1d, 0xff, 0xf3, 0x5e, 0xff, 0x40, 0x0e, 0xff, 0xff,
    0xff, 0xff, 0xff, 0xff, 0xfe, 0x16, 0xff, 0xd4, 0x01, 0x7b, 0x00, 0x08, 0xff, 0xff, 0xff, 0xff,
    0xff, 0xff, 0xf6, 0x00, 0xb6, 0x00, 0x00, 0x00, 0x00, 0x00, 0x7d, 0xff, 0xff, 0xff, 0xff, 0xfc,
    0x60, 0x00, 0x00, 0x00, 0x00, 0x00, 0x00, 0x00, 0x00, 0x11, 0x11, 0x11, 0x11, 0x00, 0x00, 0x00,
    0x00, 0x00, 0x00, 0x00, 0xdf, 0xfc, 0x00, 0x00, 0x00, 0x00, 0x09, 0xff, 0xf2, 0x00, 0x00, 0x00,
    0x00, 0x00, 0xdf, 0xfc, 0x00, 0x00, 0x00, 0x00, 0x09, 0xff, 0xf2, 0x00, 0x00, 0x00, 0x00, 0x00,
    0xdf, 0xfc, 0x00, 0x02, 0xfe, 0xd3, 0x09, 0xff, 0xf2, 0x00, 0x00, 0x00, 0x00, 0x00, 0xdf, 0xfd,
    0x10, 0x04, 0xff, 0xf1, 0x09, 0xff, 0xf2, 0x00, 0x00, 0x00, 0x00, 0x00, 0xdf, 0xff, 0xe8, 0x27,
    0xff, 0xd0, 0x09, 0xff, 0xf2, 0x00, 0x00, 0x00, 0x0c, 0xc5, 0xdf, 0xff, 0xff, 0xaa, 0xff, 0xff,
    0xff, 0xff, 0xff, 0xff, 0xff, 0xc0, 0x0e, 0xf6, 0xdf, 0xff, 0xff, 0x3e, 0xff, 0xff, 0xff, 0xff,
    0xff, 0xff, 0xff, 0xc0, 0x0f, 0xf5, 0xdf, 0xfd, 0x6a, 0x3f, 0xff, 0xff, 0xff, 0xff, 0xff, 0xff,
    0xff, 0xc0, 0x1f, 0xf3, 0xdf, 0xfc, 0x00, 0x8f, 0xff, 0x98, 0x8c, 0xff, 0xf9, 0x88, 0x88, 0x70,
    0x2f, 0xf2, 0xdf, 0xfc, 0x00, 0xdf, 0xfc, 0x00, 0x09, 0xff, 0xf2, 0x00, 0x00, 0x00, 0x4f, 0xf1,
    0xdf, 0xfc, 0x03, 0xff, 0xf8, 0x00, 0x09, 0xff, 0xf2, 0x00, 0x00, 0x00, 0x5f, 0xe0, 0xdf, 0xfc,
    0x02, 0xbf, 0xf3, 0x00, 0x09, 0xff, 0xf2, 0x00, 0x00, 0x00, 0x7f, 0xd0, 0xdf, 0xfc, 0x00, 0x05,
    0xb0, 0x00, 0x09, 0xff, 0xf2, 0x00, 0x00, 0x00, 0x49, 0xa0, 0xdf, 0xfc, 0x00, 0x00, 0x00, 0x00,
    0x09, 0xff, 0xf2, 0x00, 0x00, 0x00, 0x00, 0x00, 0xdf, 0xfc, 0x00, 0x0c, 0xff, 0xff, 0xff, 0xff,
    0xff, 0xff, 0xff, 0xa0, 0x00, 0x00, 0xdf, 0xfc, 0x00, 0x0c, 0xff, 0xff, 0xff, 0xff, 0xff, 0xff,
    0xff, 0xa0, 0x00, 0x00, 0xdf, 0xfc, 0x00, 0x0c, 0xff, 0xff, 0xff, 0xff, 0xff, 0xff, 0xff, 0xa0,
    0x00, 0x00, 0xdf, 0xfc, 0x00, 0x07, 0x88, 0x88, 0x8c, 0xff, 0xf9, 0x88, 0x88, 0x60, 0x00, 0x00,
    0xdf, 0xfc, 0x00, 0x00, 0x00, 0x00, 0x09, 0xff, 0xf2, 0x00, 0x00, 0x00, 0x00, 0x00, 0xdf, 0xfc,
    0x00, 0x00, 0x00, 0x00, 0x09, 0xff, 0xf2, 0x00, 0x00, 0x00, 0x00, 0x00, 0xdf, 0xfc, 0x00, 0x00,
    0x00, 0x00, 0x09, 0xff, 0xf2, 0x00, 0x00, 0x00, 0x00, 0x00, 0xdf, 0xfc, 0x00, 0x00, 0x00, 0x00,
    0x09, 0xff, 0xf2, 0x00, 0x00, 0x00, 0x00, 0x00, 0xdf, 0xfc, 0x00, 0x00, 0x00, 0x00, 0x09, 0xff,
    0xf2, 0x00, 0x00, 0x00, 0x00, 0x00, 0xdf, 0xfc, 0x00, 0x00, 0x00, 0x00, 0x09, 0xff, 0xf2, 0x00,
    0x00, 0x00, 0x00, 0x00, 0xdf, 0xfc, 0x02, 0xff, 0xff, 0xff, 0xff, 0xff, 0xff, 0xff, 0xff, 0xf9,
    0x00, 0x00, 0xdf, 0xfc, 0x02, 0xff, 0xff, 0xff, 0xff, 0xff, 0xff, 0xff, 0xff, 0xf9, 0x00, 0x00,
    0xdf, 0xfc, 0x02, 0xff, 0xff, 0xff, 0xff, 0xff, 0xff, 0xff, 0xff, 0xf9, 0x00, 0x00, 0xdf, 0xfc,
    0x01, 0x88, 0x88, 0x88, 0x88, 0x88, 0x88, 0x88, 0x88, 0x85, 0x00, 0x00, 0xef, 0xf7, 0x00, 0x00,
    0x00, 0x00, 0xdf, 0xfa, 0x00, 0x00, 0x00, 0x00, 0x00, 0x00, 0xef, 0xf7, 0x00, 0x00, 0x00, 0x00,
    0xdf, 0xfa, 0x00, 0x00, 0x00, 0x00, 0x00, 0x00, 0xef, 0xf7, 0x0a, 0xff, 0xff, 0xff, 0xff, 0xff,
    0xff, 0xff, 0xff, 0xe0, 0x00, 0x00, 0xef, 0xf7, 0x0a, 0xff, 0xff, 0xff, 0xff, 0xff, 0xff, 0xff,
    0xff, 0xe0, 0x09, 0xea, 0xef, 0xf7, 0x04, 0x55, 0x55, 0x55, 0xef, 0xfc, 0x55, 0x55, 0x55, 0x50,
    0x0b, 0xfa, 0xef, 0xff, 0x91, 0x00, 0x00, 0x00, 0xdf, 0xfa, 0x00, 0x00, 0x00, 0x00, 0x0d, 0xf8,
    0xef, 0xff, 0xf9, 0xff, 0xff, 0xff, 0xff, 0xff, 0xff, 0xff, 0xff, 0x40, 0x1f, 0xf5, 0xef, 0xff,
    0xf4, 0xff, 0xff, 0xff, 0xff, 0xff, 0xff, 0xff, 0xff, 0x40, 0x3f, 0xf3, 0xef, 0xf8, 0xa0, 0x55,
    0x55, 0x55, 0xef, 0xfc, 0x55, 0x55, 0x55, 0x10, 0x6f, 0xf0, 0xef, 0xf7, 0x00, 0x00, 0x00, 0x00,
    0xdf, 0xfa, 0x00, 0x00, 0x00, 0x00, 0x9f, 0xc0, 0xef, 0xf7, 0x7f, 0xff, 0xff, 0xff, 0xff, 0xff,
    0xff, 0xff, 0xff, 0xf8, 0x7c, 0x90, 0xef, 0xf7, 0x7f, 0xff, 0xff, 0xff, 0xff, 0xff, 0xff, 0xff,
    0xff, 0xf8, 0x00, 0x00, 0xef, 0xf7, 0x35, 0x55, 0x55, 0x55, 0x55, 0x55, 0x55, 0x55, 0x55, 0x53,
    0x00, 0x00, 0xef, 0xf7, 0x02, 0xff, 0xff, 0xff, 0xff, 0xff, 0xff, 0xff, 0xff, 0x00, 0x00, 0x00,
    0xef, 0xf7, 0x02, 0xff, 0xff, 0xff, 0xff, 0xff, 0xff, 0xff, 0xff, 0x00, 0x00, 0x00, 0xef, 0xf7,
    0x02, 0xff, 0xfa, 0x88, 0x88, 0x88, 0x88, 0xbf, 0xff, 0x00, 0x00, 0x00, 0xef, 0xf7, 0x02, 0xff,
    0xf4, 0x00, 0x00, 0x00, 0x00, 0x7f, 0xff, 0x00, 0x00, 0x00, 0xef, 0xf7, 0x02, 0xff, 0xff, 0xff,
    0xff, 0xff, 0xff, 0xff, 0xff, 0x00, 0x00, 0x00, 0xef, 0xf7, 0x02, 0xff, 0xff, 0xff, 0xff, 0xff,
    0xff, 0xff, 0xff, 0x00, 0x00, 0x00, 0xef, 0xf7, 0x02, 0xff, 0xf7, 0x44, 0x44, 0x44, 0x44, 0x9f,
    0xff, 0x00, 0x00, 0x00, 0xef, 0xf7, 0x02, 0xff, 0xf4, 0x00, 0x00, 0x00, 0x00, 0x7f, 0xff, 0x00,
    0x00, 0x00, 0xef, 0xf7, 0x02, 0xff, 0xff, 0xff, 0xff, 0xff, 0xff, 0xff, 0xff, 0x00, 0x00, 0x00,
    0xef, 0xf7, 0x02, 0xff, 0xff, 0xff, 0xff, 0xff, 0xff, 0xff, 0xff, 0x00, 0x00, 0x00, 0xef, 0xf7,
    0x02, 0xff, 0xf7, 0x44, 0x44, 0x44, 0x44, 0x9f, 0xff, 0x00, 0x00, 0x00, 0xef, 0xf7, 0x02, 0xff,
    0xf4, 0x00, 0x02, 0x11, 0x01, 0xbf, 0xfe, 0x00, 0x00, 0x00, 0xef, 0xf7, 0x02, 0xff, 0xf4, 0x00,
    0x09, 0xff, 0xff, 0xff, 0xfb, 0x00, 0x00, 0x00, 0xef, 0xf7, 0x02, 0xff, 0xf4, 0x00, 0x05, 0xff,
    0xff, 0xff, 0xf4, 0x00, 0x00, 0x00, 0xef, 0xf7, 0x02, 0xff, 0xf4, 0x00, 0x01, 0xbb, 0xba, 0xa8,
    0x20, 0x00, 0x00, 0x00, 0x00, 0x00, 0x00, 0x00, 0x00, 0x09, 0xff, 0xf4, 0x00, 0x6c, 0x10, 0x00,
    0x00, 0x00, 0x00, 0x00, 0x00, 0x00, 0x00, 0x09, 0xff, 0xf4, 0x1d, 0xff, 0xb0, 0x00, 0x00, 0x00,
    0x00, 0x00, 0x00, 0x00, 0x00, 0x08, 0xff, 0xf4, 0x09, 0xff, 0xf7, 0x00, 0x00, 0x00, 0x00, 0x00,
    0x00, 0x00, 0x00, 0x08, 0xff, 0xf5, 0x01, 0xdf, 0xff, 0x20, 0x00, 0x00, 0x00, 0x00, 0x00, 0x00,
    0x00, 0x07, 0xff, 0xf5, 0x00, 0x4f, 0xc3, 0x00, 0x00, 0x5f, 0xff, 0xff, 0xff, 0xff, 0xff, 0xff,
    0xff, 0xff, 0xff, 0xff, 0xff, 0xf4, 0x00, 0x5f, 0xff, 0xff, 0xff, 0xff, 0xff, 0xff, 0xff, 0xff,
    0xff, 0xff, 0xff, 0xf4, 0x00, 0x5f, 0xff, 0xff, 0xff, 0xff, 0xff, 0xff, 0xff, 0xff, 0xff, 0xff,
    0xff, 0xf4, 0x00, 0x5f, 0xff, 0x74, 0x44, 0x44, 0x44, 0x48, 0xff, 0xf9, 0x44, 0x44, 0x44, 0x41,
    0x00, 0x5f, 0xff, 0x40, 0x00, 0x00, 0x00, 0x04, 0xff, 0xf7, 0x00, 0x00, 0x00, 0x00, 0x00, 0x5f,
    0xff, 0x40, 0x00, 0x00, 0x00, 0x03, 0xff, 0xf7, 0x00, 0x2c, 0x60, 0x00, 0x00, 0x5f, 0xff, 0xff,
    0xff, 0xff, 0xff, 0x12, 0xff, 0xf8, 0x00, 0x9f, 0xfd, 0x40, 0x00, 0x5f, 0xff, 0xff, 0xff, 0xff,
    0xff, 0x01, 0xff, 0xf9, 0x02, 0xff, 0xff, 0x20, 0x00, 0x5f, 0xff, 0xff, 0xff, 0xff, 0xff, 0x00,
    0xef, 0xfb, 0x0b, 0xff, 0xf8, 0x00, 0x00, 0x5f, 0xff, 0x85, 0x55, 0xcf, 0xfe, 0x00, 0xdf, 0xfd,
    0x5f, 0xff, 0xe1, 0x00, 0x00, 0x6f, 0xff, 0x40, 0x00, 0xbf, 0xfe, 0x00, 0xbf, 0xfe, 0xef, 0xff,
    0x70, 0x00, 0x00, 0x7f, 0xff, 0x30, 0x00, 0xcf, 0xfd, 0x00, 0x8f, 0xff, 0xff, 0xfc, 0x00, 0x00,
    0x00, 0x8f, 0xff, 0x20, 0x00, 0xdf, 0xfc, 0x00, 0x6f, 0xff, 0xff, 0xf3, 0x00, 0x00, 0x00, 0xaf,
    0xff, 0x10, 0x00, 0xef, 0xfb, 0x00, 0x3f, 0xff, 0xff, 0x80, 0x94, 0x00, 0x00, 0xdf, 0xfe, 0x21,
    0x07, 0xff, 0xfa, 0x00, 0x2f, 0xff, 0xfc, 0x00, 0xdf, 0xb4, 0x01, 0xff, 0xfc, 0x7f, 0xff, 0xff,
    0xf7, 0x02, 0xdf, 0xff, 0xf4, 0x00, 0xff, 0xfa, 0x06, 0xff, 0xfa, 0x4f, 0xff, 0xff, 0xf3, 0x2d,
    0xff, 0xff, 0xf7, 0x02, 0xff, 0xf8, 0x0b, 0xff, 0xf6, 0x2f, 0xff, 0xff, 0x73, 0xdf, 0xff, 0xff,
    0xfd, 0x04, 0xff, 0xf5, 0x3f, 0xff, 0xf2, 0x0b, 0xcb, 0xa5, 0x6f, 0xff, 0xff, 0xdf, 0xff, 0x68,
    0xff, 0xf2, 0x5f, 0xff, 0xc0, 0x00, 0x00, 0x03, 0xef, 0xff, 0xf7, 0x1e, 0xff, 0xff, 0xff, 0xe0,
    0x04, 0xef, 0x60, 0x00, 0x00, 0x00, 0x3e, 0xfe, 0x50, 0x07, 0xff, 0xff, 0xff, 0x90, 0x00, 0x2b,
    0x00, 0x00, 0x00, 0x00, 0x03, 0xc3, 0x00, 0x00, 0xbf, 0xff, 0xff, 0x30, 0x00, 0x00, 0x00, 0x00,
    0x00, 0x00, 0x00, 0x00, 0x00, 0x00, 0x19, 0xff, 0xe5, 0x00, 0x00, 0x00, 0x00, 0x00, 0x00, 0x00,
    0x00, 0x00, 0x00, 0x00, 0x00, 0x12, 0x00, 0x00, 0x00, 0x00, 0x00, 0x00, 0x00, 0x00, 0x00, 0xaf,
    0xff, 0x30, 0x00, 0x00, 0x00, 0x00, 0x00, 0x12, 0x34, 0x57, 0x8a, 0xbd, 0xd0, 0x9f, 0xff, 0x40,
    0x3c, 0x40, 0x00, 0x00, 0x0e, 0xff, 0xff, 0xff, 0xff, 0xff, 0xf2, 0x8f, 0xff, 0x43, 0xef, 0xf8,
    0x00, 0x00, 0x0c, 0xff, 0xff, 0xff, 0xff, 0xff, 0xf5, 0x8f, 0xff, 0x58, 0xff, 0xff, 0xc2, 0x00,
    0x0a, 0xff, 0xff, 0xff, 0xfd, 0xb9, 0x84, 0x7f, 0xff, 0x50, 0x5e, 0xff, 0xfd, 0x10, 0x04, 0x65,
    0x4b, 0xff, 0xf6, 0x00, 0x00, 0x6f, 0xff, 0x60, 0x03, 0xdf, 0xe3, 0x00, 0x00, 0x00, 0x0a, 0xff,
    0xf6, 0x00, 0x00, 0x6f, 0xff, 0x60, 0x00, 0x2b, 0x30, 0x00, 0x00, 0x00, 0x0a, 0xff, 0xf6, 0x00,
    0x00, 0x5f, 0xff, 0x70, 0x00, 0x00, 0x00, 0x00, 0xaf, 0xff, 0xff, 0xff, 0xff, 0xff, 0xff, 0xff,
    0xff, 0xff, 0xff, 0xff, 0xff, 0xf7, 0xaf, 0xff, 0xff, 0xff, 0xff, 0xff, 0xff, 0xff, 0xff, 0xff,
    0xff, 0xff, 0xff, 0xf7, 0xaf, 0xff, 0xff, 0xff, 0xff, 0xff, 0xff, 0xff, 0xff, 0xff, 0xff, 0xff,
    0xff, 0xf7, 0x58, 0x88, 0x8d, 0xff, 0xfa, 0x88, 0x88, 0x8f, 0xff, 0xc8, 0x88, 0x88, 0x88, 0x83,
    0x00, 0x00, 0x0a, 0xff, 0xf6, 0x00, 0x00, 0x1f, 0xff, 0xa0, 0x00, 0x00, 0x00, 0x00, 0x00, 0x00,
    0x0a, 0xff, 0xf6, 0x00, 0x02, 0x0f, 0xff, 0xb0, 0x00, 0x0b, 0x40, 0x00, 0x00, 0x00, 0x0a, 0xff,
    0xf8, 0x6a, 0xdf, 0x0d, 0xff, 0xc0, 0x00, 0x9f, 0xf6, 0x00, 0x02, 0x47, 0x9d, 0xff, 0xff, 0xff,
    0xff, 0x0c, 0xff, 0xe0, 0x05, 0xff, 0xff, 0x30, 0x9f, 0xff, 0xff, 0xff, 0xff, 0xff, 0xff, 0x0a,
    0xff, 0xf0, 0x4f, 0xff, 0xf7, 0x00, 0x6f, 0xff, 0xff, 0xff, 0xff, 0xfd, 0xa8, 0x08, 0xff, 0xf5,
    0xef, 0xff, 0x90, 0x00, 0x3f, 0xff, 0xee, 0xff, 0xf7, 0x00, 0x00, 0x06, 0xff, 0xff, 0xff, 0xfb,
    0x00, 0x00, 0x1b, 0x84, 0x0a, 0xff, 0xf6, 0x00, 0x00, 0x04, 0xff, 0xff, 0xff, 0xa0, 0x95, 0x00,
    0x00, 0x00, 0x0a, 0xff, 0xf6, 0x00, 0x00, 0x02, 0xff, 0xff, 0xf9, 0x00, 0xdf, 0xb4, 0x00, 0x00,
    0x0a, 0xff, 0xf6, 0x00, 0x00, 0x5e, 0xff, 0xff, 0x90, 0x01, 0xff, 0xf9, 0x00, 0x00, 0x0a, 0xff,
    0xf6, 0x00, 0x2b, 0xff, 0xff, 0xff, 0xc0, 0x04, 0xff, 0xf6, 0x00, 0x00, 0x0d, 0xff, 0xf6, 0x3a,
    0xff, 0xff, 0xff, 0xff, 0xf9, 0x19, 0xff, 0xf2, 0x0b, 0xee, 0xef, 0xff, 0xf5, 0x9f, 0xff, 0xff,
    0x88, 0xff, 0xff, 0xff, 0xff, 0xd0, 0x06, 0xff, 0xff, 0xff, 0xf2, 0x0b, 0xff, 0xb2, 0x00, 0xcf,
    0xff, 0xff, 0xff, 0x70, 0x02, 0xff, 0xff, 0xff, 0x90, 0x02, 0xc5, 0x00, 0x00, 0x1b, 0xff, 0xff,
    0xfd, 0x10, 0x00, 0x99, 0x88, 0x73, 0x00, 0x00, 0x00, 0x00, 0x00, 0x00, 0x5b, 0xde, 0xa2, 0x00,
    0x00, 0x00, 0x00, 0x00, 0x03, 0x7c, 0x40, 0x00, 0x00, 0x00, 0x00, 0x25, 0x9d, 0x20, 0x00, 0x02,
    0x35, 0x8b, 0xef, 0xff, 0xb0, 0x02, 0x35, 0x79, 0xbe, 0xff, 0xff, 0x80, 0x00, 0xaf, 0xff, 0xff,
    0xff, 0xff, 0xf2, 0x8f, 0xff, 0xff, 0xff, 0xff, 0xff, 0xe1, 0x00, 0xaf, 0xff, 0xff, 0xff, 0xff,
    0xc5, 0x8f, 0xff, 0xff, 0xff, 0xff, 0xff, 0xe4, 0x00, 0xaf, 0xff, 0xca, 0x97, 0x41, 0x00, 0x8f,
    0xff, 0xff, 0xec, 0xa8, 0x52, 0x00, 0x00, 0xaf, 0xfd, 0x00, 0x00, 0x00, 0x00, 0x8f, 0xff, 0x31,
    0x00, 0x00, 0x00, 0x00, 0x00, 0xaf, 0xfd, 0x00, 0x00, 0x00, 0x00, 0x8f, 0xff, 0x00, 0x00, 0x00,
    0x00, 0x00, 0x00, 0xaf, 0xfd, 0x00, 0x00, 0x00, 0x00, 0x8f, 0xff, 0x00, 0x00, 0x00, 0x00, 0x00,
    0x00, 0xaf, 0xff, 0xff, 0xff, 0xff, 0x80, 0x8f, 0xff, 0x00, 0x00, 0x00, 0x00, 0x00, 0x00, 0xaf,
    0xff, 0xff, 0xff, 0xff, 0x80, 0x8f, 0xff, 0xff, 0xff, 0xff, 0xff, 0xf8, 0x00, 0xaf, 0xff, 0xff,
    0xff, 0xff, 0x80, 0x8f, 0xff, 0xff, 0xff, 0xff, 0xff, 0xf8, 0x00, 0xaf, 0xfd, 0x22, 0x2e, 0xff,
    0x80, 0x8f, 0xff, 0xff, 0xff, 0xff, 0xff, 0xf8, 0x00, 0xaf, 0xfd, 0x00, 0x0e, 0xff, 0x80, 0x8f,
    0xff, 0x66, 0x7f, 0xff, 0xa6, 0x63, 0x00, 0xaf, 0xfd, 0x00, 0x0e, 0xff, 0x80, 0x9f, 0xff, 0x00,
    0x2f, 0xff, 0x80, 0x00, 0x00, 0xaf, 0xfd, 0x00, 0x0e, 0xff, 0x80, 0x9f, 0xfe, 0x00, 0x2f, 0xff,
    0x80, 0x00, 0x00, 0xaf, 0xff, 0xff, 0xff, 0xff, 0x80, 0xaf, 0xfe, 0x00, 0x2f, 0xff, 0x80, 0x00,
    0x00, 0xbf, 0xff, 0xff, 0xff, 0xff, 0x80, 0xcf, 0xfd, 0x00, 0x2f, 0xff, 0x80, 0x00, 0x00, 0xcf,
    0xff, 0xff, 0xff, 0xff, 0x80, 0xef, 0xfb, 0x00, 0x2f, 0xff, 0x80, 0x00, 0x00, 0xef, 0xfb, 0x22,
    0x22, 0x22, 0x11, 0xff, 0xf9, 0x00, 0x2f, 0xff, 0x80, 0x00, 0x01, 0xff, 0xf9, 0x00, 0x00, 0x00,
    0x05, 0xff, 0xf7, 0x00, 0x2f, 0xff, 0x80, 0x00, 0x04, 0xff, 0xf8, 0x00, 0x00, 0x00, 0x0a, 0xff,
    0xf4, 0x00, 0x2f, 0xff, 0x80, 0x00, 0x08, 0xff, 0xf5, 0x00, 0x00, 0x00, 0x1f, 0xff, 0xf1, 0x00,
    0x2f, 0xff, 0x80, 0x00, 0x0d, 0xff, 0xf2, 0x00, 0x00, 0x00, 0x9f, 0xff, 0xb0, 0x00, 0x2f, 0xff,
    0x80, 0x00, 0x5f, 0xff, 0xe0, 0x00, 0x00, 0x03, 0xff, 0xff, 0x50, 0x00, 0x2f, 0xff, 0x80, 0x00,
    0x4e, 0xff, 0x90, 0x00, 0x00, 0x09, 0xff, 0xfd, 0x00, 0x00, 0x2f, 0xff, 0x80, 0x00, 0x03, 0xef,
    0x40, 0x00, 0x00, 0x00, 0x6f, 0xf5, 0x00, 0x00, 0x2f, 0xff, 0x80, 0x00, 0x00, 0x39, 0x00, 0x00,
    0x00, 0x00, 0x04, 0xa0, 0x00, 0x00, 0x2f, 0xff, 0x80, 0x00, 0x00, 0x00, 0x7f, 0xff, 0x60, 0x00,
    0x00, 0xcf, 0xff, 0x20, 0x1b, 0x91, 0x00, 0x00, 0x00, 0x00, 0x7f, 0xff, 0x60, 0x00, 0x00, 0xbf,
    0xff, 0x22, 0xcf, 0xfe, 0x70, 0x00, 0x00, 0x00, 0x7f, 0xff, 0x60, 0x00, 0x00, 0xaf, 0xff, 0x32,
    0xcf, 0xff, 0xfb, 0x00, 0x00, 0x00, 0x7f, 0xff, 0x60, 0x00, 0x00, 0x9f, 0xff, 0x40, 0x07, 0xff,
    0xe3, 0x00, 0x00, 0x00, 0x7f, 0xff, 0x60, 0x00, 0x00, 0x9f, 0xff, 0x50, 0x00, 0x3c, 0x20, 0x00,
    0x2f, 0xff, 0xff, 0xff, 0xff, 0xf7, 0x00, 0x8f, 0xff, 0x60, 0x00, 0x00, 0x00, 0x00, 0x2f, 0xff,
    0xff, 0xff, 0xff, 0xf7, 0x00, 0x7f, 0xff, 0xdb, 0xcc, 0xdd, 0xee, 0xe0, 0x2f, 0xff, 0xff, 0xff,
    0xff, 0xf7, 0x13, 0x9f, 0xff, 0xff, 0xff, 0xff, 0xff, 0xf1, 0x18, 0x88, 0xbf, 0xff, 0xa8, 0xbf,
    0xff, 0xff, 0xff, 0xff, 0xff, 0xff, 0xff, 0xf3, 0x00, 0x00, 0x7f, 0xff, 0x60, 0x5f, 0xff, 0xff,
    0xff, 0xea, 0xa9, 0x98, 0x87, 0x72, 0x00, 0x00, 0x7f, 0xff, 0x60, 0x4f, 0xff, 0xff, 0xff, 0xb0,
    0x00, 0x00, 0x00, 0x00, 0x00, 0x00, 0x7f, 0xff, 0x60, 0x00, 0x11, 0x4f, 0xff, 0xc0, 0x00, 0x09,
    0x70, 0x00, 0x00, 0x00, 0x7f, 0xff, 0x60, 0x02, 0x00, 0x1f, 0xff, 0xd0, 0x00, 0x7f, 0xfa, 0x10,
    0x00, 0x13, 0x9f, 0xff, 0xcd, 0xff, 0x00, 0x0f, 0xff, 0xe0, 0x05, 0xff, 0xff, 0x80, 0x8f, 0xff,
    0xff, 0xff, 0xff, 0xfe, 0x00, 0x0e, 0xff, 0xf0, 0x5f, 0xff, 0xfb, 0x00, 0x7f, 0xff, 0xff, 0xff,
    0xff, 0xfd, 0x00, 0x0c, 0xff, 0xf8, 0xff, 0xff, 0xc1, 0x00, 0x5f, 0xff, 0xff, 0xff, 0xda, 0x85,
    0x00, 0x0a, 0xff, 0xff, 0xff, 0xfd, 0x10, 0x00, 0x3d, 0xa8, 0xaf, 0xff, 0x60, 0x00, 0x00, 0x08,
    0xff, 0xff, 0xff, 0xc1, 0x00, 0x00, 0x00, 0x00, 0x7f, 0xff, 0x60, 0x00, 0x00, 0x08, 0xff, 0xff,
    0xfa, 0x10, 0x00, 0x00, 0x00, 0x00, 0x7f, 0xff, 0x60, 0x00, 0x03, 0xcf, 0xff, 0xff, 0x90, 0x00,
    0xa4, 0x00, 0x00, 0x00, 0x7f, 0xff, 0x60, 0x02, 0xaf, 0xff, 0xff, 0xff, 0x30, 0x00, 0xff, 0xa3,
    0x00, 0x00, 0x7f, 0xff, 0x62, 0xaf, 0xff, 0xff, 0xff, 0xff, 0x80, 0x03, 0xff, 0xf7, 0x00, 0x00,
    0x7f, 0xff, 0x63, 0xff, 0xff, 0xfe, 0x8f, 0xff, 0xe1, 0x06, 0xff, 0xf4, 0x11, 0x01, 0xbf, 0xff,
    0x60, 0x7f, 0xff, 0x81, 0x0c, 0xff, 0xfb, 0x2b, 0xff, 0xf1, 0x3f, 0xff, 0xff, 0xff, 0x50, 0x0b,
    0x81, 0x00, 0x05, 0xff, 0xff, 0xff, 0xff, 0xb0, 0x0d, 0xff, 0xff, 0xff, 0x20, 0x00, 0x00, 0x00,
    0x00, 0xbf, 0xff, 0xff, 0xff, 0x50, 0x09, 0xff, 0xff, 0xf8, 0x00, 0x00, 0x00, 0x00, 0x00, 0x1c,
    0xff, 0xff, 0xfc, 0x00, 0x03, 0x77, 0x65, 0x20, 0x00, 0x00, 0x00, 0x00, 0x00, 0x01, 0x8d, 0xff,
    0xb2, 0x00, 0x00, 0x00, 0x00, 0x00, 0x00, 0x00, 0x00, 0x00, 0x00, 0x00, 0x00, 0x10, 0x00, 0x00,
    0x00, 0x03, 0xff, 0xf4, 0x00, 0x00, 0x00, 0x00, 0x68, 0xbe, 0x30, 0x00, 0x00, 0x00, 0x00, 0x03,
    0xff, 0xf4, 0x00, 0x00, 0x00, 0x00, 0xcf, 0xff, 0x60, 0x00, 0x00, 0x00, 0x00, 0x03, 0xff, 0xf4,
    0x00, 0x00, 0x00, 0x00, 0x8f, 0xff, 0xa0, 0x00, 0x00, 0x00, 0x00, 0x03, 0xff, 0xf4, 0x00, 0x00,
    0x00, 0x00, 0x4f, 0xff, 0xe0, 0x00, 0x00, 0x00, 0x00, 0x03, 0xff, 0xf4, 0x00, 0x0f, 0xff, 0xff,
    0xff, 0xff, 0xff, 0xff, 0xff, 0x50, 0x3f, 0xff, 0xff, 0xff, 0xff, 0x3f, 0xff, 0xff, 0xff, 0xff,
    0xff, 0xff, 0xff, 0x50, 0x3f, 0xff, 0xff, 0xff, 0xff, 0x3f, 0xff, 0xff, 0xff, 0xff, 0xff, 0xff,
    0xff, 0x50, 0x3f, 0xff, 0xff, 0xff, 0xff, 0x3f, 0xff, 0xd8, 0x88, 0x88, 0x88, 0xbf, 0xff, 0x50,
    0x18, 0x8a, 0xff, 0xfa, 0x88, 0x2f, 0xff, 0xa0, 0x00, 0x00, 0x00, 0x6f, 0xff, 0x50, 0x00, 0x03,
    0xff, 0xf4, 0x00, 0x0f, 0xff, 0xa0, 0x00, 0x00, 0x00, 0x6f, 0xff, 0x50, 0x00, 0x03, 0xff, 0xf4,
    0x00, 0x0f, 0xff, 0xa0, 0x00, 0x00, 0x00, 0x6f, 0xff, 0x50, 0x00, 0x03, 0xff, 0xf4, 0x00, 0x0f,
    0xff, 0xa0, 0x00, 0x00, 0x00, 0x6f, 0xff, 0x50, 0x00, 0x03, 0xff, 0xf4, 0x01, 0x0f, 0xff, 0xff,
    0xff, 0xff, 0xff, 0xff, 0xff, 0x50, 0x00, 0x03, 0xff, 0xfa, 0xbe, 0x0f, 0xff, 0xff, 0xff, 0xff,
    0xff, 0xff, 0xff, 0x50, 0x02, 0x6a, 0xff, 0xff, 0xfe, 0x1f, 0xff, 0xff, 0xff, 0xff, 0xff, 0xff,
    0xff, 0x50, 0x8f, 0xff, 0xff, 0xff, 0xfe, 0x2f, 0xff, 0xc8, 0x88, 0x88, 0x88, 0xbf, 0xff, 0x50,
    0x6f, 0xff, 0xff, 0xff, 0xb6, 0x3f, 0xff, 0x80, 0x00, 0x00, 0x00, 0x6f, 0xff, 0x50, 0x5f, 0xff,
    0xff, 0xf5, 0x00, 0x5f, 0xff, 0x60, 0x00, 0x00, 0x00, 0x00, 0x00, 0x00, 0x3b, 0x64, 0xff, 0xf4,
    0x00, 0x8f, 0xff, 0x50, 0x00, 0x00, 0x00, 0x00, 0x00, 0x00, 0x00, 0x03, 0xff, 0xf4, 0x00, 0xbf,
    0xff, 0x20, 0x00, 0x00, 0x00, 0x00, 0x00, 0x00, 0x00, 0x03, 0xff, 0xf4, 0x01, 0xff, 0xfd, 0x00,
    0x00, 0x00, 0x00, 0x00, 0x00, 0x00, 0x00, 0x03, 0xff, 0xf4, 0x07, 0xff, 0xf9, 0x00, 0x00, 0x00,
    0x00, 0x00, 0x00, 0x00, 0x01, 0x06, 0xff, 0xf4, 0x1d, 0xff, 0xf4, 0x00, 0x00, 0x00, 0x00, 0x00,
    0x00, 0x00, 0x2f, 0xff, 0xff, 0xf4, 0x9f, 0xff, 0xd0, 0x00, 0x00, 0x00, 0x00, 0x00, 0x00, 0x00,
    0x0d, 0xff, 0xff, 0xf2, 0x8f, 0xff, 0x60, 0x00, 0x00, 0x00, 0x00, 0x00, 0x00, 0x00, 0x0a, 0xff,
    0xff, 0x90, 0x07, 0xfc, 0x00, 0x00, 0x00, 0x00, 0x00, 0x00, 0x00, 0x00, 0x05, 0x99, 0x74, 0x00,
    0x00, 0x84, 0x00, 0x00, 0x00, 0x00, 0x00, 0x00, 0x00, 0x00, 0x00, 0x03, 0xff, 0xf4, 0x00, 0x00,
    0x00, 0x00, 0x00, 0x00, 0x00, 0x00, 0x00, 0x00, 0x00, 0x03, 0xff, 0xf4, 0x00, 0x4f, 0xff, 0xff,
    0xff, 0xff, 0xff, 0xff, 0xff, 0x00, 0x00, 0x03, 0xff, 0xf4, 0x00, 0x4f, 0xff, 0xff, 0xff, 0xff,
    0xff, 0xff, 0xfe, 0x00, 0x00, 0x03, 0xff, 0xf4, 0x00, 0x4f, 0xff, 0xff, 0xff, 0xff, 0xff, 0xff,
    0xfe, 0x00, 0x00, 0x03, 0xff, 0xf4, 0x00, 0x4f, 0xff, 0x74, 0x44, 0x44, 0x44, 0xef, 0xfd, 0x00,
    0x3f, 0xff, 0xff, 0xff, 0xff, 0x4f, 0xff, 0x50, 0x11, 0x10, 0x04, 0xff, 0xfc, 0x00, 0x3f, 0xff,
    0xff, 0xff, 0xff, 0x4f, 0xff, 0x50, 0x7f, 0xff, 0xff, 0xff, 0xf9, 0x00, 0x3f, 0xff, 0xff, 0xff,
    0xff, 0x4f, 0xff, 0x50, 0x3f, 0xff, 0xff, 0xff, 0xe2, 0x00, 0x18, 0x8a, 0xff, 0xfa, 0x88, 0x4f,
    0xff, 0x50, 0x0f, 0xff, 0xff, 0xfd, 0x40, 0x00, 0x00, 0x03, 0xff, 0xf4, 0x00, 0x4f, 0xff, 0x50,
    0x03, 0x33, 0x33, 0x10, 0x00, 0x00, 0x00, 0x03, 0xff, 0xf4, 0x00, 0x4f, 0xff, 0x50, 0x00, 0x00,
    0x00, 0x00, 0x00, 0x00, 0x00, 0x03, 0xff, 0xf4, 0x01, 0x5f, 0xff, 0xff, 0xff, 0xff, 0xff, 0xff,
    0xff, 0x50, 0x00, 0x03, 0xff, 0xf9, 0xbf, 0x6f, 0xff, 0xff, 0xff, 0xff, 0xff, 0xff, 0xff, 0x50,
    0x03, 0x6a, 0xff, 0xff, 0xff, 0x5f, 0xff, 0xff, 0xff, 0xff, 0xff, 0xff, 0xff, 0x50, 0x8f, 0xff,
    0xff, 0xff, 0xff, 0x5f, 0xff, 0x75, 0xe7, 0x44, 0x44, 0xaf, 0xff, 0x30, 0x6f, 0xff, 0xff, 0xff,
    0xc8, 0x4f, 0xff, 0x8d, 0xfb, 0x00, 0x00, 0xef, 0xfd, 0x00, 0x5f, 0xff, 0xff, 0xf5, 0x00, 0x4f,
    0xff, 0x6e, 0xff, 0x50, 0x05, 0xff, 0xf6, 0x00, 0x3c, 0x65, 0xff, 0xf4, 0x00, 0x4f, 0xff, 0x56,
    0xff, 0xe2, 0x1d, 0xff, 0xe1, 0x00, 0x00, 0x03, 0xff, 0xf4, 0x00, 0x4f, 0xff, 0x50, 0xcf, 0xfc,
    0xaf, 0xff, 0x60, 0x00, 0x00, 0x03, 0xff, 0xf4, 0x00, 0x4f, 0xff, 0x50, 0x2e, 0xff, 0xff, 0xfc,
    0x00, 0x00, 0x00, 0x03, 0xff, 0xf4, 0x00, 0x4f, 0xff, 0x50, 0x07, 0xff, 0xff, 0xe2, 0x00, 0x00,
    0x00, 0x03, 0xff, 0xf4, 0x00, 0x4f, 0xff, 0x50, 0x4d, 0xff, 0xff, 0xe7, 0x00, 0x00, 0x01, 0x07,
    0xff, 0xf4, 0x00, 0x4f, 0xff, 0x7a, 0xff, 0xff, 0xff, 0xff, 0xd5, 0x00, 0x2f, 0xff, 0xff, 0xf4,
    0x00, 0x4f, 0xff, 0xff, 0xff, 0xfe, 0xaf, 0xff, 0xff, 0xe5, 0x0d, 0xff, 0xff, 0xf1, 0x00, 0x4f,
    0xff, 0xff, 0xff, 0xe3, 0x06, 0xff, 0xff, 0xe1, 0x0a, 0xff, 0xff, 0x80, 0x00, 0x4f, 0xff, 0x7f,
    0xfb, 0x20, 0x00, 0x3d, 0xff, 0x50, 0x04, 0x98, 0x73, 0x00, 0x00, 0x4f, 0xff, 0x58, 0x70, 0x00,
    0x00, 0x00, 0x7a, 0x00, 0x00, 0x07, 0xff, 0xf2, 0x00, 0x00, 0x00, 0x00, 0x00, 0x00, 0x00, 0x00,
    0x00, 0x00, 0x00, 0x07, 0xff, 0xf2, 0x00, 0x00, 0x00, 0x00, 0x00, 0x00, 0x04, 0xff, 0xf6, 0x00,
    0x00, 0x07, 0xff, 0xf2, 0x00, 0xdf, 0xfb, 0x04, 0x9a, 0x00, 0x04, 0xff, 0xf5, 0x00, 0x00, 0x07,
    0xff, 0xf2, 0x00, 0xdf, 0xfb, 0x6f, 0xff, 0x30, 0x04, 0xff, 0xf5, 0x00, 0x00, 0x07, 0xff, 0xf2,
    0x00, 0xdf, 0xfb, 0x1e, 0xff, 0xa0, 0x05, 0xff, 0xf5, 0x00, 0x2f, 0xff, 0xff, 0xff, 0xf3, 0xdf,
    0xfb, 0x08, 0xff, 0xf2, 0x05, 0xff, 0xf5, 0x00, 0x2f, 0xff, 0xff, 0xff, 0xf3, 0xdf, 0xfb, 0x02,
    0xff, 0xf9, 0x05, 0xff, 0xf4, 0x00, 0x2f, 0xff, 0xff, 0xff, 0xf3, 0xdf, 0xfb, 0x00, 0xbf, 0xfe,
    0x16, 0xff, 0xf4, 0x00, 0x18, 0x8b, 0xff, 0xf8, 0x81, 0xdf, 0xfb, 0x00, 0x5f, 0xff, 0x56, 0xff,
    0xf3, 0x00, 0x00, 0x07, 0xff, 0xf2, 0x00, 0xdf, 0xfb, 0x00, 0x0c, 0x82, 0x07, 0xff, 0xf3, 0x00,
    0x00, 0x07, 0xff, 0xf2, 0x00, 0xdf, 0xfb, 0x00, 0x00, 0x00, 0x07, 0xff, 0xf2, 0x00, 0x00, 0x07,
    0xff, 0xf2, 0x00, 0xdf, 0xfb, 0x00, 0x00, 0x00, 0x08, 0xff, 0xf1, 0x00, 0x00, 0x07, 0xff, 0xf2,
    0x21, 0xdf, 0xfb, 0x00, 0x00, 0x00, 0x09, 0xff, 0xe0, 0x00, 0x01, 0x39, 0xff, 0xfe, 0xf4, 0xdf,
    0xfb, 0x00, 0x06, 0x30, 0x0b, 0xff, 0xc0, 0x00, 0x8f, 0xff, 0xff, 0xff, 0xf4, 0xdf, 0xfb, 0x00,
    0x9f, 0x50, 0x0e, 0xff, 0xa0, 0x00, 0x7f, 0xff, 0xff, 0xff, 0xf4, 0xdf, 0xfb, 0x2c, 0xff, 0x60,
    0x3f, 0xff, 0x80, 0x00, 0x5f, 0xff, 0xff, 0xfa, 0x72, 0xdf, 0xfd, 0xef, 0xff, 0x70, 0x7f, 0xff,
    0x40, 0x00, 0x3d, 0xab, 0xff, 0xf2, 0x00, 0xef, 0xff, 0xff, 0xfc, 0x20, 0xdf, 0xff, 0x10, 0x00,
    0x00, 0x07, 0xff, 0xf2, 0x02, 0xff, 0xff, 0xff, 0x80, 0x07, 0xff, 0xff, 0x90, 0x00, 0x00, 0x07,
    0xff, 0xf2, 0x0a, 0xff, 0xff, 0xe5, 0x00, 0x4f, 0xff, 0xff, 0xf9, 0x00, 0x00, 0x07, 0xff, 0xf2,
    0x1e, 0xff, 0xfc, 0x20, 0x03, 0xef, 0xff, 0xff, 0xff, 0x80, 0x00, 0x07, 0xff, 0xf2, 0x04, 0xff,
    0xa1, 0x00, 0x4e, 0xff, 0xfd, 0xbf, 0xff, 0xf6, 0x00, 0x07, 0xff, 0xf2, 0x00, 0x78, 0x00, 0x07,
    0xff, 0xff, 0xe2, 0x1d, 0xff, 0xf4, 0x00, 0x0a, 0xff, 0xf2, 0x00, 0x00, 0x03, 0xcf, 0xff, 0xfd,
    0x20, 0x03, 0xff, 0xc0, 0x7f, 0xff, 0xff, 0xf0, 0x00, 0x00, 0x0c, 0xff, 0xff, 0xc2, 0x00, 0x00,
    0x7f, 0x50, 0x2f, 0xff, 0xff, 0xc0, 0x00, 0x00, 0x01, 0xdf, 0xf9, 0x00, 0x00, 0x00, 0x09, 0x00,
    0x0e, 0xff, 0xfe, 0x40, 0x00, 0x00, 0x00, 0x2c, 0x40, 0x00, 0x00, 0x00, 0x00, 0x00, 0x07, 0x87,
    0x51, 0x00, 0x00, 0x00, 0x00, 0x00, 0x00, 0x00, 0x00, 0x00, 0x00, 0x00, 0x00, 0x07, 0xff, 0xf2,
    0x00, 0x00, 0x00, 0x05, 0xed, 0xd3, 0x01, 0xc5, 0x00, 0x00, 0x00, 0x07, 0xff, 0xf2, 0x00, 0x3e,
    0xdc, 0x26, 0xff, 0xf2, 0x1d, 0xff, 0xa1, 0x00, 0x00, 0x07, 0xff, 0xf2, 0x00, 0x7f, 0xfe, 0x08,
    0xff, 0xe0, 0x4e, 0xff, 0xfd, 0x30, 0x00, 0x07, 0xff, 0xf2, 0x00, 0xaf, 0xfa, 0x0b, 0xff, 0xc0,
    0x02, 0xbf, 0xfe, 0x30, 0x6f, 0xff, 0xff, 0xff, 0xf3, 0xdf, 0xf6, 0x0d, 0xff, 0xa0, 0x00, 0x08,
    0xe3, 0x00, 0x6f, 0xff, 0xff, 0xff, 0xf4, 0xff, 0xff, 0xff, 0xff, 0xff, 0xff, 0xff, 0xff, 0xf8,
    0x6f, 0xff, 0xff, 0xff, 0xf7, 0xff, 0xff, 0xff, 0xff, 0xff, 0xff, 0xff, 0xff, 0xf8, 0x26, 0x6a,
    0xff, 0xf8, 0x69, 0xff, 0xff, 0xff, 0xff, 0xff, 0xff, 0xff, 0xff, 0xf8, 0x00, 0x07, 0xff, 0xf2,
    0x01, 0x22, 0x22, 0xdf, 0xfe, 0x22, 0x22, 0x22, 0x22, 0x21, 0x00, 0x07, 0xff, 0xf2, 0x00, 0x00,
    0x01, 0xff, 0xfa, 0x00, 0x00, 0x00, 0x00, 0x00, 0x00, 0x07, 0xff, 0xf2, 0x00, 0x00, 0x06, 0xff,
    0xf7, 0x00, 0x00, 0x00, 0x00, 0x00, 0x00, 0x07, 0xff, 0xf2, 0x01, 0x10, 0x0a, 0xff, 0xff, 0xff,
    0xff, 0xff, 0xff, 0xc0, 0x00, 0x07, 0xff, 0xfc, 0xef, 0x60, 0x1e, 0xff, 0xff, 0xff, 0xff, 0xff,
    0xff, 0xc0, 0x6c, 0xef, 0xff, 0xff, 0xff, 0x50, 0x6f, 0xff, 0xff, 0xff, 0xff, 0xff, 0xff, 0xc0,
    0x8f, 0xff, 0xff, 0xff, 0xff, 0x40, 0xcf, 0xff, 0xf4, 0x22, 0x22, 0x4f, 0xff, 0x90, 0x7f, 0xff,
    0xff, 0xfe, 0xb9, 0x13, 0xff, 0xff, 0xfa, 0x00, 0x00, 0x9f, 0xff, 0x30, 0x7f, 0xed, 0xff, 0xf2,
    0x00, 0x0a, 0xff, 0xff, 0xff, 0x30, 0x02, 0xff, 0xfb, 0x00, 0x11, 0x07, 0xff, 0xf2, 0x00, 0x3f,
    0xff, 0xac, 0xff, 0xd1, 0x0b, 0xff, 0xf3, 0x00, 0x00, 0x07, 0xff, 0xf2, 0x00, 0xcf, 0xff, 0x34,
    0xff, 0xfa, 0x8f, 0xff, 0x80, 0x00, 0x00, 0x07, 0xff, 0xf2, 0x05, 0xff, 0xfb, 0x00, 0xbf, 0xff,
    0xff, 0xfc, 0x00, 0x00, 0x00, 0x07, 0xff, 0xf2, 0x2e, 0xff, 0xf3, 0x00, 0x2e, 0xff, 0xff, 0xe2,
    0x00, 0x00, 0x00, 0x07, 0xff, 0xf2, 0xcf, 0xff, 0x90, 0x00, 0x6e, 0xff, 0xff, 0xe5, 0x00, 0x00,
    0x00, 0x07, 0xff, 0xf5, 0xff, 0xfe, 0x10, 0x5c, 0xff, 0xff, 0xff, 0xff, 0xa2, 0x00, 0x11, 0x0a,
    0xff, 0xf2, 0xef, 0xf8, 0x8e, 0xff, 0xff, 0xfa, 0xdf, 0xff, 0xff, 0xa4, 0x5f, 0xff, 0xff, 0xf0,
    0x7f, 0xa5, 0xff, 0xff, 0xfd, 0x40, 0x1a, 0xff, 0xff, 0xf6, 0x1f, 0xff, 0xff, 0xb0, 0x1c, 0x10,
    0xaf, 0xfe, 0x81, 0x00, 0x00, 0x5d, 0xff, 0xc0, 0x0d, 0xff, 0xff, 0x40, 0x01, 0x00, 0x1c, 0x71,
    0x00, 0x00, 0x00, 0x00, 0x6c, 0x30, 0x06, 0x87, 0x62, 0x00, 0x00, 0x00, 0x00, 0x00, 0x00, 0x00,
    0x00, 0x00, 0x00, 0x00, 0x00, 0x07, 0xff, 0xf2, 0x00, 0x00, 0x00, 0x00, 0x00, 0x00, 0x00, 0x00,
    0x00, 0x00, 0x00, 0x07, 0xff, 0xf2, 0x00, 0xbf, 0xff, 0xff, 0xff, 0xff, 0xff, 0xff, 0xfe, 0x00,
    0x00, 0x07, 0xff, 0xf2, 0x00, 0xbf, 0xff, 0xff, 0xff, 0xff, 0xff, 0xff, 0xfe, 0x00, 0x00, 0x07,
    0xff, 0xf2, 0x00, 0xbf, 0xff, 0xff, 0xff, 0xff, 0xff, 0xff, 0xfe, 0x00, 0x00, 0x07, 0xff, 0xf2,
    0x00, 0x00, 0x6e, 0xe3, 0x00, 0x00, 0x1b, 0xff, 0xf8, 0x00, 0x6f, 0xff, 0xff, 0xff, 0xfa, 0x02,
    0xef, 0xfe, 0x30, 0x00, 0xaf, 0xff, 0xb0, 0x00, 0x6f, 0xff, 0xff, 0xff, 0xfa, 0x00, 0x4f, 0xff,
    0xf7, 0x3c, 0xff, 0xfc, 0x10, 0x00, 0x6f, 0xff, 0xff, 0xff, 0xfa, 0x00, 0x05, 0xff, 0xff, 0xff,
    0xff, 0xb1, 0x00, 0x00, 0x26, 0x6a, 0xff, 0xf8, 0x64, 0x00, 0x00, 0x7f, 0xff, 0xff, 0xfd, 0x20,
    0x00, 0x00, 0x00, 0x07, 0xff, 0xf2, 0x00, 0x00, 0x5b, 0xff, 0xff, 0xff, 0xff, 0xfc, 0x75, 0x20,
    0x00, 0x07, 0xff, 0xf2, 0x04, 0x9e, 0xff, 0xff, 0xff, 0xdf, 0xff, 0xff, 0xff, 0xf5, 0x00, 0x07,
    0xff, 0xf2, 0x08, 0xff, 0xff, 0xff, 0x92, 0x05, 0xbf, 0xff, 0xff, 0xd0, 0x00, 0x07, 0xff, 0xf2,
    0x03, 0xef, 0xfe, 0x92, 0x00, 0x00, 0x02, 0x6b, 0xef, 0x70, 0x00, 0x07, 0xff, 0xfc, 0xeb, 0x9a,
    0x50, 0x00, 0xbf, 0xff, 0x00, 0x00, 0x03, 0x10, 0x5c, 0xef, 0xff, 0xff, 0xf9, 0x00, 0x00, 0x00,
    0xbf, 0xff, 0x00, 0x00, 0x00, 0x00, 0x7f, 0xff, 0xff, 0xff, 0xf8, 0xff, 0xff, 0xff, 0xff, 0xff,
    0xff, 0xff, 0xff, 0x50, 0x6f, 0xff, 0xff, 0xfc, 0x93, 0xff, 0xff, 0xff, 0xff, 0xff, 0xff, 0xff,
    0xff, 0x50, 0x5f, 0xdc, 0xff, 0xf2, 0x00, 0xff, 0xff, 0xff, 0xff, 0xff, 0xff, 0xff, 0xff, 0x50,
    0x11, 0x07, 0xff, 0xf2, 0x00, 0x11, 0x11, 0x11, 0xbf, 0xff, 0x11, 0x11, 0x11, 0x00, 0x00, 0x07,
    0xff, 0xf2, 0x00, 0x00, 0x00, 0x00, 0xbf, 0xff, 0x00, 0x00, 0x00, 0x00, 0x00, 0x07, 0xff, 0xf2,
    0x6f, 0xff, 0xff, 0xff, 0xff, 0xff, 0xff, 0xff, 0xff, 0xf5, 0x00, 0x07, 0xff, 0xf2, 0x6f, 0xff,
    0xff, 0xff, 0xff, 0xff, 0xff, 0xff, 0xff, 0xf5, 0x00, 0x07, 0xff, 0xf2, 0x6f, 0xff, 0xff, 0xff,
    0xff, 0xff, 0xff, 0xff, 0xff, 0xf5, 0x00, 0x09, 0xff, 0xf2, 0x01, 0x11, 0x11, 0x11, 0xbf, 0xff,
    0x11, 0x11, 0x11, 0x10, 0x5e, 0xef, 0xff, 0xf1, 0x00, 0x00, 0x00, 0x00, 0xbf, 0xff, 0x00, 0x00,
    0x00, 0x00, 0x1f, 0xff, 0xff, 0xe0, 0x00, 0x00, 0x00, 0x00, 0xbf, 0xff, 0x00, 0x00, 0x00, 0x00,
    0x0e, 0xff, 0xff, 0x70, 0x00, 0x00, 0x00, 0x00, 0xbf, 0xff, 0x00, 0x00, 0x00, 0x00, 0x07, 0x98,
    0x74, 0x00, 0x00, 0x00, 0x00, 0x00, 0xbf, 0xff, 0x00, 0x00, 0x00, 0x00, 0x00, 0x08, 0xff, 0xf2,
    0x00, 0x00, 0x00, 0x02, 0x69, 0xc8, 0x00, 0x00, 0x00, 0x00, 0x00, 0x08, 0xff, 0xf2, 0x00, 0x00,
    0x00, 0x05, 0xff, 0xfe, 0x00, 0x00, 0x00, 0x00, 0x00, 0x08, 0xff, 0xf2, 0x00, 0x00, 0x00, 0x00,
    0xef, 0xff, 0x50, 0x00, 0x00, 0x00, 0x00, 0x08, 0xff, 0xf2, 0x00, 0xff, 0xff, 0xff, 0xff, 0xff,
    0xff, 0xff, 0xff, 0xd0, 0x00, 0x08, 0xff, 0xf2, 0x00, 0xff, 0xff, 0xff, 0xff, 0xff, 0xff, 0xff,
    0xff, 0xd0, 0x4f, 0xff, 0xff, 0xff, 0xf1, 0xff, 0xff, 0xff, 0xff, 0xff, 0xff, 0xff, 0xff, 0xd0,
    0x4f, 0xff, 0xff, 0xff, 0xf1, 0xff, 0xfc, 0x55, 0x55, 0x55, 0x55, 0x5d, 0xff, 0xd0, 0x4f, 0xff,
    0xff, 0xff, 0xf1, 0xff, 0xfa, 0x1d, 0x95, 0x10, 0x00, 0x0c, 0xff, 0xd0, 0x28, 0x8b, 0xff, 0xf8,
    0x81, 0xff, 0xfa, 0x5f, 0xff, 0x90, 0x00, 0x0c, 0xff, 0xd0, 0x00, 0x08, 0xff, 0xf2, 0x00, 0xff,
    0xfa, 0x9f, 0xff, 0x50, 0x00, 0x00, 0x00, 0x00, 0x00, 0x08, 0xff, 0xf2, 0x00, 0x00, 0x00, 0xdf,
    0xfe, 0x10, 0x00, 0x00, 0x00, 0x00, 0x00, 0x08, 0xff, 0xf2, 0x06, 0xff, 0xff, 0xff, 0xff, 0xff,
    0xff, 0xff, 0xff, 0xf7, 0x00, 0x08, 0xff, 0xfa, 0xb6, 0xff, 0xff, 0xff, 0xff, 0xff, 0xff, 0xff,
    0xff, 0xf7, 0x02, 0x5b, 0xff, 0xff, 0xd6, 0xff, 0xff, 0xff, 0xff, 0xff, 0xff, 0xff, 0xff, 0xf7,
    0x8f, 0xff, 0xff, 0xff, 0xd2, 0x44, 0x8f, 0xff, 0x74, 0x44, 0x5f, 0xff, 0xe4, 0x42, 0x6f, 0xff,
    0xff, 0xff, 0xc0, 0x00, 0xcf, 0xfd, 0x00, 0x00, 0x4f, 0xff, 0x90, 0x00, 0x4f, 0xff, 0xff, 0xf3,
    0x00, 0x04, 0xff, 0xf6, 0x00, 0x00, 0xaf, 0xff, 0x40, 0x00, 0x1d, 0x8a, 0xff, 0xf2, 0x00, 0x0c,
    0xff, 0xf3, 0x00, 0x04, 0xff, 0xfd, 0x00, 0x00, 0x00, 0x08, 0xff, 0xf2, 0x00, 0x5f, 0xff, 0xff,
    0xa3, 0x1d, 0xff, 0xf6, 0x00, 0x00, 0x00, 0x08, 0xff, 0xf2, 0x00, 0x04, 0xcf, 0xff, 0xff, 0xef,
    0xff, 0xc0, 0x00, 0x00, 0x00, 0x08, 0xff, 0xf2, 0x00, 0x00, 0x04, 0xbf, 0xff, 0xff, 0xfe, 0x20,
    0x00, 0x00, 0x00, 0x08, 0xff, 0xf2, 0x00, 0x00, 0x00, 0x2c, 0xff, 0xff, 0xff, 0x92, 0x00, 0x00,
    0x00, 0x1b, 0xff, 0xf2, 0x00, 0x00, 0x5b, 0xff, 0xff, 0xff, 0xff, 0xff, 0x81, 0x00, 0x6f, 0xff,
    0xff, 0xf1, 0x37, 0xbe, 0xff, 0xff, 0xff, 0xc8, 0xef, 0xff, 0xfe, 0x70, 0x3f, 0xff, 0xff, 0xd0,
    0x4f, 0xff, 0xff, 0xff, 0xe7, 0x00, 0x2a, 0xff, 0xff, 0xe2, 0x0f, 0xff, 0xfe, 0x50, 0x09, 0xff,
    0xff, 0xc6, 0x10, 0x00, 0x00, 0x4d, 0xff, 0x60, 0x07, 0x87, 0x61, 0x00, 0x01, 0xdb, 0x72, 0x00,
    0x00, 0x00, 0x00, 0x00, 0x89, 0x00, 0x00, 0x0a, 0xff, 0xb0, 0x00, 0x00, 0x06, 0xec, 0xa6, 0x00,
    0x00, 0x00, 0x00, 0x00, 0x00, 0x0a, 0xff, 0xb0, 0x00, 0x00, 0x1e, 0xff, 0xf3, 0x00, 0x00, 0x00,
    0x00, 0x00, 0x00, 0x0a, 0xff, 0xb0, 0x00, 0x00, 0xaf, 0xff, 0xff, 0xff, 0xff, 0xff, 0xa0, 0x00,
    0x00, 0x0a, 0xff, 0xb0, 0x00, 0x07, 0xff, 0xff, 0xff, 0xff, 0xff, 0xff, 0xa0, 0x00, 0x00, 0x0a,
    0xff, 0xb0, 0x00, 0x5f, 0xff, 0xfe, 0xee, 0xee, 0xff, 0xff, 0xa0, 0x00, 0x6f, 0xff, 0xff, 0xff,
    0xb4, 0xff, 0xff, 0xa0, 0x00, 0x02, 0xef, 0xff, 0x40, 0x00, 0x6f, 0xff, 0xff, 0xff, 0xdf, 0xff,
    0xfe, 0x10, 0x00, 0x0b, 0xff, 0xf8, 0x00, 0x00, 0x6f, 0xff, 0xff, 0xff, 0xba, 0xff, 0xf6, 0x00,
    0x00, 0x6f, 0xff, 0xc0, 0x00, 0x00, 0x38, 0x8c, 0xff, 0xd8, 0x61, 0xff, 0xff, 0xff, 0xff, 0xff,
    0xff, 0xff, 0xff, 0x00, 0x00, 0x0a, 0xff, 0xb0, 0x00, 0xff, 0xff, 0xff, 0xff, 0xff, 0xff, 0xff,
    0xff, 0x00, 0x00, 0x0a, 0xff, 0xb0, 0x20, 0xff, 0xff, 0xff, 0xff, 0xff, 0xff, 0xff, 0xff, 0x00,
    0x00, 0x0a, 0xff, 0xee, 0xd0, 0xff, 0xf7, 0x11, 0xbf, 0xfa, 0x11, 0x7f, 0xff, 0x00, 0x68, 0x6b,
    0xff, 0xff, 0xd0, 0xff, 0xf6, 0x00, 0xbf, 0xfa, 0x00, 0x6f, 0xff, 0x00, 0x9f, 0xff, 0xff, 0xff,
    0xc0, 0xff, 0xf6, 0x00, 0xbf, 0xfa, 0x00, 0x6f, 0xff, 0x00, 0x8f, 0xff, 0xff, 0xfc, 0x50, 0xff,
    0xf6, 0x00, 0xbf, 0xfa, 0x00, 0x6f, 0xff, 0x00, 0x7f, 0xff, 0xff, 0xb0, 0x00, 0xff, 0xf6, 0x00,
    0xbf, 0xfa, 0x00, 0x6f, 0xff, 0x00, 0x25, 0x7d, 0xff, 0xb0, 0x00, 0xff, 0xf6, 0x00, 0xcf, 0xf9,
    0x00, 0x6f, 0xff, 0x00, 0x00, 0x0a, 0xff, 0xb4, 0xff, 0xff, 0xff, 0xff, 0xff, 0xff, 0xff, 0xff,
    0xff, 0xf8, 0x00, 0x0a, 0xff, 0xb4, 0xff, 0xff, 0xff, 0xff, 0xff, 0xff, 0xff, 0xff, 0xff, 0xf8,
    0x00, 0x0a, 0xff, 0xb4, 0xff, 0xff, 0xff, 0xff, 0xff, 0xff, 0xff, 0xff, 0xff, 0xf8, 0x00, 0x0a,
    0xff, 0xb0, 0x11, 0x11, 0x11, 0x2d, 0xff, 0xff, 0xa1, 0x11, 0x11, 0x11, 0x00, 0x0a, 0xff, 0xb0,
    0x00, 0x00, 0x00, 0x9f, 0xff, 0xff, 0xf7, 0x00, 0x00, 0x00, 0x00, 0x0a, 0xff, 0xb0, 0x00, 0x00,
    0x1a, 0xff, 0xfc, 0x9f, 0xff, 0xa1, 0x00, 0x00, 0x00, 0x1d, 0xff, 0xb0, 0x00, 0x17, 0xef, 0xff,
    0xe2, 0x1d, 0xff, 0xfe, 0x71, 0x00, 0x6f, 0xff, 0xff, 0xa1, 0x6a, 0xff, 0xff, 0xfd, 0x30, 0x02,
    0xef, 0xff, 0xff, 0xc3, 0x2f, 0xff, 0xff, 0x81, 0xcf, 0xff, 0xff, 0xb2, 0x00, 0x00, 0x2d, 0xff,
    0xff, 0xd1, 0x0e, 0xff, 0xfd, 0x20, 0x3f, 0xff, 0xd5, 0x00, 0x00, 0x00, 0x01, 0x9f, 0xff, 0x40,
    0x06, 0x76, 0x51, 0x00, 0x07, 0xb5, 0x00, 0x00, 0x00, 0x00, 0x00, 0x03, 0x9a, 0x00, 0x00, 0x0a,
    0xff, 0xa0, 0x00, 0x00, 0x00, 0x00, 0x00, 0x00, 0x00, 0x00, 0x00, 0x00, 0x00, 0x0a, 0xff, 0xa0,
    0x02, 0xff, 0xff, 0xff, 0xff, 0xff, 0xff, 0xff, 0xff, 0x60, 0x00, 0x0a, 0xff, 0xa0, 0x02, 0xff,
    0xff, 0xff, 0xff, 0xff, 0xff, 0xff, 0xff, 0x60, 0x00, 0x0a, 0xff, 0xa0, 0x02, 0xff, 0xfe, 0xdd,
    0xdd, 0xdd, 0xdd, 0xdf, 0xff, 0x60, 0x00, 0x0a, 0xff, 0xa0, 0x02, 0xff, 0xf3, 0x00, 0x00, 0x00,
    0x00, 0x0f, 0xff, 0x60, 0x4f, 0xff, 0xff, 0xff, 0xf2, 0xff, 0xf3, 0x00, 0x00, 0x00, 0x00, 0x0f,
    0xff, 0x60, 0x4f, 0xff, 0xff, 0xff, 0xf2, 0xff, 0xf3, 0x00, 0x00, 0x00, 0x00, 0x0f, 0xff, 0x60,
    0x4f, 0xff, 0xff, 0xff, 0xf2, 0xff, 0xff, 0xff, 0xff, 0xff, 0xff, 0xff, 0xff, 0x60, 0x28, 0x8c,
    0xff, 0xc8, 0x82, 0xff, 0xff, 0xff, 0xff, 0xff, 0xff, 0xff, 0xff, 0x60, 0x00, 0x0a, 0xff, 0xa0,
    0x02, 0xff, 0xfe, 0xdd, 0xdd, 0xff, 0xfe, 0xdd, 0xdd, 0x50, 0x00, 0x0a, 0xff, 0xa0, 0x02, 0xff,
    0xf3, 0x00, 0x02, 0xff, 0xf4, 0x00, 0x00, 0x00, 0x00, 0x0a, 0xff, 0xa0, 0x23, 0xff, 0xf3, 0x00,
    0x02, 0xff, 0xf4, 0x00, 0x00, 0x00, 0x00, 0x0a, 0xff, 0xee, 0xf5, 0xff, 0xff, 0xff, 0xff, 0xff,
    0xff, 0xff, 0xff, 0xf8, 0x5b, 0xef, 0xff, 0xff, 0xf5, 0xff, 0xff, 0xff, 0xff, 0xff, 0xff, 0xff,
    0xff, 0xf8, 0x8f, 0xff, 0xff, 0xff, 0xf5, 0xff, 0xfd, 0xdd, 0xdd, 0xff, 0xfe, 0xdd, 0xdd, 0xd7,
    0x6f, 0xff, 0xff, 0xea, 0x76, 0xff, 0xf0, 0x00, 0x02, 0xff, 0xf4, 0x00, 0x00, 0x00, 0x5f, 0xde,
    0xff, 0xa0, 0x08, 0xff, 0xd0, 0x00, 0x02, 0xff, 0xf4, 0x00, 0x00, 0x00, 0x11, 0x0a, 0xff, 0xa0,
    0x0a, 0xff, 0xc0, 0x00, 0x02, 0xff, 0xf4, 0x00, 0x00, 0x00, 0x00, 0x0a, 0xff, 0xa0, 0x0c, 0xff,
    0xaa, 0xff, 0xff, 0xff, 0xff, 0xff, 0xfd, 0x00, 0x00, 0x0a, 0xff, 0xa0, 0x1f, 0xff, 0x7a, 0xff,
    0xff, 0xff, 0xff, 0xff, 0xfd, 0x00, 0x00, 0x0a, 0xff, 0xa0, 0x5f, 0xff, 0x3a, 0xff, 0xed, 0xdd,
    0xdd, 0xef, 0xfd, 0x00, 0x00, 0x0a, 0xff, 0xa0, 0x9f, 0xff, 0x0a, 0xff, 0x90, 0x00, 0x00, 0x5f,
    0xfd, 0x00, 0x00, 0x0a, 0xff, 0xa1, 0xef, 0xfa, 0x0a, 0xff, 0x90, 0x00, 0x00, 0x5f, 0xfd, 0x00,
    0x00, 0x0d, 0xff, 0xa7, 0xff, 0xf5, 0x0a, 0xff, 0xff, 0xff, 0xff, 0xff, 0xfd, 0x00, 0x4f, 0xff,
    0xff, 0x9b, 0xff, 0xe0, 0x0a, 0xff, 0xff, 0xff, 0xff, 0xff, 0xfd, 0x00, 0x1f, 0xff, 0xff, 0x71,
    0xcf, 0x60, 0x0a, 0xff, 0xed, 0xdd, 0xdd, 0xef, 0xfd, 0x00, 0x0d, 0xff, 0xfe, 0x10, 0x1a, 0x00,
    0x0a, 0xff, 0x90, 0x00, 0x00, 0x5f, 0xfd, 0x00, 0x06, 0x88, 0x61, 0x00, 0x00, 0x00, 0x0a, 0xff,
    0x90, 0x00, 0x00, 0x5f, 0xfd, 0x00, 0x00, 0x07, 0xff, 0xf2, 0x00, 0x00, 0x00, 0x04, 0x8a, 0xd9,
    0x00, 0x00, 0x00, 0x00, 0x00, 0x07, 0xff, 0xf2, 0x00, 0x00, 0x00, 0x06, 0xff, 0xfe, 0x00, 0x00,
    0x00, 0x00, 0x00, 0x07, 0xff, 0xf2, 0x00, 0x00, 0x00, 0x01, 0xff, 0xff, 0x30, 0x00, 0x00, 0x00,
    0x00, 0x07, 0xff, 0xf2, 0x00, 0xef, 0xff, 0xff, 0xff, 0xff, 0xff, 0xff, 0xff, 0xb0, 0x00, 0x07,
    0xff, 0xf2, 0x00, 0xef, 0xff, 0xff, 0xff, 0xff, 0xff, 0xff, 0xff, 0xb0, 0x00, 0x07, 0xff, 0xf2,
    0x00, 0xef, 0xff, 0xff, 0xff, 0xff, 0xff, 0xff, 0xff, 0xb0, 0x2f, 0xff, 0xff, 0xff, 0xf7, 0x12,
    0x7d, 0xfc, 0x11, 0x11, 0x3e, 0xfa, 0x51, 0x10, 0x2f, 0xff, 0xff, 0xff, 0xf7, 0x01, 0xef, 0xff,
    0x80, 0x00, 0xbf, 0xff, 0xa0, 0x00, 0x2f, 0xff, 0xff, 0xff, 0xf7, 0x00, 0x5f, 0xfe, 0x90, 0x07,
    0xff, 0xfc, 0x00, 0x00, 0x18, 0x8b, 0xff, 0xf8, 0x8f, 0xff, 0xff, 0xff, 0xff, 0xff, 0xff, 0xff,
    0xff, 0xf8, 0x00, 0x07, 0xff, 0xf2, 0x0d, 0xff, 0xff, 0xff, 0xff, 0xff, 0xff, 0xff, 0xff, 0xf8,
    0x00, 0x07, 0xff, 0xf2, 0x0d, 0xff, 0xff, 0xff, 0xff, 0xff, 0xff, 0xff, 0xff, 0xf8, 0x00, 0x07,
    0xff, 0xf8, 0x52, 0x11, 0x11, 0xdd, 0x82, 0x11, 0x11, 0x11, 0x11, 0x11, 0x7e, 0xff, 0xff, 0xff,
    0xf4, 0x00, 0x03, 0xff, 0xfe, 0x00, 0x00, 0x00, 0x00, 0x00, 0x7f, 0xff, 0xff, 0xff, 0xf4, 0x00,
    0x07, 0xff, 0xf9, 0x00, 0x00, 0x00, 0x00, 0x00, 0x5f, 0xff, 0xff, 0xff, 0xff, 0xff, 0xff, 0xff,
    0xff, 0xff, 0xff, 0xff, 0xff, 0xf4, 0x3f, 0xff, 0xff, 0xf8, 0x7e, 0xff, 0xff, 0xff, 0xff, 0xff,
    0xff, 0xff, 0xff, 0xf4, 0x01, 0x28, 0xff, 0xf2, 0x0e, 0xff, 0xff, 0xff, 0xff, 0xff, 0xff, 0xff,
    0xff, 0xf4, 0x00, 0x07, 0xff, 0xf2, 0x01, 0x16, 0xff, 0xf6, 0x11, 0x11, 0xaf, 0xff, 0x61, 0x10,
    0x00, 0x07, 0xff, 0xf2, 0x00, 0x0d, 0xff, 0xe3, 0x00, 0x03, 0xff, 0xfd, 0x00, 0x00, 0x00, 0x07,
    0xff, 0xf2, 0x00, 0x7f, 0xff, 0xff, 0xb3, 0x2d, 0xff, 0xf6, 0x00, 0x00, 0x00, 0x07, 0xff, 0xf2,
    0x00, 0x3a, 0xef, 0xff, 0xff, 0xef, 0xff, 0xb0, 0x00, 0x00, 0x00, 0x07, 0xff, 0xf2, 0x00, 0x00,
    0x17, 0xdf, 0xff, 0xff, 0xff, 0x20, 0x00, 0x00, 0x00, 0x1a, 0xff, 0xf2, 0x00, 0x00, 0x03, 0x9f,
    0xff, 0xff, 0xff, 0xe9, 0x20, 0x00, 0x7f, 0xff, 0xff, 0xf0, 0x13, 0x69, 0xdf, 0xff, 0xff, 0xff,
    0xff, 0xff, 0xfb, 0x40, 0x3f, 0xff, 0xff, 0xc0, 0xaf, 0xff, 0xff, 0xff, 0xfb, 0x32, 0x9f, 0xff,
    0xff, 0xd0, 0x0e, 0xff, 0xfe, 0x40, 0x1e, 0xff, 0xff, 0xe8, 0x20, 0x00, 0x02, 0x9f, 0xff, 0x40,
    0x07, 0x87, 0x51, 0x00, 0x07, 0xda, 0x73, 0x00, 0x00, 0x00, 0x00, 0x02, 0x99, 0x00, 0x00, 0x0c,
    0xff, 0xb0, 0x00, 0x00, 0x00, 0x00, 0x00, 0x00, 0x00, 0x00, 0x00, 0x00, 0x00, 0x0c, 0xff, 0xb0,
    0x00, 0x3f, 0xff, 0xff, 0xff, 0xff, 0xff, 0xff, 0xfb, 0x00, 0x00, 0x0c, 0xff, 0xb0, 0x00, 0x3f,
    0xff, 0xff, 0xff, 0xff, 0xff, 0xff, 0xfb, 0x00, 0x00, 0x0c, 0xff, 0xb0, 0x00, 0x3f, 0xff, 0xff,
    0xff, 0xff, 0xff, 0xff, 0xfb, 0x00, 0x00, 0x0c, 0xff, 0xb0, 0x00, 0x3f, 0xff, 0x50, 0x00, 0x00,
    0x00, 0xcf, 0xfb, 0x00, 0x8f, 0xff, 0xff, 0xff, 0xd0, 0x3f, 0xff, 0x50, 0x00, 0x00, 0x00, 0xcf,
    0xfb, 0x00, 0x8f, 0xff, 0xff, 0xff, 0xd0, 0x3f, 0xff, 0xff, 0xff, 0xff, 0xff, 0xff, 0xfb, 0x00,
    0x8f, 0xff, 0xff, 0xff, 0xd0, 0x3f, 0xff, 0xff, 0xff, 0xff, 0xff, 0xff, 0xfb, 0x00, 0x36, 0x6d,
    0xff, 0xc6, 0x50, 0x3f, 0xff, 0x96, 0x66, 0x66, 0x66, 0xdf, 0xfb, 0x00, 0x00, 0x0c, 0xff, 0xb0,
    0x00, 0x3f, 0xff, 0x50, 0x00, 0x00, 0x00, 0xcf, 0xfb, 0x00, 0x00, 0x0c, 0xff, 0xb0, 0x00, 0x3f,
    0xff, 0xff, 0xff, 0xff, 0xff, 0xff, 0xfb, 0x00, 0x00, 0x0c, 0xff, 0xb0, 0x10, 0x3f, 0xff, 0xff,
    0xff, 0xff, 0xff, 0xff, 0xfb, 0x00, 0x00, 0x0c, 0xff, 0xca, 0xb0, 0x3f, 0xff, 0xff, 0xff, 0xff,
    0xff, 0xff, 0xfb, 0x00, 0x01, 0x5e, 0xff, 0xff, 0xb0, 0x00, 0x00, 0x00, 0x00, 0x00, 0x00, 0x00,
    0x00, 0x00, 0x8f, 0xff, 0xff, 0xff, 0xba, 0xff, 0xff, 0xff, 0xff, 0xff, 0xff, 0xff, 0xff, 0xf8,
    0x8f, 0xff, 0xff, 0xfd, 0x6a, 0xff, 0xff, 0xff, 0xff, 0xff, 0xff, 0xff, 0xff, 0xf8, 0x7f, 0xff,
    0xff, 0xb0, 0x0a, 0xff, 0xff, 0xff, 0xff, 0xff, 0xff, 0xff, 0xff, 0xf8, 0x6d, 0x7d, 0xff, 0xb0,
    0x01, 0x22, 0x22, 0x22, 0x4f, 0xff, 0x72, 0x22, 0x22, 0x21, 0x10, 0x0c, 0xff, 0xb0, 0x00, 0x00,
    0x00, 0x00, 0x2f, 0xff, 0x50, 0x00, 0x00, 0x00, 0x00, 0x0c, 0xff, 0xb0, 0x00, 0x0c, 0xb8, 0x20,
    0x2f, 0xff, 0xff, 0xff, 0xff, 0x90, 0x00, 0x0c, 0xff, 0xb0, 0x00, 0x1f, 0xff, 0x40, 0x2f, 0xff,
    0xff, 0xff, 0xff, 0x90, 0x00, 0x0c, 0xff, 0xb0, 0x00, 0x6f, 0xff, 0x10, 0x2f, 0xff, 0xff, 0xff,
    0xff, 0x90, 0x00, 0x0c, 0xff, 0xb0, 0x00, 0xbf, 0xff, 0x90, 0x2f, 0xff, 0x50, 0x00, 0x00, 0x00,
    0x00, 0x1e, 0xff, 0xb0, 0x04, 0xff, 0xff, 0xf9, 0x3f, 0xff, 0x50, 0x00, 0x00, 0x00, 0x7f, 0xff,
    0xff, 0xa0, 0x1d, 0xff, 0xff, 0xff, 0xdf, 0xff, 0xff, 0xff, 0xff, 0xf8, 0x4f, 0xff, 0xff, 0x70,
    0xbf, 0xff, 0xb7, 0xff, 0xff, 0xff, 0xff, 0xff, 0xff, 0xf4, 0x1f, 0xff, 0xfd, 0x10, 0x5e, 0xfe,
    0x20, 0x28, 0xdf, 0xff, 0xff, 0xff, 0xff, 0xf1, 0x08, 0x87, 0x40, 0x00, 0x01, 0xb4, 0x00, 0x00,
    0x01, 0x23, 0x33, 0x33, 0x33, 0x30, 0x00, 0x0b, 0xff, 0xa0, 0x00, 0x11, 0x22, 0x34, 0x45, 0x67,
    0x89, 0xab, 0xde, 0x00, 0x00, 0x0b, 0xff, 0xa0, 0x0a, 0xff, 0xff, 0xff, 0xff, 0xff, 0xff, 0xff,
    0xff, 0x20, 0x00, 0x0b, 0xff, 0xa0, 0x07, 0xff, 0xff, 0xff, 0xff, 0xff, 0xff, 0xff, 0xff, 0x50,
    0x00, 0x0b, 0xff, 0xa0, 0x04, 0xde, 0xfc, 0xba, 0xef, 0xfb, 0x21, 0x5f, 0x82, 0x00, 0x00, 0x0b,
    0xff, 0xa0, 0x00, 0x4e, 0xfa, 0x10, 0xbf, 0xfa, 0x04, 0xff, 0xf6, 0x00, 0x6f, 0xff, 0xff, 0xff,
    0xb0, 0x4e, 0xff, 0xc0, 0xbf, 0xfa, 0x1e, 0xff, 0xc1, 0x00, 0x6f, 0xff, 0xff, 0xff, 0xb0, 0x03,
    0xef, 0x50, 0xbf, 0xfa, 0x05, 0xfb, 0x10, 0x00, 0x6f, 0xff, 0xff, 0xff, 0xcf, 0xff, 0xff, 0xff,
    0xff, 0xff, 0xff, 0xff, 0xff, 0xf4, 0x26, 0x6c, 0xff, 0xc6, 0x5f, 0xff, 0xff, 0xff, 0xff, 0xff,
    0xff, 0xff, 0xff, 0xf4, 0x00, 0x0b, 0xff, 0xa0, 0x1a, 0xaa, 0xac, 0xff, 0xff, 0xff, 0xff, 0xba,
    0xaa, 0xa3, 0x00, 0x0b, 0xff, 0xa0, 0x00, 0x00, 0x4e, 0xff, 0xef, 0xfe, 0xff, 0xc2, 0x00, 0x00,
    0x00, 0x0b, 0xff, 0xa0, 0x10, 0x05, 0xff, 0xf7, 0xbf, 0xfa, 0x9f, 0xff, 0x81, 0x00, 0x00, 0x0c,
    0xff, 0xee, 0x71, 0x9f, 0xff, 0x80, 0xbf, 0xfa, 0x0c, 0xff, 0xfe, 0x93, 0x05, 0xdf, 0xff, 0xff,
    0xad, 0xff, 0xf8, 0x00, 0xbf, 0xfa, 0x01, 0xbf, 0xff, 0xf6, 0x9f, 0xff, 0xff, 0xff, 0xbf, 0xff,
    0x70, 0x00, 0xbf, 0xfa, 0x00, 0x09, 0xff, 0xb0, 0x8f, 0xff, 0xff, 0xff, 0x75, 0xff, 0xff, 0xff,
    0xff, 0xff, 0xff, 0xff, 0xff, 0x30, 0x7f, 0xee, 0xff, 0xa1, 0x21, 0xff, 0xff, 0xff, 0xff, 0xff,
    0xff, 0xff, 0xff, 0x00, 0x6b, 0x2b, 0xff, 0xa0, 0x01, 0xff, 0xfb, 0x99, 0xdf, 0xfd, 0x99, 0xbf,
    0xff, 0x00, 0x10, 0x0b, 0xff, 0xa0, 0x01, 0xff, 0xf4, 0x00, 0xbf, 0xfa, 0x00, 0x4f, 0xff, 0x00,
    0x00, 0x0b, 0xff, 0xa0, 0x01, 0xff, 0xff, 0xff, 0xff, 0xff, 0xff, 0xff, 0xff, 0x00, 0x00, 0x0b,
    0xff, 0xa0, 0x01, 0xff, 0xff, 0xff, 0xff, 0xff, 0xff, 0xff, 0xff, 0x00, 0x00, 0x0b, 0xff, 0xa0,
    0x01, 0xff, 0xf9, 0x77, 0xdf, 0xfc, 0x77, 0x9f, 0xff, 0x00, 0x00, 0x0b, 0xff, 0xa0, 0x01, 0xff,
    0xf4, 0x00, 0xbf, 0xfa, 0x00, 0x4f, 0xff, 0x00, 0x00, 0x1d, 0xff, 0xa0, 0x01, 0xff, 0xf4, 0x00,
    0xbf, 0xfa, 0x00, 0x4f, 0xff, 0x00, 0x6f, 0xff, 0xff, 0x90, 0x01, 0xff, 0xff, 0xff, 0xff, 0xff,
    0xff, 0xff, 0xff, 0x00, 0x3f, 0xff, 0xff, 0x60, 0x01, 0xff, 0xff, 0xff, 0xff, 0xff, 0xff, 0xff,
    0xff, 0x00, 0x1f, 0xff, 0xfc, 0x10, 0x01, 0xff, 0xfb, 0x99, 0x99, 0x99, 0x99, 0xbf, 0xff, 0x00,
    0x07, 0x86, 0x40, 0x00, 0x01, 0xff, 0xf4, 0x00, 0x00, 0x00, 0x00, 0x4f, 0xff, 0x00, 0x00, 0x00,
    0x01, 0x7d, 0x30, 0x00, 0x00, 0x00, 0x4c, 0x85, 0x10, 0x00, 0x00, 0x00, 0x00, 0x00, 0x5f, 0xff,
    0xc0, 0x00, 0x00, 0x00, 0x8f, 0xff, 0x60, 0x00, 0x00, 0x00, 0x00, 0x00, 0x1d, 0xff, 0xf6, 0x00,
    0x00, 0x00, 0xcf, 0xff, 0x20, 0x00, 0x00, 0x00, 0x00, 0x00, 0x05, 0xff, 0xe8, 0x00, 0x00, 0x02,
    0xff, 0xfc, 0x00, 0x00, 0x00, 0x00, 0x5f, 0xff, 0xff, 0xff, 0xff, 0xff, 0xf9, 0x08, 0xff, 0xff,
    0xff, 0xff, 0xff, 0xf8, 0x5f, 0xff, 0xff, 0xff, 0xff, 0xff, 0xf9, 0x0d, 0xff, 0xff, 0xff, 0xff,
    0xff, 0xf8, 0x5f, 0xff, 0xff, 0xff, 0xff, 0xff, 0xf9, 0x6f, 0xff, 0xff, 0xff, 0xff, 0xff, 0xf8,
    0x39, 0x9f, 0xff, 0xc9, 0x99, 0x99, 0x96, 0xdf, 0xff, 0xaa, 0xaa, 0xdf, 0xff, 0xa5, 0x00, 0x0f,
    0xff, 0x80, 0x00, 0x00, 0x07, 0xff, 0xfe, 0x00, 0x00, 0xaf, 0xfd, 0x00, 0x00, 0x0f, 0xff, 0x80,
    0x00, 0x00, 0x3f, 0xff, 0xfe, 0x00, 0x00, 0xcf, 0xfb, 0x00, 0x00, 0x0f, 0xff, 0xff, 0xff, 0xff,
    0xff, 0xff, 0xff, 0x10, 0x00, 0xef, 0xf9, 0x00, 0x00, 0x0f, 0xff, 0xff, 0xff, 0xff, 0xbd, 0xff,
    0xff, 0x40, 0x02, 0xff, 0xf6, 0x00, 0x00, 0x0f, 0xff, 0xff, 0xff, 0xff, 0xa5, 0xfe, 0xff, 0x80,
    0x05, 0xff, 0xf3, 0x00, 0x00, 0x1f, 0xff, 0x95, 0x5e, 0xff, 0xa0, 0x97, 0xff, 0xc0, 0x09, 0xff,
    0xe0, 0x00, 0x00, 0x2f, 0xff, 0x50, 0x0e, 0xff, 0x90, 0x03, 0xff, 0xf2, 0x0e, 0xff, 0xa0, 0x00,
    0x00, 0x3f, 0xff, 0x40, 0x0f, 0xff, 0x90, 0x00, 0xef, 0xf8, 0x4f, 0xff, 0x50, 0x00, 0x00, 0x4f,
    0xff, 0x30, 0x0f, 0xff, 0x80, 0x00, 0x9f, 0xfe, 0xbf, 0xfe, 0x00, 0x00, 0x00, 0x7f, 0xff, 0x10,
    0x1f, 0xff, 0x80, 0x00, 0x3f, 0xff, 0xff, 0xf8, 0x00, 0x00, 0x00, 0xaf, 0xfe, 0x00, 0x1f, 0xff,
    0x70, 0x00, 0x0c, 0xff, 0xff, 0xe1, 0x00, 0x00, 0x00, 0xef, 0xfb, 0x00, 0x2f, 0xff, 0x60, 0x00,
    0x04, 0xff, 0xff, 0x90, 0x00, 0x00, 0x05, 0xff, 0xf8, 0x00, 0x2f, 0xff, 0x60, 0x00, 0x2c, 0xff,
    0xff, 0xe4, 0x00, 0x00, 0x0b, 0xff, 0xf4, 0x00, 0x4f, 0xff, 0x50, 0x04, 0xef, 0xff, 0xff, 0xfe,
    0x50, 0x00, 0x4f, 0xff, 0xf1, 0x01, 0xaf, 0xff, 0x41, 0x9f, 0xff, 0xff, 0xef, 0xff, 0xfa, 0x10,
    0x8f, 0xff, 0x9e, 0xff, 0xff, 0xff, 0x6e, 0xff, 0xff, 0xf5, 0x2d, 0xff, 0xff, 0xe5, 0x1e, 0xff,
    0x2b, 0xff, 0xff, 0xfc, 0x2e, 0xff, 0xfe, 0x40, 0x02, 0xdf, 0xff, 0xe1, 0x06, 0xf8, 0x08, 0xff,
    0xff, 0xe3, 0x06, 0xff, 0xb2, 0x00, 0x00, 0x1b, 0xff, 0x40, 0x00, 0x90, 0x03, 0xa9, 0x86, 0x10,
    0x00, 0xb6, 0x00, 0x00, 0x00, 0x00, 0x79, 0x00, 0x00, 0x00, 0x04, 0x8b, 0xd0, 0x00, 0x00, 0x00,
    0x0c, 0xda, 0x70, 0x00, 0x00, 0x00, 0x00, 0x00, 0x0a, 0xff, 0xf3, 0x00, 0x00, 0x00, 0x1f, 0xff,
    0x90, 0x00, 0x00, 0x00, 0x00, 0x00, 0x06, 0xff, 0xf8, 0x00, 0x00, 0x00, 0x5f, 0xff, 0x50, 0x00,
    0x00, 0x00, 0x00, 0x00, 0x01, 0xff, 0xfb, 0x00, 0x00, 0x00, 0x9f, 0xff, 0x10, 0x00, 0x00, 0x00,
    0x2f, 0xff, 0xff, 0xff, 0xff, 0xff, 0xff, 0x80, 0xef, 0xfd, 0x00, 0x00, 0x00, 0x00, 0x2f, 0xff,
    0xff, 0xff, 0xff, 0xff, 0xff, 0x84, 0xff, 0xff, 0xff, 0xff, 0xff, 0xf8, 0x2f, 0xff, 0xff, 0xff,
    0xff, 0xff, 0xff, 0x8a, 0xff, 0xff, 0xff, 0xff, 0xff, 0xf8, 0x16, 0x66, 0x66, 0x66, 0x66, 0x66,
    0x66, 0x4f, 0xff, 0xff, 0xff, 0xff, 0xff, 0xf8, 0x00, 0x03, 0xc5, 0x00, 0x00, 0x89, 0x00, 0x7f,
    0xff, 0xda, 0xaa, 0xcf, 0xff, 0xa5, 0x00, 0x1d, 0xff, 0xd1, 0x2c, 0xff, 0x70, 0xdf, 0xff, 0xb0,
    0x00, 0x9f, 0xfc, 0x00, 0x00, 0xaf, 0xff, 0x90, 0x1c, 0xff, 0xfa, 0xff, 0xff, 0xe0, 0x00, 0xbf,
    0xfa, 0x00, 0x09, 0xff, 0xfd, 0x10, 0x01, 0xcf, 0xff, 0xff, 0xff, 0xf2, 0x00, 0xef, 0xf8, 0x00,
    0x6f, 0xff, 0xe3, 0x00, 0x00, 0x1d, 0xff, 0xff, 0xef, 0xf6, 0x03, 0xff, 0xf5, 0x00, 0x1b, 0xff,
    0x40, 0x00, 0x0c, 0xa8, 0xec, 0xf8, 0x9f, 0xfa, 0x07, 0xff, 0xf2, 0x00, 0x00, 0xa4, 0x79, 0x00,
    0x2f, 0xff, 0x90, 0x91, 0x5f, 0xff, 0x1c, 0xff, 0xd0, 0x00, 0x00, 0x08, 0xff, 0x90, 0x8f, 0xff,
    0x30, 0x00, 0x1f, 0xff, 0xaf, 0xff, 0x80, 0x00, 0x00, 0x1d, 0xff, 0xfa, 0xef, 0xfd, 0x00, 0x00,
    0x0b, 0xff, 0xff, 0xff, 0x30, 0x00, 0x00, 0x02, 0xdf, 0xff, 0xff, 0xf6, 0x00, 0x00, 0x05, 0xff,
    0xff, 0xfc, 0x00, 0x00, 0x00, 0x00, 0x2d, 0xff, 0xff, 0xd0, 0x00, 0x00, 0x00, 0xdf, 0xff, 0xf5,
    0x00, 0x00, 0x00, 0x00, 0x04, 0xff, 0xff, 0xb0, 0x00, 0x00, 0x00, 0xcf, 0xff, 0xe0, 0x00, 0x00,
    0x00, 0x00, 0x2d, 0xff, 0xff, 0xf9, 0x00, 0x00, 0x1b, 0xff, 0xff, 0xfa, 0x00, 0x00, 0x00, 0x03,
    0xef, 0xff, 0xff, 0xff, 0x90, 0x02, 0xcf, 0xff, 0xff, 0xff, 0x90, 0x00, 0x00, 0x7f, 0xff, 0xfe,
    0x7f, 0xff, 0xf4, 0x5e, 0xff, 0xff, 0xdf, 0xff, 0xfc, 0x20, 0x4c, 0xff, 0xff, 0xe3, 0x07, 0xff,
    0x8b, 0xff, 0xff, 0xfa, 0x09, 0xff, 0xff, 0xe5, 0x4f, 0xff, 0xfd, 0x20, 0x00, 0x95, 0x9f, 0xff,
    0xff, 0x70, 0x00, 0xaf, 0xff, 0xe1, 0x08, 0xff, 0xb1, 0x00, 0x00, 0x00, 0x0b, 0xff, 0xd4, 0x00,
    0x00, 0x09, 0xff, 0x50, 0x00, 0xb6, 0x00, 0x00, 0x00, 0x00, 0x01, 0xb7, 0x10, 0x00, 0x00, 0x00,
    0x59, 0x00, 0x00, 0x00, 0x00, 0x6f, 0xff, 0x10, 0x00, 0x00, 0x01, 0xed, 0xc8, 0x00, 0x00, 0x00,
    0x00, 0x4c, 0x20, 0x6f, 0xff, 0x10, 0x5a, 0x20, 0x04, 0xff, 0xf8, 0x00, 0x00, 0x00, 0x07, 0xff,
    0xb0, 0x6f, 0xff, 0x11, 0xdf, 0xe4, 0x08, 0xff, 0xf5, 0x00, 0x00, 0x00, 0x03, 0xff, 0xf6, 0x6f,
    0xff, 0x1a, 0xff, 0xd1, 0x0c, 0xff, 0xf1, 0x00, 0x00, 0x00, 0x00, 0x9f, 0xfa, 0x6f, 0xff, 0x3e,
    0xff, 0x50, 0x2f, 0xff, 0xc0, 0x00, 0x00, 0x00, 0x00, 0x2e, 0x60, 0x6f, 0xff, 0x11, 0xa9, 0x00,
    0x6f, 0xff, 0xff, 0xff, 0xff, 0xf8, 0x0e, 0xff, 0xff, 0xff, 0xff, 0xff, 0xff, 0xd0, 0xbf, 0xff,
    0xff, 0xff, 0xff, 0xf8, 0x0e, 0xff, 0xff, 0xff, 0xff, 0xff, 0xff, 0xd2, 0xff, 0xff, 0xff, 0xff,
    0xff, 0xf8, 0x0b, 0xcc, 0xcf, 0xff, 0xff, 0xcc, 0xcc, 0xa7, 0xff, 0xf9, 0x55, 0x5f, 0xff, 0x93,
    0x00, 0x02, 0xbf, 0xff, 0xff, 0x11, 0x00, 0x0d, 0xff, 0xf4, 0x00, 0x1f, 0xff, 0x40, 0x00, 0x6e,
    0xff, 0xff, 0xff, 0x9e, 0x70, 0x5f, 0xff, 0xf6, 0x00, 0x2f, 0xff, 0x20, 0x5d, 0xff, 0xff, 0xbf,
    0xff, 0xff, 0xfd, 0xdf, 0xff, 0xf9, 0x00, 0x5f, 0xff, 0x00, 0x7f, 0xff, 0xe4, 0x6f, 0xff, 0xbf,
    0xff, 0xff, 0xff, 0xfc, 0x00, 0x8f, 0xfc, 0x00, 0x1f, 0xfb, 0x3f, 0xff, 0xff, 0x16, 0xef, 0xcf,
    0xef, 0xff, 0x10, 0xcf, 0xf9, 0x00, 0x09, 0x60, 0x7f, 0xff, 0x50, 0x00, 0x2b, 0x17, 0x5c, 0xff,
    0x61, 0xff, 0xf6, 0x00, 0x4f, 0xff, 0xff, 0xff, 0xff, 0xff, 0xff, 0x50, 0x08, 0xff, 0xb7, 0xff,
    0xf1, 0x00, 0x4f, 0xff, 0xff, 0xff, 0xff, 0xff, 0xff, 0x50, 0x04, 0xff, 0xfe, 0xff, 0xb0, 0x00,
    0x3c, 0xcf, 0xff, 0xdc, 0xcc, 0xef, 0xff, 0x50, 0x00, 0xef, 0xff, 0xff, 0x60, 0x00, 0x00, 0x7f,
    0xff, 0x20, 0x00, 0xdf, 0xfd, 0x00, 0x00, 0x8f, 0xff, 0xfe, 0x00, 0x00, 0x01, 0xef, 0xfe, 0x50,
    0x08, 0xff, 0xf5, 0x00, 0x00, 0x2f, 0xff, 0xf8, 0x00, 0x00, 0x06, 0xff, 0xff, 0xfd, 0x9f, 0xff,
    0xa0, 0x00, 0x00, 0xaf, 0xff, 0xfe, 0x20, 0x00, 0x00, 0x28, 0xef, 0xff, 0xff, 0xfe, 0x10, 0x00,
    0x0a, 0xff, 0xff, 0xff, 0xd2, 0x00, 0x00, 0x01, 0x7e, 0xff, 0xff, 0xff, 0xc5, 0x03, 0xcf, 0xff,
    0xff, 0xff, 0xfe, 0x40, 0x49, 0xcf, 0xff, 0xff, 0xff, 0xff, 0xff, 0xaf, 0xff, 0xff, 0x97, 0xff,
    0xff, 0xf5, 0x5f, 0xff, 0xff, 0xfc, 0x45, 0xdf, 0xfc, 0xff, 0xff, 0xf8, 0x00, 0x9f, 0xff, 0xd1,
    0x0d, 0xff, 0xfc, 0x50, 0x00, 0x07, 0xb0, 0x9f, 0xfe, 0x50, 0x00, 0x08, 0xff, 0x30, 0x07, 0xc8,
    0x30, 0x00, 0x00, 0x00, 0x00, 0x09, 0x91, 0x00, 0x00, 0x00, 0x68, 0x00, 0x00, 0x00, 0x00, 0x00,
    0x00, 0x03, 0x7a, 0xd6, 0x00, 0x00, 0x00, 0x00, 0x00, 0x00, 0x00, 0x00, 0x00, 0x00, 0x00, 0x0b,
    0xff, 0xfc, 0x00, 0x00, 0x00, 0x00, 0x00, 0x00, 0x00, 0x00, 0x00, 0x00, 0x00, 0x05, 0xff, 0xff,
    0x30, 0x00, 0x00, 0x00, 0x00, 0x00, 0x00, 0x00, 0x00, 0x00, 0x00, 0x01, 0xef, 0xff, 0x90, 0x00,
    0x00, 0x00, 0x00, 0x00, 0x4f, 0xff, 0xff, 0xff, 0xff, 0xff, 0xff, 0xff, 0xff, 0xff, 0xff, 0xff,
    0xff, 0xf3, 0x4f, 0xff, 0xff, 0xff, 0xff, 0xff, 0xff, 0xff, 0xff, 0xff, 0xff, 0xff, 0xff, 0xf3,
    0x4f, 0xff, 0xff, 0xff, 0xff, 0xff, 0xff, 0xff, 0xff, 0xff, 0xff, 0xff, 0xff, 0xf3, 0x3a, 0xaa,
    0xae, 0xff, 0xfc, 0xaa, 0xaa, 0xaa, 0xaa, 0xdf, 0xff, 0xfb, 0xaa, 0xa2, 0x00, 0x00, 0x09, 0xff,
    0xfa, 0x00, 0x00, 0x00, 0x00, 0xcf, 0xff, 0xc0, 0x00, 0x00, 0x00, 0x00, 0x04, 0xff, 0xfe, 0x10,
    0x00, 0x00, 0x03, 0xff, 0xff, 0x60, 0x00, 0x00, 0x00, 0x00, 0x00, 0xef, 0xff, 0x70, 0x00, 0x00,
    0x09, 0xff, 0xff, 0x10, 0x00, 0x00, 0x00, 0x00, 0x00, 0x8f, 0xff, 0xe1, 0x00, 0x00, 0x2f, 0xff,
    0xf9, 0x00, 0x00, 0x00, 0x00, 0x00, 0x00, 0x2f, 0xff, 0xf8, 0x00, 0x00, 0xaf, 0xff, 0xf2, 0x00,
    0x00, 0x00, 0x00, 0x00, 0x00, 0x09, 0xff, 0xff, 0x30, 0x04, 0xff, 0xff, 0x90, 0x00, 0x00, 0x00,
    0x00, 0x00, 0x00, 0x01, 0xef, 0xff, 0xd1, 0x2e, 0xff, 0xfd, 0x10, 0x00, 0x00, 0x00, 0x00, 0x00,
    0x00, 0x00, 0x7f, 0xff, 0xfb, 0xcf, 0xff, 0xf5, 0x00, 0x00, 0x00, 0x00, 0x00, 0x00, 0x00, 0x00,
    0x0b, 0xff, 0xff, 0xff, 0xff, 0x90, 0x00, 0x00, 0x00, 0x00, 0x00, 0x00, 0x00, 0x00, 0x01, 0xdf,
    0xff, 0xff, 0xfc, 0x00, 0x00, 0x00, 0x00, 0x00, 0x00, 0x00, 0x00, 0x00, 0x00, 0x9f, 0xff, 0xff,
    0xf8, 0x00, 0x00, 0x00, 0x00, 0x00, 0x00, 0x00, 0x00, 0x00, 0x3c, 0xff, 0xff, 0xff, 0xff, 0xc2,
    0x00, 0x00, 0x00, 0x00, 0x00, 0x00, 0x00, 0x2a, 0xff, 0xff, 0xff, 0xff, 0xff, 0xff, 0x91, 0x00,
    0x00, 0x00, 0x00, 0x00, 0x4a, 0xff, 0xff, 0xff, 0xf8, 0xaf, 0xff, 0xff, 0xfe, 0x93, 0x00, 0x00,
    0x02, 0x7c, 0xff, 0xff, 0xff, 0xfd, 0x40, 0x06, 0xef, 0xff, 0xff, 0xff, 0xb6, 0x20, 0x4f, 0xff,
    0xff, 0xff, 0xff, 0x81, 0x00, 0x00, 0x2a, 0xff, 0xff, 0xff, 0xff, 0xf3, 0x09, 0xff, 0xff, 0xff,
    0xa2, 0x00, 0x00, 0x00, 0x00, 0x4c, 0xff, 0xff, 0xff, 0x70, 0x00, 0xdf, 0xff, 0x92, 0x00, 0x00,
    0x00, 0x00, 0x00, 0x00, 0x5c, 0xff, 0xfa, 0x00, 0x00, 0x3d, 0x71, 0x00, 0x00, 0x00, 0x00, 0x00,
    0x00, 0x00, 0x00, 0x39, 0xc1, 0x00, 0x00, 0x00, 0x00, 0x00, 0x00, 0x01, 0x48, 0xbc, 0x00, 0x00,
    0x00, 0x00, 0x00, 0x00, 0x00, 0x00, 0x00, 0x00, 0x00, 0x08, 0xff, 0xff, 0x30, 0x00, 0x00, 0x00,
    0x00, 0x00, 0x00, 0x00, 0x00, 0x00, 0x00, 0x02, 0xff, 0xff, 0x80, 0x00, 0x00, 0x00, 0x00, 0x00,
    0x00, 0x00, 0x00, 0x00, 0x00, 0x00, 0xcf, 0xff, 0xd0, 0x00, 0x00, 0x00, 0x00, 0x00, 0x0f, 0xff,
    0xff, 0xff, 0xff, 0xff, 0xff, 0xff, 0xff, 0xff, 0xff, 0xff, 0xff, 0xf0, 0x0f, 0xff, 0xff, 0xff,
    0xff, 0xff, 0xff, 0xff, 0xff, 0xff, 0xff, 0xff, 0xff, 0xf0, 0x0f, 0xff, 0xff, 0xff, 0xff, 0xff,
    0xff, 0xff, 0xff, 0xff, 0xff, 0xff, 0xff, 0xf0, 0x09, 0x99, 0x99, 0x9e, 0xff, 0xfb, 0x99, 0x99,
    0x99, 0x99, 0x99, 0x99, 0x99, 0x90, 0x00, 0x00, 0x00, 0x0d, 0xff, 0xf5, 0x00, 0x00, 0x00, 0x00,
    0x00, 0x00, 0x00, 0x00, 0x00, 0x00, 0x00, 0x0d, 0xff, 0xf4, 0x00, 0x00, 0x00, 0x00, 0x00, 0x00,
    0x00, 0x00, 0x00, 0x00, 0x00, 0x0e, 0xff, 0xf4, 0x00, 0x00, 0x00, 0x00, 0x00, 0x00, 0x00, 0x00,
    0x00, 0x00, 0x00, 0x0e, 0xff, 0xff, 0xff, 0xff, 0xff, 0xff, 0xff, 0xff, 0x00, 0x00, 0x00, 0x00,
    0x00, 0x0f, 0xff, 0xff, 0xff, 0xff, 0xff, 0xff, 0xff, 0xfe, 0x00, 0x00, 0x00, 0x00, 0x00, 0x1f,
    0xff, 0xff, 0xff, 0xff, 0xff, 0xff, 0xff, 0xfe, 0x00, 0x00, 0x00, 0x00, 0x00, 0x2f, 0xff, 0xf9,
    0x99, 0x99, 0x99, 0x9b, 0xff, 0xfd, 0x00, 0x00, 0x00, 0x00, 0x00, 0x4f, 0xff, 0xe0, 0x00, 0x00,
    0x00, 0x05, 0xff, 0xfd, 0x00, 0x00, 0x00, 0x00, 0x00, 0x8f, 0xff, 0xc0, 0x00, 0x00, 0x00, 0x05,
    0xff, 0xfc, 0x00, 0x00, 0x00, 0x00, 0x00, 0xcf, 0xff, 0x80, 0x00, 0x00, 0x00, 0x06, 0xff, 0xfb,
    0x00, 0x00, 0x00, 0x00, 0x04, 0xff, 0xff, 0x40, 0x00, 0x00, 0x00, 0x06, 0xff, 0xfb, 0x00, 0x00,
    0x00, 0x00, 0x0b, 0xff, 0xfe, 0x00, 0x00, 0x00, 0x00, 0x07, 0xff, 0xfa, 0x00, 0x00, 0x00, 0x00,
    0x6f, 0xff, 0xf8, 0x00, 0x00, 0x00, 0x00, 0x08, 0xff, 0xf9, 0x00, 0x00, 0x00, 0x03, 0xef, 0xff,
    0xe1, 0x00, 0x00, 0x00, 0x00, 0x0b, 0xff, 0xf8, 0x00, 0x00, 0x00, 0x2d, 0xff, 0xff, 0x70, 0x00,
    0x21, 0x10, 0x01, 0x6f, 0xff, 0xf7, 0x00, 0x00, 0x03, 0xef, 0xff, 0xfc, 0x00, 0x00, 0xcf, 0xff,
    0xff, 0xff, 0xff, 0xf4, 0x00, 0x00, 0x4f, 0xff, 0xff, 0xe2, 0x00, 0x00, 0x8f, 0xff, 0xff, 0xff,
    0xff, 0xe1, 0x00, 0x00, 0x1b, 0xff, 0xfe, 0x30, 0x00, 0x00, 0x5f, 0xff, 0xff, 0xff, 0xff, 0x50,
    0x00, 0x00, 0x01, 0xcf, 0xe3, 0x00, 0x00, 0x00, 0x2f, 0xff, 0xff, 0xec, 0xa3, 0x00, 0x00, 0x00,
    0x00, 0x2b, 0x20, 0x00, 0x00, 0x00, 0x01, 0x11, 0x00, 0x00, 0x00, 0x00, 0x00, 0x00, 0x00, 0x8f,
    0xff, 0xff, 0xff, 0xff, 0xff, 0xff, 0xff, 0xff, 0xff, 0xff, 0xf9, 0x00, 0x00, 0x8f, 0xff, 0xff,
    0xff, 0xff, 0xff, 0xff, 0xff, 0xff, 0xff, 0xff, 0xf9, 0x00, 0x00, 0x8f, 0xff, 0xff, 0xff, 0xff,
    0xff, 0xff, 0xff, 0xff, 0xff, 0xff, 0xf9, 0x00, 0x00, 0x59, 0x99, 0x99, 0x99, 0x9b, 0xff, 0xfd,
    0x99, 0x99, 0x99, 0x99, 0x95, 0x00, 0x00, 0x00, 0x00, 0x00, 0x00, 0x07, 0xff, 0xf9, 0x00, 0x00,
    0x00, 0x00, 0x00, 0x00, 0x00, 0x00, 0x00, 0x00, 0x00, 0x08, 0xff, 0xf8, 0x00, 0x00, 0x00, 0x00,
    0x00, 0x00, 0x00, 0x00, 0x00, 0x00, 0x00, 0x09, 0xff, 0xf7, 0x00, 0x00, 0x00, 0x00, 0x00, 0x00,
    0x00, 0x00, 0x00, 0x00, 0x00, 0x0a, 0xff, 0xf5, 0x00, 0x00, 0x00, 0x00, 0x00, 0x00, 0x4f, 0xff,
    0xff, 0xff, 0xff, 0xff, 0xff, 0xff, 0xff, 0xff, 0xff, 0xff, 0xff, 0xf4, 0x4f, 0xff, 0xff, 0xff,
    0xff, 0xff, 0xff, 0xff, 0xff, 0xff, 0xff, 0xff, 0xff, 0xf4, 0x4f, 0xff, 0xff, 0xff, 0xff, 0xff,
    0xff, 0xff, 0xff, 0xff, 0xff, 0xff, 0xff, 0xf4, 0x29, 0x99, 0x99, 0x99, 0x99, 0xcf, 0xff, 0xc9,
    0x99, 0x99, 0x99, 0x99, 0x99, 0x93, 0x00, 0x00, 0x00, 0x00, 0x00, 0xaf, 0xff, 0x50, 0x00, 0x00,
    0x00, 0x00, 0x00, 0x00, 0x00, 0x00, 0x00, 0x00, 0x01, 0xef, 0xff, 0xef, 0xff, 0x10, 0x00, 0x00,
    0x00, 0x00, 0x00, 0x00, 0x00, 0x00, 0x07, 0xff, 0xfb, 0xdf, 0xff, 0x10, 0x00, 0x00, 0x00, 0x00,
    0x00, 0x00, 0x00, 0x00, 0x2e, 0xff, 0xf6, 0xdf, 0xff, 0x10, 0x00, 0x00, 0x00, 0x00, 0x00, 0x00,
    0x00, 0x00, 0xbf, 0xff, 0xe0, 0xdf, 0xff, 0x10, 0x00, 0x00, 0x00, 0x00, 0x00, 0x00, 0x00, 0x09,
    0xff, 0xff, 0x60, 0xdf, 0xff, 0x10, 0x00, 0x05, 0xb5, 0x00, 0x00, 0x00, 0x00, 0x8f, 0xff, 0xfc,
    0x00, 0xdf, 0xff, 0x10, 0x00, 0x07, 0xff, 0xe5, 0x00, 0x00, 0x09, 0xff, 0xff, 0xe3, 0x00, 0xdf,
    0xff, 0x10, 0x00, 0x0a, 0xff, 0xf5, 0x00, 0x02, 0xcf, 0xff, 0xff, 0x50, 0x00, 0xdf, 0xff, 0x30,
    0x00, 0x0d, 0xff, 0xf2, 0x00, 0x5e, 0xff, 0xff, 0xf7, 0x00, 0x00, 0xdf, 0xff, 0xa1, 0x01, 0x7f,
    0xff, 0xe0, 0x2b, 0xff, 0xff, 0xff, 0x70, 0x00, 0x00, 0xbf, 0xff, 0xff, 0xff, 0xff, 0xff, 0x90,
    0x1c, 0xff, 0xff, 0xe5, 0x00, 0x00, 0x00, 0x6f, 0xff, 0xff, 0xff, 0xff, 0xff, 0x30, 0x01, 0xbf,
    0xfd, 0x30, 0x00, 0x00, 0x00, 0x0a, 0xff, 0xff, 0xff, 0xff, 0xf6, 0x00, 0x00, 0x1b, 0x80, 0x00,
    0x00, 0x00, 0x00, 0x00, 0x37, 0x88, 0x88, 0x75, 0x10, 0x00, 0x00, 0x00, 0x00, 0x00, 0x00, 0x00,
    0x00, 0x00, 0x00, 0x00, 0x09, 0xff, 0xf4, 0x00, 0x00, 0x00, 0x00, 0x00, 0x00, 0x00, 0x00, 0x00,
    0x00, 0x00, 0x09, 0xff, 0xf4, 0x00, 0x04, 0xff, 0xff, 0xff, 0xff, 0xff, 0x80, 0x00, 0x00, 0x00,
    0x09, 0xff, 0xf4, 0x00, 0x04, 0xff, 0xff, 0xff, 0xff, 0xff, 0x80, 0x00, 0x00, 0x00, 0x09, 0xff,
    0xf4, 0x00, 0x04, 0xff, 0xff, 0xff, 0xff, 0xff, 0x80, 0x00, 0x00, 0x00, 0x09, 0xff, 0xf4, 0x00,
    0x04, 0xff, 0xfb, 0x99, 0xaf, 0xff, 0x8b, 0xff, 0xff, 0xff, 0xff, 0xff, 0xff, 0xf9, 0x04, 0xff,
    0xf5, 0x00, 0x2f, 0xff, 0x8b, 0xff, 0xff, 0xff, 0xff, 0xff, 0xff, 0xf9, 0x04, 0xff, 0xf5, 0x00,
    0x2f, 0xff, 0x8b, 0xff, 0xff, 0xff, 0xff, 0xff, 0xff, 0xf9, 0x04, 0xff, 0xf5, 0x00, 0x2f, 0xff,
    0x87, 0xaa, 0xaa, 0xaa, 0xad, 0xff, 0xfb, 0xa6, 0x04, 0xff, 0xf5, 0x00, 0x2f, 0xff, 0x80, 0x00,
    0x00, 0x00, 0x09, 0xff, 0xf4, 0x00, 0x04, 0xff, 0xf5, 0x00, 0x2f, 0xff, 0x80, 0x3c, 0x10, 0x00,
    0x09, 0xff, 0xf4, 0x00, 0x04, 0xff, 0xff, 0xff, 0xff, 0xff, 0x88, 0xff, 0xa0, 0x00, 0x09, 0xff,
    0xf4, 0x00, 0x04, 0xff, 0xff, 0xff, 0xff, 0xff, 0x8c, 0xff, 0xf5, 0x00, 0x09, 0xff, 0xf4, 0x00,
    0x04, 0xff, 0xff, 0xff, 0xff, 0xff, 0x83, 0xff, 0xfe, 0x10, 0x09, 0xff, 0xf4, 0x00, 0x04, 0xff,
    0xfa, 0x88, 0x8f, 0xff, 0x80, 0x9f, 0xff, 0x90, 0x09, 0xff, 0xf4, 0x00, 0x04, 0xff, 0xf5, 0x00,
    0x2f, 0xff, 0x80, 0x2e, 0xff, 0xf3, 0x09, 0xff, 0xf4, 0x00, 0x04, 0xff, 0xf5, 0x00, 0x2f, 0xff,
    0x80, 0x08, 0xff, 0xfc, 0x09, 0xff, 0xf4, 0x00, 0x04, 0xff, 0xf5, 0x00, 0x2f, 0xff, 0x80, 0x01,
    0xef, 0xff, 0x69, 0xff, 0xf4, 0x00, 0x04, 0xff, 0xf5, 0x00, 0x2f, 0xff, 0x80, 0x00, 0x7f, 0xf9,
    0x19, 0xff, 0xf4, 0x00, 0x04, 0xff, 0xf5, 0x00, 0x2f, 0xff, 0x80, 0x00, 0x1b, 0x30, 0x09, 0xff,
    0xf4, 0x00, 0x04, 0xff, 0xf5, 0x00, 0x2f, 0xff, 0x80, 0x00, 0x00, 0x00, 0x09, 0xff, 0xf4, 0x00,
    0x04, 0xff, 0xff, 0xff, 0xff, 0xff, 0x80, 0x00, 0x00, 0x00, 0x09, 0xff, 0xf4, 0x00, 0x04, 0xff,
    0xff, 0xff, 0xff, 0xff, 0x80, 0x00, 0x00, 0x00, 0x0b, 0xff, 0xf4, 0x00, 0x04, 0xff, 0xff, 0xff,
    0xff, 0xff, 0x80, 0x01, 0x11, 0x00, 0x5f, 0xff, 0xf4, 0x00, 0x04, 0xff, 0xfb, 0x99, 0xaf, 0xff,
    0x80, 0x0b, 0xff, 0xff, 0xff, 0xff, 0xf2, 0x00, 0x04, 0xff, 0xf5, 0x00, 0x2f, 0xff, 0x80, 0x07,
    0xff, 0xff, 0xff, 0xff, 0xd0, 0x00, 0x04, 0xff, 0xf5, 0x00, 0x2f, 0xff, 0x80, 0x03, 0xff, 0xff,
    0xff, 0xff, 0x40, 0x00, 0x00, 0x00, 0x00, 0x00, 0x00, 0x00, 0x00, 0x01, 0xdd, 0xdd, 0xdc, 0xa3,
    0x00, 0x00, 0x00, 0x0b, 0xff, 0xff, 0xff, 0xff, 0xff, 0xff, 0xff, 0xff, 0xff, 0xff, 0xf0, 0x00,
    0x00, 0x0b, 0xff, 0xff, 0xff, 0xff, 0xff, 0xff, 0xff, 0xff, 0xff, 0xff, 0xf0, 0x00, 0x00, 0x0b,
    0xff, 0xff, 0xff, 0xff, 0xff, 0xff, 0xff, 0xff, 0xff, 0xff, 0xf0, 0x00, 0x00, 0x0b, 0xff, 0xf1,
    0x00, 0x00, 0x00, 0x00, 0x00, 0x00, 0x0c, 0xff, 0xf0, 0x00, 0x00, 0x0b, 0xff, 0xff, 0xff, 0xff,
    0xff, 0xff, 0xff, 0xff, 0xff, 0xff, 0xf0, 0x00, 0x00, 0x0b, 0xff, 0xff, 0xff, 0xff, 0xff, 0xff,
    0xff, 0xff, 0xff, 0xff, 0xf0, 0x00, 0x00, 0x0b, 0xff, 0xff, 0xff, 0xff, 0xff, 0xff, 0xff, 0xff,
    0xff, 0xff, 0xf0, 0x00, 0x00, 0x0b, 0xff, 0xf6, 0x66, 0x66, 0x66, 0x66, 0x66, 0x66, 0x6d, 0xff,
    0xf0, 0x00, 0x00, 0x0b, 0xff, 0xff, 0xff, 0xff, 0xff, 0xff, 0xff, 0xff, 0xff, 0xff, 0xf0, 0x00,
    0x00, 0x0b, 0xff, 0xff, 0xff, 0xff, 0xff, 0xff, 0xff, 0xff, 0xff, 0xff, 0xf0, 0x00, 0x00, 0x0b,
    0xff, 0xff, 0xff, 0xff, 0xff, 0xff, 0xff, 0xff, 0xff, 0xff, 0xf0, 0x00, 0x00, 0x00, 0x9f, 0xfa,
    0x10, 0x00, 0x3f, 0xff, 0x90, 0x00, 0x00, 0x00, 0x00, 0x00, 0x00, 0x03, 0xff, 0xfe, 0x10, 0x00,
    0x3f, 0xff, 0x90, 0x00, 0x00, 0x00, 0x00, 0x00, 0x00, 0x0c, 0xff, 0xff, 0xff, 0xff, 0xff, 0xff,
    0xff, 0xff, 0xff, 0xff, 0xff, 0x20, 0x00, 0x7f, 0xff, 0xff, 0xff, 0xff, 0xff, 0xff, 0xff, 0xff,
    0xff, 0xff, 0xff, 0x20, 0x04, 0xff, 0xff, 0xee, 0xee, 0xee, 0xef, 0xff, 0xfe, 0xee, 0xee, 0xee,
    0xee, 0x20, 0x3e, 0xff, 0xf6, 0x00, 0x00, 0x00, 0x3f, 0xff, 0x90, 0x00, 0x00, 0x00, 0x00, 0x00,
    0x3c, 0xff, 0xdf, 0xff, 0xff, 0xff, 0xff, 0xff, 0xff, 0xff, 0xff, 0xff, 0xf6, 0x00, 0x00, 0x9a,
    0x4f, 0xff, 0xff, 0xff, 0xff, 0xff, 0xff, 0xff, 0xff, 0xff, 0xf6, 0x00, 0x00, 0x00, 0x3d, 0xdd,
    0xdd, 0xdd, 0xdf, 0xff, 0xed, 0xdd, 0xdd, 0xdd, 0xd5, 0x00, 0x00, 0x00, 0x00, 0x00, 0x00, 0x00,
    0x3f, 0xff, 0x90, 0x00, 0x00, 0x00, 0x00, 0x00, 0x00, 0x00, 0x00, 0x00, 0x00, 0x00, 0x3f, 0xff,
    0x90, 0x00, 0x00, 0x00, 0x00, 0x00, 0x1f, 0xff, 0xff, 0xff, 0xff, 0xff, 0xff, 0xff, 0xff, 0xff,
    0xff, 0xff, 0xff, 0xf5, 0x1f, 0xff, 0xff, 0xff, 0xff, 0xff, 0xff, 0xff, 0xff, 0xff, 0xff, 0xff,
    0xff, 0xf5, 0x1e, 0xee, 0xee, 0xee, 0xee, 0xee, 0xee, 0xee, 0xee, 0xee, 0xee, 0xee, 0xee, 0xe5,
    0x00, 0x00, 0x00, 0x48, 0xbe, 0x40, 0x00, 0x00, 0x01, 0xdb, 0x85, 0x10, 0x00, 0x00, 0x00, 0x00,
    0x00, 0x7f, 0xff, 0xc0, 0x00, 0x00, 0x0a, 0xff, 0xfc, 0x00, 0x00, 0x00, 0x00, 0x00, 0x00, 0x0d,
    0xff, 0xf5, 0x00, 0x00, 0x4f, 0xff, 0xe2, 0x00, 0x00, 0x00, 0x05, 0xff, 0xff, 0xff, 0xff, 0xff,
    0xff, 0xff, 0xff, 0xff, 0xff, 0xff, 0xff, 0x70, 0x05, 0xff, 0xff, 0xff, 0xff, 0xff, 0xff, 0xff,
    0xff, 0xff, 0xff, 0xff, 0xff, 0x70, 0x04, 0xcc, 0xdd, 0xcc, 0xcf, 0xff, 0xec, 0xce, 0xff, 0xfc,
    0xcc, 0xde, 0xcc, 0x60, 0x00, 0x05, 0xeb, 0x00, 0x0e, 0xff, 0xc0, 0x0b, 0xff, 0xf0, 0x00, 0xbe,
    0x50, 0x00, 0x00, 0x3f, 0xff, 0xb0, 0x0e, 0xff, 0xc0, 0x0b, 0xff, 0xf0, 0x0a, 0xff, 0xf6, 0x00,
    0x00, 0x07, 0xff, 0xf8, 0x0e, 0xff, 0xc0, 0x0b, 0xff, 0xf0, 0x9f, 0xff, 0x90, 0x00, 0x00, 0x00,
    0x8f, 0x91, 0x0e, 0xff, 0xc0, 0x0b, 0xff, 0xf0, 0x1b, 0xf9, 0x00, 0x00, 0x6f, 0xff, 0xff, 0xff,
    0xff, 0xff, 0xff, 0xff, 0xff, 0xff, 0xff, 0xff, 0xff, 0xf8, 0x6f, 0xff, 0xff, 0xff, 0xff, 0xff,
    0xff, 0xff, 0xff, 0xff, 0xff, 0xff, 0xff, 0xf8, 0x5c, 0xcc, 0xcc, 0xcc, 0xcc, 0xcc, 0xcc, 0xcc,
    0xcc, 0xcc, 0xcc, 0xcc, 0xcc, 0xc6, 0x00, 0x00, 0x00, 0x00, 0x00, 0x00, 0x00, 0x00, 0x00, 0x00,
    0x00, 0x00, 0x00, 0x00, 0x00, 0x04, 0xff, 0xff, 0xff, 0xff, 0xff, 0xff, 0xff, 0xff, 0xff, 0xff,
    0x50, 0x00, 0x00, 0x04, 0xff, 0xff, 0xff, 0xff, 0xff, 0xff, 0xff, 0xff, 0xff, 0xff, 0x50, 0x00,
    0x00, 0x04, 0xff, 0xfd, 0xcc, 0xcc, 0xcc, 0xcc, 0xcc, 0xcc, 0xdf, 0xff, 0x50, 0x00, 0x00, 0x04,
    0xff, 0xf7, 0x00, 0x00, 0x00, 0x00, 0x00, 0x00, 0x5f, 0xff, 0x50, 0x00, 0x00, 0x04, 0xff, 0xf7,
    0x00, 0x00, 0x00, 0x00, 0x00, 0x00, 0x5f, 0xff, 0x50, 0x00, 0x00, 0x04, 0xff, 0xff, 0xff, 0xff,
    0xff, 0xff, 0xff, 0xff, 0xff, 0xff, 0x50, 0x00, 0x00, 0x04, 0xff, 0xff, 0xff, 0xff, 0xff, 0xff,
    0xff, 0xff, 0xff, 0xff, 0x50, 0x00, 0x00, 0x04, 0xff, 0xfb, 0x99, 0x99, 0x99, 0x99, 0x99, 0x99,
    0xbf, 0xff, 0x50, 0x00, 0x00, 0x04, 0xff, 0xf7, 0x00, 0x00, 0x00, 0x00, 0x00, 0x00, 0x5f, 0xff,
    0x50, 0x00, 0x00, 0x04, 0xff, 0xff, 0xff, 0xff, 0xff, 0xff, 0xff, 0xff, 0xff, 0xff, 0x50, 0x00,
    0x00, 0x04, 0xff, 0xff, 0xff, 0xff, 0xff, 0xff, 0xff, 0xff, 0xff, 0xff, 0x50, 0x00, 0x00, 0x04,
    0xff, 0xfd, 0xcc, 0xcc, 0xcc, 0xcc, 0xcc, 0xcc, 0xdf, 0xff, 0x50, 0x00, 0x00, 0x04, 0xff, 0xf7,
    0x00, 0x00, 0x00, 0x00, 0x00, 0x00, 0x5f, 0xff, 0x50, 0x00, 0x00, 0x00, 0xde, 0xd6, 0x00, 0x00,
    0x00, 0x00, 0x00, 0x00, 0x00, 0x15, 0x9b, 0x00, 0x00, 0x04, 0xff, 0xf2, 0x00, 0x00, 0x00, 0x01,
    0x23, 0x57, 0x9c, 0xff, 0xff, 0x10, 0x6f, 0xff, 0xff, 0xff, 0xff, 0xff, 0xf8, 0x4f, 0xff, 0xff,
    0xff, 0xff, 0xff, 0x60, 0x6f, 0xff, 0xff, 0xff, 0xff, 0xff, 0xf8, 0x4f, 0xff, 0xff, 0xff, 0xff,
    0xc6, 0x10, 0x4c, 0xef, 0xfd, 0xcc, 0xcc, 0xcc, 0xc6, 0x4f, 0xff, 0xff, 0xea, 0x62, 0x00, 0x00,
    0x06, 0xff, 0xd1, 0xbf, 0xf9, 0x00, 0x00, 0x4f, 0xff, 0x62, 0x00, 0x00, 0x00, 0x00, 0x0c, 0xff,
    0xff, 0xff, 0xff, 0xff, 0xf0, 0x4f, 0xff, 0xff, 0xff, 0xff, 0xff, 0xf4, 0x0c, 0xff, 0xff, 0xff,
    0xff, 0xff, 0xf0, 0x5f, 0xff, 0xff, 0xff, 0xff, 0xff, 0xf4, 0x08, 0xbc, 0xcd, 0xff, 0xfd, 0xbc,
    0xc1, 0x7f, 0xff, 0xdd, 0xdf, 0xff, 0xdd, 0xd3, 0x9f, 0xff, 0xff, 0xff, 0xff, 0xff, 0xf6, 0xaf,
    0xfe, 0x00, 0x4f, 0xff, 0x40, 0x00, 0x8f, 0xff, 0xff, 0xff, 0xff, 0xff, 0xf6, 0xef, 0xfa, 0x00,
    0x4f, 0xff, 0x40, 0x00, 0x5b, 0xba, 0x98, 0xdf, 0xfd, 0xaa, 0xa9, 0xff, 0xf3, 0x00, 0x4f, 0xff,
    0x40, 0x00, 0x00, 0x00, 0x00, 0xbf, 0xf9, 0x00, 0x00, 0x4b, 0x80, 0x00, 0x4f, 0xff, 0x40, 0x00,
    0x00, 0x00, 0x00, 0xbf, 0xf9, 0x00, 0x00, 0x00, 0x00, 0x00, 0x00, 0x00, 0x00, 0x00, 0x00, 0x07,
    0xff, 0xff, 0xff, 0xff, 0xff, 0xff, 0xff, 0xff, 0xff, 0xff, 0x60, 0x00, 0x00, 0x07, 0xff, 0xff,
    0xff, 0xff, 0xff, 0xff, 0xff, 0xff, 0xff, 0xff, 0x60, 0x00, 0x00, 0x07, 0xff, 0xfd, 0xcc, 0xcc,
    0xcc, 0xcc, 0xcc, 0xcc, 0xdf, 0xff, 0x60, 0x00, 0x00, 0x07, 0xff, 0xf3, 0x00, 0x00, 0x00, 0x00,
    0x00, 0x00, 0x3f, 0xff, 0x60, 0x00, 0x00, 0x07, 0xff, 0xf3, 0x00, 0x00, 0x00, 0x00, 0x00, 0x00,
    0x3f, 0xff, 0x60, 0x00, 0x00, 0x07, 0xff, 0xff, 0xff, 0xff, 0xff, 0xff, 0xff, 0xff, 0xff, 0xff,
    0x60, 0x00, 0x00, 0x07, 0xff, 0xff, 0xff, 0xff, 0xff, 0xff, 0xff, 0xff, 0xff, 0xff, 0x60, 0x00,
    0x00, 0x07, 0xff, 0xfa, 0x99, 0x99, 0x99, 0x99, 0x99, 0x99, 0xaf, 0xff, 0x60, 0x00, 0x00, 0x07,
    0xff, 0xf3, 0x00, 0x00, 0x00, 0x00, 0x00, 0x00, 0x3f, 0xff, 0x60, 0x00, 0x00, 0x07, 0xff, 0xff,
    0xff, 0xff, 0xff, 0xff, 0xff, 0xff, 0xff, 0xff, 0x60, 0x00, 0x00, 0x07, 0xff, 0xff, 0xff, 0xff,
    0xff, 0xff, 0xff, 0xff, 0xff, 0xff, 0x60, 0x00, 0x00, 0x07, 0xff, 0xfd, 0xcc, 0xcc, 0xcc, 0xcc,
    0xcc, 0xcc, 0xdf, 0xff, 0x60, 0x00, 0x00, 0x07, 0xff, 0xf3, 0x00, 0x00, 0x00, 0x00, 0x00, 0x00,
    0x3f, 0xff, 0x60, 0x00, 0x1f, 0xff, 0xff, 0xff, 0xff, 0xff, 0xff, 0xff, 0xff, 0xff, 0xff, 0xff,
    0xff, 0xf1, 0x1f, 0xff, 0xff, 0xff, 0xff, 0xff, 0xff, 0xff, 0xff, 0xff, 0xff, 0xff, 0xff, 0xf1,
    0x1f, 0xff, 0xff, 0xff, 0xff, 0xff, 0xff, 0xff, 0xff, 0xff, 0xff, 0xff, 0xff, 0xf1, 0x01, 0x11,
    0x11, 0x11, 0x11, 0x11, 0xcf, 0xff, 0x11, 0x11, 0x11, 0x11, 0x11, 0x10, 0x00, 0x00, 0x00, 0x00,
    0x00, 0x00, 0xcf, 0xff, 0x00, 0x00, 0x00, 0x00, 0x00, 0x00, 0x00, 0x0e, 0xff, 0xff, 0xff, 0xff,
    0xff, 0xff, 0xff, 0xff, 0xff, 0xff, 0xf2, 0x00, 0x00, 0x0e, 0xff, 0xff, 0xff, 0xff, 0xff, 0xff,
    0xff, 0xff, 0xff, 0xff, 0xf2, 0x00, 0x00, 0x0e, 0xff, 0xfe, 0xee, 0xee, 0xff, 0xff, 0xee, 0xee,
    0xef, 0xff, 0xf2, 0x00, 0x00, 0x0e, 0xff, 0xb0, 0x00, 0x00, 0xcf, 0xff, 0x00, 0x00, 0x08, 0xff,
    0xf2, 0x00, 0x00, 0x0e, 0xff, 0xb0, 0x00, 0x00, 0xcf, 0xff, 0x00, 0x00, 0x08, 0xff, 0xf2, 0x00,
    0x00, 0x0e, 0xff, 0xff, 0xff, 0xff, 0xff, 0xff, 0xff, 0xff, 0xff, 0xff, 0xf2, 0x00, 0x00, 0x0e,
    0xff, 0xff, 0xff, 0xff, 0xff, 0xff, 0xff, 0xff, 0xff, 0xff, 0xf2, 0x00, 0x00, 0x0e, 0xff, 0xff,
    0xff, 0xff, 0xff, 0xff, 0xff, 0xff, 0xff, 0xff, 0xf2, 0x00, 0x00, 0x0e, 0xff, 0xea, 0xaa, 0xaa,
    0xef, 0xff, 0xaa, 0xaa, 0xad, 0xff, 0xf2, 0x00, 0x00, 0x0e, 0xff, 0xb0, 0x00, 0x00, 0xcf, 0xff,
    0x00, 0x00, 0x08, 0xff, 0xf2, 0x00, 0x00, 0x0e, 0xff, 0xff, 0xff, 0xff, 0xff, 0xff, 0xff, 0xff,
    0xff, 0xff, 0xf2, 0x00, 0x00, 0x0e, 0xff, 0xff, 0xff, 0xff, 0xff, 0xff, 0xff, 0xff, 0xff, 0xff,
    0xf2, 0x00, 0x00, 0x0d, 0xee, 0xee, 0xee, 0xee, 0xff, 0xff, 0xee, 0xee, 0xef, 0xff, 0xf2, 0x00,
    0x00, 0x00, 0x05, 0xed, 0x30, 0x01, 0xff, 0xfc, 0x00, 0x00, 0x08, 0xff, 0xf2, 0x00, 0x00, 0x00,
    0x3f, 0xff, 0xf7, 0x05, 0xff, 0xfa, 0x00, 0x00, 0x00, 0x00, 0x00, 0x00, 0x00, 0x00, 0x04, 0xef,
    0xff, 0xdd, 0xff, 0xf5, 0x00, 0x00, 0x00, 0x00, 0x00, 0x00, 0x00, 0x00, 0x00, 0x3d, 0xff, 0xff,
    0xff, 0xf3, 0x00, 0x00, 0x00, 0x00, 0x00, 0x00, 0x00, 0x00, 0x02, 0x5a, 0xff, 0xff, 0xff, 0xff,
    0xec, 0xa8, 0x65, 0x42, 0x21, 0x00, 0x37, 0x9b, 0xef, 0xff, 0xff, 0xff, 0xff, 0xff, 0xff, 0xff,
    0xff, 0xff, 0xff, 0xf4, 0x1d, 0xff, 0xff, 0xff, 0xff, 0xfa, 0xbf, 0xff, 0xff, 0xff, 0xff, 0xff,
    0xff, 0xa0, 0x02, 0xef, 0xff, 0xff, 0xb6, 0x10, 0x01, 0x58, 0xce, 0xff, 0xff, 0xff, 0xff, 0x20,
    0x00, 0x5e, 0xb8, 0x41, 0x00, 0x00, 0x00, 0x00, 0x00, 0x24, 0x67, 0x9a, 0xb7, 0x00, 0x00, 0x05,
    0xff, 0xff, 0xff, 0xff, 0xff, 0xff, 0xff, 0xff, 0xff, 0xff, 0x50, 0x00, 0x00, 0x05, 0xff, 0xff,
    0xff, 0xff, 0xff, 0xff, 0xff, 0xff, 0xff, 0xff, 0x50, 0x00, 0x00, 0x05, 0xff, 0xf8, 0x33, 0x33,
    0x33, 0x33, 0x33, 0x33, 0x8f, 0xff, 0x50, 0x00, 0x00, 0x05, 0xff, 0xff, 0xff, 0xff, 0xff, 0xff,
    0xff, 0xff, 0xff, 0xff, 0x50, 0x00, 0x00, 0x05, 0xff, 0xfe, 0xee, 0xee, 0xee, 0xee, 0xee, 0xee,
    0xef, 0xff, 0x50, 0x00, 0x00, 0x05, 0xff, 0xf7, 0x00, 0x00, 0x00, 0x00, 0x00, 0x00, 0x7f, 0xff,
    0x50, 0x00, 0x00, 0x05, 0xff, 0xff, 0xff, 0xff, 0xff, 0xff, 0xff, 0xff, 0xff, 0xff, 0x50, 0x00,
    0x00, 0x05, 0xff, 0xff, 0xff, 0xff, 0xff, 0xff, 0xff, 0xff, 0xff, 0xff, 0x50, 0x00, 0x00, 0x01,
    0x33, 0x33, 0x33, 0x33, 0x33, 0x33, 0x33, 0x33, 0x33, 0x33, 0x10, 0x00, 0x9f, 0xff, 0xff, 0xff,
    0xff, 0xff, 0xff, 0xff, 0xff, 0xff, 0xff, 0xff, 0xff, 0xf9, 0x9f, 0xff, 0xff, 0xff, 0xff, 0xff,
    0xff, 0xff, 0xff, 0xff, 0xff, 0xff, 0xff, 0xf9, 0x6a, 0xcf, 0xff, 0xaa, 0xaa, 0xdf, 0xfe, 0xaa,
    0xaa, 0xaa, 0xaa, 0xaa, 0xaa, 0xa6, 0x00, 0x5f, 0xff, 0x00, 0x00, 0x8f, 0xfd, 0x6f, 0xff, 0xff,
    0xff, 0xff, 0xff, 0x60, 0x00, 0x5f, 0xff, 0xff, 0xff, 0xff, 0xfd, 0x6f, 0xff, 0xff, 0xff, 0xff,
    0xff, 0x60, 0x00, 0x5f, 0xff, 0xff, 0xff, 0xff, 0xfd, 0x49, 0xcf, 0x99, 0x99, 0xaf, 0xff, 0x60,
    0x00, 0x5f, 0xff, 0x11, 0x11, 0x8f, 0xfd, 0x06, 0xff, 0x50, 0x00, 0x7f, 0xff, 0x10, 0x00, 0x5f,
    0xff, 0x00, 0x00, 0x8f, 0xfd, 0x09, 0xff, 0xd0, 0x00, 0xdf, 0xfa, 0x00, 0x00, 0x5f, 0xff, 0xff,
    0xff, 0xff, 0xfd, 0x01, 0xef, 0xf7, 0x05, 0xff, 0xf4, 0x00, 0x00, 0x5f, 0xff, 0xff, 0xff, 0xff,
    0xfd, 0x00, 0x6f, 0xff, 0x4d, 0xff, 0xc0, 0x00, 0x00, 0x5f, 0xff, 0x11, 0x11, 0x8f, 0xfd, 0x00,
    0x0a, 0xff, 0xff, 0xff, 0x30, 0x00, 0x00, 0x5f, 0xff, 0x00, 0x00, 0x8f, 0xfd, 0x54, 0x05, 0xff,
    0xff, 0xfa, 0x00, 0x00, 0x01, 0x6f, 0xff, 0x13, 0x46, 0xbf, 0xff, 0xf4, 0x7f, 0xff, 0xff, 0xff,
    0x92, 0x00, 0x5f, 0xff, 0xff, 0xff, 0xff, 0xff, 0xff, 0xfd, 0xff, 0xff, 0xcf, 0xff, 0xff, 0xb4,
    0x2f, 0xff, 0xff, 0xff, 0xff, 0xff, 0xff, 0xef, 0xff, 0xfa, 0x04, 0xef, 0xff, 0xf3, 0x0f, 0xfe,
    0xdc, 0xba, 0x98, 0xbf, 0xfd, 0x1e, 0xfe, 0x70, 0x00, 0x1a, 0xff, 0xa0, 0x00, 0x00, 0x00, 0x00,
    0x00, 0x8f, 0xfd, 0x06, 0xa2, 0x00, 0x00, 0x00, 0x4c, 0x30, 0x00, 0xef, 0xff, 0xff, 0xff, 0xe0,
    0x9f, 0xff, 0xff, 0xff, 0xff, 0xff, 0xff, 0x80, 0x00, 0xef, 0xff, 0xff, 0xff, 0xe0, 0x9f, 0xff,
    0xff, 0xff, 0xff, 0xff, 0xff, 0x80, 0x00, 0xef, 0xff, 0xff, 0xff, 0xe0, 0x9f, 0xff, 0xff, 0xff,
    0xff, 0xff, 0xff, 0x70, 0x00, 0xef, 0xfa, 0x8a, 0xff, 0xe0, 0x9f, 0xfe, 0x44, 0x44, 0x44, 0x7f,
    0xff, 0x70, 0x00, 0xef, 0xf5, 0x05, 0xff, 0xe0, 0x9f, 0xfe, 0x00, 0x00, 0x00, 0x6f, 0xff, 0x60,
    0x00, 0xef, 0xf5, 0x05, 0xff, 0xe0, 0x9f, 0xfe, 0x00, 0x00, 0x02, 0xcf, 0xff, 0x40, 0x00, 0xef,
    0xf5, 0x05, 0xff, 0xe0, 0x9f, 0xfe, 0x07, 0xff, 0xff, 0xff, 0xff, 0x10, 0x00, 0xef, 0xff, 0xff,
    0xff, 0xe0, 0x9f, 0xfe, 0x03, 0xff, 0xff, 0xff, 0xf9, 0x00, 0x00, 0xef, 0xff, 0xff, 0xff, 0xe0,
    0x9f, 0xfe, 0x00, 0xff, 0xff, 0xff, 0x91, 0x00, 0x00, 0xef, 0xff, 0xff, 0xff, 0xe0, 0x9f, 0xfe,
    0x00, 0x23, 0x32, 0x20, 0x00, 0x00, 0x00, 0xef, 0xf7, 0x47, 0xff, 0xe0, 0x9f, 0xfe, 0x00, 0x00,
    0x00, 0x00, 0x00, 0x00, 0x00, 0xff, 0xf5, 0x05, 0xff, 0xe0, 0x9f, 0xff, 0xff, 0xff, 0xff, 0xff,
    0xff, 0xd0, 0x00, 0xff, 0xf5, 0x05, 0xff, 0xe0, 0x9f, 0xff, 0xff, 0xff, 0xff, 0xff, 0xff, 0xd0,
    0x00, 0xff, 0xf5, 0x05, 0xff, 0xe0, 0x9f, 0xff, 0xff, 0xff, 0xff, 0xff, 0xff, 0xd0, 0x00, 0xff,
    0xff, 0xff, 0xff, 0xe0, 0x9f, 0xfe, 0x38, 0xe9, 0x33, 0x3e, 0xff, 0xb0, 0x01, 0xff, 0xff, 0xff,
    0xff, 0xe0, 0x9f, 0xfe, 0xaf, 0xfd, 0x00, 0x5f, 0xff, 0x50, 0x01, 0xff, 0xff, 0xff, 0xff, 0xe0,
    0x9f, 0xfe, 0x4f, 0xff, 0x60, 0xdf, 0xfe, 0x00, 0x02, 0xff, 0xf6, 0x47, 0xff, 0xe0, 0x9f, 0xfe,
    0x0c, 0xff, 0xe9, 0xff, 0xf8, 0x00, 0x04, 0xff, 0xf1, 0x05, 0xff, 0xe0, 0x9f, 0xfe, 0x04, 0xff,
    0xff, 0xff, 0xe1, 0x00, 0x06, 0xff, 0xf0, 0x05, 0xff, 0xe0, 0x9f, 0xfe, 0x00, 0x9f, 0xff, 0xff,
    0x60, 0x00, 0x08, 0xff, 0xd0, 0x05, 0xff, 0xe0, 0x9f, 0xfe, 0x00, 0x4f, 0xff, 0xfe, 0x20, 0x00,
    0x0b, 0xff, 0xa0, 0x05, 0xff, 0xe0, 0x9f, 0xfe, 0x03, 0xef, 0xff, 0xff, 0xe7, 0x10, 0x1f, 0xff,
    0x70, 0x1a, 0xff, 0xe0, 0x9f, 0xfe, 0x6f, 0xff, 0xff, 0xff, 0xff, 0xe5, 0x6f, 0xff, 0x4f, 0xff,
    0xff, 0xc0, 0x9f, 0xff, 0xff, 0xff, 0xe8, 0xff, 0xff, 0xe1, 0x3d, 0xfb, 0x0c, 0xff, 0xff, 0x90,
    0x9f, 0xfe, 0xbf, 0xfc, 0x20, 0x3d, 0xff, 0x50, 0x01, 0xa3, 0x09, 0xff, 0xfe, 0x20, 0x9f, 0xfe,
    0x1b, 0x70, 0x00, 0x00, 0x89, 0x00, 0x00, 0x00, 0x03, 0x87, 0x40, 0x00, 0x9f, 0xfe, 0x00, 0x00,
    0x00, 0x00, 0x00, 0x00, 0x00, 0x00, 0x00, 0x00, 0x00, 0x00, 0xff, 0xfc, 0x00, 0x00, 0x00, 0x00,
    0x00, 0x00, 0x00, 0x00, 0x00, 0x00, 0x00, 0x00, 0xff, 0xfc, 0x00, 0x00, 0x00, 0x00, 0x00, 0x00,
    0x00, 0x00, 0x00, 0x00, 0x00, 0x00, 0xff, 0xfc, 0x00, 0x00, 0x00, 0x00, 0x00, 0x00, 0x00, 0x00,
    0x00, 0x00, 0x00, 0x00, 0xff, 0xfc, 0x00, 0x00, 0x00, 0x00, 0x00, 0x00, 0x00, 0x8f, 0xff, 0xff,
    0xff, 0xff, 0xff, 0xff, 0xff, 0xff, 0xff, 0xff, 0xfa, 0x00, 0x00, 0x8f, 0xff, 0xff, 0xff, 0xff,
    0xff, 0xff, 0xff, 0xff, 0xff, 0xff, 0xfa, 0x00, 0x00, 0x8f, 0xff, 0xff, 0xff, 0xff, 0xff, 0xff,
    0xff, 0xff, 0xff, 0xff, 0xfa, 0x00, 0x00, 0x48, 0x88, 0x88, 0x88, 0x88, 0xff, 0xfe, 0x88, 0x88,
    0x88, 0x88, 0x86, 0x00, 0x00, 0x00, 0x00, 0x00, 0x00, 0x00, 0xff, 0xfc, 0x00, 0x00, 0x00, 0x00,
    0x00, 0x00, 0x00, 0x00, 0x00, 0x00, 0x00, 0x00, 0xff, 0xfc, 0x00, 0x00, 0x00, 0x00, 0x00, 0x00,
    0x00, 0x00, 0x00, 0x00, 0x00, 0x00, 0xff, 0xfc, 0x00, 0x00, 0x00, 0x00, 0x00, 0x00, 0x1f, 0xff,
    0xff, 0xff, 0xff, 0xff, 0xff, 0xff, 0xff, 0xff, 0xff, 0xff, 0xff, 0xf1, 0x1f, 0xff, 0xff, 0xff,
    0xff, 0xff, 0xff, 0xff, 0xff, 0xff, 0xff, 0xff, 0xff, 0xf1, 0x1f, 0xff, 0xff, 0xff, 0xff, 0xff,
    0xff, 0xff, 0xff, 0xff, 0xff, 0xff, 0xff, 0xf1, 0x08, 0x88, 0x88, 0x88, 0x88, 0xcf, 0xff, 0xff,
    0xfb, 0x88, 0x88, 0x88, 0x88, 0x80, 0x00, 0x00, 0x00, 0x00, 0x04, 0xef, 0xff, 0xff, 0xfe, 0x20,
    0x00, 0x00, 0x00, 0x00, 0x00, 0x00, 0x00, 0x00, 0x4e, 0xff, 0xff, 0xff, 0xff, 0xe2, 0x00, 0x00,
    0x00, 0x00, 0x00, 0x00, 0x00, 0x07, 0xff, 0xfd, 0xff, 0xfd, 0xdf, 0xfe, 0x50, 0x00, 0x00, 0x00,
    0x00, 0x00, 0x01, 0xaf, 0xff, 0xe2, 0xff, 0xfc, 0x3e, 0xff, 0xf8, 0x00, 0x00, 0x00, 0x00, 0x00,
    0x5e, 0xff, 0xfe, 0x30, 0xff, 0xfc, 0x04, 0xff, 0xff, 0xd5, 0x00, 0x00, 0x00, 0x3b, 0xff, 0xff,
    0xe3, 0x00, 0xff, 0xfc, 0x00, 0x4e, 0xff, 0xff, 0xb4, 0x00, 0x2a, 0xff, 0xff, 0xfd, 0x20, 0x00,
    0xff, 0xfc, 0x00, 0x03, 0xef, 0xff, 0xff, 0xc4, 0x2d, 0xff, 0xff, 0xa1, 0x00, 0x00, 0xff, 0xfc,
    0x00, 0x00, 0x2c, 0xff, 0xff, 0xd1, 0x03, 0xef, 0xe6, 0x00, 0x00, 0x00, 0xff, 0xfc, 0x00, 0x00,
    0x00, 0x8f, 0xfe, 0x20, 0x00, 0x5b, 0x20, 0x00, 0x00, 0x00, 0xff, 0xfc, 0x00, 0x00, 0x00, 0x03,
    0xc4, 0x00, 0x00, 0x00, 0x00, 0x00, 0x00, 0x00, 0xff, 0xfc, 0x00, 0x00, 0x00, 0x00, 0x00, 0x00,
    0x00, 0x00, 0x00, 0x00, 0x00, 0x00, 0xff, 0xfc, 0x00, 0x00, 0x00, 0x00, 0x00, 0x00, 0x00, 0x00,
    0x00, 0x00, 0x00, 0x00, 0xff, 0xfd, 0x00, 0x00, 0x00, 0x00, 0x00, 0x00, 0x00, 0x00, 0x00, 0x00,
    0x00, 0x00, 0xff, 0xfd, 0x00, 0x00, 0x00, 0x00, 0x00, 0x00, 0x00, 0x00, 0x00, 0x00, 0x00, 0x00,
    0xff, 0xfd, 0x00, 0x00, 0x00, 0x00, 0x00, 0x00, 0x4f, 0xff, 0xff, 0xff, 0xff, 0xff, 0xff, 0xff,
    0xff, 0xff, 0xff, 0xff, 0xff, 0xf3, 0x4f, 0xff, 0xff, 0xff, 0xff, 0xff, 0xff, 0xff, 0xff, 0xff,
    0xff, 0xff, 0xff, 0xf3, 0x4f, 0xff, 0xff, 0xff, 0xff, 0xff, 0xff, 0xff, 0xff, 0xff, 0xff, 0xff,
    0xff, 0xf3, 0x3a, 0xaa, 0xaa, 0xaa, 0xaa, 0xaa, 0xff, 0xfe, 0xaa, 0xaa, 0xaa, 0xaa, 0xaa, 0xa2,
    0x00, 0x00, 0x00, 0x00, 0x00, 0x00, 0xff, 0xfd, 0x00, 0x00, 0x00, 0x00, 0x00, 0x00, 0x00, 0x1f,
    0xff, 0xff, 0xff, 0xff, 0xff, 0xff, 0xff, 0xff, 0xff, 0xff, 0xf1, 0x00, 0x00, 0x1f, 0xff, 0xff,
    0xff, 0xff, 0xff, 0xff, 0xff, 0xff, 0xff, 0xff, 0xf1, 0x00, 0x00, 0x1f, 0xff, 0xff, 0xff, 0xff,
    0xff, 0xff, 0xff, 0xff, 0xff, 0xff, 0xf1, 0x00, 0x00, 0x1f, 0xff, 0xa2, 0x22, 0x22, 0xff, 0xfd,
    0x22, 0x22, 0x2b, 0xff, 0xf1, 0x00, 0x00, 0x1f, 0xff, 0xa0, 0x00, 0x00, 0xff, 0xfd, 0x00, 0x00,
    0x0a, 0xff, 0xf1, 0x00, 0x00, 0x1f, 0xff, 0xa0, 0x00, 0x00, 0xff, 0xfd, 0x00, 0x00, 0x0a, 0xff,
    0xf1, 0x00, 0x00, 0x1f, 0xff, 0xa0, 0x00, 0x00, 0xff, 0xfd, 0x00, 0x00, 0x0a, 0xff, 0xf1, 0x00,
    0x00, 0x1f, 0xff, 0xff, 0xff, 0xff, 0xff, 0xff, 0xff, 0xff, 0xff, 0xff, 0xf1, 0x00, 0x00, 0x1f,
    0xff, 0xff, 0xff, 0xff, 0xff, 0xff, 0xff, 0xff, 0xff, 0xff, 0xf1, 0x00, 0x00, 0x1f, 0xff, 0xff,
    0xff, 0xff, 0xff, 0xff, 0xff, 0xff, 0xff, 0xff, 0xf1, 0x00, 0x00, 0x02, 0x22, 0x22, 0x3d, 0xff,
    0xff, 0xff, 0xff, 0xd3, 0x22, 0x22, 0x20, 0x00, 0x00, 0x00, 0x00, 0x01, 0xcf, 0xff, 0xff, 0xfe,
    0xef, 0xfd, 0x20, 0x00, 0x00, 0x00, 0x00, 0x00, 0x00, 0x4e, 0xff, 0xf8, 0xff, 0xfd, 0x4f, 0xff,
    0xe5, 0x00, 0x00, 0x00, 0x00, 0x00, 0x18, 0xff, 0xff, 0x90, 0xff, 0xfd, 0x06, 0xff, 0xff, 0x91,
    0x00, 0x00, 0x00, 0x06, 0xef, 0xff, 0xf8, 0x00, 0xff, 0xfd, 0x00, 0x5f, 0xff, 0xfe, 0x71, 0x00,
    0x17, 0xdf, 0xff, 0xfe, 0x50, 0x00, 0xff, 0xfd, 0x00, 0x04, 0xef, 0xff, 0xfe, 0x82, 0x3f, 0xff,
    0xff, 0xc2, 0x00, 0x00, 0xff, 0xfd, 0x00, 0x00, 0x1b, 0xff, 0xff, 0xe2, 0x06, 0xff, 0xe7, 0x00,
    0x00, 0x00, 0xff, 0xfd, 0x00, 0x00, 0x00, 0x6e, 0xff, 0x50, 0x00, 0xa8, 0x10, 0x00, 0x00, 0x00,
    0xff, 0xfd, 0x00, 0x00, 0x00, 0x01, 0x99, 0x00, 0x00, 0x00, 0x00, 0x00, 0x00, 0x01, 0xff, 0xfe,
    0x00, 0x00, 0x00, 0x00, 0x00, 0x00, 0x00, 0x00, 0x00, 0x00, 0x00, 0x01, 0xff, 0xfe, 0x00, 0x00,
    0x00, 0x00, 0x00, 0x00, 0x00, 0x00, 0x00, 0x00, 0x00, 0x01, 0xff, 0xfe, 0x00, 0x00, 0x00, 0x00,
    0x00, 0x00, 0x00, 0xbf, 0xff, 0xff, 0xff, 0xff, 0xff, 0xff, 0xff, 0xff, 0xff, 0xff, 0xfc, 0x00,
    0x00, 0xbf, 0xff, 0xff, 0xff, 0xff, 0xff, 0xff, 0xff, 0xff, 0xff, 0xff, 0xfc, 0x00, 0x00, 0xbf,
    0xff, 0xff, 0xff, 0xff, 0xff, 0xff, 0xff, 0xff, 0xff, 0xff, 0xfc, 0x00, 0x00, 0x68, 0x88, 0xd9,
    0x88, 0x89, 0xff, 0xff, 0x88, 0x88, 0x9c, 0x88, 0x86, 0x00, 0x00, 0x00, 0x1b, 0xf9, 0x00, 0x01,
    0xff, 0xfe, 0x00, 0x00, 0xaf, 0x91, 0x00, 0x00, 0x00, 0x00, 0xbf, 0xff, 0x90, 0x01, 0xff, 0xfe,
    0x00, 0x08, 0xff, 0xfb, 0x00, 0x00, 0x00, 0x00, 0x2e, 0xff, 0xf7, 0x01, 0xff, 0xfe, 0x00, 0x9f,
    0xff, 0xe3, 0x00, 0x00, 0x00, 0x00, 0x03, 0xff, 0xf8, 0x01, 0xff, 0xfe, 0x00, 0x8f, 0xfe, 0x40,
    0x00, 0x00, 0x00, 0x00, 0x00, 0x5d, 0x30, 0x01, 0xff, 0xfe, 0x00, 0x05, 0xe3, 0x00, 0x00, 0x00,
    0x1f, 0xff, 0xff, 0xff, 0xff, 0xff, 0xff, 0xff, 0xff, 0xff, 0xff, 0xff, 0xff, 0xf3, 0x1f, 0xff,
    0xff, 0xff, 0xff, 0xff, 0xff, 0xff, 0xff, 0xff, 0xff, 0xff, 0xff, 0xf3, 0x1f, 0xff, 0xff, 0xff,
    0xff, 0xff, 0xff, 0xff, 0xff, 0xff, 0xff, 0xff, 0xff, 0xf3, 0x08, 0x88, 0x88, 0x88, 0x8d, 0xff,
    0xff, 0xff, 0xff, 0xb8, 0x88, 0x88, 0x88, 0x81, 0x00, 0x00, 0x00, 0x00, 0x7f, 0xff, 0xff, 0xff,
    0xff, 0xe4, 0x00, 0x00, 0x00, 0x00, 0x00, 0x00, 0x00, 0x07, 0xff, 0xfc, 0xff, 0xfe, 0xcf, 0xfe,
    0x50, 0x00, 0x00, 0x00, 0x00, 0x00, 0x01, 0xaf, 0xff, 0xd2, 0xff, 0xfe, 0x2e, 0xff, 0xf8, 0x00,
    0x00, 0x00, 0x00, 0x00, 0x3d, 0xff, 0xfd, 0x21, 0xff, 0xfe, 0x03, 0xef, 0xff, 0xc3, 0x00, 0x00,
    0x00, 0x19, 0xff, 0xff, 0xd2, 0x01, 0xff, 0xfe, 0x00, 0x3e, 0xff, 0xff, 0x92, 0x00, 0x18, 0xef,
    0xff, 0xfc, 0x10, 0x01, 0xff, 0xfe, 0x00, 0x03, 0xdf, 0xff, 0xff, 0x92, 0x3e, 0xff, 0xff, 0x90,
    0x00, 0x01, 0xff, 0xfe, 0x00, 0x00, 0x1a, 0xff, 0xff, 0xd1, 0x05, 0xff, 0xe5, 0x00, 0x00, 0x01,
    0xff, 0xfe, 0x00, 0x00, 0x00, 0x6e, 0xfe, 0x30, 0x00, 0x89, 0x10, 0x00, 0x00, 0x01, 0xff, 0xfe,
    0x00, 0x00, 0x00, 0x02, 0xa6, 0x00, 0x00, 0x00, 0x00, 0x00, 0x00, 0x01, 0xff, 0xfe, 0x00, 0x00,
    0x00, 0x00, 0x00, 0x00, 0x00, 0x00, 0x00, 0x00, 0x00, 0x01, 0xff, 0xfe, 0x00, 0x00, 0x00, 0x00,
    0x00, 0x00, 0x00, 0x00, 0x00, 0x00, 0x00, 0x00, 0xcf, 0xfb, 0x00, 0x00, 0x00, 0x00, 0x00, 0x00,
    0x00, 0x00, 0x00, 0x00, 0x00, 0x00, 0xcf, 0xfb, 0x00, 0x00, 0x00, 0x00, 0x00, 0x00, 0x09, 0xff,
    0xff, 0xff, 0xff, 0xff, 0xff, 0xff, 0xff, 0xff, 0xff, 0xff, 0xff, 0x90, 0x09, 0xff, 0xff, 0xff,
    0xff, 0xff, 0xff, 0xff, 0xff, 0xff, 0xff, 0xff, 0xff, 0x90, 0x07, 0xcc, 0xcc, 0xcc, 0xcf, 0xff,
    0xff, 0xff, 0xff, 0xdc, 0xcc, 0xcc, 0xcc, 0x70, 0x00, 0x00, 0x00, 0x02, 0xbf, 0xff, 0xef, 0xfe,
    0xff, 0xf7, 0x00, 0x00, 0x00, 0x00, 0x00, 0x00, 0x01, 0x9f, 0xff, 0xf7, 0xcf, 0xfb, 0x7f, 0xff,
    0xc5, 0x00, 0x00, 0x00, 0x00, 0x03, 0xaf, 0xff, 0xff, 0x60, 0xcf, 0xfb, 0x07, 0xff, 0xff, 0xd7,
    0x20, 0x00, 0x38, 0xdf, 0xff, 0xff, 0xd3, 0x00, 0xcf, 0xfb, 0x00, 0x4e, 0xff, 0xff, 0xfd, 0x93,
    0x5f, 0xff, 0xff, 0xf9, 0x10, 0x00, 0x00, 0x00, 0x00, 0x01, 0xaf, 0xff, 0xff, 0xf3, 0x0e, 0xff,
    0xff, 0xff, 0xff, 0xff, 0xff, 0xff, 0xff, 0xff, 0xff, 0xff, 0xff, 0xd0, 0x08, 0xca, 0xff, 0xff,
    0xff, 0xff, 0xff, 0xff, 0xff, 0xff, 0xff, 0xff, 0x7b, 0x70, 0x00, 0x03, 0xff, 0xfd, 0xcc, 0xcc,
    0xcc, 0xcc, 0xcc, 0xcc, 0xdf, 0xff, 0x20, 0x00, 0x00, 0x03, 0xff, 0xf7, 0x00, 0x00, 0x00, 0x00,
    0x00, 0x00, 0x7f, 0xff, 0x20, 0x00, 0x00, 0x03, 0xff, 0xf7, 0x00, 0x00, 0x00, 0x00, 0x00, 0x00,
    0x7f, 0xff, 0x20, 0x00, 0x00, 0x03, 0xff, 0xff, 0xff, 0xff, 0xff, 0xff, 0xff, 0xff, 0xff, 0xff,
    0x20, 0x00, 0x00, 0x03, 0xff, 0xff, 0xff, 0xff, 0xff, 0xff, 0xff, 0xff, 0xff, 0xff, 0x20, 0x00,
    0x00, 0x03, 0xff, 0xfb, 0x88, 0x88, 0x88, 0x88, 0x88, 0x88, 0xcf, 0xff, 0x20, 0x00, 0x00, 0x03,
    0xff, 0xf7, 0x00, 0x00, 0x00, 0x00, 0x00, 0x00, 0x7f, 0xff, 0x20, 0x00, 0x00, 0x03, 0xff, 0xff,
    0xff, 0xff, 0xff, 0xff, 0xff, 0xff, 0xff, 0xff, 0x20, 0x00, 0x00, 0x03, 0xff, 0xff, 0xff, 0xff,
    0xff, 0xff, 0xff, 0xff, 0xff, 0xff, 0x20, 0x00, 0x00, 0x02, 0xcc, 0xcc, 0xcc, 0xcc, 0xcc, 0xcc,
    0xcc, 0xcc, 0xcc, 0xcc, 0x10, 0x00, 0x00, 0x00, 0x00, 0x00, 0x00, 0x00, 0x00, 0x00, 0x00, 0x00,
    0x00, 0x00, 0x00, 0x00, 0x2f, 0xff, 0xff, 0xff, 0xff, 0xff, 0xff, 0xff, 0xff, 0xff, 0xff, 0xff,
    0xff, 0xf1, 0x2f, 0xff, 0xff, 0xff, 0xff, 0xff, 0xff, 0xff, 0xff, 0xff, 0xff, 0xff, 0xff, 0xf1,
    0x2f, 0xff, 0xff, 0xff, 0xff, 0xff, 0xff, 0xff, 0xff, 0xff, 0xff, 0xff, 0xff, 0xf1, 0x03, 0x33,
    0x33, 0x33, 0x33, 0x33, 0x33, 0x33, 0x33, 0x33, 0x33, 0x33, 0x33, 0x30, 0x00, 0x05, 0xff, 0xf0,
    0x00, 0x00, 0x00, 0x00, 0x00, 0x00, 0x00, 0x00, 0x00, 0x00, 0x00, 0x05, 0xff, 0xf0, 0x00, 0x3f,
    0xff, 0xff, 0xff, 0xff, 0xff, 0xff, 0xff, 0x40, 0x00, 0x05, 0xff, 0xf0, 0x00, 0x3f, 0xff, 0xff,
    0xff, 0xff, 0xff, 0xff, 0xff, 0x40, 0x00, 0x05, 0xff, 0xf0, 0x00, 0x3f, 0xff, 0xff, 0xff, 0xff,
    0xff, 0xff, 0xff, 0x40, 0x00, 0x05, 0xff, 0xf0, 0x00, 0x28, 0x88, 0x88, 0x88, 0x88, 0x88, 0x88,
    0x88, 0x20, 0x8f, 0xff, 0xff, 0xff, 0xf9, 0x00, 0x00, 0x00, 0x00, 0x00, 0x00, 0x00, 0x00, 0x00,
    0x8f, 0xff, 0xff, 0xff, 0xf9, 0x00, 0x00, 0x00, 0x00, 0x00, 0x00, 0x00, 0x00, 0x00, 0x8f, 0xff,
    0xff, 0xff, 0xf9, 0x00, 0x00, 0x00, 0x00, 0x00, 0x00, 0x00, 0x00, 0x00, 0x49, 0x9d, 0xff, 0xf9,
    0x9a, 0xff, 0xff, 0xff, 0xff, 0xff, 0xff, 0xff, 0xff, 0xf4, 0x00, 0x0d, 0xff, 0xf0, 0x04, 0xff,
    0xff, 0xff, 0xff, 0xff, 0xff, 0xff, 0xff, 0xf4, 0x00, 0x3f, 0xff, 0xf0, 0x04, 0xff, 0xff, 0xff,
    0xff, 0xff, 0xff, 0xff, 0xff, 0xf4, 0x00, 0x8f, 0xff, 0xf1, 0x02, 0x88, 0x88, 0x88, 0xbf, 0xff,
    0xb8, 0x88, 0x88, 0x82, 0x01, 0xef, 0xff, 0xfd, 0x30, 0x00, 0x00, 0x00, 0x6f, 0xff, 0x60, 0x00,
    0x00, 0x00, 0x06, 0xff, 0xff, 0xff, 0xf7, 0x00, 0x00, 0x00, 0x6f, 0xff, 0x60, 0x5a, 0x80, 0x00,
    0x0d, 0xff, 0xff, 0xff, 0xff, 0x24, 0xc8, 0x40, 0x6f, 0xff, 0x6b, 0xff, 0xd0, 0x00, 0x7f, 0xff,
    0xff, 0xfd, 0xf8, 0x08, 0xff, 0xe0, 0x6f, 0xff, 0x67, 0xff, 0xf3, 0x00, 0x9f, 0xfb, 0xff, 0xf1,
    0xa1, 0x0d, 0xff, 0xa0, 0x6f, 0xff, 0x62, 0xff, 0xf8, 0x00, 0x6f, 0xe6, 0xff, 0xf0, 0x00, 0x3f,
    0xff, 0x60, 0x6f, 0xff, 0x60, 0xcf, 0xfd, 0x00, 0x4f, 0x75, 0xff, 0xf0, 0x00, 0x8f, 0xff, 0x10,
    0x6f, 0xff, 0x60, 0x8f, 0xff, 0x20, 0x1e, 0x15, 0xff, 0xf0, 0x00, 0xdf, 0xfb, 0x00, 0x6f, 0xff,
    0x60, 0x3f, 0xff, 0x70, 0x05, 0x05, 0xff, 0xf0, 0x03, 0xff, 0xf6, 0x00, 0x6f, 0xff, 0x60, 0x0e,
    0xff, 0xb0, 0x00, 0x05, 0xff, 0xf0, 0x09, 0xff, 0xf1, 0x00, 0x6f, 0xff, 0x60, 0x09, 0xff, 0xf1,
    0x00, 0x05, 0xff, 0xf0, 0x1e, 0xff, 0xb0, 0x00, 0x7f, 0xff, 0x60, 0x05, 0xff, 0xf5, 0x00, 0x05,
    0xff, 0xf0, 0x4f, 0xff, 0x61, 0x01, 0xcf, 0xff, 0x60, 0x01, 0xff, 0xf8, 0x00, 0x05, 0xff, 0xf0,
    0x01, 0x7c, 0x7f, 0xff, 0xff, 0xff, 0x50, 0x00, 0xb8, 0x30, 0x00, 0x05, 0xff, 0xf0, 0x00, 0x00,
    0x4f, 0xff, 0xff, 0xff, 0x30, 0x00, 0x00, 0x00, 0x00, 0x05, 0xff, 0xf0, 0x00, 0x00, 0x1f, 0xff,
    0xff, 0xf9, 0x00, 0x00, 0x00, 0x00, 0x00, 0x05, 0xff, 0xf0, 0x00, 0x00, 0x09, 0xaa, 0x98, 0x40,
    0x00, 0x00, 0x00, 0x00, 0x00, 0x00, 0x9f, 0xfe, 0x00, 0x00, 0x03, 0xc4, 0x00, 0x00, 0x00, 0x79,
    0x20, 0x00, 0x00, 0x00, 0x9f, 0xfe, 0x00, 0x00, 0x7f, 0xfe, 0x20, 0x00, 0x02, 0xef, 0xfa, 0x10,
    0x00, 0x00, 0x9f, 0xfe, 0x00, 0x00, 0x4f, 0xff, 0xc1, 0x00, 0x0a, 0xff, 0xfa, 0x00, 0x00, 0x00,
    0x9f, 0xfe, 0x00, 0x00, 0x08, 0xff, 0xfa, 0x00, 0x4f, 0xff, 0xe1, 0x00, 0x00, 0x00, 0x9f, 0xfe,
    0x00, 0x00, 0x00, 0xcf, 0xf8, 0x00, 0xdf, 0xff, 0x40, 0x00, 0x2f, 0xff, 0xff, 0xff, 0xff, 0xc0,
    0x00, 0x3b, 0x30, 0x07, 0xff, 0xf9, 0x00, 0x00, 0x2f, 0xff, 0xff, 0xff, 0xff, 0xc8, 0xff, 0xff,
    0xff, 0xff, 0xff, 0xff, 0xff, 0xf2, 0x2f, 0xff, 0xff, 0xff, 0xff, 0xc8, 0xff, 0xff, 0xff, 0xff,
    0xff, 0xff, 0xff, 0xf2, 0x19, 0x99, 0xef, 0xfe, 0x99, 0x78, 0xff, 0xff, 0xff, 0xff, 0xff, 0xff,
    0xff, 0xf2, 0x00, 0x02, 0xff, 0xfe, 0x00, 0x07, 0xcc, 0xcc, 0xcc, 0xcc, 0xcc, 0xcc, 0xcc, 0xc2,
    0x00, 0x07, 0xff, 0xfe, 0x00, 0x00, 0x00, 0x00, 0x00, 0x00, 0x00, 0x00, 0x00, 0x00, 0x00, 0x0e,
    0xff, 0xfe, 0x59, 0x00, 0x00, 0x00, 0x00, 0x00, 0x00, 0x00, 0x00, 0x00, 0x00, 0x6f, 0xff, 0xff,
    0xef, 0xb1, 0x00, 0x00, 0x00, 0x00, 0x00, 0x00, 0x00, 0x00, 0x01, 0xef, 0xff, 0xff, 0xff, 0xfc,
    0x20, 0x00, 0x00, 0x00, 0x00, 0x00, 0x00, 0x00, 0x09, 0xff, 0xff, 0xfe, 0x6f, 0xfe, 0x6f, 0xff,
    0xff, 0xff, 0xff, 0xff, 0xfd, 0x00, 0x4f, 0xff, 0xbf, 0xfe, 0x07, 0xa1, 0x2f, 0xff, 0xff, 0xff,
    0xff, 0xff, 0xfd, 0x00, 0x8f, 0xfb, 0x9f, 0xfe, 0x00, 0x00, 0x2f, 0xff, 0xff, 0xff, 0xff, 0xff,
    0xfd, 0x00, 0x4f, 0xf4, 0x9f, 0xfe, 0x00, 0x00, 0x2c, 0xcc, 0xcc, 0xcc, 0xcc, 0xcc, 0xca, 0x00,
    0x1f, 0xc0, 0x9f, 0xfe, 0x00, 0x00, 0x00, 0x00, 0x00, 0x00, 0x00, 0x00, 0x00, 0x00, 0x0d, 0x40,
    0x9f, 0xfe, 0x00, 0x00, 0x00, 0x00, 0x00, 0x00, 0x00, 0x00, 0x00, 0x00, 0x06, 0x00, 0x9f, 0xfe,
    0x00, 0x00, 0x00, 0x00, 0x00, 0x00, 0x00, 0x00, 0x00, 0x00, 0x00, 0x00, 0x9f, 0xfe, 0x00, 0x00,
    0x00, 0x00, 0x00, 0x00, 0x00, 0x00, 0x00, 0x00, 0x00, 0x00, 0x9f, 0xfe, 0x00, 0x00, 0x00, 0x00,
    0x00, 0x00, 0x00, 0x00, 0x00, 0x00, 0x00, 0x00, 0x9f, 0xfe, 0x00, 0x8f, 0xff, 0xff, 0xff, 0xff,
    0xff, 0xff, 0xff, 0xf9, 0x00, 0x00, 0x9f, 0xfe, 0x00, 0x8f, 0xff, 0xff, 0xff, 0xff, 0xff, 0xff,
    0xff, 0xf9, 0x00, 0x00, 0x9f, 0xfe, 0x00, 0x8f, 0xff, 0xff, 0xff, 0xff, 0xff, 0xff, 0xff, 0xf9,
    0x00, 0x00, 0x9f, 0xfe, 0x00, 0x6c, 0xcc, 0xcc, 0xcc, 0xcc, 0xcc, 0xcc, 0xcc, 0xc7, 0x00, 0x00,
    0x9f, 0xfe, 0x00, 0x00, 0x00, 0x00, 0x00, 0x00, 0x00, 0x00, 0x00, 0x00, 0x00, 0x03, 0xff, 0xf4,
    0x00, 0x00, 0x00, 0x00, 0xbf, 0xff, 0xa0, 0x00, 0x00, 0x00, 0x00, 0x03, 0xff, 0xf4, 0x00, 0x00,
    0x00, 0x05, 0xff, 0xff, 0xd0, 0x00, 0x00, 0x00, 0x00, 0x03, 0xff, 0xf4, 0x00, 0x00, 0x00, 0x1e,
    0xff, 0xff, 0xf8, 0x00, 0x00, 0x00, 0x00, 0x03, 0xff, 0xf4, 0x00, 0x00, 0x00, 0xbf, 0xff, 0xff,
    0xff, 0x30, 0x00, 0x00, 0x00, 0x03, 0xff, 0xf4, 0x00, 0x00, 0x08, 0xff, 0xfd, 0x5f, 0xff, 0xd1,
    0x00, 0x00, 0x6f, 0xff, 0xff, 0xff, 0xff, 0x10, 0x6f, 0xff, 0xf5, 0x0a, 0xff, 0xfb, 0x10, 0x00,
    0x6f, 0xff, 0xff, 0xff, 0xff, 0x16, 0xff, 0xff, 0xa0, 0x01, 0xef, 0xff, 0xb1, 0x00, 0x6f, 0xff,
    0xff, 0xff, 0xff, 0x8f, 0xff, 0xfd, 0x10, 0x00, 0x4f, 0xff, 0xfc, 0x20, 0x38, 0x8c, 0xff, 0xfa,
    0x9f, 0xff, 0xff, 0xe2, 0x00, 0x00, 0x07, 0xff, 0xff, 0xe5, 0x00, 0x0c, 0xff, 0xf4, 0x09, 0xff,
    0xff, 0xff, 0xff, 0xff, 0xff, 0xff, 0xff, 0xf5, 0x00, 0x3f, 0xff, 0xf4, 0x01, 0xff, 0xff, 0xff,
    0xff, 0xff, 0xff, 0xff, 0xff, 0xb0, 0x00, 0x8f, 0xff, 0xfd, 0x20, 0x9b, 0x6f, 0xff, 0xff, 0xff,
    0xff, 0xfe, 0x3b, 0x20, 0x01, 0xef, 0xff, 0xff, 0xd2, 0x10, 0x14, 0x44, 0x44, 0x44, 0x44, 0x44,
    0x00, 0x00, 0x07, 0xff, 0xff, 0xff, 0xfd, 0x20, 0x00, 0x01, 0x7b, 0xb0, 0x00, 0x00, 0x00, 0x00,
    0x1e, 0xff, 0xff, 0xff, 0xff, 0xc0, 0x00, 0x02, 0xff, 0xf1, 0x00, 0x9b, 0x84, 0x00, 0x7f, 0xff,
    0xff, 0xf8, 0xfe, 0x8a, 0xe3, 0x00, 0xef, 0xf5, 0x00, 0xdf, 0xfe, 0x00, 0x9f, 0xfd, 0xff, 0xf4,
    0x93, 0xbf, 0xf9, 0x00, 0xaf, 0xf9, 0x02, 0xff, 0xf9, 0x00, 0x6f, 0xf6, 0xff, 0xf4, 0x00, 0x6f,
    0xfe, 0x10, 0x7f, 0xfc, 0x05, 0xff, 0xf4, 0x00, 0x3f, 0xa3, 0xff, 0xf4, 0x00, 0x1e, 0xff, 0x70,
    0x4f, 0xff, 0x19, 0xff, 0xe0, 0x00, 0x1e, 0x23, 0xff, 0xf4, 0x00, 0x09, 0xff, 0xc0, 0x1f, 0xff,
    0x4e, 0xff, 0x90, 0x00, 0x06, 0x03, 0xff, 0xf4, 0x00, 0x05, 0xff, 0xf3, 0x0c, 0xb7, 0x6f, 0xff,
    0x40, 0x00, 0x00, 0x03, 0xff, 0xf4, 0x00, 0x01, 0xef, 0xf8, 0x00, 0x00, 0x9f, 0xfe, 0x00, 0x00,
    0x00, 0x03, 0xff, 0xf4, 0x00, 0x00, 0xaa, 0x51, 0x00, 0x00, 0xef, 0xf8, 0x00, 0x00, 0x00, 0x03,
    0xff, 0xf4, 0x06, 0xff, 0xff, 0xff, 0xff, 0xff, 0xff, 0xff, 0xff, 0xf0, 0x00, 0x03, 0xff, 0xf4,
    0x06, 0xff, 0xff, 0xff, 0xff, 0xff, 0xff, 0xff, 0xff, 0xf0, 0x00, 0x03, 0xff, 0xf4, 0x06, 0xff,
    0xff, 0xff, 0xff, 0xff, 0xff, 0xff, 0xff, 0xf0, 0x00, 0x03, 0xff, 0xf4, 0x02, 0x55, 0x55, 0x55,
    0x55, 0x55, 0x55, 0x55, 0x55, 0x50, 0x00, 0x03, 0xff, 0xf3, 0x00, 0x00, 0x0e, 0xff, 0x40, 0x00,
    0x8f, 0xfa, 0x00, 0x00, 0x00, 0x03, 0xff, 0xf3, 0x00, 0x00, 0x0e, 0xff, 0x40, 0x00, 0x8f, 0xfa,
    0x00, 0x00, 0x00, 0x03, 0xff, 0xf3, 0x07, 0xff, 0xff, 0xff, 0xff, 0xff, 0xff, 0xff, 0xff, 0xf7,
    0x00, 0x03, 0xff, 0xf3, 0x07, 0xff, 0xff, 0xff, 0xff, 0xff, 0xff, 0xff, 0xff, 0xf7, 0x00, 0x03,
    0xff, 0xf3, 0x05, 0xbb, 0xbf, 0xff, 0xcb, 0xbb, 0xdf, 0xfe, 0xbb, 0xb5, 0x6f, 0xff, 0xff, 0xff,
    0xfb, 0x00, 0x0e, 0xff, 0x40, 0x00, 0x8f, 0xfa, 0x00, 0x00, 0x6f, 0xff, 0xff, 0xff, 0xfb, 0x00,
    0x00, 0x00, 0x00, 0x00, 0x00, 0x00, 0x00, 0x00, 0x6f, 0xff, 0xff, 0xff, 0xfb, 0x6f, 0xff, 0xff,
    0xff, 0xff, 0xff, 0xff, 0xff, 0x50, 0x14, 0x4b, 0xff, 0xf5, 0x42, 0x6f, 0xff, 0xff, 0xff, 0xff,
    0xff, 0xff, 0xff, 0x50, 0x00, 0x1e, 0xff, 0xf3, 0x00, 0x6f, 0xff, 0x77, 0x77, 0x77, 0x77, 0x7f,
    0xff, 0x50, 0x00, 0x5f, 0xff, 0xfd, 0x20, 0x6f, 0xff, 0x00, 0x00, 0x00, 0x00, 0x0f, 0xff, 0x50,
    0x00, 0xaf, 0xff, 0xff, 0xd2, 0x6f, 0xff, 0xff, 0xff, 0xff, 0xff, 0xff, 0xff, 0x50, 0x02, 0xff,
    0xff, 0xff, 0xfd, 0x8f, 0xff, 0xff, 0xff, 0xff, 0xff, 0xff, 0xff, 0x50, 0x08, 0xff, 0xff, 0xfd,
    0xff, 0xdf, 0xff, 0x00, 0x00, 0x00, 0x00, 0x1f, 0xff, 0x50, 0x1e, 0xff, 0xff, 0xf6, 0xfb, 0x6f,
    0xff, 0x00, 0x00, 0x00, 0x00, 0x0f, 0xff, 0x50, 0x8f, 0xfe, 0xff, 0xf3, 0x91, 0x6f, 0xff, 0xff,
    0xff, 0xff, 0xff, 0xff, 0xff, 0x50, 0x8f, 0xf8, 0xff, 0xf3, 0x00, 0x6f, 0xff, 0xff, 0xff, 0xff,
    0xff, 0xff, 0xff, 0x50, 0x5f, 0xd3, 0xff, 0xf3, 0x00, 0x26, 0x66, 0x66, 0xcf, 0xfe, 0x66, 0x66,
    0x66, 0x20, 0x3f, 0x73, 0xff, 0xf3, 0x0d, 0xff, 0xff, 0xff, 0xff, 0xff, 0xff, 0xff, 0xff, 0xf5,
    0x0e, 0x13, 0xff, 0xf3, 0x0d, 0xff, 0xff, 0xff, 0xff, 0xff, 0xff, 0xff, 0xff, 0xf5, 0x05, 0x03,
    0xff, 0xf3, 0x08, 0xaa, 0xaa, 0xbf, 0xff, 0xff, 0xfc, 0xaa, 0xaa, 0xa3, 0x00, 0x03, 0xff, 0xf3,
    0x00, 0x00, 0x02, 0xcf, 0xfe, 0xaf, 0xfe, 0x40, 0x00, 0x00, 0x00, 0x03, 0xff, 0xf3, 0x00, 0x01,
    0x6e, 0xff, 0xf6, 0x0c, 0xff, 0xfb, 0x30, 0x00, 0x00, 0x03, 0xff, 0xf3, 0x14, 0x9e, 0xff, 0xff,
    0x80, 0x02, 0xdf, 0xff, 0xfd, 0x83, 0x00, 0x03, 0xff, 0xf3, 0x3f, 0xff, 0xff, 0xf6, 0x00, 0x00,
    0x1b, 0xff, 0xff, 0xf3, 0x00, 0x03, 0xff, 0xf3, 0x07, 0xff, 0xfb, 0x20, 0x00, 0x00, 0x00, 0x6e,
    0xff, 0xa0, 0x00, 0x03, 0xff, 0xf3, 0x00, 0xb9, 0x30, 0x00, 0x00, 0x00, 0x00, 0x01, 0x7c, 0x20,
    0x04, 0xff, 0xff, 0xff, 0xff, 0xff, 0xff, 0xff, 0xff, 0xff, 0xff, 0xff, 0xff, 0x80, 0x04, 0xff,
    0xff, 0xff, 0xff, 0xff, 0xff, 0xff, 0xff, 0xff, 0xff, 0xff, 0xff, 0x80, 0x04, 0xff, 0xff, 0xff,
    0xff, 0xff, 0xff, 0xff, 0xff, 0xff, 0xff, 0xff, 0xff, 0x80, 0x03, 0xbb, 0xbb, 0xbb, 0xbb, 0xbb,
    0xbe, 0xff, 0xfd, 0xbb, 0xbb, 0xbb, 0xbb, 0x60, 0x00, 0x00, 0x00, 0x00, 0x00, 0x00, 0x09, 0xff,
    0xf8, 0x00, 0x00, 0x00, 0x00, 0x00, 0x00, 0x00, 0x00, 0x00, 0x00, 0x00, 0x09, 0xff, 0xf8, 0x00,
    0x00, 0x00, 0x00, 0x00, 0x00, 0x00, 0x00, 0x00, 0x00, 0x00, 0x09, 0xff, 0xf8, 0x00, 0x00, 0x00,
    0x00, 0x00, 0x00, 0x00, 0x6f, 0xff, 0xa0, 0x00, 0x09, 0xff, 0xf8, 0x00, 0x00, 0x00, 0x00, 0x00,
    0x00, 0x00, 0x6f, 0xff, 0xa0, 0x00, 0x09, 0xff, 0xf8, 0x00, 0x00, 0x00, 0x00, 0x00, 0x00, 0x00,
    0x6f, 0xff, 0xa0, 0x00, 0x09, 0xff, 0xf8, 0x00, 0x00, 0x00, 0x00, 0x00, 0x00, 0x00, 0x6f, 0xff,
    0xa0, 0x00, 0x09, 0xff, 0xf8, 0x00, 0x00, 0x00, 0x00, 0x00, 0x00, 0x00, 0x6f, 0xff, 0xa0, 0x00,
    0x09, 0xff, 0xff, 0xff, 0xff, 0xff, 0xf8, 0x00, 0x00, 0x00, 0x6f, 0xff, 0xa0, 0x00, 0x09, 0xff,
    0xff, 0xff, 0xff, 0xff, 0xf8, 0x00, 0x00, 0x00, 0x6f, 0xff, 0xa0, 0x00, 0x09, 0xff, 0xff, 0xff,
    0xff, 0xff, 0xf8, 0x00, 0x00, 0x00, 0x6f, 0xff, 0xa0, 0x00, 0x09, 0xff, 0xfd, 0xbb, 0xbb, 0xbb,
    0xb6, 0x00, 0x00, 0x00, 0x6f, 0xff, 0xa0, 0x00, 0x09, 0xff, 0xf8, 0x00, 0x00, 0x00, 0x00, 0x00,
    0x00, 0x00, 0x6f, 0xff, 0xa0, 0x00, 0x09, 0xff, 0xf8, 0x00, 0x00, 0x00, 0x00, 0x00, 0x00, 0x00,
    0x6f, 0xff, 0xa0, 0x00, 0x09, 0xff, 0xf8, 0x00, 0x00, 0x00, 0x00, 0x00, 0x00, 0x00, 0x6f, 0xff,
    0xa0, 0x00, 0x09, 0xff, 0xf8, 0x00, 0x00, 0x00, 0x00, 0x00, 0x00, 0x00, 0x6f, 0xff, 0xa0, 0x00,
    0x09, 0xff, 0xf8, 0x00, 0x00, 0x00, 0x00, 0x00, 0x00, 0x00, 0x6f, 0xff, 0xa0, 0x00, 0x09, 0xff,
    0xf8, 0x00, 0x00, 0x00, 0x00, 0x00, 0x00, 0x00, 0x6f, 0xff, 0xa0, 0x00, 0x09, 0xff, 0xf8, 0x00,
    0x00, 0x00, 0x00, 0x00, 0x6f, 0xff, 0xff, 0xff, 0xff, 0xff, 0xff, 0xff, 0xff, 0xff, 0xff, 0xff,
    0xff, 0xf6, 0x6f, 0xff, 0xff, 0xff, 0xff, 0xff, 0xff, 0xff, 0xff, 0xff, 0xff, 0xff, 0xff, 0xf6,
    0x6f, 0xff, 0xff, 0xff, 0xff, 0xff, 0xff, 0xff, 0xff, 0xff, 0xff, 0xff, 0xff, 0xf6, 0x4b, 0xbb,
    0xbb, 0xbb, 0xbb, 0xbb, 0xbb, 0xbb, 0xbb, 0xbb, 0xbb, 0xbb, 0xbb, 0xb5, 0x00, 0x1f, 0xff, 0xff,
    0xff, 0xff, 0xff, 0xff, 0xff, 0xff, 0xff, 0xff, 0xfa, 0x00, 0x00, 0x1f, 0xff, 0xff, 0xff, 0xff,
    0xff, 0xff, 0xff, 0xff, 0xff, 0xff, 0xfa, 0x00, 0x00, 0x1f, 0xff, 0xff, 0xff, 0xff, 0xff, 0xff,
    0xff, 0xff, 0xff, 0xff, 0xfa, 0x00, 0x00, 0x1f, 0xff, 0xd6, 0x66, 0x66, 0x66, 0x66, 0x66, 0x66,
    0x67, 0xff, 0xfa, 0x00, 0x00, 0x1f, 0xff, 0xb0, 0x00, 0x00, 0x00, 0x00, 0x00, 0x00, 0x02, 0xff,
    0xfa, 0x00, 0x00, 0x1f, 0xff, 0xb0, 0x00, 0x00, 0x00, 0x00, 0x00, 0x00, 0x02, 0xff, 0xfa, 0x00,
    0x00, 0x1f, 0xff, 0xb0, 0x00, 0x00, 0x00, 0x00, 0x00, 0x00, 0x02, 0xff, 0xfa, 0x00, 0x00, 0x1f,
    0xff, 0xff, 0xff, 0xff, 0xff, 0xff, 0xff, 0xff, 0xff, 0xff, 0xfa, 0x00, 0x00, 0x1f, 0xff, 0xff,
    0xff, 0xff, 0xff, 0xff, 0xff, 0xff, 0xff, 0xff, 0xfa, 0x00, 0x00, 0x1f, 0xff, 0xff, 0xff, 0xff,
    0xff, 0xff, 0xff, 0xff, 0xff, 0xff, 0xfa, 0x00, 0x00, 0x1f, 0xff, 0xd6, 0x66, 0x66, 0x68, 0xff,
    0xfc, 0x66, 0x66, 0x66, 0x64, 0x00, 0x00, 0x1f, 0xff, 0xb0, 0x00, 0x00, 0x02, 0xff, 0xfd, 0x00,
    0x00, 0x00, 0x00, 0x00, 0x00, 0x1f, 0xff, 0xb0, 0x00, 0x00, 0x00, 0xef, 0xff, 0x10, 0x00, 0x00,
    0x00, 0x00, 0x00, 0x1f, 0xff, 0xff, 0xff, 0xff, 0xff, 0xff, 0xff, 0xff, 0xff, 0xff, 0xff, 0xf4,
    0x00, 0x1f, 0xff, 0xff, 0xff, 0xff, 0xff, 0xff, 0xff, 0xff, 0xff, 0xff, 0xff, 0xf4, 0x00, 0x1f,
    0xff, 0xff, 0xff, 0xff, 0xff, 0xff, 0xff, 0xff, 0xff, 0xff, 0xff, 0xf4, 0x00, 0x1f, 0xff, 0xd6,
    0x66, 0x66, 0x66, 0x7f, 0xff, 0xe6, 0x66, 0x66, 0x66, 0x61, 0x00, 0x1f, 0xff, 0xb0, 0x00, 0x00,
    0x00, 0x0d, 0xff, 0xf3, 0x00, 0x02, 0xb3, 0x00, 0x00, 0x1f, 0xff, 0xb0, 0x00, 0x00, 0x00, 0x08,
    0xff, 0xf9, 0x00, 0x04, 0xff, 0xa2, 0x00, 0x1f, 0xff, 0xb0, 0x00, 0x00, 0x00, 0x02, 0xff, 0xff,
    0x30, 0x07, 0xff, 0xf8, 0x00, 0x2f, 0xff, 0xb0, 0x00, 0x00, 0x50, 0x00, 0xbf, 0xff, 0xd3, 0x2d,
    0xff, 0xf5, 0x00, 0x6f, 0xff, 0xb0, 0x03, 0x9e, 0xf0, 0x00, 0x3f, 0xff, 0xff, 0xff, 0xff, 0xf1,
    0x01, 0xdf, 0xff, 0xc8, 0xdf, 0xff, 0xe0, 0x00, 0x08, 0xff, 0xff, 0xff, 0xff, 0xa0, 0x01, 0xcf,
    0xff, 0xff, 0xff, 0xff, 0xe0, 0x00, 0x00, 0xaf, 0xff, 0xff, 0xff, 0x20, 0x00, 0x2e, 0xff, 0xff,
    0xff, 0xed, 0xa0, 0x00, 0x00, 0x07, 0xef, 0xff, 0xe4, 0x00, 0x00, 0x05, 0xeb, 0x86, 0x31, 0x00,
    0x00, 0x00, 0x00, 0x00, 0x15, 0x65, 0x10, 0x00, 0x00, 0x00, 0x00, 0x00, 0x00, 0x01, 0xff, 0xfb,
    0x00, 0x01, 0xc6, 0x00, 0x00, 0x00, 0x00, 0x00, 0x00, 0x00, 0x00, 0x01, 0xff, 0xfb, 0x00, 0x2d,
    0xff, 0xa1, 0x00, 0x00, 0x00, 0x00, 0x00, 0x00, 0x00, 0x01, 0xff, 0xfb, 0x00, 0x5f, 0xff, 0xfd,
    0x30, 0x00, 0x00, 0x00, 0x00, 0x00, 0x00, 0x01, 0xff, 0xfb, 0x00, 0x04, 0xef, 0xff, 0x50, 0x00,
    0x00, 0x00, 0x00, 0x00, 0x00, 0x01, 0xff, 0xfb, 0x00, 0x00, 0x2c, 0xf4, 0x00, 0x00, 0x2f, 0xff,
    0xff, 0xff, 0xff, 0xff, 0xff, 0xff, 0xff, 0xff, 0xff, 0xff, 0xff, 0xf3, 0x2f, 0xff, 0xff, 0xff,
    0xff, 0xff, 0xff, 0xff, 0xff, 0xff, 0xff, 0xff, 0xff, 0xf3, 0x2f, 0xff, 0xff, 0xff, 0xff, 0xff,
    0xff, 0xff, 0xff, 0xff, 0xff, 0xff, 0xff, 0xf3, 0x16, 0x66, 0x66, 0x66, 0x66, 0x67, 0xff, 0xfd,
    0x66, 0x66, 0x66, 0x66, 0x66, 0x61, 0x00, 0x02, 0xb2, 0x00, 0x00, 0x01, 0xff, 0xfc, 0x00, 0x00,
    0x00, 0x05, 0x90, 0x00, 0x00, 0x2d, 0xfd, 0x10, 0x00, 0x01, 0xff, 0xff, 0x20, 0x00, 0x00, 0x4f,
    0xfa, 0x00, 0x00, 0x6f, 0xff, 0xc1, 0x00, 0x01, 0xff, 0xff, 0x70, 0x00, 0x03, 0xef, 0xff, 0x80,
    0x00, 0x08, 0xff, 0xfc, 0x10, 0x01, 0xff, 0xff, 0xd0, 0x00, 0x2d, 0xff, 0xfb, 0x10, 0x00, 0x00,
    0x9f, 0xff, 0xb0, 0x01, 0xff, 0xff, 0xf6, 0x02, 0xdf, 0xff, 0xb1, 0x00, 0x00, 0x00, 0x0b, 0xff,
    0xf9, 0x01, 0xff, 0xff, 0xfd, 0x2d, 0xff, 0xfb, 0x10, 0x00, 0x00, 0x00, 0x01, 0xcf, 0xd2, 0x02,
    0xff, 0xff, 0xff, 0xff, 0xff, 0xb0, 0x00, 0x00, 0x00, 0x00, 0x00, 0x2b, 0x20, 0x3d, 0xff, 0xff,
    0xff, 0xff, 0xfb, 0x00, 0x00, 0x00, 0x00, 0x00, 0x00, 0x00, 0x07, 0xff, 0xff, 0xfc, 0xef, 0xff,
    0xc0, 0x00, 0x00, 0x00, 0x00, 0x00, 0x00, 0x02, 0xcf, 0xff, 0xff, 0xfb, 0x5f, 0xff, 0xf6, 0x00,
    0x00, 0x00, 0x00, 0x00, 0x00, 0x6e, 0xff, 0xfc, 0xff, 0xfb, 0x0a, 0xff, 0xff, 0x80, 0x00, 0x00,
    0x00, 0x00, 0x2b, 0xff, 0xff, 0x81, 0xff, 0xfb, 0x01, 0xcf, 0xff, 0xfc, 0x30, 0x00, 0x00, 0x07,
    0xff, 0xff, 0xe4, 0x01, 0xff, 0xfb, 0x00, 0x1d, 0xff, 0xff, 0xfa, 0x30, 0x04, 0xdf, 0xff, 0xfc,
    0x20, 0x02, 0xff, 0xfb, 0x00, 0x02, 0xcf, 0xff, 0xff, 0xf5, 0x6f, 0xff, 0xff, 0x90, 0x00, 0x04,
    0xff, 0xfb, 0x00, 0x00, 0x1a, 0xff, 0xff, 0xc0, 0x1e, 0xff, 0xe5, 0x11, 0x00, 0x3c, 0xff, 0xfb,
    0x00, 0x00, 0x00, 0x6e, 0xff, 0x30, 0x08, 0xfd, 0x30, 0x6f, 0xff, 0xff, 0xff, 0xf9, 0x00, 0x00,
    0x00, 0x01, 0x89, 0x00, 0x01, 0xb1, 0x00, 0x3f, 0xff, 0xff, 0xff, 0xf5, 0x00, 0x00, 0x00, 0x00,
    0x00, 0x00, 0x00, 0x00, 0x00, 0x0e, 0xff, 0xff, 0xff, 0xb0, 0x00, 0x00, 0x00, 0x00, 0x00, 0x00,
    0x00, 0x00, 0x00, 0x0b, 0xff, 0xfe, 0xc7, 0x00, 0x00, 0x00, 0x00, 0x00, 0x00, 0x00, 0x00, 0x00,
    0x00, 0x01, 0x10, 0x00, 0x00, 0x00, 0x00, 0x00, 0x00, 0x00, 0x00, 0x00, 0x00, 0x00, 0x00, 0x00,
    0x00, 0x00, 0x00, 0x05, 0xff, 0xf7, 0x00, 0x00, 0x00, 0x00, 0x00, 0x1b, 0x60, 0x00, 0x00, 0x00,
    0x00, 0x05, 0xff, 0xf7, 0x00, 0x00, 0x00, 0x00, 0x01, 0xcf, 0xfb, 0x10, 0x00, 0x00, 0x00, 0x05,
    0xff, 0xf7, 0x00, 0x00, 0x00, 0x00, 0x04, 0xef, 0xff, 0xe4, 0x00, 0x00, 0x00, 0x05, 0xff, 0xf7,
    0x00, 0x00, 0x00, 0x00, 0x00, 0x3d, 0xff, 0xff, 0x40, 0x00, 0x00, 0x05, 0xff, 0xf7, 0x00, 0x00,
    0x00, 0x00, 0x00, 0x01, 0xaf, 0xf8, 0x0f, 0xff, 0xff, 0xff, 0xff, 0xff, 0xff, 0xff, 0xff, 0x50,
    0x00, 0x00, 0x08, 0x80, 0x0f, 0xff, 0xff, 0xff, 0xff, 0xff, 0xff, 0xff, 0xff, 0x50, 0x00, 0x00,
    0x00, 0x00, 0x0f, 0xff, 0xff, 0xff, 0xff, 0xff, 0xff, 0xff, 0xff, 0x50, 0x00, 0xa5, 0x00, 0x00,
    0x04, 0x44, 0x44, 0x47, 0xff, 0xf9, 0x44, 0x44, 0x44, 0x10, 0x1b, 0xff, 0x70, 0x00, 0x00, 0x00,
    0x00, 0x05, 0xff, 0xf7, 0x00, 0x00, 0x00, 0x00, 0x5f, 0xff, 0xf8, 0x00, 0x00, 0x00, 0x00, 0x05,
    0xff, 0xf7, 0x00, 0x00, 0x00, 0x00, 0x06, 0xff, 0xff, 0x80, 0x00, 0x00, 0x00, 0x05, 0xff, 0xf7,
    0x00, 0x00, 0x00, 0x00, 0x00, 0x6f, 0xff, 0xf7, 0xff, 0xff, 0xff, 0xff, 0xff, 0xff, 0xff, 0xff,
    0xff, 0xf8, 0x00, 0x07, 0xff, 0x64, 0xff, 0xff, 0xff, 0xff, 0xff, 0xff, 0xff, 0xff, 0xff, 0xf8,
    0x00, 0x00, 0x86, 0x04, 0xff, 0xff, 0xff, 0xff, 0xff, 0xff, 0xff, 0xff, 0xff, 0xf8, 0x00, 0x00,
    0x00, 0x01, 0x44, 0x44, 0x4c, 0xff, 0xfd, 0x44, 0x44, 0x44, 0x44, 0x42, 0x00, 0x00, 0xb7, 0x10,
    0x00, 0x00, 0x3f, 0xff, 0xf5, 0x00, 0x00, 0x00, 0x00, 0x00, 0x00, 0x02, 0xff, 0xfa, 0x00, 0x00,
    0xcf, 0xff, 0xb0, 0x00, 0x3b, 0x40, 0x00, 0x00, 0x00, 0x07, 0xff, 0xf8, 0x00, 0x06, 0xff, 0xff,
    0x30, 0x1a, 0xff, 0xd1, 0x00, 0x00, 0x00, 0x0c, 0xff, 0xf3, 0x00, 0x2e, 0xff, 0xf8, 0x00, 0x0b,
    0xff, 0xf9, 0x00, 0x00, 0x00, 0x2f, 0xff, 0xc0, 0x00, 0xcf, 0xff, 0xd1, 0x00, 0x02, 0xef, 0xff,
    0x40, 0x00, 0x00, 0x7f, 0xff, 0x70, 0x09, 0xff, 0xff, 0x30, 0x00, 0x00, 0x7f, 0xff, 0xd1, 0x00,
    0x00, 0xdf, 0xff, 0x20, 0x7f, 0xff, 0xf8, 0x12, 0x45, 0x68, 0x9f, 0xff, 0xf8, 0x00, 0x03, 0xff,
    0xfc, 0x02, 0xff, 0xff, 0xff, 0xff, 0xff, 0xff, 0xff, 0xff, 0xff, 0x20, 0x09, 0xff, 0xf7, 0x00,
    0xcf, 0xff, 0xff, 0xff, 0xff, 0xff, 0xff, 0xff, 0xff, 0xb0, 0x0d, 0xff, 0xf2, 0x00, 0x6f, 0xff,
    0xff, 0xff, 0xff, 0xff, 0xff, 0xff, 0xff, 0xf4, 0x00, 0x49, 0xb0, 0x00, 0x1b, 0xa8, 0x76, 0x55,
    0x43, 0x22, 0x10, 0x0a, 0xff, 0xa2, 0x00, 0x00, 0x00, 0x00, 0x00, 0x00, 0x00, 0x00, 0x00, 0x00,
    0x00, 0x02, 0xc4, 0x00, 0x00, 0x00, 0x00, 0x00, 0x00, 0x00, 0x00, 0x01, 0x6a, 0xd1, 0x00, 0x00,
    0x00, 0x00, 0x00, 0x1b, 0x60, 0x00, 0x00, 0x00, 0x00, 0x0d, 0xff, 0xf7, 0x00, 0x00, 0x00, 0x00,
    0x01, 0xcf, 0xfa, 0x10, 0x00, 0x00, 0x00, 0x05, 0xff, 0xfe, 0x00, 0x00, 0x00, 0x00, 0x04, 0xef,
    0xff, 0xd3, 0x00, 0x00, 0x00, 0x00, 0xbf, 0xff, 0x50, 0x00, 0x00, 0x00, 0x00, 0x2d, 0xff, 0xfe,
    0x4f, 0xff, 0xff, 0xff, 0xff, 0xff, 0xff, 0xff, 0xff, 0xa0, 0x00, 0x01, 0xbf, 0xf7, 0x2f, 0xff,
    0xff, 0xff, 0xff, 0xff, 0xff, 0xff, 0xff, 0xa0, 0x00, 0x00, 0x0a, 0x60, 0x2f, 0xff, 0xff, 0xff,
    0xff, 0xff, 0xff, 0xff, 0xff, 0xa0, 0x00, 0x00, 0x00, 0x00, 0x1a, 0xaa, 0xaa, 0xaa, 0xff, 0xff,
    0xaa, 0xaa, 0xaa, 0x70, 0x01, 0xb5, 0x00, 0x00, 0x00, 0x00, 0x00, 0x00, 0xff, 0xff, 0x00, 0x00,
    0x00, 0x00, 0x0b, 0xff, 0x80, 0x00, 0x00, 0x00, 0x00, 0x00, 0xff, 0xff, 0x00, 0x00, 0x00, 0x00,
    0x5f, 0xff, 0xfa, 0x10, 0x00, 0x00, 0x00, 0x00, 0xff, 0xff, 0x00, 0x00, 0x00, 0x00, 0x07, 0xff,
    0xff, 0xc2, 0x00, 0x00, 0x00, 0x00, 0xff, 0xff, 0x00, 0x00, 0x00, 0x00, 0x00, 0x5f, 0xff, 0xfb,
    0x00, 0x00, 0x00, 0x00, 0xff, 0xff, 0x00, 0x00, 0x00, 0x00, 0x00, 0x04, 0xef, 0xd2, 0x05, 0xff,
    0xff, 0xff, 0xff, 0xff, 0xff, 0xff, 0xfe, 0x00, 0x00, 0x00, 0x3b, 0x20, 0x05, 0xff, 0xff, 0xff,
    0xff, 0xff, 0xff, 0xff, 0xfe, 0x00, 0x00, 0x00, 0x00, 0x00, 0x05, 0xff, 0xff, 0xff, 0xff, 0xff,
    0xff, 0xff, 0xfe, 0x00, 0x00, 0x00, 0x00, 0x00, 0x03, 0xaa, 0xaa, 0xaa, 0xff, 0xff, 0xaa, 0xaa,
    0xa9, 0x00, 0x00, 0x04, 0xb6, 0x10, 0x00, 0x00, 0x00, 0x00, 0xff, 0xff, 0x00, 0x00, 0x00, 0x00,
    0x00, 0x08, 0xff, 0xf5, 0x00, 0x00, 0x00, 0x00, 0xff, 0xff, 0x00, 0x00, 0x00, 0x00, 0x00, 0x0c,
    0xff, 0xf3, 0x00, 0x00, 0x00, 0x00, 0xff, 0xff, 0x00, 0x00, 0x00, 0x00, 0x00, 0x1f, 0xff, 0xe0,
    0x00, 0x00, 0x00, 0x00, 0xff, 0xff, 0x00, 0x00, 0x00, 0x00, 0x00, 0x6f, 0xff, 0xa0, 0x00, 0x00,
    0x00, 0x00, 0xff, 0xff, 0x00, 0x00, 0x00, 0x00, 0x00, 0xaf, 0xff, 0x50, 0x00, 0x00, 0x00, 0x00,
    0xff, 0xff, 0x00, 0x00, 0x00, 0x00, 0x01, 0xef, 0xff, 0x17, 0xff, 0xff, 0xff, 0xff, 0xff, 0xff,
    0xff, 0xff, 0xff, 0xfa, 0x05, 0xff, 0xfc, 0x07, 0xff, 0xff, 0xff, 0xff, 0xff, 0xff, 0xff, 0xff,
    0xff, 0xfa, 0x0a, 0xff, 0xf7, 0x07, 0xff, 0xff, 0xff, 0xff, 0xff, 0xff, 0xff, 0xff, 0xff, 0xfa,
    0x1e, 0xff, 0xf2, 0x04, 0xaa, 0xaa, 0xaa, 0xaa, 0xaa, 0xaa, 0xaa, 0xaa, 0xaa, 0xa6, 0x01, 0x6a,
    0xb0, 0x00, 0x00, 0x00, 0x00, 0x00, 0x00, 0x00, 0x00, 0x00, 0x00, 0x00, 0x00, 0x7a, 0x20, 0x00,
    0x00, 0x00, 0x00, 0x00, 0x00, 0x00, 0x00, 0x00, 0x00, 0x00, 0x08, 0xff, 0xe6, 0x00, 0x9f, 0xff,
    0xff, 0xff, 0xff, 0xff, 0xff, 0xff, 0xff, 0x80, 0x1b, 0xff, 0xff, 0xb1, 0x9f, 0xff, 0xff, 0xff,
    0xff, 0xff, 0xff, 0xff, 0xff, 0x80, 0x00, 0x7f, 0xff, 0xfd, 0x9f, 0xff, 0xff, 0xff, 0xff, 0xff,
    0xff, 0xff, 0xff, 0x80, 0x00, 0x03, 0xdf, 0xe3, 0x9f, 0xfe, 0x33, 0x33, 0x33, 0x33, 0x33, 0x3f,
    0xff, 0x80, 0x00, 0x00, 0x1b, 0x40, 0x9f, 0xfe, 0x03, 0xb1, 0x00, 0x00, 0x00, 0x0f, 0xff, 0x80,
    0x00, 0x00, 0x00, 0x00, 0x00, 0x00, 0x3e, 0xfc, 0x10, 0x02, 0xc4, 0x00, 0x00, 0x00, 0x00, 0x00,
    0x00, 0x00, 0x00, 0x02, 0xef, 0xff, 0x70, 0x3e, 0xff, 0x80, 0x00, 0x00, 0x01, 0xb7, 0x00, 0x00,
    0x00, 0x3e, 0xff, 0xf8, 0x00, 0x4e, 0xff, 0xfb, 0x10, 0x00, 0x1b, 0xff, 0xc3, 0x00, 0x05, 0xff,
    0xff, 0x70, 0x00, 0x02, 0xcf, 0xff, 0xd3, 0x00, 0x5f, 0xff, 0xfe, 0x60, 0x5f, 0xff, 0xf6, 0x00,
    0x00, 0x00, 0x0a, 0xff, 0xff, 0x40, 0x03, 0xdf, 0xff, 0xf5, 0x1c, 0xff, 0x50, 0x06, 0xff, 0xf4,
    0x00, 0x7f, 0xfb, 0x10, 0x00, 0x1a, 0xff, 0x80, 0x01, 0xb3, 0x00, 0x06, 0xff, 0xf4, 0x00, 0x05,
    0xb1, 0x00, 0x00, 0x00, 0x88, 0x00, 0xef, 0xff, 0xff, 0xff, 0xff, 0xff, 0xff, 0xff, 0xff, 0xf1,
    0x00, 0x03, 0xc6, 0x10, 0xef, 0xff, 0xff, 0xff, 0xff, 0xff, 0xff, 0xff, 0xff, 0xf1, 0x00, 0x07,
    0xff, 0xe4, 0xef, 0xff, 0xff, 0xff, 0xff, 0xff, 0xff, 0xff, 0xff, 0xf1, 0x00, 0x0b, 0xff, 0xf3,
    0x23, 0x33, 0x36, 0xff, 0xff, 0xff, 0xe3, 0x33, 0x33, 0x30, 0x00, 0x1f, 0xff, 0xd0, 0x00, 0x00,
    0x2e, 0xff, 0xff, 0xff, 0xf9, 0x00, 0x00, 0x00, 0x00, 0x5f, 0xff, 0x80, 0x00, 0x01, 0xcf, 0xfd,
    0xff, 0xfe, 0xff, 0x60, 0x00, 0x00, 0x00, 0xaf, 0xff, 0x40, 0x00, 0x1c, 0xff, 0xd6, 0xff, 0xf7,
    0xff, 0xf5, 0x00, 0x00, 0x00, 0xef, 0xfe, 0x00, 0x01, 0xcf, 0xff, 0x36, 0xff, 0xf4, 0x9f, 0xff,
    0x70, 0x00, 0x04, 0xff, 0xfa, 0x00, 0x2d, 0xff, 0xf6, 0x06, 0xff, 0xf4, 0x1c, 0xff, 0xfa, 0x10,
    0x09, 0xff, 0xf5, 0x05, 0xef, 0xff, 0x90, 0x06, 0xff, 0xf4, 0x02, 0xef, 0xff, 0xe5, 0x0e, 0xff,
    0xf1, 0x09, 0xff, 0xfa, 0x00, 0x06, 0xff, 0xf4, 0x00, 0x4e, 0xff, 0xf3, 0x3e, 0xff, 0xb0, 0x01,
    0xdf, 0xb0, 0x00, 0x06, 0xff, 0xf4, 0x00, 0x04, 0xef, 0x80, 0x01, 0x5b, 0x70, 0x00, 0x49, 0x00,
    0x00, 0x06, 0xff, 0xf4, 0x00, 0x00, 0x3b, 0x00, 0x00, 0x00, 0x00, 0x00, 0x00, 0x00, 0x00, 0x06,
    0xff, 0xf4, 0x00, 0x00, 0x00, 0x00, 0x00, 0x6b, 0x10, 0x00, 0x00, 0x00, 0x00, 0x00, 0x00, 0x00,
    0x00, 0x00, 0x00, 0x00, 0x07, 0xff, 0xd3, 0x00, 0xcf, 0xff, 0xff, 0xff, 0xff, 0xff, 0xff, 0xff,
    0xff, 0xf5, 0x0a, 0xff, 0xff, 0x60, 0xcf, 0xff, 0xff, 0xff, 0xff, 0xff, 0xff, 0xff, 0xff, 0xf5,
    0x00, 0x8f, 0xff, 0xf5, 0xcf, 0xff, 0xff, 0xff, 0xff, 0xff, 0xff, 0xff, 0xff, 0xf5, 0x00, 0x07,
    0xff, 0x90, 0xcf, 0xfa, 0x11, 0x11, 0x4f, 0xff, 0x61, 0x11, 0x11, 0x10, 0x00, 0x00, 0x79, 0x00,
    0xcf, 0xfa, 0x00, 0x00, 0xaf, 0xfc, 0x00, 0x00, 0x00, 0x00, 0x00, 0x00, 0x00, 0x00, 0xcf, 0xfa,
    0x0c, 0xff, 0xff, 0xff, 0xff, 0xff, 0xff, 0x30, 0x01, 0xb5, 0x00, 0x00, 0xcf, 0xfa, 0x0c, 0xff,
    0xff, 0xff, 0xff, 0xff, 0xff, 0x30, 0x1c, 0xff, 0x90, 0x00, 0xcf, 0xfa, 0x0c, 0xff, 0xec, 0xcc,
    0xcc, 0xdf, 0xff, 0x30, 0x5f, 0xff, 0xfc, 0x20, 0xcf, 0xfa, 0x0c, 0xff, 0x80, 0x00, 0x00, 0x3f,
    0xff, 0x30, 0x06, 0xff, 0xff, 0xa0, 0xcf, 0xfa, 0x0c, 0xff, 0x80, 0x00, 0x00, 0x3f, 0xff, 0x30,
    0x00, 0x4e, 0xfc, 0x10, 0xcf, 0xfa, 0x0c, 0xff, 0xff, 0xff, 0xff, 0xff, 0xff, 0x30, 0x00, 0x03,
    0xb1, 0x00, 0xdf, 0xfa, 0x0c, 0xff, 0xff, 0xff, 0xff, 0xff, 0xff, 0x30, 0x00, 0x00, 0x00, 0x00,
    0xdf, 0xfa, 0x0c, 0xff, 0xc8, 0x88, 0x88, 0x9f, 0xff, 0x30, 0x00, 0x00, 0x00, 0x00, 0xef, 0xf9,
    0x0c, 0xff, 0xff, 0xff, 0xff, 0xff, 0xff, 0x30, 0x00, 0x09, 0x82, 0x00, 0xef, 0xf9, 0x0c, 0xff,
    0xff, 0xff, 0xff, 0xff, 0xff, 0x30, 0x00, 0x0d, 0xff, 0x91, 0xff, 0xf8, 0x0a, 0xcc, 0xcc, 0xff,
    0xfe, 0xcc, 0xcc, 0x20, 0x00, 0x2f, 0xff, 0x83, 0xff, 0xf6, 0x00, 0x00, 0x00, 0xef, 0xf8, 0x17,
    0x90, 0x00, 0x00, 0x5f, 0xff, 0x45, 0xff, 0xf5, 0x00, 0xb4, 0x00, 0xef, 0xf9, 0xdf, 0xf2, 0x00,
    0x00, 0x8f, 0xff, 0x18, 0xff, 0xf3, 0x07, 0xff, 0xa0, 0xef, 0xf8, 0xbf, 0xf9, 0x00, 0x00, 0xcf,
    0xfc, 0x0c, 0xff, 0xf0, 0x2e, 0xff, 0x90, 0xef, 0xf8, 0x5f, 0xff, 0x20, 0x01, 0xff, 0xf9, 0x1f,
    0xff, 0xc0, 0xaf, 0xff, 0x20, 0xef, 0xf8, 0x0d, 0xff, 0x80, 0x05, 0xff, 0xf5, 0x7f, 0xff, 0x86,
    0xff, 0xf8, 0x00, 0xff, 0xf8, 0x06, 0xff, 0xe1, 0x09, 0xff, 0xf3, 0xef, 0xff, 0x6e, 0xff, 0xf7,
    0x6a, 0xff, 0xf7, 0x01, 0xef, 0xf6, 0x0d, 0xff, 0xe3, 0xef, 0xfd, 0x1b, 0xff, 0x5f, 0xff, 0xff,
    0xf5, 0x00, 0x9f, 0xe6, 0x2f, 0xff, 0xa0, 0x2d, 0xf7, 0x00, 0x87, 0x0d, 0xff, 0xff, 0xd0, 0x00,
    0x3a, 0x20, 0x02, 0x7b, 0x60, 0x01, 0xb1, 0x00, 0x00, 0x0a, 0xff, 0xda, 0x20, 0x00, 0x00, 0x00,
    0x00, 0x00, 0x00, 0x00, 0x00, 0x00, 0x00, 0x00, 0x00, 0x00, 0x00, 0x00, 0x00, 0x00, 0x00, 0x2c,
    0x40, 0x00, 0x00, 0x00, 0x00, 0x00, 0x00, 0x00, 0x00, 0x00, 0x00, 0x00, 0x03, 0xef, 0xf7, 0x00,
    0x09, 0xff, 0xff, 0xff, 0xff, 0xff, 0xff, 0xff, 0xc0, 0x00, 0x06, 0xff, 0xff, 0xa1, 0x09, 0xff,
    0xff, 0xff, 0xff, 0xff, 0xff, 0xff, 0xc0, 0x00, 0x00, 0x4e, 0xff, 0xfa, 0x09, 0xff, 0xe8, 0x88,
    0x88, 0x88, 0x8d, 0xff, 0xc0, 0x00, 0x00, 0x03, 0xef, 0xd1, 0x09, 0xff, 0xd0, 0x00, 0x00, 0x00,
    0x0a, 0xff, 0xc0, 0x00, 0x00, 0x00, 0x3b, 0x10, 0x09, 0xff, 0xff, 0xff, 0xff, 0xf5, 0x0a, 0xff,
    0xc0, 0x00, 0x00, 0x00, 0x00, 0x00, 0x09, 0xff, 0xff, 0xff, 0xff, 0xf5, 0x0a, 0xff, 0xc0, 0x00,
    0x00, 0x00, 0x00, 0x00, 0x09, 0xff, 0xd2, 0x22, 0xff, 0xf5, 0x0a, 0xff, 0xc0, 0x00, 0x01, 0xb5,
    0x00, 0x00, 0x09, 0xff, 0xd0, 0x00, 0xff, 0xf5, 0x0a, 0xff, 0xc0, 0x00, 0x1b, 0xff, 0x91, 0x0b,
    0xff, 0xff, 0xff, 0xff, 0xff, 0xff, 0xff, 0xff, 0xff, 0xd0, 0x5f, 0xff, 0xfc, 0x2b, 0xff, 0xff,
    0xff, 0xff, 0xff, 0xff, 0xff, 0xff, 0xff, 0xd0, 0x05, 0xff, 0xff, 0xab, 0xff, 0xe8, 0x88, 0x88,
    0x88, 0x88, 0x88, 0x8d, 0xff, 0xd0, 0x00, 0x4e, 0xfc, 0x1b, 0xff, 0xc0, 0x00, 0x00, 0x00, 0x00,
    0x00, 0x0b, 0xff, 0xd0, 0x00, 0x03, 0xb1, 0x0b, 0xff, 0xff, 0xff, 0xff, 0xff, 0xff, 0xff, 0xff,
    0xe0, 0x00, 0x00, 0x00, 0x00, 0x00, 0x0d, 0xff, 0xff, 0xff, 0xff, 0xff, 0xff, 0xff, 0xe0, 0x00,
    0x00, 0x00, 0x00, 0x00, 0x0d, 0xff, 0xc7, 0x77, 0x77, 0x77, 0x7c, 0xff, 0xe0, 0x00, 0x00, 0x06,
    0xa4, 0x00, 0x0d, 0xff, 0xa0, 0x00, 0x00, 0x00, 0x09, 0xff, 0xe0, 0x00, 0x00, 0x0a, 0xff, 0xe1,
    0x0d, 0xff, 0xff, 0xff, 0xff, 0xff, 0xff, 0xff, 0xe0, 0x00, 0x00, 0x0d, 0xff, 0xd0, 0x0d, 0xff,
    0xff, 0xff, 0xff, 0xff, 0xff, 0xff, 0xe0, 0x00, 0x00, 0x1f, 0xff, 0xa0, 0x0d, 0xff, 0xb3, 0x33,
    0x33, 0x33, 0x3a, 0xff, 0xe0, 0x00, 0x00, 0x5f, 0xff, 0x60, 0x0d, 0xff, 0xa0, 0x00, 0x00, 0x00,
    0x09, 0xff, 0xe0, 0x00, 0x00, 0x9f, 0xff, 0x30, 0x0d, 0xff, 0xff, 0xff, 0xff, 0xff, 0xff, 0xff,
    0xe0, 0x00, 0x00, 0xcf, 0xfe, 0x00, 0x0d, 0xff, 0xff, 0xff, 0xff, 0xff, 0xff, 0xff, 0xe0, 0x00,
    0x01, 0xff, 0xfa, 0x00, 0x0d, 0xff, 0xb3, 0x33, 0x33, 0x33, 0x3b, 0xff, 0xe0, 0x00, 0x05, 0xff,
    0xf7, 0x00, 0x0d, 0xff, 0xa0, 0x00, 0x00, 0x00, 0x1d, 0xff, 0xc0, 0x00, 0x09, 0xff, 0xf3, 0x00,
    0x0d, 0xff, 0xa0, 0x00, 0x0e, 0xff, 0xff, 0xff, 0x90, 0x00, 0x0d, 0xff, 0xe0, 0x00, 0x0d, 0xff,
    0xa0, 0x00, 0x09, 0xff, 0xff, 0xfe, 0x20, 0x00, 0x01, 0x5a, 0xa0, 0x00, 0x0a, 0xcc, 0x80, 0x00,
    0x04, 0xbb, 0xba, 0x82, 0x00, 0x00, 0x00, 0x6b, 0x10, 0x00, 0x00, 0x00, 0x00, 0x15, 0x8c, 0x70,
    0x00, 0x00, 0x00, 0x00, 0x07, 0xff, 0xd3, 0x00, 0x00, 0x00, 0x00, 0x3f, 0xff, 0xf2, 0x00, 0x00,
    0x00, 0x00, 0x0a, 0xff, 0xff, 0x65, 0xff, 0xff, 0xff, 0xff, 0xff, 0xff, 0xff, 0xff, 0xff, 0xf0,
    0x00, 0x8f, 0xff, 0xfa, 0xff, 0xff, 0xff, 0xff, 0xff, 0xff, 0xff, 0xff, 0xff, 0xf0, 0x00, 0x07,
    0xff, 0x95, 0xff, 0xfe, 0xee, 0xee, 0xee, 0xee, 0xee, 0xee, 0xff, 0xf0, 0x00, 0x00, 0x79, 0x05,
    0xff, 0xf2, 0x00, 0x00, 0x00, 0x00, 0x00, 0x07, 0xff, 0xf0, 0x00, 0x00, 0x00, 0x05, 0xff, 0xf2,
    0x00, 0x00, 0x00, 0x00, 0x00, 0x07, 0xff, 0xf0, 0x01, 0xb5, 0x00, 0x05, 0xff, 0xff, 0xff, 0xff,
    0xff, 0xff, 0xff, 0xff, 0xff, 0xf0, 0x1c, 0xff, 0x90, 0x00, 0x03, 0xff, 0xff, 0xff, 0xff, 0xff,
    0xff, 0xff, 0xc0, 0x00, 0x5f, 0xff, 0xfc, 0x20, 0x02, 0xaa, 0xaa, 0xac, 0xff, 0xfa, 0xaa, 0xaa,
    0x80, 0x00, 0x06, 0xff, 0xff, 0xa0, 0x00, 0x00, 0x00, 0x05, 0xff, 0xf1, 0x00, 0x00, 0x00, 0x00,
    0x00, 0x4e, 0xfc, 0x10, 0x2f, 0xff, 0xff, 0xff, 0xff, 0xff, 0xff, 0xff, 0xfd, 0x00, 0x00, 0x03,
    0xb1, 0x00, 0x2f, 0xff, 0xff, 0xff, 0xff, 0xff, 0xff, 0xff, 0xfd, 0x00, 0x00, 0x00, 0x00, 0x00,
    0x2f, 0xff, 0xba, 0xac, 0xff, 0xfa, 0xaa, 0xcf, 0xfd, 0x00, 0x00, 0x00, 0x00, 0x00, 0x2f, 0xff,
    0x30, 0x05, 0xff, 0xf1, 0x00, 0x7f, 0xfd, 0x00, 0x00, 0x07, 0xa5, 0x00, 0x2f, 0xff, 0xff, 0xff,
    0xff, 0xff, 0xff, 0xff, 0xfd, 0x00, 0x00, 0x0b, 0xff, 0xe1, 0x2f, 0xff, 0xff, 0xff, 0xff, 0xff,
    0xff, 0xff, 0xfd, 0x00, 0x00, 0x0e, 0xff, 0xc0, 0x2f, 0xff, 0x97, 0x7a, 0xff, 0xf8, 0x77, 0xbf,
    0xfd, 0x00, 0x00, 0x3f, 0xff, 0x90, 0x2f, 0xff, 0x30, 0x05, 0xff, 0xf1, 0x00, 0x7f, 0xfd, 0x00,
    0x00, 0x6f, 0xff, 0x50, 0x2f, 0xff, 0xff, 0xff, 0xff, 0xff, 0xff, 0xff, 0xfd, 0x00, 0x00, 0x9f,
    0xff, 0x10, 0x2f, 0xff, 0xff, 0xff, 0xff, 0xff, 0xff, 0xff, 0xfd, 0x00, 0x00, 0xdf, 0xfd, 0x00,
    0x1a, 0xaa, 0xab, 0xea, 0xaa, 0xac, 0xea, 0xaa, 0xa9, 0x00, 0x02, 0xff, 0xf9, 0x00, 0x00, 0x05,
    0xaf, 0xf4, 0x00, 0x0c, 0xfe, 0xa5, 0x00, 0x00, 0x06, 0xff, 0xf6, 0x01, 0x59, 0xef, 0xff, 0xfd,
    0x10, 0x5f, 0xff, 0xff, 0xe9, 0x40, 0x0a, 0xff, 0xf2, 0x1e, 0xff, 0xff, 0xff, 0xc6, 0x00, 0x28,
    0xdf, 0xff, 0xff, 0xf6, 0x0d, 0xff, 0xe0, 0x07, 0xff, 0xfe, 0x93, 0x00, 0x00, 0x00, 0x04, 0xae,
    0xff, 0xd0, 0x01, 0x5a, 0xa0, 0x00, 0xca, 0x40, 0x00, 0x00, 0x00, 0x00, 0x00, 0x01, 0x6c, 0x50,
    0x00, 0x00, 0x0c, 0xff, 0x90, 0x00, 0x09, 0xca, 0x71, 0x00, 0x00, 0x00, 0x00, 0x00, 0x00, 0x00,
    0x0c, 0xff, 0x90, 0x00, 0x1e, 0xff, 0xd0, 0x00, 0x00, 0x00, 0x00, 0x00, 0x05, 0xec, 0x2c, 0xff,
    0x90, 0x00, 0x6f, 0xff, 0x70, 0x00, 0x00, 0x00, 0x00, 0x00, 0x06, 0xff, 0x1c, 0xff, 0x90, 0x00,
    0xdf, 0xfe, 0x10, 0x00, 0x00, 0x00, 0x00, 0x00, 0x07, 0xff, 0x0c, 0xff, 0x90, 0x05, 0xff, 0xff,
    0xff, 0xff, 0xff, 0xff, 0xff, 0x90, 0x09, 0xfe, 0x0c, 0xff, 0x90, 0x0d, 0xff, 0xff, 0xff, 0xff,
    0xff, 0xff, 0xff, 0x80, 0x0a, 0xff, 0xff, 0xff, 0xff, 0xef, 0xff, 0xff, 0xff, 0xff, 0xff, 0xff,
    0xff, 0x80, 0x0c, 0xff, 0xff, 0xff, 0xff, 0xff, 0xff, 0x9d, 0xff, 0x9d, 0xff, 0x9e, 0xff, 0x80,
    0x0e, 0xff, 0xff, 0xff, 0xff, 0xff, 0xf8, 0x0d, 0xfc, 0x0c, 0xfe, 0x0c, 0xff, 0x80, 0x1f, 0xfa,
    0x8e, 0xff, 0xc8, 0xff, 0xd0, 0x2f, 0xf9, 0x0e, 0xfd, 0x0d, 0xff, 0x70, 0x3f, 0xf3, 0x0c, 0xff,
    0x90, 0x4e, 0x20, 0x7f, 0xf6, 0x1f, 0xfc, 0x0d, 0xff, 0x70, 0x6f, 0xf1, 0x0c, 0xff, 0x90, 0x01,
    0x00, 0xef, 0xf3, 0x5f, 0xfb, 0x0d, 0xff, 0x70, 0x8f, 0xd0, 0x0c, 0xff, 0x90, 0x00, 0x06, 0xff,
    0xc0, 0x9f, 0xf9, 0x0e, 0xff, 0x60, 0x05, 0x90, 0x0c, 0xff, 0x90, 0x00, 0x1e, 0xff, 0x70, 0xef,
    0xf6, 0x0e, 0xff, 0x60, 0x00, 0x00, 0x0c, 0xff, 0x90, 0x00, 0xaf, 0xff, 0x15, 0xff, 0xf3, 0x0e,
    0xff, 0x60, 0x00, 0x01, 0x1d, 0xff, 0xdc, 0xe7, 0xff, 0xf8, 0x0b, 0xff, 0xe0, 0x0f, 0xff, 0x50,
    0x8f, 0xff, 0xff, 0xff, 0xff, 0xff, 0xff, 0xd1, 0x4f, 0xff, 0xa0, 0x0f, 0xff, 0x50, 0x6f, 0xff,
    0xff, 0xff, 0xff, 0xff, 0xff, 0x50, 0xcf, 0xff, 0x50, 0x1f, 0xff, 0x40, 0x4f, 0xff, 0xff, 0xff,
    0xfd, 0xcf, 0xf7, 0x07, 0xff, 0xfe, 0x10, 0x1f, 0xff, 0x40, 0x2e, 0xdb, 0xae, 0xff, 0x90, 0x06,
    0x90, 0x4f, 0xff, 0xf9, 0x00, 0x2f, 0xff, 0x30, 0x00, 0x00, 0x0c, 0xff, 0x90, 0x00, 0x02, 0xef,
    0xff, 0xf2, 0x00, 0x3f, 0xff, 0x30, 0x00, 0x00, 0x0c, 0xff, 0x90, 0x00, 0x3e, 0xff, 0xff, 0x90,
    0x00, 0x4f, 0xff, 0x20, 0x00, 0x00, 0x0c, 0xff, 0x90, 0x04, 0xef, 0xff, 0xfe, 0x10, 0x00, 0x7f,
    0xff, 0x20, 0x00, 0x00, 0x0c, 0xff, 0x90, 0x7f, 0xff, 0xff, 0xfa, 0x31, 0x04, 0xef, 0xff, 0x10,
    0x00, 0x00, 0x0c, 0xff, 0x91, 0xcf, 0xff, 0xfe, 0x59, 0xff, 0xff, 0xff, 0xfd, 0x00, 0x00, 0x00,
    0x0c, 0xff, 0x90, 0x1c, 0xff, 0xc3, 0x05, 0xff, 0xff, 0xff, 0xf8, 0x00, 0x00, 0x00, 0x0c, 0xff,
    0x90, 0x01, 0xb7, 0x00, 0x01, 0xff, 0xff, 0xff, 0xd1, 0x00, 0x00, 0x00, 0x00, 0x00, 0x00, 0x00,
    0x00, 0x00, 0x00, 0xbc, 0xcc, 0xb8, 0x10, 0x00, 0x00, 0x00, 0x00, 0x9f, 0xff, 0x10, 0x00, 0x00,
    0xaf, 0xff, 0x10, 0x5b, 0x10, 0x00, 0x00, 0x00, 0x00, 0x9f, 0xff, 0x10, 0x00, 0x00, 0xaf, 0xff,
    0x19, 0xff, 0xa0, 0x00, 0x00, 0x00, 0x00, 0x9f, 0xff, 0x10, 0x00, 0x00, 0xaf, 0xff, 0x0b, 0xff,
    0xf6, 0x00, 0x00, 0x00, 0x00, 0x9f, 0xff, 0x10, 0x00, 0x00, 0xaf, 0xff, 0x01, 0xef, 0xff, 0x30,
    0x04, 0x9c, 0x00, 0x9f, 0xff, 0x10, 0x00, 0x00, 0xaf, 0xff, 0x00, 0x5f, 0xff, 0xc0, 0x1f, 0xff,
    0x50, 0x9f, 0xff, 0x10, 0x00, 0x00, 0xbf, 0xff, 0x00, 0x0b, 0xfd, 0x30, 0x0a, 0xff, 0xb0, 0x9f,
    0xff, 0x10, 0x00, 0x00, 0xbf, 0xfe, 0x00, 0x02, 0xb1, 0x00, 0x05, 0xff, 0xf2, 0x9f, 0xff, 0x10,
    0x00, 0x00, 0xbf, 0xfe, 0x00, 0x00, 0x00, 0x00, 0x00, 0xef, 0xf7, 0x9f, 0xff, 0x1f, 0xff, 0xff,
    0xff, 0xff, 0xff, 0xff, 0xff, 0xf0, 0x00, 0xaf, 0xfd, 0x9f, 0xff, 0x1f, 0xff, 0xff, 0xff, 0xff,
    0xff, 0xff, 0xff, 0xf0, 0x00, 0x5f, 0xff, 0xbf, 0xff, 0x1f, 0xff, 0xff, 0xff, 0xff, 0xff, 0xff,
    0xff, 0xf0, 0x00, 0x1d, 0x82, 0x9f, 0xff, 0x19, 0x99, 0x99, 0xff, 0xff, 0xd9, 0x99, 0x99, 0x80,
    0x00, 0x00, 0x00, 0x9f, 0xff, 0x10, 0x00, 0x03, 0xff, 0xff, 0xc0, 0x00, 0x00, 0x00, 0x00, 0x00,
    0x00, 0xaf, 0xff, 0x10, 0x00, 0x06, 0xff, 0xff, 0xf1, 0x00, 0x00, 0x00, 0x00, 0x00, 0x19, 0xff,
    0xff, 0x10, 0x00, 0x09, 0xff, 0xff, 0xf5, 0x00, 0x00, 0x00, 0x00, 0x04, 0xdf, 0xff, 0xff, 0x10,
    0x00, 0x0d, 0xff, 0xef, 0xf9, 0x00, 0x00, 0x00, 0x01, 0x9f, 0xff, 0xff, 0xff, 0x10, 0x00, 0x4f,
    0xff, 0x7f, 0xfe, 0x10, 0x00, 0x00, 0x4e, 0xff, 0xff, 0xff, 0xff, 0x10, 0x00, 0xaf, 0xff, 0x2d,
    0xff, 0x60, 0x00, 0x00, 0x5f, 0xff, 0xfe, 0xdf, 0xff, 0x10, 0x02, 0xff, 0xfd, 0x08, 0xff, 0xd0,
    0x00, 0x00, 0x1f, 0xff, 0xc2, 0x9f, 0xff, 0x10, 0x0b, 0xff, 0xf7, 0x03, 0xff, 0xf7, 0x00, 0x00,
    0x0c, 0xf9, 0x00, 0x9f, 0xff, 0x10, 0x6f, 0xff, 0xf1, 0x00, 0xcf, 0xff, 0x30, 0x00, 0x07, 0x50,
    0x00, 0x9f, 0xff, 0x13, 0xef, 0xff, 0x90, 0x00, 0x6f, 0xff, 0xd1, 0x00, 0x00, 0x00, 0x00, 0x9f,
    0xff, 0x4e, 0xff, 0xfe, 0x20, 0x00, 0x0d, 0xff, 0xfd, 0x20, 0x00, 0x00, 0x00, 0x9f, 0xff, 0xef,
    0xff, 0xf7, 0x00, 0x00, 0x04, 0xff, 0xff, 0xe4, 0x00, 0x00, 0x00, 0x9f, 0xff, 0x6f, 0xff, 0xc0,
    0x00, 0x00, 0x00, 0x9f, 0xff, 0xd2, 0x00, 0x00, 0x00, 0x9f, 0xff, 0x19, 0xfd, 0x10, 0x00, 0x00,
    0x00, 0x0b, 0xfe, 0x20, 0x00, 0x00, 0x00, 0x9f, 0xff, 0x10, 0xa2, 0x00, 0x00, 0x00, 0x00, 0x01,
    0xa5, 0x00, 0x2f, 0xff, 0xff, 0xff, 0xfd, 0x6f, 0xff, 0xff, 0xff, 0xff, 0xff, 0xff, 0xff, 0x50,
    0x2f, 0xff, 0xff, 0xff, 0xfd, 0x6f, 0xff, 0xff, 0xff, 0xff, 0xff, 0xff, 0xff, 0x50, 0x2f, 0xff,
    0xff, 0xff, 0xfd, 0x6f, 0xff, 0xff, 0xff, 0xff, 0xff, 0xff, 0xff, 0x50, 0x17, 0x7a, 0xff, 0xf8,
    0x76, 0x6f, 0xff, 0x11, 0x5f, 0xff, 0x41, 0x2f, 0xff, 0x50, 0x00, 0x06, 0xff, 0xf2, 0x00, 0x6f,
    0xff, 0x00, 0x4f, 0xff, 0x30, 0x2f, 0xff, 0x50, 0x00, 0x06, 0xff, 0xf2, 0x00, 0x6f, 0xff, 0xff,
    0xff, 0xff, 0xff, 0xff, 0xff, 0x50, 0x00, 0x06, 0xff, 0xf2, 0x00, 0x6f, 0xff, 0xff, 0xff, 0xff,
    0xff, 0xff, 0xff, 0x50, 0x00, 0x06, 0xff, 0xf2, 0x00, 0x6f, 0xff, 0xdd, 0xdf, 0xff, 0xdd, 0xdf,
    0xff, 0x50, 0x00, 0x06, 0xff, 0xf2, 0x00, 0x6f, 0xff, 0x00, 0x4f, 0xff, 0x30, 0x2f, 0xff, 0x50,
    0x0f, 0xff, 0xff, 0xff, 0xfa, 0x6f, 0xff, 0x00, 0x4f, 0xff, 0x30, 0x2f, 0xff, 0x50, 0x0f, 0xff,
    0xff, 0xff, 0xfa, 0x6f, 0xff, 0x00, 0x4f, 0xff, 0x30, 0x2f, 0xff, 0x50, 0x0f, 0xff, 0xff, 0xff,
    0xfa, 0x6f, 0xff, 0xff, 0xff, 0xff, 0xff, 0xff, 0xff, 0x50, 0x06, 0x69, 0xff, 0xf7, 0x64, 0x6f,
    0xff, 0xff, 0xff, 0xff, 0xff, 0xff, 0xff, 0x50, 0x00, 0x06, 0xff, 0xf2, 0x00, 0x6f, 0xff, 0xff,
    0xff, 0xff, 0xff, 0xff, 0xff, 0x50, 0x00, 0x06, 0xff, 0xf2, 0x00, 0x01, 0x11, 0x11, 0x5f, 0xff,
    0x41, 0x11, 0x11, 0x00, 0x00, 0x06, 0xff, 0xf2, 0x00, 0x00, 0x00, 0x00, 0x4f, 0xff, 0x30, 0x00,
    0x00, 0x00, 0x00, 0x06, 0xff, 0xf2, 0x00, 0x8f, 0xff, 0xff, 0xff, 0xff, 0xff, 0xff, 0xff, 0x70,
    0x00, 0x06, 0xff, 0xf2, 0x00, 0x8f, 0xff, 0xff, 0xff, 0xff, 0xff, 0xff, 0xff, 0x70, 0x00, 0x06,
    0xff, 0xf8, 0xad, 0x8f, 0xff, 0xff, 0xff, 0xff, 0xff, 0xff, 0xff, 0x70, 0x00, 0x06, 0xff, 0xff,
    0xfe, 0x12, 0x22, 0x22, 0x6f, 0xff, 0x52, 0x22, 0x22, 0x10, 0x03, 0x7c, 0xff, 0xff, 0xfe, 0x00,
    0x00, 0x00, 0x4f, 0xff, 0x30, 0x00, 0x00, 0x00, 0x8f, 0xff, 0xff, 0xff, 0xee, 0x00, 0x00, 0x00,
    0x4f, 0xff, 0x30, 0x00, 0x00, 0x00, 0x6f, 0xff, 0xff, 0xc6, 0x2f, 0xff, 0xff, 0xff, 0xff, 0xff,
    0xff, 0xff, 0xff, 0xfa, 0x3f, 0xfe, 0x92, 0x00, 0x2f, 0xff, 0xff, 0xff, 0xff, 0xff, 0xff, 0xff,
    0xff, 0xfa, 0x0c, 0x61, 0x00, 0x00, 0x2f, 0xff, 0xff, 0xff, 0xff, 0xff, 0xff, 0xff, 0xff, 0xfa,
    0x00, 0x00, 0x00, 0x00, 0x02, 0x22, 0x22, 0x22, 0x22, 0x22, 0x22, 0x22, 0x22, 0x21, 0x00, 0x1f,
    0xff, 0xff, 0xff, 0xff, 0xff, 0xff, 0xff, 0xff, 0xff, 0xff, 0xfe, 0x00, 0x00, 0x1f, 0xff, 0xff,
    0xff, 0xff, 0xff, 0xff, 0xff, 0xff, 0xff, 0xff, 0xfe, 0x00, 0x00, 0x1f, 0xff, 0xff, 0xff, 0xff,
    0xff, 0xff, 0xff, 0xff, 0xff, 0xff, 0xfe, 0x00, 0x00, 0x1f, 0xff, 0xe9, 0x99, 0x99, 0xcf, 0xff,
    0xc9, 0x99, 0x99, 0xef, 0xfe, 0x00, 0x00, 0x1f, 0xff, 0xb0, 0x00, 0x00, 0x7f, 0xff, 0x60, 0x00,
    0x00, 0xef, 0xfe, 0x00, 0x00, 0x1f, 0xff, 0xb0, 0x00, 0x00, 0x7f, 0xff, 0x60, 0x00, 0x00, 0xef,
    0xfe, 0x00, 0x00, 0x1f, 0xff, 0xb0, 0x00, 0x00, 0x7f, 0xff, 0x60, 0x00, 0x00, 0xef, 0xfe, 0x00,
    0x00, 0x1f, 0xff, 0xff, 0xff, 0xff, 0xff, 0xff, 0xff, 0xff, 0xff, 0xff, 0xfe, 0x00, 0x00, 0x1f,
    0xff, 0xff, 0xff, 0xff, 0xff, 0xff, 0xff, 0xff, 0xff, 0xff, 0xfe, 0x00, 0x00, 0x1f, 0xff, 0xff,
    0xff, 0xff, 0xff, 0xff, 0xff, 0xff, 0xff, 0xff, 0xfe, 0x00, 0x00, 0x1f, 0xff, 0xd8, 0x88, 0x88,
    0xbf, 0xff, 0xb8, 0x88, 0x88, 0xef, 0xfe, 0x00, 0x00, 0x1f, 0xff, 0xb0, 0x00, 0x00, 0x7f, 0xff,
    0x60, 0x00, 0x00, 0xef, 0xfe, 0x00, 0x00, 0x1f, 0xff, 0xb0, 0x00, 0x00, 0x7f, 0xff, 0x60, 0x00,
    0x00, 0xef, 0xfe, 0x00, 0x00, 0x1f, 0xff, 0xb0, 0x00, 0x00, 0x7f, 0xff, 0x60, 0x00, 0x00, 0xef,
    0xfe, 0x00, 0x00, 0x1f, 0xff, 0xb0, 0x00, 0x00, 0x7f, 0xff, 0x60, 0x00, 0x00, 0xef, 0xfe, 0x00,
    0x00, 0x1f, 0xff, 0xff, 0xff, 0xff, 0xff, 0xff, 0xff, 0xff, 0xff, 0xff, 0xfe, 0x00, 0x00, 0x2f,
    0xff, 0xff, 0xff, 0xff, 0xff, 0xff, 0xff, 0xff, 0xff, 0xff, 0xfe, 0x00, 0x00, 0x3f, 0xff, 0xff,
    0xff, 0xff, 0xff, 0xff, 0xff, 0xff, 0xff, 0xff, 0xfe, 0x00, 0x00, 0x5f, 0xff, 0xc8, 0x88, 0x88,
    0xbf, 0xff, 0xb8, 0x88, 0x88, 0xef, 0xfe, 0x00, 0x00, 0x7f, 0xff, 0x80, 0x00, 0x00, 0x7f, 0xff,
    0x60, 0x00, 0x00, 0xef, 0xfe, 0x00, 0x00, 0x9f, 0xff, 0x60, 0x00, 0x00, 0x7f, 0xff, 0x60, 0x00,
    0x00, 0xef, 0xfe, 0x00, 0x00, 0xdf, 0xff, 0x40, 0x00, 0x00, 0x7f, 0xff, 0x60, 0x00, 0x00, 0xef,
    0xfe, 0x00, 0x02, 0xff, 0xff, 0x10, 0x00, 0x00, 0x7f, 0xff, 0x60, 0x00, 0x06, 0xff, 0xfe, 0x00,
    0x08, 0xff, 0xfd, 0x00, 0x00, 0x00, 0x7f, 0xff, 0x68, 0xff, 0xff, 0xff, 0xfc, 0x00, 0x1e, 0xff,
    0xf8, 0x00, 0x00, 0x00, 0x7f, 0xff, 0x64, 0xff, 0xff, 0xff, 0xf9, 0x00, 0x03, 0xcf, 0xf3, 0x00,
    0x00, 0x00, 0x7f, 0xff, 0x60, 0xef, 0xff, 0xff, 0xd2, 0x00, 0x00, 0x07, 0x90, 0x00, 0x00, 0x00,
    0x5a, 0xaa, 0x40, 0x9c, 0xcb, 0xa7, 0x10, 0x00, 0x01, 0xff, 0xff, 0xff, 0xff, 0xff, 0xff, 0xff,
    0xff, 0xff, 0xff, 0xff, 0xff, 0x10, 0x01, 0xff, 0xff, 0xff, 0xff, 0xff, 0xff, 0xff, 0xff, 0xff,
    0xff, 0xff, 0xff, 0x10, 0x01, 0xff, 0xff, 0xff, 0xff, 0xff, 0xff, 0xff, 0xff, 0xff, 0xff, 0xff,
    0xff, 0x10, 0x01, 0xff, 0xff, 0xbb, 0xbb, 0xbb, 0xff, 0xff, 0xbb, 0xbb, 0xbb, 0xff, 0xff, 0x10,
    0x01, 0xff, 0xfd, 0x00, 0x00, 0x00, 0xff, 0xff, 0x00, 0x00, 0x00, 0xdf, 0xff, 0x10, 0x01, 0xff,
    0xfd, 0x00, 0x00, 0x00, 0xff, 0xff, 0x00, 0x00, 0x00, 0xdf, 0xff, 0x10, 0x01, 0xff, 0xfd, 0x00,
    0x00, 0x00, 0xff, 0xff, 0x00, 0x00, 0x00, 0xdf, 0xff, 0x10, 0x01, 0xff, 0xfd, 0x00, 0x00, 0x00,
    0xff, 0xff, 0x00, 0x00, 0x00, 0xdf, 0xff, 0x10, 0x01, 0xff, 0xfd, 0x00, 0x00, 0x00, 0xff, 0xff,
    0x00, 0x00, 0x00, 0xdf, 0xff, 0x10, 0x01, 0xff, 0xfd, 0x00, 0x00, 0x00, 0xff, 0xff, 0x00, 0x00,
    0x00, 0xdf, 0xff, 0x10, 0x01, 0xff, 0xff, 0xff, 0xff, 0xff, 0xff, 0xff, 0xff, 0xff, 0xff, 0xff,
    0xff, 0x10, 0x01, 0xff, 0xff, 0xff, 0xff, 0xff, 0xff, 0xff, 0xff, 0xff, 0xff, 0xff, 0xff, 0x10,
    0x01, 0xff, 0xff, 0xff, 0xff, 0xff, 0xff, 0xff, 0xff, 0xff, 0xff, 0xff, 0xff, 0x10, 0x01, 0xff,
    0xff, 0xbb, 0xbb, 0xbb, 0xff, 0xff, 0xbb, 0xbb, 0xbb, 0xff, 0xff, 0x10, 0x01, 0xff, 0xfd, 0x00,
    0x00, 0x00, 0xff, 0xff, 0x00, 0x00, 0x00, 0xdf, 0xff, 0x10, 0x01, 0xff, 0xfd, 0x00, 0x00, 0x00,
    0xff, 0xff, 0x00, 0x00, 0x00, 0xdf, 0xff, 0x10, 0x01, 0xff, 0xfd, 0x00, 0x00, 0x00, 0xff, 0xff,
    0x00, 0x00, 0x00, 0xdf, 0xff, 0x10, 0x01, 0xff, 0xfd, 0x00, 0x00, 0x00, 0xff, 0xff, 0x00, 0x00,
    0x00, 0xdf, 0xff, 0x10, 0x01, 0xff, 0xfd, 0x00, 0x00, 0x00, 0xff, 0xff, 0x00, 0x00, 0x00, 0xdf,
    0xff, 0x10, 0x01, 0xff, 0xfd, 0x00, 0x00, 0x00, 0xff, 0xff, 0x00, 0x00, 0x00, 0xdf, 0xff, 0x10,
    0x01, 0xff, 0xfd, 0x00, 0x00, 0x00, 0xff, 0xff, 0x00, 0x00, 0x00, 0xdf, 0xff, 0x10, 0x01, 0xff,
    0xff, 0xff, 0xff, 0xff, 0xff, 0xff, 0xff, 0xff, 0xff, 0xff, 0xff, 0x10, 0x01, 0xff, 0xff, 0xff,
    0xff, 0xff, 0xff, 0xff, 0xff, 0xff, 0xff, 0xff, 0xff, 0x10, 0x01, 0xff, 0xff, 0xff, 0xff, 0xff,
    0xff, 0xff, 0xff, 0xff, 0xff, 0xff, 0xff, 0x10, 0x01, 0xff, 0xff, 0xbb, 0xbb, 0xbb, 0xbb, 0xbb,
    0xbb, 0xbb, 0xbb, 0xff, 0xff, 0x10, 0x01, 0xff, 0xfd, 0x00, 0x00, 0x00, 0x00, 0x00, 0x00, 0x00,
    0x00, 0xdf, 0xff, 0x10, 0x01, 0xff, 0xfd, 0x00, 0x00, 0x00, 0x00, 0x00, 0x00, 0x00, 0x00, 0xdf,
    0xff, 0x10, 0x00, 0x00, 0x00, 0x00, 0x00, 0x0f, 0xff, 0xe0, 0x00, 0x00, 0x00, 0x00, 0x00, 0x00,
    0x00, 0x00, 0x00, 0x00, 0x00, 0x0f, 0xff, 0xe0, 0x00, 0x00, 0x00, 0x00, 0x00, 0x00, 0x00, 0x00,
    0x00, 0x00, 0x00, 0x0f, 0xff, 0xe0, 0x00, 0x00, 0x00, 0x00, 0x00, 0x00, 0x05, 0xff, 0xff, 0xff,
    0xff, 0xff, 0xff, 0xff, 0xff, 0xff, 0xff, 0xff, 0x50, 0x00, 0x05, 0xff, 0xff, 0xff, 0xff, 0xff,
    0xff, 0xff, 0xff, 0xff, 0xff, 0xff, 0x50, 0x00, 0x05, 0xff, 0xff, 0xff, 0xff, 0xff, 0xff, 0xff,
    0xff, 0xff, 0xff, 0xff, 0x50, 0x00, 0x05, 0xff, 0xfc, 0x77, 0x77, 0x7f, 0xff, 0xf7, 0x77, 0x77,
    0xcf, 0xff, 0x50, 0x00, 0x05, 0xff, 0xf9, 0x00, 0x00, 0x0f, 0xff, 0xe0, 0x00, 0x00, 0x9f, 0xff,
    0x50, 0x00, 0x05, 0xff, 0xf9, 0x00, 0x00, 0x0f, 0xff, 0xe0, 0x00, 0x00, 0x9f, 0xff, 0x50, 0x00,
    0x05, 0xff, 0xff, 0xff, 0xff, 0xff, 0xff, 0xff, 0xff, 0xff, 0xff, 0xff, 0x50, 0x00, 0x05, 0xff,
    0xff, 0xff, 0xff, 0xff, 0xff, 0xff, 0xff, 0xff, 0xff, 0xff, 0x50, 0x00, 0x05, 0xff, 0xff, 0xff,
    0xff, 0xff, 0xff, 0xff, 0xff, 0xff, 0xff, 0xff, 0x50, 0x00, 0x05, 0xff, 0xfc, 0x77, 0x77, 0x7f,
    0xff, 0xf7, 0x77, 0x77, 0xcf, 0xff, 0x50, 0x00, 0x05, 0xff, 0xf9, 0x00, 0x00, 0x0f, 0xff, 0xe0,
    0x00, 0x00, 0x9f, 0xff, 0x50, 0x00, 0x05, 0xff, 0xf9, 0x00, 0x00, 0x0f, 0xff, 0xe0, 0x00, 0x00,
    0x9f, 0xff, 0x50, 0x00, 0x05, 0xff, 0xf9, 0x00, 0x00, 0x0f, 0xff, 0xe0, 0x00, 0x00, 0x9f, 0xff,
    0x50, 0x00, 0x05, 0xff, 0xff, 0xff, 0xff, 0xff, 0xff, 0xff, 0xff, 0xff, 0xff, 0xff, 0x50, 0x00,
    0x05, 0xff, 0xff, 0xff, 0xff, 0xff, 0xff, 0xff, 0xff, 0xff, 0xff, 0xff, 0x50, 0x00, 0x05, 0xff,
    0xff, 0xff, 0xff, 0xff, 0xff, 0xff, 0xff, 0xff, 0xff, 0xff, 0x92, 0x00, 0x05, 0xff, 0xfc, 0x77,
    0x77, 0x7f, 0xff, 0xf7, 0x77, 0x77, 0x77, 0x7c, 0xff, 0xc4, 0x05, 0xff, 0xf9, 0x00, 0x00, 0x0f,
    0xff, 0xe0, 0x00, 0x00, 0x00, 0x0b, 0xff, 0xf6, 0x05, 0xff, 0xf9, 0x00, 0x00, 0x0f, 0xff, 0xe0,
    0x00, 0x00, 0x00, 0x0e, 0xff, 0xf3, 0x00, 0x00, 0x00, 0x00, 0x00, 0x0f, 0xff, 0xf5, 0x00, 0x00,
    0x01, 0x9f, 0xff, 0xe0, 0x00, 0x00, 0x00, 0x00, 0x00, 0x0d, 0xff, 0xff, 0xff, 0xff, 0xff, 0xff,
    0xff, 0xa0, 0x00, 0x00, 0x00, 0x00, 0x00, 0x08, 0xff, 0xff, 0xff, 0xff, 0xff, 0xff, 0xff, 0x30,
    0x00, 0x00, 0x00, 0x00, 0x00, 0x00, 0xaf, 0xff, 0xff, 0xff, 0xff, 0xff, 0xd5, 0x00, 0x00, 0x00,
    0x00, 0x00, 0x00, 0x00, 0x02, 0x56, 0x66, 0x66, 0x66, 0x53, 0x00, 0x00, 0x00, 0x00, 0x00, 0x3c,
    0x30, 0x00, 0x00, 0x00, 0x00, 0x01, 0xb6, 0x00, 0x00, 0x00, 0x00, 0x00, 0x06, 0xff, 0xe4, 0x00,
    0x00, 0x00, 0x00, 0x0b, 0xff, 0xb2, 0x00, 0x00, 0x00, 0x00, 0x0a, 0xff, 0xff, 0x50, 0x00, 0x00,
    0x00, 0xaf, 0xff, 0xf5, 0x00, 0x00, 0x00, 0x00, 0x00, 0x9f, 0xff, 0xf6, 0x00, 0x00, 0x0a, 0xff,
    0xfe, 0x40, 0x00, 0x00, 0x00, 0x00, 0x00, 0x09, 0xff, 0xd3, 0x00, 0x00, 0xaf, 0xff, 0xd2, 0x00,
    0x00, 0x00, 0x1f, 0xff, 0xff, 0xff, 0xff, 0xff, 0xff, 0xff, 0xff, 0xff, 0xff, 0xff, 0xff, 0xf4,
    0x1f, 0xff, 0xff, 0xff, 0xff, 0xff, 0xff, 0xff, 0xff, 0xff, 0xff, 0xff, 0xff, 0xf4, 0x1f, 0xff,
    0xff, 0xff, 0xff, 0xff, 0xff, 0xff, 0xff, 0xff, 0xff, 0xff, 0xff, 0xf4, 0x04, 0x44, 0x44, 0x44,
    0x4b, 0xd4, 0x44, 0x44, 0x4e, 0xd6, 0x44, 0x44, 0x44, 0x41, 0x00, 0x00, 0x00, 0x05, 0xdf, 0xf9,
    0x00, 0x00, 0x9f, 0xff, 0x92, 0x00, 0x00, 0x00, 0x00, 0x00, 0x02, 0xbf, 0xff, 0xff, 0x50, 0x02,
    0xff, 0xff, 0xff, 0x91, 0x00, 0x00, 0x00, 0x02, 0x9f, 0xff, 0xff, 0xd5, 0x00, 0x00, 0x29, 0xff,
    0xff, 0xfe, 0x81, 0x00, 0x03, 0xaf, 0xff, 0xff, 0xe7, 0x10, 0x00, 0x00, 0x00, 0x29, 0xff, 0xff,
    0xfe, 0x60, 0x3f, 0xff, 0xff, 0xf9, 0x10, 0x00, 0x00, 0x00, 0x00, 0x00, 0x2a, 0xff, 0xff, 0xf3,
    0x08, 0xff, 0xff, 0xff, 0xff, 0xff, 0xff, 0xff, 0xff, 0xff, 0xff, 0xff, 0xff, 0x80, 0x00, 0xbc,
    0xff, 0xff, 0xff, 0xff, 0xff, 0xff, 0xff, 0xff, 0xff, 0xff, 0xdc, 0x10, 0x00, 0x07, 0xff, 0xff,
    0xff, 0xff, 0xff, 0xff, 0xff, 0xff, 0xff, 0xff, 0xa0, 0x00, 0x00, 0x07, 0xff, 0xf4, 0x29, 0xff,
    0xe2, 0x2c, 0xff, 0xc2, 0x2e, 0xff, 0xa0, 0x00, 0x00, 0x07, 0xff, 0xf2, 0x08, 0xff, 0xe0, 0x0b,
    0xff, 0xc0, 0x0d, 0xff, 0xa0, 0x00, 0x00, 0x07, 0xff, 0xf2, 0x08, 0xff, 0xe0, 0x0b, 0xff, 0xc0,
    0x0d, 0xff, 0xa0, 0x00, 0x00, 0x07, 0xff, 0xf2, 0x08, 0xff, 0xe0, 0x0b, 0xff, 0xc0, 0x0d, 0xff,
    0xa0, 0x00, 0x00, 0x07, 0xff, 0xf2, 0x08, 0xff, 0xe0, 0x0b, 0xff, 0xc0, 0x0d, 0xff, 0xa0, 0x00,
    0x00, 0x07, 0xff, 0xf2, 0x08, 0xff, 0xe0, 0x0b, 0xff, 0xc0, 0x0d, 0xff, 0xa0, 0x00, 0x8f, 0xff,
    0xff, 0xff, 0xff, 0xff, 0xff, 0xff, 0xff, 0xff, 0xff, 0xff, 0xff, 0xf8, 0x8f, 0xff, 0xff, 0xff,
    0xff, 0xff, 0xff, 0xff, 0xff, 0xff, 0xff, 0xff, 0xff, 0xf8, 0x8f, 0xff, 0xff, 0xff, 0xff, 0xff,
    0xff, 0xff, 0xff, 0xff, 0xff, 0xff, 0xff, 0xf8, 0x24, 0x44, 0x44, 0x44, 0x44, 0x44, 0x44, 0x44,
    0x44, 0x44, 0x44, 0x44, 0x44, 0x42, 0x00, 0x0c, 0xff, 0xff, 0xff, 0xff, 0xff, 0xff, 0xff, 0xff,
    0xff, 0xff, 0xc0, 0x00, 0x00, 0x0c, 0xff, 0xff, 0xff, 0xff, 0xff, 0xff, 0xff, 0xff, 0xff, 0xff,
    0xc0, 0x00, 0x00, 0x0c, 0xff, 0xff, 0xff, 0xff, 0xff, 0xff, 0xff, 0xff, 0xff, 0xff, 0xc0, 0x00,
    0x00, 0x0c, 0xff, 0xfa, 0x99, 0x99, 0x99, 0x99, 0x99, 0x99, 0xaf, 0xff, 0xc0, 0x00, 0x00, 0x0c,
    0xff, 0xf2, 0x00, 0x00, 0x00, 0x00, 0x00, 0x00, 0x2f, 0xff, 0xc0, 0x00, 0x00, 0x0c, 0xff, 0xf2,
    0x00, 0x00, 0x00, 0x00, 0x00, 0x00, 0x2f, 0xff, 0xc0, 0x00, 0x00, 0x0c, 0xff, 0xf2, 0x00, 0x00,
    0x00, 0x00, 0x00, 0x00, 0x2f, 0xff, 0xc0, 0x00, 0x00, 0x0c, 0xff, 0xff, 0xff, 0xff, 0xff, 0xff,
    0xff, 0xff, 0xff, 0xff, 0xc0, 0x00, 0x00, 0x0c, 0xff, 0xff, 0xff, 0xff, 0xff, 0xff, 0xff, 0xff,
    0xff, 0xff, 0xc0, 0x00, 0x00, 0x0c, 0xff, 0xff, 0xff, 0xff, 0xff, 0xff, 0xff, 0xff, 0xff, 0xff,
    0xc0, 0x00, 0x00, 0x0c, 0xff, 0xf8, 0x88, 0x88, 0x88, 0x88, 0x88, 0x88, 0x8f, 0xff, 0xc0, 0x00,
    0x00, 0x0c, 0xff, 0xf2, 0x00, 0x00, 0x00, 0x00, 0x00, 0x00, 0x2f, 0xff, 0xc0, 0x00, 0x00, 0x0c,
    0xff, 0xf2, 0x00, 0x00, 0x00, 0x00, 0x00, 0x00, 0x2f, 0xff, 0xc0, 0x00, 0x00, 0x0c, 0xff, 0xf2,
    0x00, 0x00, 0x00, 0x00, 0x00, 0x00, 0x2f, 0xff, 0xc0, 0x00, 0x00, 0x0c, 0xff, 0xff, 0xff, 0xff,
    0xff, 0xff, 0xff, 0xff, 0xff, 0xff, 0xc0, 0x00, 0x00, 0x0c, 0xff, 0xff, 0xff, 0xff, 0xff, 0xff,
    0xff, 0xff, 0xff, 0xff, 0xc0, 0x00, 0x00, 0x0c, 0xff, 0xff, 0xff, 0xff, 0xff, 0xff, 0xff, 0xff,
    0xff, 0xff, 0xc0, 0x00, 0x00, 0x0c, 0xff, 0xf8, 0x88, 0x88, 0x88, 0x88, 0x88, 0x88, 0x8f, 0xff,
    0xc0, 0x00, 0x00, 0x0c, 0xff, 0xf2, 0x00, 0x00, 0x00, 0x00, 0x00, 0x00, 0x2f, 0xff, 0xc0, 0x00,
    0x00, 0x0c, 0xff, 0xf2, 0x00, 0x00, 0x00, 0x00, 0x00, 0x00, 0x2f, 0xff, 0xc0, 0x00, 0x00, 0x0c,
    0xff, 0xf2, 0x00, 0x00, 0x00, 0x00, 0x00, 0x00, 0x2f, 0xff, 0xc0, 0x00, 0x00, 0x0c, 0xff, 0xff,
    0xff, 0xff, 0xff, 0xff, 0xff, 0xff, 0xff, 0xff, 0xc0, 0x00, 0x00, 0x0c, 0xff, 0xff, 0xff, 0xff,
    0xff, 0xff, 0xff, 0xff, 0xff, 0xff, 0xc0, 0x00, 0x00, 0x0c, 0xff, 0xff, 0xff, 0xff, 0xff, 0xff,
    0xff, 0xff, 0xff, 0xff, 0xc0, 0x00, 0x00, 0x0c, 0xff, 0xfa, 0x99, 0x99, 0x99, 0x99, 0x99, 0x99,
    0xaf, 0xff, 0xc0, 0x00, 0x00, 0x0c, 0xff, 0xf2, 0x00, 0x00, 0x00, 0x00, 0x00, 0x00, 0x2f, 0xff,
    0xc0, 0x00, 0x00, 0x00, 0x00, 0x00, 0x00, 0x01, 0xff, 0xfc, 0x00, 0x00, 0x00, 0x00, 0x00, 0x00,
    0x00, 0x00, 0x00, 0x00, 0x00, 0x01, 0xff, 0xfc, 0x00, 0x00, 0x00, 0x00, 0x00, 0x00, 0x0e, 0xff,
    0xff, 0xff, 0xff, 0xff, 0xff, 0xff, 0xff, 0xff, 0xff, 0xff, 0xff, 0xf0, 0x0e, 0xff, 0xff, 0xff,
    0xff, 0xff, 0xff, 0xff, 0xff, 0xff, 0xff, 0xff, 0xff, 0xf0, 0x0e, 0xff, 0xff, 0xff, 0xff, 0xff,
    0xff, 0xff, 0xff, 0xff, 0xff, 0xff, 0xff, 0xf0, 0x00, 0x00, 0x00, 0x00, 0x00, 0x01, 0xff, 0xfc,
    0x00, 0x00, 0x00, 0x00, 0x00, 0x00, 0x00, 0x00, 0x00, 0x00, 0x00, 0x01, 0xff, 0xfc, 0x00, 0x00,
    0x00, 0x00, 0x00, 0x00, 0x00, 0x0a, 0xff, 0xff, 0xff, 0xff, 0xff, 0xff, 0xff, 0xff, 0xff, 0xff,
    0xb0, 0x00, 0x00, 0x0a, 0xff, 0xff, 0xff, 0xff, 0xff, 0xff, 0xff, 0xff, 0xff, 0xff, 0xb0, 0x00,
    0x00, 0x0a, 0xff, 0xfe, 0xee, 0xee, 0xee, 0xee, 0xee, 0xee, 0xef, 0xff, 0xb0, 0x00, 0x00, 0x0a,
    0xff, 0xf1, 0x00, 0x00, 0x00, 0x00, 0x00, 0x00, 0x0e, 0xff, 0xb0, 0x00, 0x00, 0x0a, 0xff, 0xf1,
    0x00, 0x00, 0x00, 0x00, 0x00, 0x00, 0x0e, 0xff, 0xb0, 0x00, 0x00, 0x0a, 0xff, 0xff, 0xff, 0xff,
    0xff, 0xff, 0xff, 0xff, 0xff, 0xff, 0xb0, 0x00, 0x00, 0x0a, 0xff, 0xff, 0xff, 0xff, 0xff, 0xff,
    0xff, 0xff, 0xff, 0xff, 0xb0, 0x00, 0x00, 0x0a, 0xff, 0xf6, 0x55, 0x55, 0x55, 0x55, 0x55, 0x55,
    0x5e, 0xff, 0xb0, 0x00, 0x00, 0x0a, 0xff, 0xff, 0xff, 0xff, 0xff, 0xff, 0xff, 0xff, 0xff, 0xff,
    0xb0, 0x00, 0x00, 0x0a, 0xff, 0xff, 0xff, 0xff, 0xff, 0xff, 0xff, 0xff, 0xff, 0xff, 0xb0, 0x00,
    0x00, 0x0a, 0xff, 0xf6, 0x55, 0x55, 0x55, 0x55, 0x55, 0x55, 0x5e, 0xff, 0xb0, 0x00, 0x00, 0x0a,
    0xff, 0xf1, 0x00, 0x00, 0x00, 0x00, 0x00, 0x00, 0x0e, 0xff, 0xb0, 0x00, 0x00, 0x0a, 0xff, 0xff,
    0xff, 0xff, 0xff, 0xff, 0xff, 0xff, 0xff, 0xff, 0xb0, 0x00, 0x00, 0x0a, 0xff, 0xff, 0xff, 0xff,
    0xff, 0xff, 0xff, 0xff, 0xff, 0xff, 0xb0, 0x00, 0x00, 0x0a, 0xff, 0xf6, 0x55, 0x55, 0x55, 0x55,
    0x55, 0x55, 0x5e, 0xff, 0xb0, 0x00, 0x00, 0x0a, 0xff, 0xf1, 0x00, 0x00, 0x00, 0x00, 0x00, 0x00,
    0x0e, 0xff, 0xb0, 0x00, 0x8f, 0xff, 0xff, 0xff, 0xff, 0xff, 0xff, 0xff, 0xff, 0xff, 0xff, 0xff,
    0xff, 0xf8, 0x8f, 0xff, 0xff, 0xff, 0xff, 0xff, 0xff, 0xff, 0xff, 0xff, 0xff, 0xff, 0xff, 0xf8,
    0x7f, 0xff, 0xff, 0xff, 0xff, 0xff, 0xff, 0xff, 0xff, 0xff, 0xff, 0xff, 0xff, 0xf8, 0x00, 0x00,
    0x11, 0x11, 0x22, 0x33, 0x44, 0x55, 0x67, 0x88, 0x9a, 0xcd, 0xea, 0x00, 0x00, 0xff, 0xff, 0xff,
    0xff, 0xff, 0xff, 0xff, 0xff, 0xff, 0xff, 0xff, 0xfd, 0x00, 0x00, 0xdf, 0xff, 0xff, 0xff, 0xff,
    0xff, 0xff, 0xff, 0xff, 0xff, 0xff, 0xfe, 0x10, 0x00, 0xad, 0xdc, 0xcb, 0xba, 0xaf, 0xff, 0xf7,
    0x65, 0x44, 0x32, 0x11, 0x00, 0x00, 0x00, 0x00, 0x00, 0x00, 0x00, 0x3f, 0xff, 0xb0, 0x00, 0x00,
    0x00, 0x00, 0x00, 0x00, 0x00, 0x6f, 0xff, 0xff, 0xff, 0xff, 0xff, 0xff, 0xff, 0xff, 0xff, 0xff,
    0xf7, 0x00, 0x00, 0x6f, 0xff, 0xff, 0xff, 0xff, 0xff, 0xff, 0xff, 0xff, 0xff, 0xff, 0xf7, 0x00,
    0x00, 0x6f, 0xff, 0xff, 0xff, 0xff, 0xff, 0xff, 0xff, 0xff, 0xff, 0xff, 0xf7, 0x00, 0x00, 0x25,
    0x55, 0x55, 0x5c, 0xff, 0xf7, 0x55, 0x55, 0x55, 0x55, 0x55, 0x53, 0x00, 0x7f, 0xff, 0xff, 0xff,
    0xff, 0xff, 0xff, 0xff, 0xff, 0xff, 0xff, 0xff, 0xff, 0xf8, 0x7f, 0xff, 0xff, 0xff, 0xff, 0xff,
    0xff, 0xff, 0xff, 0xff, 0xff, 0xff, 0xff, 0xf8, 0x7f, 0xff, 0xff, 0xff, 0xff, 0xff, 0xff, 0xff,
    0xff, 0xff, 0xff, 0xff, 0xff, 0xf8, 0x37, 0x77, 0x77, 0x9f, 0xff, 0xe8, 0x77, 0x77, 0x77, 0x77,
    0x77, 0x77, 0x77, 0x74, 0x00, 0x00, 0x07, 0xef, 0xff, 0xff, 0xff, 0xff, 0xff, 0xff, 0xff, 0xff,
    0xd0, 0x00, 0x00, 0x05, 0xdf, 0xff, 0xff, 0xff, 0xff, 0xff, 0xff, 0xff, 0xff, 0xff, 0xd0, 0x00,
    0x16, 0xdf, 0xff, 0xff, 0xf9, 0x99, 0x99, 0x99, 0x99, 0x99, 0x9e, 0xff, 0xd0, 0x00, 0x5f, 0xff,
    0xff, 0xff, 0xff, 0xff, 0xff, 0xff, 0xff, 0xff, 0xff, 0xff, 0xd0, 0x00, 0x0e, 0xff, 0xfe, 0xff,
    0xfe, 0xee, 0xee, 0xee, 0xee, 0xee, 0xef, 0xff, 0xd0, 0x00, 0x09, 0xfd, 0x3a, 0xff, 0xf1, 0x00,
    0x00, 0x00, 0x00, 0x00, 0x0d, 0xff, 0xd0, 0x00, 0x03, 0x91, 0x0a, 0xff, 0xf1, 0x00, 0x00, 0x00,
    0x00, 0x00, 0x0d, 0xff, 0xd0, 0x00, 0x00, 0x00, 0x0a, 0xff, 0xff, 0xff, 0xff, 0xff, 0xff, 0xff,
    0xff, 0xff, 0xd0, 0x00, 0x00, 0x00, 0x0a, 0xff, 0xfe, 0xee, 0xee, 0xee, 0xee, 0xee, 0xef, 0xff,
    0xd0, 0x00, 0x00, 0x00, 0x0a, 0xff, 0xf1, 0x00, 0x00, 0x00, 0x00, 0x00, 0x0d, 0xff, 0xd0, 0x00,
    0x00, 0x00, 0x0a, 0xff, 0xf1, 0x00, 0x00, 0x00, 0x00, 0x00, 0x0d, 0xff, 0xd0, 0x00, 0x00, 0x00,
    0x0a, 0xff, 0xff, 0xff, 0xff, 0xff, 0xff, 0xff, 0xff, 0xff, 0xd0, 0x00, 0x00, 0x00, 0x0a, 0xff,
    0xff, 0xff, 0xff, 0xff, 0xff, 0xff, 0xff, 0xff, 0xd0, 0x00, 0x00, 0x00, 0x0a, 0xff, 0xf9, 0x99,
    0x99, 0x99, 0x99, 0x99, 0x9e, 0xff, 0xd0, 0x00, 0x00, 0x00, 0x0a, 0xff, 0xf1, 0x00, 0x00, 0x00,
    0x00, 0x00, 0x0d, 0xff, 0xd0, 0x00, 0x00, 0x00, 0x00, 0x00, 0x00, 0x00, 0xef, 0xfc, 0x00, 0x00,
    0x00, 0x00, 0x00, 0x00, 0x00, 0x00, 0x00, 0x00, 0x00, 0x00, 0xef, 0xfc, 0x00, 0x00, 0x00, 0x00,
    0x00, 0x00, 0x0f, 0xff, 0xff, 0xff, 0xff, 0xff, 0xff, 0xff, 0xff, 0xff, 0xff, 0xff, 0xff, 0xe0,
    0x0f, 0xff, 0xff, 0xff, 0xff, 0xff, 0xff, 0xff, 0xff, 0xff, 0xff, 0xff, 0xff, 0xe0, 0x09, 0x99,
    0x99, 0x99, 0x99, 0x99, 0xff, 0xfe, 0x99, 0x99, 0x99, 0x99, 0x99, 0x90, 0x00, 0x00, 0x00, 0x00,
    0x00, 0x00, 0xef, 0xfc, 0x00, 0x00, 0x00, 0x00, 0x00, 0x00, 0x00, 0x04, 0xff, 0xff, 0xff, 0xff,
    0xff, 0xff, 0xff, 0xff, 0xff, 0xff, 0x40, 0x00, 0x00, 0x04, 0xff, 0xff, 0xff, 0xff, 0xff, 0xff,
    0xff, 0xff, 0xff, 0xff, 0x40, 0x00, 0x00, 0x04, 0xff, 0xfb, 0x88, 0x88, 0x88, 0x88, 0x88, 0x88,
    0xbf, 0xff, 0x40, 0x00, 0x00, 0x04, 0xff, 0xf6, 0x00, 0x00, 0x00, 0x00, 0x00, 0x00, 0x7f, 0xff,
    0x40, 0x00, 0x00, 0x04, 0xff, 0xf6, 0x00, 0x00, 0x00, 0x00, 0x00, 0x00, 0x7f, 0xff, 0x40, 0x00,
    0x00, 0x04, 0xff, 0xff, 0xff, 0xff, 0xff, 0xff, 0xff, 0xff, 0xff, 0xff, 0x40, 0x00, 0x00, 0x04,
    0xff, 0xff, 0xff, 0xff, 0xff, 0xff, 0xff, 0xff, 0xff, 0xff, 0x40, 0x00, 0x00, 0x04, 0xff, 0xff,
    0xff, 0xff, 0xff, 0xff, 0xff, 0xff, 0xff, 0xff, 0x40, 0x00, 0x00, 0x04, 0xff, 0xff, 0xff, 0xff,
    0xff, 0xff, 0xff, 0xff, 0xff, 0xff, 0x40, 0x00, 0x00, 0x04, 0xff, 0xf7, 0x22, 0x22, 0x22, 0x22,
    0x22, 0x22, 0x8f, 0xff, 0x40, 0x00, 0x00, 0x04, 0xff, 0xff, 0xff, 0xff, 0xff, 0xff, 0xff, 0xff,
    0xff, 0xff, 0x40, 0x00, 0x00, 0x04, 0xff, 0xff, 0xff, 0xff, 0xff, 0xff, 0xff, 0xff, 0xff, 0xff,
    0x40, 0x00, 0x00, 0x04, 0xff, 0xf7, 0x22, 0x22, 0x22, 0x22, 0x22, 0x22, 0x8f, 0xff, 0x40, 0x00,
    0x5f, 0xff, 0xff, 0xff, 0xff, 0xff, 0xff, 0xff, 0xff, 0xff, 0xff, 0xff, 0xff, 0xf6, 0x5f, 0xff,
    0xff, 0xff, 0xff, 0xff, 0xff, 0xff, 0xff, 0xff, 0xff, 0xff, 0xff, 0xf6, 0x39, 0x99, 0x99, 0x99,
    0x99, 0x99, 0x99, 0x99, 0x99, 0x99, 0x99, 0x99, 0x99, 0x94, 0x00, 0x00, 0x00, 0x25, 0x8b, 0xd2,
    0x00, 0x00, 0x3e, 0xb8, 0x53, 0x00, 0x00, 0x00, 0x01, 0x47, 0xae, 0xff, 0xff, 0xfa, 0x00, 0x00,
    0xbf, 0xff, 0xff, 0xfc, 0x96, 0x20, 0x03, 0xff, 0xff, 0xff, 0xff, 0xd9, 0x10, 0x01, 0xdf, 0xff,
    0xff, 0xff, 0xff, 0x60, 0x00, 0xbf, 0xff, 0xfb, 0x73, 0x00, 0x00, 0x00, 0x01, 0x58, 0xcf, 0xff,
    0xff, 0x10, 0x00, 0x3d, 0x95, 0x10, 0x00, 0x00, 0x00, 0x00, 0x00, 0x00, 0x01, 0x48, 0xca, 0x00,
    0x00, 0x5e, 0xc7, 0x00, 0x00, 0x00, 0x00, 0x00, 0x00, 0x00, 0x00, 0x00, 0x00, 0x00, 0x00, 0x8f,
    0xf6, 0x00, 0x00, 0x04, 0xff, 0xff, 0xff, 0xff, 0xff, 0xff, 0xff, 0xf3, 0x00, 0xcf, 0xf2, 0x00,
    0x00, 0x04, 0xff, 0xff, 0xff, 0xff, 0xff, 0xff, 0xff, 0xf3, 0x02, 0xff, 0xff, 0xff, 0xff, 0xe4,
    0xff, 0xff, 0xff, 0xff, 0xff, 0xff, 0xff, 0xf3, 0x06, 0xff, 0xff, 0xff, 0xff, 0xe1, 0x33, 0x33,
    0x33, 0x33, 0x33, 0x33, 0x33, 0x30, 0x0c, 0xff, 0xff, 0xff, 0xff, 0xe0, 0x00, 0x00, 0x00, 0x00,
    0x00, 0x00, 0x00, 0x00, 0x3f, 0xfe, 0x3f, 0xff, 0x73, 0x30, 0x8f, 0xff, 0xff, 0xff, 0xff, 0xff,
    0xff, 0x50, 0x7f, 0xf8, 0x0f, 0xff, 0x50, 0x00, 0x8f, 0xff, 0xff, 0xff, 0xff, 0xff, 0xff, 0x50,
    0x0b, 0xf2, 0x0f, 0xff, 0x50, 0x00, 0x8f, 0xff, 0xff, 0xff, 0xff, 0xff, 0xff, 0x50, 0x01, 0x80,
    0x0f, 0xff, 0x50, 0x00, 0x8f, 0xff, 0x42, 0x22, 0x22, 0x7f, 0xff, 0x50, 0x00, 0x00, 0x0f, 0xff,
    0x50, 0x00, 0x8f, 0xff, 0x20, 0x00, 0x00, 0x5f, 0xff, 0x50, 0x7f, 0xff, 0xff, 0xff, 0xff, 0xfa,
    0x8f, 0xff, 0x20, 0x00, 0x00, 0x5f, 0xff, 0x50, 0x7f, 0xff, 0xff, 0xff, 0xff, 0xfa, 0x8f, 0xff,
    0x20, 0x00, 0x00, 0x5f, 0xff, 0x50, 0x7f, 0xff, 0xff, 0xff, 0xff, 0xfa, 0x8f, 0xff, 0xff, 0xff,
    0xff, 0xff, 0xff, 0x50, 0x13, 0x33, 0x7f, 0xff, 0x53, 0x32, 0x8f, 0xff, 0xff, 0xff, 0xff, 0xff,
    0xff, 0x50, 0x00, 0x00, 0x7f, 0xff, 0x10, 0x00, 0x8f, 0xff, 0xff, 0xff, 0xff, 0xff, 0xff, 0x50,
    0x00, 0x00, 0xaf, 0xff, 0x37, 0x00, 0x12, 0x22, 0x22, 0x22, 0x22, 0x22, 0x22, 0x10, 0x00, 0x00,
    0xdf, 0xfe, 0xbf, 0x40, 0x00, 0x00, 0x00, 0x00, 0x00, 0x00, 0x00, 0x00, 0x00, 0x03, 0xff, 0xff,
    0xff, 0xe2, 0x00, 0x6c, 0x30, 0x00, 0x00, 0x7b, 0x50, 0x00, 0x00, 0x08, 0xff, 0xff, 0xff, 0xfc,
    0x1d, 0xff, 0xd1, 0x00, 0x01, 0xef, 0xfd, 0x20, 0x00, 0x1e, 0xff, 0xfa, 0xff, 0xff, 0x88, 0xff,
    0xf8, 0x00, 0x09, 0xff, 0xfa, 0x00, 0x00, 0x8f, 0xff, 0xe0, 0x6f, 0xfc, 0x20, 0xdf, 0xff, 0x30,
    0x3f, 0xff, 0xe1, 0x00, 0x04, 0xff, 0xff, 0x80, 0x07, 0x90, 0x00, 0x5f, 0xa5, 0x00, 0xcf, 0xff,
    0x40, 0x00, 0x2e, 0xff, 0xff, 0x10, 0x00, 0xaf, 0xff, 0xff, 0xff, 0xff, 0xff, 0xff, 0xff, 0xfa,
    0x2d, 0xff, 0xf7, 0x00, 0x00, 0xaf, 0xff, 0xff, 0xff, 0xff, 0xff, 0xff, 0xff, 0xfa, 0x02, 0xdf,
    0xb0, 0x00, 0x00, 0xaf, 0xff, 0xff, 0xff, 0xff, 0xff, 0xff, 0xff, 0xfa, 0x00, 0x2b, 0x10, 0x00,
    0x00, 0x23, 0x33, 0x33, 0x33, 0x33, 0x33, 0x33, 0x33, 0x32, 0x00, 0x00, 0x00, 0x00, 0x00, 0x3f,
    0xff, 0xff, 0xff, 0xff, 0xff, 0xff, 0xff, 0xf5, 0x0f, 0xff, 0xff, 0xff, 0xff, 0x9f, 0xff, 0xff,
    0xff, 0xff, 0xff, 0xff, 0xff, 0xf5, 0x0f, 0xff, 0xff, 0xff, 0xff, 0x9f, 0xff, 0xff, 0xff, 0xff,
    0xff, 0xff, 0xff, 0xf5, 0x0f, 0xff, 0xff, 0xff, 0xff, 0x61, 0x11, 0x11, 0x1c, 0xff, 0x81, 0x11,
    0x11, 0x10, 0x01, 0x17, 0xff, 0xf2, 0x11, 0x00, 0x00, 0x00, 0x0b, 0xff, 0x70, 0x00, 0x00, 0x00,
    0x00, 0x0a, 0xff, 0xa0, 0x00, 0x0c, 0xff, 0xff, 0xff, 0xff, 0xff, 0xff, 0xff, 0x80, 0x00, 0x0e,
    0xff, 0x50, 0x00, 0x0c, 0xff, 0xff, 0xff, 0xff, 0xff, 0xff, 0xff, 0x80, 0x00, 0x4f, 0xff, 0x10,
    0x00, 0x0c, 0xff, 0xdd, 0xde, 0xff, 0xed, 0xde, 0xff, 0x80, 0x00, 0xaf, 0xff, 0xff, 0xfe, 0x0c,
    0xff, 0x40, 0x0b, 0xff, 0x70, 0x08, 0xff, 0x80, 0x02, 0xff, 0xff, 0xff, 0xfe, 0x0c, 0xff, 0x40,
    0x0b, 0xff, 0x70, 0x08, 0xff, 0x80, 0x09, 0xff, 0xff, 0xff, 0xfe, 0x0c, 0xff, 0xff, 0xff, 0xff,
    0xff, 0xff, 0xff, 0x80, 0x2f, 0xff, 0xf6, 0x0f, 0xfe, 0x0c, 0xff, 0xff, 0xff, 0xff, 0xff, 0xff,
    0xff, 0x80, 0xbf, 0xff, 0xf6, 0x0f, 0xfe, 0x0c, 0xff, 0xa8, 0x8d, 0xff, 0xc8, 0x8c, 0xff, 0x80,
    0x9f, 0xff, 0xf6, 0x0f, 0xfe, 0x0c, 0xff, 0x40, 0x0b, 0xff, 0x70, 0x08, 0xff, 0x80, 0x3f, 0xff,
    0xf6, 0x0f, 0xfe, 0x0c, 0xff, 0xff, 0xff, 0xff, 0xff, 0xff, 0xff, 0x80, 0x0d, 0xff, 0xf6, 0x0f,
    0xfe, 0x0c, 0xff, 0xff, 0xff, 0xff, 0xff, 0xff, 0xff, 0x80, 0x07, 0xaf, 0xf6, 0x0f, 0xfe, 0x0a,
    0xee, 0xdd, 0xdf, 0xff, 0xdd, 0xde, 0xff, 0x80, 0x00, 0x9f, 0xf6, 0x0f, 0xfe, 0x07, 0xfe, 0x30,
    0x0f, 0xff, 0x40, 0x08, 0xff, 0x80, 0x00, 0x9f, 0xf6, 0x0f, 0xfe, 0x1d, 0xff, 0xd1, 0x3f, 0xff,
    0x20, 0x08, 0xff, 0x80, 0x00, 0x9f, 0xf6, 0x0f, 0xfe, 0x03, 0xff, 0xfd, 0x9f, 0xfe, 0x00, 0x00,
    0x00, 0x00, 0x00, 0x9f, 0xff, 0xff, 0xfe, 0x00, 0x6f, 0xff, 0xff, 0xfa, 0x00, 0x00, 0x00, 0x00,
    0x00, 0x9f, 0xff, 0xff, 0xfe, 0x00, 0x06, 0xff, 0xff, 0xf9, 0x20, 0x00, 0x00, 0x00, 0x00, 0x9f,
    0xff, 0xff, 0xfe, 0x00, 0x4d, 0xff, 0xff, 0xff, 0xfc, 0x85, 0x31, 0x10, 0x00, 0x9f, 0xf6, 0x00,
    0x00, 0x4b, 0xff, 0xff, 0xff, 0xff, 0xff, 0xff, 0xff, 0xf5, 0x00, 0x9f, 0xf6, 0x00, 0x02, 0xff,
    0xff, 0xfd, 0x31, 0x9e, 0xff, 0xff, 0xff, 0xd0, 0x00, 0x00, 0x00, 0x00, 0x00, 0x8f, 0xfe, 0x81,
    0x00, 0x01, 0x5a, 0xef, 0xff, 0x60, 0x00, 0x00, 0x00, 0x00, 0x00, 0x0c, 0x81, 0x00, 0x00, 0x00,
    0x00, 0x02, 0x57, 0x00, 0x00, 0x00, 0x00, 0x00, 0x00, 0x00, 0x03, 0xc4, 0x00, 0x00, 0x02, 0xc3,
    0x00, 0x00, 0x00, 0x00, 0x00, 0x00, 0x00, 0x00, 0x7f, 0xfd, 0x10, 0x00, 0x0b, 0xff, 0xa2, 0x00,
    0x00, 0x00, 0x00, 0x00, 0x00, 0x00, 0x4f, 0xff, 0xa0, 0x00, 0x4f, 0xff, 0xe2, 0x00, 0x5f, 0xff,
    0xff, 0xff, 0xff, 0x00, 0x0b, 0xff, 0xf3, 0x00, 0xdf, 0xff, 0x50, 0x00, 0x5f, 0xff, 0xff, 0xff,
    0xff, 0x00, 0x03, 0xfd, 0x50, 0x08, 0xff, 0xf9, 0x00, 0x00, 0x5f, 0xff, 0xff, 0xff, 0xff, 0xff,
    0xff, 0xff, 0xff, 0xff, 0xff, 0xff, 0xff, 0xfa, 0x39, 0x9f, 0xff, 0xb9, 0x9a, 0xff, 0xff, 0xff,
    0xff, 0xff, 0xff, 0xff, 0xff, 0xfa, 0x00, 0x4f, 0xff, 0x10, 0x03, 0xff, 0xff, 0xff, 0xff, 0xff,
    0xff, 0xff, 0xff, 0xfa, 0x00, 0x9f, 0xfa, 0x00, 0x02, 0x99, 0xcf, 0xfc, 0x99, 0x99, 0xdf, 0xfc,
    0x99, 0x96, 0x00, 0xef, 0xf5, 0x00, 0x00, 0x00, 0xcf, 0xf3, 0x00, 0x00, 0xdf, 0xf3, 0x00, 0x00,
    0x04, 0xff, 0xe1, 0x00, 0x00, 0x05, 0xff, 0xa8, 0xa5, 0x14, 0xff, 0xb3, 0xc8, 0x30, 0x0a, 0xff,
    0xff, 0xff, 0xf3, 0x0d, 0xff, 0x3e, 0xff, 0x99, 0xff, 0x58, 0xff, 0xd0, 0x2f, 0xff, 0xff, 0xff,
    0xf3, 0x7f, 0xf9, 0x5f, 0xff, 0x4e, 0xfd, 0x0d, 0xff, 0x60, 0x8f, 0xff, 0xff, 0xff, 0xf7, 0xff,
    0xe2, 0xbf, 0xfa, 0x8f, 0xf8, 0x5f, 0xfe, 0x10, 0x9f, 0xff, 0x91, 0x9f, 0xfe, 0xff, 0xff, 0xff,
    0xf5, 0xff, 0xff, 0xff, 0xf8, 0x00, 0x7f, 0xff, 0x90, 0x9f, 0xf9, 0xff, 0xff, 0xff, 0xc0, 0xdf,
    0xff, 0xff, 0xf1, 0x00, 0x5f, 0xff, 0x90, 0x9f, 0xf4, 0xdc, 0xbf, 0xff, 0x40, 0x6c, 0xad, 0xff,
    0x90, 0x00, 0x3e, 0xff, 0x90, 0x9f, 0xf3, 0x00, 0x6f, 0xfc, 0x00, 0x00, 0x0d, 0xff, 0x30, 0x00,
    0x26, 0xff, 0x90, 0x9f, 0xf3, 0x00, 0xcf, 0xf5, 0x00, 0x00, 0x3f, 0xfb, 0x14, 0x00, 0x03, 0xff,
    0x90, 0x9f, 0xf3, 0x04, 0xff, 0xfa, 0xd7, 0x00, 0x9f, 0xfe, 0xff, 0x00, 0x03, 0xff, 0x90, 0x9f,
    0xf3, 0x0b, 0xff, 0xaf, 0xf9, 0x01, 0xef, 0xda, 0xff, 0x30, 0x03, 0xff, 0x90, 0x9f, 0xf3, 0x3f,
    0xfe, 0x3f, 0xfb, 0x06, 0xff, 0x77, 0xff, 0x70, 0x03, 0xff, 0x90, 0x9f, 0xf3, 0xbf, 0xf9, 0x0f,
    0xfd, 0x0d, 0xfe, 0x15, 0xff, 0xa0, 0x03, 0xff, 0xff, 0xff, 0xf9, 0xff, 0xf7, 0x7f, 0xff, 0x8f,
    0xfc, 0x79, 0xff, 0xc0, 0x03, 0xff, 0xff, 0xff, 0xf8, 0xff, 0xff, 0xff, 0xff, 0xbf, 0xff, 0xff,
    0xff, 0xf0, 0x03, 0xff, 0xff, 0xff, 0xf4, 0xff, 0xff, 0xff, 0xff, 0x7f, 0xff, 0xff, 0xff, 0xf3,
    0x03, 0xff, 0x91, 0x9f, 0xf3, 0xac, 0xa8, 0x69, 0xff, 0x69, 0x97, 0x65, 0xaf, 0xf5, 0x03, 0xff,
    0x90, 0x9f, 0xf3, 0x00, 0x00, 0x05, 0xec, 0x60, 0x00, 0x00, 0x6d, 0xa4, 0x00, 0x0a, 0xff, 0xff,
    0xff, 0xff, 0xff, 0xff, 0xff, 0xff, 0xff, 0xff, 0xc0, 0x00, 0x00, 0x0a, 0xff, 0xff, 0xff, 0xff,
    0xff, 0xff, 0xff, 0xff, 0xff, 0xff, 0xc0, 0x00, 0x00, 0x0a, 0xff, 0xff, 0xff, 0xff, 0xff, 0xff,
    0xff, 0xff, 0xff, 0xff, 0xc0, 0x00, 0x00, 0x09, 0xdd, 0xdd, 0xdd, 0xdd, 0xdd, 0xdd, 0xdd, 0xdd,
    0xdd, 0xdd, 0xb0, 0x00, 0x00, 0x00, 0x00, 0x00, 0x00, 0x00, 0x00, 0x00, 0x00, 0x00, 0x00, 0x00,
    0x00, 0x00, 0x00, 0x00, 0x00, 0x00, 0x00, 0x00, 0x00, 0x00, 0x00, 0x00, 0x00, 0x00, 0x00, 0x00,
    0x00, 0x00, 0x00, 0x00, 0x00, 0x00, 0x00, 0x00, 0x00, 0x00, 0x00, 0x00, 0x00, 0x00, 0x00, 0x00,
    0x00, 0x00, 0x00, 0x00, 0x00, 0x00, 0x00, 0x00, 0x00, 0x00, 0x00, 0x00, 0x1f, 0xff, 0xff, 0xff,
    0xff, 0xff, 0xff, 0xff, 0xff, 0xff, 0xff, 0xff, 0xff, 0xf2, 0x1f, 0xff, 0xff, 0xff, 0xff, 0xff,
    0xff, 0xff, 0xff, 0xff, 0xff, 0xff, 0xff, 0xf2, 0x1f, 0xff, 0xff, 0xff, 0xff, 0xff, 0xff, 0xff,
    0xff, 0xff, 0xff, 0xff, 0xff, 0xf2, 0x1d, 0xdd, 0xdd, 0xdd, 0xdd, 0xdd, 0xef, 0xff, 0xed, 0xdd,
    0xdd, 0xdd, 0xdd, 0xd2, 0x00, 0x00, 0x00, 0x00, 0x00, 0x00, 0x8f, 0xff, 0x90, 0x00, 0x00, 0x00,
    0x00, 0x00, 0x00, 0x00, 0x01, 0xc5, 0x00, 0x00, 0x8f, 0xff, 0x90, 0x00, 0x79, 0x00, 0x00, 0x00,
    0x00, 0x00, 0x0a, 0xff, 0xc4, 0x00, 0x8f, 0xff, 0x90, 0x3c, 0xff, 0x50, 0x00, 0x00, 0x00, 0x00,
    0x4f, 0xff, 0xf6, 0x00, 0x8f, 0xff, 0x90, 0x7f, 0xff, 0xe1, 0x00, 0x00, 0x00, 0x00, 0xdf, 0xff,
    0xc0, 0x00, 0x8f, 0xff, 0x90, 0x0c, 0xff, 0xfa, 0x00, 0x00, 0x00, 0x08, 0xff, 0xff, 0x30, 0x00,
    0x8f, 0xff, 0x90, 0x03, 0xff, 0xff, 0x50, 0x00, 0x00, 0x4f, 0xff, 0xf8, 0x00, 0x00, 0x8f, 0xff,
    0x90, 0x00, 0x9f, 0xff, 0xe1, 0x00, 0x02, 0xef, 0xff, 0xd0, 0x00, 0x00, 0x8f, 0xff, 0x90, 0x00,
    0x1e, 0xff, 0xfa, 0x00, 0x0c, 0xff, 0xff, 0x30, 0x00, 0x00, 0x8f, 0xff, 0x90, 0x00, 0x06, 0xff,
    0xff, 0x40, 0x5f, 0xff, 0xf7, 0x00, 0x00, 0x00, 0x9f, 0xff, 0x90, 0x00, 0x00, 0xdf, 0xff, 0xd1,
    0x06, 0xef, 0xb0, 0x00, 0x00, 0x03, 0xdf, 0xff, 0x80, 0x00, 0x00, 0x4f, 0xff, 0xf6, 0x00, 0x3b,
    0x10, 0x0b, 0xff, 0xff, 0xff, 0xff, 0x70, 0x00, 0x00, 0x0b, 0xfe, 0x60, 0x00, 0x00, 0x00, 0x07,
    0xff, 0xff, 0xff, 0xff, 0x30, 0x00, 0x00, 0x03, 0xb2, 0x00, 0x00, 0x00, 0x00, 0x03, 0xff, 0xff,
    0xff, 0xf8, 0x00, 0x00, 0x00, 0x00, 0x00, 0x00, 0x00, 0x00, 0x00, 0x00, 0xdd, 0xdc, 0xba, 0x40,
    0x00, 0x00, 0x00, 0x00, 0x00, 0x00, 0x00, 0x00, 0x29, 0xa0, 0x00, 0x00, 0x00, 0x00, 0x0f, 0xff,
    0xe0, 0x00, 0x00, 0x00, 0x00, 0x08, 0xff, 0xf7, 0x00, 0x00, 0x00, 0x00, 0x0f, 0xff, 0xe0, 0x00,
    0x00, 0x00, 0x00, 0x05, 0xff, 0xff, 0x30, 0x00, 0x00, 0x00, 0x0f, 0xff, 0xe0, 0x00, 0x00, 0x00,
    0x00, 0x00, 0x9f, 0xff, 0x90, 0x00, 0x00, 0x00, 0x0f, 0xff, 0xe0, 0x00, 0x00, 0x00, 0x00, 0x00,
    0x1d, 0xc4, 0x00, 0x00, 0x00, 0x00, 0x0f, 0xff, 0xe0, 0x00, 0x00, 0x00, 0x4f, 0xff, 0xff, 0xff,
    0xff, 0x40, 0x00, 0x00, 0x0f, 0xff, 0xe0, 0x00, 0x00, 0x00, 0x4f, 0xff, 0xff, 0xff, 0xff, 0x40,
    0x00, 0x00, 0x0f, 0xff, 0xe0, 0x00, 0x00, 0x00, 0x4f, 0xff, 0xff, 0xff, 0xff, 0x40, 0x00, 0x00,
    0x0f, 0xff, 0xe0, 0x00, 0x00, 0x00, 0x29, 0x99, 0x9a, 0xff, 0xfe, 0x17, 0xff, 0xff, 0xff, 0xff,
    0xff, 0xff, 0xff, 0x90, 0x00, 0x00, 0x08, 0xff, 0xf8, 0x07, 0xff, 0xff, 0xff, 0xff, 0xff, 0xff,
    0xff, 0x90, 0x00, 0x00, 0x3f, 0xff, 0xe1, 0x07, 0xff, 0xff, 0xff, 0xff, 0xff, 0xff, 0xff, 0x90,
    0x00, 0x01, 0xdf, 0xff, 0x70, 0x04, 0x88, 0x88, 0x8f, 0xff, 0xf8, 0x88, 0x88, 0x50, 0x00, 0x0a,
    0xff, 0xfd, 0x00, 0x00, 0x00, 0x00, 0x0f, 0xff, 0xe0, 0x00, 0x00, 0x00, 0x00, 0x8f, 0xff, 0xfa,
    0x8a, 0x00, 0x00, 0x00, 0x0f, 0xff, 0xe0, 0x00, 0x00, 0x00, 0x08, 0xff, 0xff, 0xff, 0xff, 0xb0,
    0x00, 0x00, 0x0f, 0xff, 0xe0, 0x00, 0x00, 0x00, 0x6f, 0xff, 0xff, 0xfe, 0xff, 0xfb, 0x00, 0x00,
    0x0f, 0xff, 0xe0, 0x00, 0x00, 0x00, 0x5f, 0xff, 0xff, 0xfa, 0xbf, 0xff, 0x60, 0x00, 0x0f, 0xff,
    0xe0, 0x00, 0x00, 0x00, 0x2f, 0xfe, 0xff, 0xfa, 0x2e, 0xf7, 0x00, 0x00, 0x0f, 0xff, 0xe0, 0x00,
    0x00, 0x00, 0x0d, 0xd3, 0xff, 0xfa, 0x06, 0x70, 0x00, 0x00, 0x0f, 0xff, 0xe0, 0x00, 0x00, 0x00,
    0x08, 0x21, 0xff, 0xfa, 0x00, 0x00, 0x00, 0x00, 0x0f, 0xff, 0xe0, 0x00, 0x00, 0x00, 0x00, 0x01,
    0xff, 0xfa, 0x00, 0x00, 0x00, 0x00, 0x0f, 0xff, 0xe0, 0x00, 0x00, 0x00, 0x00, 0x01, 0xff, 0xfa,
    0x00, 0x00, 0x00, 0x00, 0x0f, 0xff, 0xe0, 0x00, 0x00, 0x00, 0x00, 0x01, 0xff, 0xfa, 0x00, 0x00,
    0x00, 0x00, 0x0f, 0xff, 0xe0, 0x00, 0x00, 0x00, 0x00, 0x01, 0xff, 0xfa, 0x04, 0xff, 0xff, 0xff,
    0xff, 0xff, 0xff, 0xff, 0xff, 0xf8, 0x00, 0x01, 0xff, 0xfa, 0x04, 0xff, 0xff, 0xff, 0xff, 0xff,
    0xff, 0xff, 0xff, 0xf8, 0x00, 0x01, 0xff, 0xfa, 0x04, 0xff, 0xff, 0xff, 0xff, 0xff, 0xff, 0xff,
    0xff, 0xf8, 0x00, 0x01, 0xff, 0xfa, 0x02, 0x88, 0x88, 0x88, 0x88, 0x88, 0x88, 0x88, 0x88, 0x85,
    0x00, 0x00, 0x4b, 0x60, 0x00, 0x00, 0x00, 0x00, 0x00, 0x00, 0x00, 0x00, 0x00, 0x00, 0x00, 0x1b,
    0xff, 0xf3, 0x00, 0xdf, 0xff, 0xff, 0xff, 0xff, 0xff, 0xff, 0xff, 0xa0, 0x00, 0x09, 0xff, 0xfd,
    0x10, 0xdf, 0xff, 0xff, 0xff, 0xff, 0xff, 0xff, 0xff, 0xa0, 0x00, 0x01, 0xdf, 0xff, 0x50, 0xce,
    0xee, 0xee, 0xee, 0xee, 0xee, 0xee, 0xee, 0x90, 0x00, 0x00, 0x4f, 0xa2, 0x00, 0x00, 0x00, 0x00,
    0x00, 0x00, 0x00, 0x00, 0x00, 0x00, 0x4f, 0xff, 0xff, 0xff, 0xf7, 0x0d, 0xff, 0xff, 0xff, 0xff,
    0xff, 0xff, 0xf7, 0x00, 0x4f, 0xff, 0xff, 0xff, 0xf7, 0x0d, 0xff, 0xff, 0xff, 0xff, 0xff, 0xff,
    0xf7, 0x00, 0x4f, 0xff, 0xff, 0xff, 0xf7, 0x0d, 0xff, 0xec, 0xcc, 0xcc, 0xcd, 0xff, 0xf7, 0x00,
    0x29, 0x99, 0x9e, 0xff, 0xf2, 0x0d, 0xff, 0xc0, 0x00, 0x00, 0x04, 0xff, 0xf7, 0x00, 0x00, 0x00,
    0x3f, 0xff, 0xa0, 0x0d, 0xff, 0xc0, 0x00, 0x00, 0x04, 0xff, 0xf7, 0x00, 0x00, 0x00, 0xbf, 0xff,
    0x30, 0x0d, 0xff, 0xff, 0xff, 0xff, 0xff, 0xff, 0xf7, 0x00, 0x00, 0x06, 0xff, 0xfa, 0x00, 0x0d,
    0xff, 0xff, 0xff, 0xff, 0xff, 0xff, 0xf7, 0x00, 0x00, 0x2e, 0xff, 0xf4, 0x00, 0x0a, 0xcc, 0xcc,
    0xcc, 0xcc, 0xcc, 0xcc, 0xc5, 0x00, 0x01, 0xcf, 0xff, 0xfc, 0xb0, 0x00, 0x00, 0x00, 0x00, 0x00,
    0x00, 0x00, 0x00, 0x00, 0x0a, 0xff, 0xff, 0xff, 0xf9, 0xff, 0xff, 0xff, 0xff, 0xff, 0xff, 0xff,
    0xff, 0x80, 0x7f, 0xff, 0xff, 0xfe, 0xff, 0xff, 0xff, 0xff, 0xff, 0xff, 0xff, 0xff, 0xff, 0x80,
    0x6f, 0xff, 0xff, 0xf8, 0xff, 0xff, 0xfd, 0xaa, 0xdf, 0xff, 0xba, 0xbf, 0xff, 0x80, 0x2f, 0xfe,
    0xff, 0xf3, 0xb8, 0xff, 0xf9, 0x00, 0x7f, 0xff, 0x10, 0x1f, 0xff, 0x80, 0x0e, 0xb6, 0xff, 0xf3,
    0x00, 0xff, 0xf9, 0x00, 0x7f, 0xff, 0x10, 0x1f, 0xff, 0x80, 0x08, 0x16, 0xff, 0xf3, 0x00, 0xff,
    0xff, 0xff, 0xff, 0xff, 0xff, 0xff, 0xff, 0x80, 0x00, 0x06, 0xff, 0xf3, 0x00, 0xff, 0xff, 0xff,
    0xff, 0xff, 0xff, 0xff, 0xff, 0x80, 0x00, 0x06, 0xff, 0xf3, 0x00, 0xff, 0xfd, 0x99, 0xcf, 0xff,
    0x99, 0x9f, 0xff, 0x80, 0x00, 0x06, 0xff, 0xf3, 0x00, 0xff, 0xf9, 0x00, 0x7f, 0xff, 0x10, 0x1f,
    0xff, 0x80, 0x00, 0x06, 0xff, 0xf3, 0x00, 0xff, 0xf9, 0x00, 0x7f, 0xff, 0x10, 0x1f, 0xff, 0x80,
    0x00, 0x06, 0xff, 0xf3, 0x00, 0xff, 0xff, 0xff, 0xff, 0xff, 0xff, 0xff, 0xff, 0x80, 0x00, 0x06,
    0xff, 0xf3, 0x00, 0xff, 0xff, 0xff, 0xff, 0xff, 0xff, 0xff, 0xff, 0x80, 0x00, 0x06, 0xff, 0xf3,
    0x00, 0xff, 0xfd, 0xaa, 0xaa, 0xaa, 0xaa, 0xbf, 0xff, 0x80, 0x00, 0x06, 0xff, 0xf3, 0x00, 0xff,
    0xf9, 0x00, 0x00, 0x00, 0x00, 0x1f, 0xff, 0x80, 0x00, 0x00, 0x00, 0x00, 0x00, 0x05, 0xcd, 0xed,
    0x00, 0x00, 0x00, 0x00, 0x00, 0x00, 0x00, 0x00, 0x00, 0x00, 0x00, 0x02, 0xff, 0xff, 0x40, 0x00,
    0x00, 0x00, 0x00, 0x00, 0x9f, 0xff, 0xff, 0xff, 0xff, 0xff, 0xff, 0xff, 0xff, 0xff, 0xff, 0xff,
    0xff, 0xf9, 0x9f, 0xff, 0xff, 0xff, 0xff, 0xff, 0xff, 0xff, 0xff, 0xff, 0xff, 0xff, 0xff, 0xf9,
    0x7b, 0xbb, 0xbb, 0xbb, 0xff, 0xcb, 0xbb, 0xbb, 0xbb, 0xdb, 0xbb, 0xbb, 0xbb, 0xb7, 0x00, 0x1f,
    0xff, 0x65, 0xff, 0xd5, 0x00, 0x00, 0x19, 0xfc, 0x10, 0x00, 0x00, 0x00, 0x00, 0x1f, 0xff, 0x61,
    0x9f, 0xff, 0xc4, 0x17, 0xef, 0xf8, 0x04, 0xff, 0xf3, 0x00, 0x00, 0x1f, 0xff, 0x60, 0x05, 0xef,
    0xff, 0xef, 0xff, 0x50, 0x04, 0xff, 0xf3, 0x00, 0x00, 0x1f, 0xff, 0x60, 0x03, 0xaf, 0xff, 0xff,
    0xfb, 0x20, 0x04, 0xff, 0xf3, 0x00, 0x00, 0x1f, 0xff, 0x68, 0xdf, 0xff, 0xfd, 0xbf, 0xff, 0xfa,
    0x34, 0xff, 0xf3, 0x00, 0x00, 0x1f, 0xff, 0x6b, 0xff, 0xfa, 0x40, 0x03, 0xaf, 0xff, 0xa4, 0xff,
    0xf3, 0x00, 0x00, 0x1f, 0xff, 0x64, 0xc7, 0x10, 0x00, 0x00, 0x02, 0x9e, 0x34, 0xff, 0xf3, 0x00,
    0x00, 0x1f, 0xff, 0xff, 0xff, 0xff, 0xff, 0xff, 0xff, 0xff, 0xff, 0xff, 0xf3, 0x00, 0x00, 0x1f,
    0xff, 0xff, 0xff, 0xff, 0xff, 0xff, 0xff, 0xff, 0xff, 0xff, 0xf3, 0x00, 0x00, 0x1a, 0xaa, 0xaa,
    0xaa, 0xab, 0xff, 0xfc, 0xaa, 0xaa, 0xaa, 0xaa, 0xa2, 0x00, 0x00, 0x00, 0x00, 0x00, 0x00, 0x0a,
    0xff, 0xd1, 0x00, 0x00, 0x00, 0x00, 0x00, 0x00, 0x00, 0xef, 0xff, 0xff, 0xff, 0xff, 0xff, 0xff,
    0xff, 0xff, 0xff, 0xff, 0xff, 0x30, 0x00, 0xef, 0xff, 0xff, 0xff, 0xff, 0xff, 0xff, 0xff, 0xff,
    0xff, 0xff, 0xff, 0x30, 0x00, 0xef, 0xfe, 0xaa, 0xae, 0xff, 0xda, 0xaa, 0xef, 0xda, 0xaa, 0xdf,
    0xff, 0x30, 0x00, 0xef, 0xfb, 0x00, 0x5f, 0xff, 0x30, 0x05, 0xff, 0xe3, 0x00, 0x7f, 0xff, 0x30,
    0x00, 0xef, 0xfb, 0x04, 0xff, 0xf7, 0x11, 0x23, 0xdf, 0xfd, 0x20, 0x7f, 0xff, 0x30, 0x00, 0xef,
    0xfb, 0x4f, 0xff, 0xff, 0xff, 0xff, 0xff, 0xff, 0xd1, 0x7f, 0xff, 0x30, 0x00, 0xef, 0xfb, 0x0d,
    0xff, 0xff, 0xff, 0xff, 0xff, 0xff, 0xfb, 0x7f, 0xff, 0x30, 0x00, 0xef, 0xfb, 0x06, 0xec, 0xa9,
    0x87, 0x65, 0x44, 0x6f, 0xb2, 0xaf, 0xff, 0x30, 0x00, 0xef, 0xfb, 0x00, 0x00, 0x00, 0x00, 0x00,
    0x01, 0xef, 0xee, 0xff, 0xff, 0x10, 0x00, 0xef, 0xfb, 0x00, 0x00, 0x00, 0x00, 0x00, 0x00, 0xcf,
    0xff, 0xff, 0xfb, 0x00, 0x00, 0xef, 0xfb, 0x00, 0x00, 0x00, 0x00, 0x00, 0x00, 0x7d, 0xdd, 0xcc,
    0x81, 0x00, 0x00, 0x00, 0x04, 0x9c, 0x00, 0x00, 0x00, 0x00, 0x0a, 0xff, 0xf4, 0x00, 0x00, 0x00,
    0x00, 0x01, 0xdf, 0xff, 0x60, 0x00, 0x00, 0x00, 0x0a, 0xff, 0xf4, 0x00, 0x00, 0x00, 0x00, 0x00,
    0x9f, 0xff, 0xd0, 0x00, 0x00, 0x00, 0x0a, 0xff, 0xf4, 0x00, 0x00, 0x00, 0x00, 0x00, 0x2f, 0xff,
    0xf6, 0x00, 0x00, 0x00, 0x0a, 0xff, 0xf4, 0x00, 0x00, 0x00, 0x00, 0x00, 0x0b, 0xff, 0xa4, 0x00,
    0x00, 0x00, 0x0a, 0xff, 0xf4, 0x00, 0x00, 0x00, 0x5f, 0xff, 0xff, 0xff, 0xff, 0xff, 0xf8, 0x00,
    0x0a, 0xff, 0xff, 0xff, 0xff, 0xf8, 0x5f, 0xff, 0xff, 0xff, 0xff, 0xff, 0xf8, 0x00, 0x0a, 0xff,
    0xff, 0xff, 0xff, 0xf8, 0x5f, 0xff, 0xff, 0xff, 0xff, 0xff, 0xf8, 0x00, 0x0a, 0xff, 0xff, 0xff,
    0xff, 0xf8, 0x39, 0x99, 0x99, 0x99, 0x99, 0x99, 0x94, 0x00, 0x0a, 0xff, 0xfa, 0x99, 0x99, 0x95,
    0x00, 0x00, 0x00, 0x00, 0x4d, 0xa7, 0x30, 0x00, 0x0a, 0xff, 0xf4, 0x00, 0x00, 0x00, 0x04, 0x8b,
    0xc0, 0x00, 0x7f, 0xff, 0x90, 0x00, 0x0a, 0xff, 0xf4, 0x00, 0x00, 0x00, 0x09, 0xff, 0xf2, 0x00,
    0x9f, 0xff, 0x60, 0x00, 0x0a, 0xff, 0xf4, 0x00, 0x00, 0x00, 0x05, 0xff, 0xf5, 0x00, 0xbf, 0xff,
    0x20, 0x00, 0x0a, 0xff, 0xf4, 0x00, 0x00, 0x00, 0x02, 0xff, 0xf9, 0x00, 0xef, 0xfe, 0x0c, 0xff,
    0xff, 0xff, 0xff, 0xff, 0xff, 0x70, 0x00, 0xef, 0xfc, 0x01, 0xff, 0xfa, 0x0c, 0xff, 0xff, 0xff,
    0xff, 0xff, 0xff, 0x70, 0x00, 0xaf, 0xff, 0x04, 0xff, 0xf7, 0x0c, 0xff, 0xff, 0xff, 0xff, 0xff,
    0xff, 0x70, 0x00, 0x7f, 0xff, 0x36, 0xff, 0xf3, 0x0c, 0xff, 0xea, 0xaa, 0xaa, 0xbf, 0xff, 0x70,
    0x00, 0x5f, 0xff, 0x69, 0xff, 0xe0, 0x0c, 0xff, 0xd0, 0x00, 0x00, 0x3f, 0xff, 0x70, 0x00, 0x2f,
    0xff, 0x9c, 0xff, 0xb0, 0x0c, 0xff, 0xd0, 0x00, 0x00, 0x3f, 0xff, 0x70, 0x00, 0x0d, 0xb8, 0x4e,
    0xff, 0x80, 0x0c, 0xff, 0xd0, 0x00, 0x00, 0x3f, 0xff, 0x70, 0x00, 0x00, 0x00, 0x2f, 0xff, 0x9a,
    0x7c, 0xff, 0xd0, 0x00, 0x00, 0x3f, 0xff, 0x70, 0x24, 0x79, 0xbd, 0xff, 0xff, 0xff, 0x7c, 0xff,
    0xd0, 0x00, 0x00, 0x3f, 0xff, 0x70, 0x7f, 0xff, 0xff, 0xff, 0xff, 0xff, 0x6c, 0xff, 0xff, 0xff,
    0xff, 0xff, 0xff, 0x70, 0x5f, 0xff, 0xff, 0xff, 0xff, 0xff, 0x6c, 0xff, 0xff, 0xff, 0xff, 0xff,
    0xff, 0x70, 0x3f, 0xff, 0xff, 0xff, 0xda, 0x86, 0x1c, 0xff, 0xff, 0xff, 0xff, 0xff, 0xff, 0x70,
    0x0e, 0xc9, 0x75, 0x20, 0x00, 0x00, 0x0c, 0xff, 0xea, 0xaa, 0xaa, 0xbf, 0xff, 0x70, 0x00, 0x00,
    0x00, 0x00, 0x00, 0x00, 0x0c, 0xff, 0xd0, 0x00, 0x00, 0x3f, 0xff, 0x70, 0x00, 0x00, 0xbf, 0xff,
    0x60, 0x00, 0x00, 0x00, 0x0d, 0xff, 0xf4, 0x00, 0x00, 0x00, 0x00, 0x08, 0xff, 0xfb, 0x00, 0x00,
    0x00, 0x00, 0x7f, 0xff, 0xa0, 0x00, 0x00, 0x00, 0x00, 0x6f, 0xff, 0xff, 0xff, 0xff, 0xff, 0xb2,
    0xef, 0xff, 0xff, 0xff, 0xff, 0xf4, 0x07, 0xff, 0xff, 0xff, 0xff, 0xff, 0xff, 0xbb, 0xff, 0xff,
    0xff, 0xff, 0xff, 0xf4, 0x5f, 0xff, 0xfb, 0x9d, 0xfe, 0xa9, 0x99, 0xdf, 0xff, 0xd9, 0xdf, 0xfc,
    0x99, 0x92, 0x09, 0xff, 0x80, 0x3e, 0xff, 0x90, 0xff, 0xff, 0xfe, 0x21, 0xbf, 0xfe, 0x30, 0x00,
    0x00, 0x97, 0x00, 0x03, 0xc5, 0x00, 0xff, 0xfe, 0xd4, 0x00, 0x09, 0xa1, 0x00, 0x00, 0x00, 0x00,
    0x00, 0x00, 0x00, 0x00, 0xff, 0xfc, 0x00, 0x00, 0x00, 0x00, 0x00, 0x00, 0x00, 0x8f, 0xff, 0xff,
    0xff, 0xff, 0xff, 0xff, 0xff, 0xff, 0xff, 0xff, 0xf9, 0x00, 0x00, 0x8f, 0xff, 0xff, 0xff, 0xff,
    0xff, 0xff, 0xff, 0xff, 0xff, 0xff, 0xf9, 0x00, 0x00, 0x7e, 0xee, 0xee, 0xee, 0xee, 0xff, 0xff,
    0xee, 0xee, 0xee, 0xee, 0xe8, 0x00, 0x00, 0x00, 0x00, 0x00, 0x00, 0x00, 0xff, 0xfc, 0x00, 0x00,
    0x00, 0x00, 0x00, 0x00, 0x00, 0x00, 0x00, 0x00, 0x00, 0x00, 0xff, 0xfc, 0x00, 0x00, 0x00, 0x00,
    0x00, 0x00, 0x7f, 0xff, 0xff, 0xff, 0xff, 0xff, 0xff, 0xff, 0xff, 0xff, 0xff, 0xff, 0xff, 0xf8,
    0x7f, 0xff, 0xff, 0xff, 0xff, 0xff, 0xff, 0xff, 0xff, 0xff, 0xff, 0xff, 0xff, 0xf8, 0x6e, 0xee,
    0xee, 0xee, 0xee, 0xee, 0xee, 0xee, 0xee, 0xff, 0xfe, 0xee, 0xee, 0xe7, 0x00, 0x00, 0x00, 0x00,
    0x00, 0x00, 0x00, 0x00, 0x03, 0xff, 0xf9, 0x00, 0x00, 0x00, 0x00, 0x00, 0x00, 0x00, 0x00, 0x00,
    0x00, 0x00, 0x03, 0xff, 0xf9, 0x00, 0x00, 0x00, 0x08, 0xff, 0xff, 0xff, 0xff, 0xff, 0xff, 0xff,
    0xff, 0xff, 0xff, 0xff, 0xff, 0x90, 0x08, 0xff, 0xff, 0xff, 0xff, 0xff, 0xff, 0xff, 0xff, 0xff,
    0xff, 0xff, 0xff, 0x90, 0x07, 0xee, 0xef, 0xff, 0xff, 0xee, 0xee, 0xee, 0xee, 0xff, 0xff, 0xee,
    0xee, 0x80, 0x00, 0x00, 0x04, 0xff, 0xfe, 0x20, 0x00, 0x00, 0x03, 0xff, 0xf9, 0x00, 0x00, 0x00,
    0x00, 0x00, 0x00, 0xaf, 0xff, 0xc0, 0x00, 0x00, 0x04, 0xff, 0xf9, 0x00, 0x00, 0x00, 0x00, 0x00,
    0x00, 0x2e, 0xff, 0xf6, 0x00, 0x00, 0x1a, 0xff, 0xf9, 0x00, 0x00, 0x00, 0x00, 0x00, 0x00, 0x07,
    0xff, 0xa1, 0x6f, 0xff, 0xff, 0xff, 0xf8, 0x00, 0x00, 0x00, 0x00, 0x00, 0x00, 0x00, 0xb5, 0x00,
    0x3f, 0xff, 0xff, 0xff, 0xf5, 0x00, 0x00, 0x00, 0x00, 0x00, 0x00, 0x00, 0x00, 0x00, 0x0f, 0xff,
    0xff, 0xff, 0xc0, 0x00, 0x00, 0x00, 0x00, 0x00, 0x00, 0x00, 0x00, 0x00, 0x09, 0xaa, 0xa9, 0x96,
    0x00, 0x00, 0x00, 0x00, 0x00, 0x00, 0x7f, 0xff, 0x70, 0x00, 0x00, 0x00, 0x8f, 0xff, 0x10, 0x00,
    0x00, 0x00, 0x00, 0x03, 0xff, 0xfd, 0x00, 0x00, 0x00, 0x02, 0xff, 0xfa, 0x00, 0x00, 0x00, 0x00,
    0x00, 0x0c, 0xff, 0xff, 0xff, 0xff, 0xfd, 0x0a, 0xff, 0xff, 0xff, 0xff, 0xff, 0xf4, 0x00, 0x9f,
    0xff, 0xff, 0xff, 0xff, 0xfd, 0x5f, 0xff, 0xff, 0xff, 0xff, 0xff, 0xf4, 0x08, 0xff, 0xfd, 0x9e,
    0xff, 0xfa, 0x9b, 0xef, 0xfe, 0x9b, 0xff, 0xfb, 0x99, 0x92, 0x6f, 0xff, 0xe2, 0x08, 0xff, 0xf6,
    0x0d, 0xff, 0xf4, 0x01, 0xff, 0xfa, 0x00, 0x00, 0x4f, 0xff, 0x40, 0x01, 0xef, 0xfc, 0x01, 0x7e,
    0x80, 0x00, 0xac, 0x96, 0x00, 0x00, 0x0c, 0xf5, 0x02, 0x9a, 0x8a, 0x50, 0x00, 0x01, 0x00, 0x00,
    0x00, 0x00, 0x00, 0x00, 0x05, 0x60, 0x3e, 0xff, 0x80, 0x0e, 0xff, 0xff, 0xff, 0xff, 0xff, 0xff,
    0xff, 0x50, 0x00, 0x00, 0x0a, 0xff, 0xf5, 0x0e, 0xff, 0xff, 0xff, 0xff, 0xff, 0xff, 0xff, 0x50,
    0x00, 0x00, 0x01, 0xdf, 0xfa, 0x0e, 0xff, 0xff, 0xff, 0xff, 0xff, 0xff, 0xff, 0x50, 0x00, 0xdf,
    0xfc, 0x4c, 0x40, 0x00, 0x00, 0x00, 0x00, 0x00, 0x00, 0x5f, 0xff, 0x50, 0x00, 0xdf, 0xfc, 0x00,
    0x00, 0x00, 0x00, 0x00, 0x00, 0x00, 0x00, 0x4f, 0xff, 0x50, 0x00, 0xdf, 0xfc, 0x00, 0xdf, 0xff,
    0xff, 0xff, 0xff, 0xff, 0x40, 0x4f, 0xff, 0x50, 0x00, 0xdf, 0xfc, 0x00, 0xdf, 0xff, 0xff, 0xff,
    0xff, 0xff, 0x40, 0x4f, 0xff, 0x50, 0x00, 0xdf, 0xfc, 0x00, 0xdf, 0xfd, 0xaa, 0xaa, 0xbf, 0xff,
    0x40, 0x4f, 0xff, 0x50, 0x00, 0xdf, 0xfc, 0x00, 0xdf, 0xf8, 0x00, 0x00, 0x2f, 0xff, 0x40, 0x4f,
    0xff, 0x50, 0x00, 0xdf, 0xfc, 0x00, 0xdf, 0xff, 0xff, 0xff, 0xff, 0xff, 0x40, 0x4f, 0xff, 0x50,
    0x00, 0xdf, 0xfc, 0x00, 0xdf, 0xff, 0xff, 0xff, 0xff, 0xff, 0x40, 0x4f, 0xff, 0x50, 0x00, 0xdf,
    0xfc, 0x00, 0xdf, 0xfc, 0x99, 0x99, 0x9f, 0xff, 0x40, 0x4f, 0xff, 0x50, 0x00, 0xdf, 0xfc, 0x00,
    0xdf, 0xf8, 0x00, 0x00, 0x2f, 0xff, 0x40, 0x4f, 0xff, 0x50, 0x00, 0xdf, 0xfc, 0x00, 0xdf, 0xf8,
    0x00, 0x00, 0x2f, 0xff, 0x40, 0x4f, 0xff, 0x50, 0x00, 0xdf, 0xfc, 0x00, 0xdf, 0xff, 0xff, 0xff,
    0xff, 0xff, 0x40, 0x5f, 0xff, 0x50, 0x00, 0xdf, 0xfc, 0x00, 0xdf, 0xff, 0xff, 0xff, 0xff, 0xff,
    0x41, 0xbf, 0xff, 0x40, 0x00, 0xdf, 0xfc, 0x00, 0xdf, 0xfd, 0xaa, 0xaa, 0xaa, 0xef, 0xff, 0xff,
    0xff, 0x20, 0x00, 0xdf, 0xfc, 0x00, 0xdf, 0xf8, 0x00, 0x00, 0x00, 0x8f, 0xff, 0xff, 0xfb, 0x00,
    0x00, 0xdf, 0xfc, 0x00, 0x00, 0x00, 0x00, 0x00, 0x00, 0x4f, 0xff, 0xff, 0xd2, 0x00, 0x00, 0xdf,
    0xfc, 0x00, 0x00, 0x00, 0x00, 0x00, 0x00, 0x18, 0x87, 0x64, 0x00, 0x00, 0x00, 0x00, 0x00, 0x00,
    0x00, 0x00, 0xef, 0xfe, 0x00, 0x00, 0x00, 0x00, 0x00, 0x00, 0x00, 0x00, 0x7b, 0x00, 0x00, 0x00,
    0xef, 0xfe, 0x00, 0x00, 0x02, 0xc3, 0x00, 0x00, 0x00, 0x2b, 0xff, 0xa0, 0x00, 0x00, 0xef, 0xfe,
    0x00, 0x00, 0x1c, 0xff, 0x80, 0x00, 0x00, 0x7f, 0xff, 0xf8, 0x00, 0x00, 0xef, 0xfe, 0x00, 0x00,
    0xaf, 0xff, 0xf6, 0x00, 0x00, 0x0a, 0xff, 0xff, 0x50, 0x00, 0xef, 0xfe, 0x00, 0x07, 0xff, 0xff,
    0x90, 0x00, 0x00, 0x01, 0xcf, 0xff, 0xf3, 0x00, 0xef, 0xfe, 0x00, 0x5f, 0xff, 0xfb, 0x00, 0x00,
    0x00, 0x00, 0x2e, 0xff, 0xfc, 0x00, 0xef, 0xfe, 0x00, 0xdf, 0xff, 0xd1, 0x00, 0x00, 0x00, 0x00,
    0x04, 0xff, 0xb1, 0x00, 0xef, 0xfe, 0x00, 0x3d, 0xfe, 0x20, 0x00, 0x00, 0x00, 0x00, 0x00, 0x88,
    0x00, 0x00, 0xef, 0xfe, 0x00, 0x01, 0xb3, 0x00, 0x00, 0x00, 0x00, 0x00, 0x00, 0x00, 0x00, 0x00,
    0xef, 0xfe, 0x00, 0x00, 0x00, 0x00, 0x00, 0x00, 0x5f, 0xff, 0xff, 0xff, 0xff, 0xff, 0xff, 0xff,
    0xff, 0xff, 0xff, 0xff, 0xff, 0xf6, 0x5f, 0xff, 0xff, 0xff, 0xff, 0xff, 0xff, 0xff, 0xff, 0xff,
    0xff, 0xff, 0xff, 0xf6, 0x5f, 0xff, 0xff, 0xff, 0xff, 0xff, 0xff, 0xff, 0xff, 0xff, 0xff, 0xff,
    0xff, 0xf6, 0x27, 0x77, 0x77, 0x77, 0x78, 0xff, 0xff, 0xff, 0xfe, 0x77, 0x77, 0x77, 0x77, 0x73,
    0x00, 0x00, 0x00, 0x00, 0x1c, 0xff, 0xff, 0xff, 0xff, 0x90, 0x00, 0x00, 0x00, 0x00, 0x00, 0x00,
    0x00, 0x02, 0xcf, 0xff, 0xff, 0xff, 0xff, 0xf9, 0x00, 0x00, 0x00, 0x00, 0x00, 0x00, 0x00, 0x3e,
    0xff, 0xfa, 0xef, 0xfe, 0xcf, 0xff, 0xb1, 0x00, 0x00, 0x00, 0x00, 0x00, 0x07, 0xff, 0xff, 0xb0,
    0xef, 0xfe, 0x1d, 0xff, 0xfd, 0x30, 0x00, 0x00, 0x00, 0x02, 0xbf, 0xff, 0xfb, 0x10, 0xef, 0xfe,
    0x03, 0xef, 0xff, 0xf9, 0x10, 0x00, 0x00, 0x7e, 0xff, 0xff, 0xb1, 0x00, 0xef, 0xfe, 0x00, 0x3e,
    0xff, 0xff, 0xe6, 0x10, 0x4d, 0xff, 0xff, 0xf9, 0x00, 0x00, 0xef, 0xfe, 0x00, 0x02, 0xdf, 0xff,
    0xff, 0xe6, 0x5f, 0xff, 0xff, 0x60, 0x00, 0x00, 0xef, 0xfe, 0x00, 0x00, 0x1b, 0xff, 0xff, 0xe2,
    0x05, 0xff, 0xd3, 0x00, 0x00, 0x00, 0xef, 0xfe, 0x00, 0x00, 0x00, 0x8f, 0xfe, 0x30, 0x00, 0x79,
    0x10, 0x00, 0x00, 0x00, 0xef, 0xfe, 0x00, 0x00, 0x00, 0x03, 0xc3, 0x00, 0x00, 0x00, 0x00, 0x00,
    0x00, 0x00, 0xef, 0xfe, 0x00, 0x00, 0x00, 0x00, 0x00, 0x00, 0x00, 0x00, 0x00, 0x00, 0x00, 0x00,
    0xef, 0xfe, 0x00, 0x00, 0x00, 0x00, 0x00, 0x00, 0x00, 0x00, 0xff, 0xf3, 0x00, 0x00, 0x00, 0x00,
    0x0b, 0xff, 0xd0, 0x00, 0x00, 0x00, 0x00, 0x00, 0xff, 0xf3, 0x00, 0x00, 0x00, 0x00, 0x0b, 0xff,
    0xd0, 0x00, 0x00, 0x00, 0x5b, 0x70, 0xff, 0xf3, 0x3c, 0x7b, 0xff, 0xff, 0xff, 0xff, 0xff, 0xff,
    0xff, 0xf2, 0x8f, 0xb0, 0xff, 0xf3, 0x6f, 0xea, 0xff, 0xff, 0xff, 0xff, 0xff, 0xff, 0xff, 0xf2,
    0x5f, 0xe1, 0xff, 0xf3, 0x9f, 0xa4, 0x55, 0x55, 0x5c, 0xff, 0xe5, 0x55, 0x55, 0x51, 0x2f, 0xf3,
    0xff, 0xf3, 0xdf, 0x70, 0x00, 0x00, 0x0b, 0xff, 0xd0, 0x00, 0x00, 0x00, 0x0d, 0xf7, 0xff, 0xf4,
    0xff, 0x32, 0xff, 0xff, 0xff, 0xff, 0xff, 0xff, 0xff, 0x80, 0x0a, 0xfa, 0xff, 0xf7, 0xfe, 0x02,
    0xff, 0xff, 0xff, 0xff, 0xff, 0xff, 0xff, 0x80, 0x07, 0xb6, 0xff, 0xfa, 0xfb, 0x01, 0x55, 0x55,
    0x5c, 0xff, 0xe5, 0x55, 0x55, 0x30, 0x00, 0x00, 0xff, 0xf7, 0xa7, 0x00, 0x00, 0x00, 0x0b, 0xff,
    0xd0, 0x00, 0x00, 0x00, 0x6f, 0xff, 0xff, 0xff, 0xff, 0x7f, 0xff, 0xff, 0xff, 0xff, 0xff, 0xff,
    0xff, 0xf9, 0x6f, 0xff, 0xff, 0xff, 0xff, 0x7f, 0xff, 0xff, 0xff, 0xff, 0xff, 0xff, 0xff, 0xf9,
    0x6e, 0xee, 0xff, 0xfe, 0xee, 0x45, 0x55, 0x55, 0x55, 0x55, 0x55, 0x55, 0x55, 0x53, 0x00, 0x07,
    0xff, 0xf3, 0x00, 0x00, 0xff, 0xff, 0xff, 0xff, 0xff, 0xff, 0xff, 0x50, 0x00, 0x0d, 0xff, 0xf3,
    0x00, 0x00, 0xff, 0xff, 0xff, 0xff, 0xff, 0xff, 0xff, 0x50, 0x00, 0x5f, 0xff, 0xf7, 0xb1, 0x00,
    0xff, 0xfb, 0x99, 0x99, 0x99, 0x9f, 0xff, 0x50, 0x00, 0xcf, 0xff, 0xff, 0xfd, 0x20, 0xff, 0xf5,
    0x00, 0x00, 0x00, 0x0f, 0xff, 0x50, 0x05, 0xff, 0xff, 0xfe, 0xff, 0xd2, 0xff, 0xff, 0xff, 0xff,
    0xff, 0xff, 0xff, 0x50, 0x1d, 0xff, 0xff, 0xf6, 0xff, 0xf3, 0xff, 0xff, 0xff, 0xff, 0xff, 0xff,
    0xff, 0x50, 0x9f, 0xfa, 0xff, 0xf3, 0x9f, 0x70, 0xff, 0xf8, 0x44, 0x44, 0x44, 0x4f, 0xff, 0x50,
    0xbf, 0xf3, 0xff, 0xf3, 0x19, 0x00, 0xff, 0xf5, 0x00, 0x00, 0x00, 0x0f, 0xff, 0x50, 0x7f, 0xb0,
    0xff, 0xf3, 0x00, 0x00, 0xff, 0xff, 0xff, 0xff, 0xff, 0xff, 0xff, 0x50, 0x2f, 0x20, 0xff, 0xf3,
    0x00, 0x00, 0xff, 0xff, 0xff, 0xff, 0xff, 0xff, 0xff, 0x50, 0x06, 0x00, 0xff, 0xf3, 0x00, 0x00,
    0xff, 0xf8, 0x44, 0x44, 0x44, 0x4f, 0xff, 0x50, 0x00, 0x00, 0xff, 0xf3, 0x00, 0x00, 0xff, 0xf5,
    0x00, 0x21, 0x10, 0x4f, 0xff, 0x40, 0x00, 0x00, 0xff, 0xf3, 0x00, 0x00, 0xff, 0xf5, 0x00, 0xaf,
    0xff, 0xff, 0xff, 0x20, 0x00, 0x00, 0xff, 0xf3, 0x00, 0x00, 0xff, 0xf5, 0x00, 0x6f, 0xff, 0xff,
    0xf9, 0x00, 0x00, 0x00, 0x00, 0x00, 0x00, 0x00, 0x00, 0x00, 0x00, 0x2a, 0xaa, 0xa9, 0x50, 0x00,
    0x00, 0x00, 0x00, 0x01, 0x11, 0x22, 0x33, 0x44, 0x56, 0x78, 0x9a, 0xbc, 0xdd, 0x00, 0x06, 0xff,
    0xff, 0xff, 0xff, 0xff, 0xff, 0xff, 0xff, 0xff, 0xff, 0xff, 0xff, 0x10, 0x03, 0xff, 0xff, 0xff,
    0xff, 0xff, 0xff, 0xff, 0xff, 0xff, 0xff, 0xff, 0xff, 0x40, 0x01, 0xff, 0xff, 0xff, 0xff, 0xff,
    0xff, 0xff, 0xff, 0xff, 0xfe, 0xb8, 0x53, 0x00, 0x00, 0x44, 0x33, 0x25, 0xbf, 0xff, 0xff, 0xec,
    0xa7, 0x53, 0x3a, 0x80, 0x00, 0x00, 0x00, 0x00, 0x05, 0xbf, 0xff, 0xff, 0xb6, 0x10, 0x00, 0x06,
    0xef, 0xf8, 0x00, 0x00, 0x00, 0x09, 0xef, 0xff, 0xfc, 0x83, 0x23, 0x44, 0x56, 0xcf, 0xff, 0xff,
    0x40, 0x00, 0x00, 0x0d, 0xff, 0xff, 0xff, 0xff, 0xff, 0xff, 0xff, 0xff, 0xff, 0xc4, 0x00, 0x00,
    0x00, 0x09, 0xff, 0xff, 0xff, 0xff, 0xff, 0xff, 0xff, 0xff, 0xe6, 0x00, 0x00, 0x00, 0x00, 0x04,
    0xed, 0xdc, 0xbb, 0xaa, 0xff, 0xff, 0xff, 0xf8, 0x10, 0x00, 0x00, 0x00, 0x00, 0x00, 0x00, 0x00,
    0x00, 0x6e, 0xff, 0xff, 0xfa, 0x21, 0xb4, 0x00, 0x00, 0x00, 0x00, 0x00, 0x00, 0x00, 0x6d, 0xff,
    0xff, 0xfa, 0x30, 0x3e, 0xfe, 0x30, 0x00, 0x00, 0x00, 0x00, 0x00, 0x6d, 0xff, 0xff, 0xfa, 0x20,
    0x00, 0x6f, 0xff, 0xd2, 0x00, 0x00, 0x00, 0x01, 0x6d, 0xff, 0xff, 0xe9, 0x20, 0x00, 0x00, 0x08,
    0xff, 0xfc, 0x10, 0x00, 0x00, 0x6e, 0xff, 0xff, 0xe8, 0x33, 0x44, 0x56, 0x78, 0x9a, 0xff, 0xff,
    0xb0, 0x00, 0x00, 0x7f, 0xff, 0xff, 0xff, 0xff, 0xff, 0xff, 0xff, 0xff, 0xff, 0xff, 0xf9, 0x00,
    0x00, 0x3f, 0xff, 0xff, 0xff, 0xff, 0xff, 0xff, 0xff, 0xff, 0xff, 0xff, 0xff, 0x70, 0x00, 0x0e,
    0xff, 0xfd, 0xcb, 0xba, 0xbf, 0xff, 0x95, 0x54, 0x43, 0x2c, 0xff, 0xf3, 0x00, 0x03, 0x21, 0x00,
    0x00, 0x00, 0x6f, 0xff, 0x50, 0x00, 0x00, 0x03, 0xff, 0x70, 0x00, 0x00, 0x00, 0x00, 0x00, 0x00,
    0x6f, 0xff, 0x50, 0x00, 0x99, 0x20, 0x85, 0x00, 0x00, 0x00, 0x03, 0xc7, 0x00, 0x00, 0x6f, 0xff,
    0x50, 0x05, 0xff, 0xf9, 0x10, 0x00, 0x00, 0x02, 0x9f, 0xff, 0x80, 0x00, 0x6f, 0xff, 0x50, 0x2e,
    0xff, 0xff, 0xe7, 0x10, 0x03, 0x9f, 0xff, 0xff, 0xe4, 0x00, 0x6f, 0xff, 0x50, 0x3b, 0xff, 0xff,
    0xff, 0xe3, 0x4f, 0xff, 0xff, 0xfa, 0x31, 0x01, 0xaf, 0xff, 0x50, 0x00, 0x5d, 0xff, 0xff, 0xd1,
    0x07, 0xff, 0xfb, 0x30, 0xef, 0xff, 0xff, 0xff, 0x40, 0x00, 0x00, 0x7e, 0xfe, 0x30, 0x00, 0x9b,
    0x30, 0x00, 0xbf, 0xff, 0xff, 0xff, 0x20, 0x00, 0x00, 0x02, 0xa6, 0x00, 0x00, 0x00, 0x00, 0x00,
    0x8f, 0xff, 0xff, 0xf9, 0x00, 0x00, 0x00, 0x00, 0x00, 0x00, 0x00, 0x00, 0x00, 0x00, 0x49, 0x99,
    0x87, 0x40, 0x00, 0x00, 0x00, 0x00, 0x00, 0x00, 0x00, 0x00, 0x00, 0x00, 0x00, 0x00, 0xdf, 0xfd,
    0x00, 0x00, 0x00, 0x00, 0x00, 0x00, 0x00, 0x00, 0x00, 0x00, 0x00, 0x00, 0xdf, 0xfd, 0x00, 0x00,
    0x00, 0x00, 0x00, 0x00, 0x02, 0xff, 0xff, 0xff, 0xff, 0xff, 0xff, 0xff, 0xff, 0xff, 0xff, 0xff,
    0xff, 0x20, 0x02, 0xff, 0xff, 0xff, 0xff, 0xff, 0xff, 0xff, 0xff, 0xff, 0xff, 0xff, 0xff, 0x20,
    0x02, 0xdd, 0xdd, 0xdd, 0xdd, 0xdd, 0xff, 0xff, 0xdd, 0xdd, 0xdd, 0xdd, 0xdd, 0x20, 0x00, 0x00,
    0x00, 0x00, 0x00, 0x00, 0xdf, 0xfd, 0x00, 0x00, 0x00, 0x00, 0x00, 0x00, 0x00, 0x00, 0x00, 0x00,
    0x00, 0x00, 0xdf, 0xfd, 0x00, 0x00, 0x00, 0x00, 0x00, 0x00, 0x0c, 0xff, 0xff, 0xff, 0xff, 0xff,
    0xff, 0xff, 0xff, 0xff, 0xff, 0xff, 0xff, 0xc0, 0x0c, 0xff, 0xff, 0xff, 0xff, 0xff, 0xff, 0xff,
    0xff, 0xff, 0xff, 0xff, 0xff, 0xc0, 0x0c, 0xff, 0xfc, 0xcc, 0xcd, 0xff, 0xff, 0xec, 0xcc, 0xcc,
    0xcc, 0xcf, 0xff, 0xc0, 0x0c, 0xff, 0xf0, 0x03, 0x9f, 0xff, 0xe8, 0x10, 0x00, 0x00, 0x00, 0x0e,
    0xff, 0xc0, 0x0c, 0xff, 0xf7, 0xcf, 0xff, 0xe8, 0x10, 0x01, 0x49, 0xdc, 0x50, 0x0e, 0xff, 0xc0,
    0x00, 0x00, 0x0d, 0xff, 0xff, 0xff, 0xff, 0xff, 0xff, 0xff, 0xc4, 0x00, 0x00, 0x00, 0x00, 0x00,
    0x09, 0xff, 0xff, 0xff, 0xff, 0xff, 0xfc, 0x72, 0x00, 0x00, 0x00, 0x00, 0x00, 0x00, 0x05, 0xdb,
    0xbd, 0xff, 0xfe, 0xa6, 0x10, 0x09, 0xa1, 0x00, 0x00, 0x00, 0x00, 0x03, 0x69, 0xbe, 0xfe, 0xc8,
    0x53, 0x34, 0x46, 0xef, 0xfd, 0x40, 0x00, 0x00, 0x00, 0x1f, 0xff, 0xff, 0xff, 0xff, 0xff, 0xff,
    0xff, 0xff, 0xff, 0xf9, 0x00, 0x00, 0x00, 0x0a, 0xff, 0xff, 0xff, 0xff, 0xff, 0xff, 0xff, 0xff,
    0xff, 0xff, 0xc3, 0x00, 0x00, 0x04, 0xcb, 0xa9, 0x98, 0x76, 0xbf, 0xff, 0x43, 0x21, 0x10, 0x3f,
    0xff, 0x30, 0x00, 0x00, 0x00, 0x00, 0x00, 0x00, 0x9f, 0xff, 0x20, 0x00, 0x00, 0x0a, 0xf9, 0x00,
    0x00, 0x00, 0x00, 0x00, 0x00, 0x00, 0x9f, 0xff, 0x20, 0x00, 0x00, 0x03, 0x80, 0x00, 0x00, 0x00,
    0x01, 0x8b, 0x10, 0x00, 0x9f, 0xff, 0x20, 0x0b, 0xa4, 0x00, 0x00, 0x00, 0x00, 0x01, 0x7e, 0xff,
    0xb1, 0x00, 0xaf, 0xff, 0x20, 0x7f, 0xff, 0xd7, 0x10, 0x00, 0x02, 0x8e, 0xff, 0xff, 0xe4, 0x02,
    0xdf, 0xff, 0x11, 0xcf, 0xff, 0xff, 0xfa, 0x40, 0x5f, 0xff, 0xff, 0xe6, 0xbf, 0xff, 0xff, 0xff,
    0x00, 0x04, 0xaf, 0xff, 0xff, 0xf5, 0x0c, 0xff, 0xe7, 0x10, 0x7f, 0xff, 0xff, 0xfa, 0x00, 0x00,
    0x01, 0x8e, 0xff, 0xc0, 0x02, 0xc6, 0x00, 0x00, 0x4f, 0xff, 0xff, 0xa1, 0x00, 0x00, 0x00, 0x01,
    0x6c, 0x20, 0x00, 0x00, 0x00, 0x00, 0x13, 0x32, 0x20, 0x00, 0x00, 0x00, 0x00, 0x00, 0x00, 0x00,
    0x00, 0x00, 0x00, 0x0a, 0xff, 0xc0, 0x00, 0x00, 0x00, 0x00, 0x00, 0x00, 0x00, 0x00, 0x02, 0xff,
    0xf5, 0x0a, 0xff, 0xc3, 0xff, 0xff, 0xff, 0xff, 0xff, 0xff, 0xfa, 0x00, 0x02, 0xff, 0xf5, 0x0a,
    0xff, 0xc3, 0xff, 0xff, 0xff, 0xff, 0xff, 0xff, 0xfa, 0x00, 0x02, 0xff, 0xf5, 0x0a, 0xff, 0xc3,
    0xcc, 0xff, 0xcc, 0xcc, 0xce, 0xff, 0xf9, 0x00, 0x02, 0xff, 0xf5, 0x0a, 0xff, 0xc0, 0x3d, 0xff,
    0x60, 0x00, 0x2e, 0xff, 0xe2, 0x00, 0x02, 0xff, 0xf5, 0x0a, 0xff, 0xc0, 0x1d, 0xff, 0xf6, 0x04,
    0xef, 0xff, 0x40, 0x00, 0x02, 0xff, 0xf5, 0x0a, 0xff, 0xc0, 0x03, 0xef, 0xff, 0xbf, 0xff, 0xf5,
    0x00, 0x00, 0x02, 0xff, 0xf5, 0x0a, 0xff, 0xc0, 0x00, 0x4f, 0xff, 0xff, 0xff, 0x40, 0x00, 0x00,
    0x02, 0xff, 0xf5, 0x0a, 0xff, 0xc6, 0x9c, 0xff, 0xff, 0xff, 0xff, 0xeb, 0x75, 0x20, 0x02, 0xff,
    0xf5, 0x0a, 0xff, 0xc6, 0xff, 0xff, 0xff, 0xef, 0xff, 0xff, 0xff, 0xf6, 0x00, 0x00, 0x00, 0x0a,
    0xff, 0xcb, 0xff, 0xff, 0xb4, 0x05, 0xbf, 0xff, 0xff, 0xd0, 0x00, 0x00, 0x00, 0x00, 0x06, 0xef,
    0xff, 0xa2, 0x00, 0x12, 0x01, 0x59, 0xcf, 0x80, 0x00, 0x00, 0x00, 0x04, 0xcf, 0xff, 0xe9, 0x30,
    0x06, 0xee, 0x30, 0x00, 0x00, 0x00, 0x00, 0x00, 0x16, 0xcf, 0xff, 0xb6, 0x11, 0x15, 0xdf, 0xff,
    0xe5, 0x00, 0x00, 0x00, 0x00, 0x01, 0xef, 0xff, 0xff, 0xff, 0xff, 0xff, 0xff, 0xda, 0x62, 0x00,
    0x00, 0x00, 0x00, 0x00, 0xdf, 0xff, 0xff, 0xff, 0xff, 0xda, 0x62, 0x06, 0xb2, 0x00, 0x00, 0x00,
    0x00, 0x13, 0xcf, 0xff, 0xff, 0xda, 0x74, 0x44, 0x56, 0xbf, 0xfe, 0x40, 0x00, 0x00, 0x00, 0x6f,
    0xff, 0xff, 0xff, 0xff, 0xff, 0xff, 0xff, 0xff, 0xff, 0xf8, 0x00, 0x00, 0x00, 0x1f, 0xff, 0xff,
    0xfe, 0xdd, 0xdf, 0xff, 0xff, 0xfe, 0xed, 0xef, 0xb1, 0x00, 0x00, 0x0b, 0xec, 0xbd, 0xb0, 0x00,
    0x5f, 0xff, 0x40, 0x00, 0x00, 0x3f, 0xfd, 0x30, 0x00, 0x00, 0x01, 0x9f, 0xf7, 0x00, 0x5f, 0xff,
    0x30, 0x00, 0x00, 0x0a, 0xfb, 0x10, 0x00, 0x00, 0x5e, 0xff, 0xfe, 0x10, 0x6f, 0xff, 0x30, 0x1c,
    0x82, 0x02, 0xa0, 0x00, 0x00, 0x6d, 0xff, 0xfe, 0xb4, 0x01, 0xaf, 0xff, 0x30, 0xbf, 0xff, 0xa4,
    0x00, 0x00, 0x1d, 0xff, 0xff, 0xb2, 0x6f, 0xff, 0xff, 0xff, 0x21, 0xbf, 0xff, 0xff, 0xc5, 0x00,
    0x08, 0xff, 0xd5, 0x00, 0x3f, 0xff, 0xff, 0xfd, 0x00, 0x02, 0x9f, 0xff, 0xff, 0xc0, 0x00, 0xb7,
    0x10, 0x00, 0x1f, 0xff, 0xff, 0xc3, 0x00, 0x00, 0x01, 0x8f, 0xff, 0x60, 0x00, 0x00, 0x00, 0x00,
    0x03, 0x32, 0x21, 0x00, 0x00, 0x00, 0x00, 0x01, 0x9a, 0x00, 0x00, 0x00, 0x0c, 0x93, 0x00, 0x00,
    0x00, 0x5d, 0x95, 0x10, 0x00, 0x00, 0x00, 0x00, 0x00, 0x00, 0x5f, 0xff, 0x90, 0x00, 0x00, 0xaf,
    0xff, 0x90, 0x00, 0x00, 0x00, 0x00, 0x00, 0x00, 0xcf, 0xff, 0x30, 0x00, 0x01, 0xff, 0xff, 0x30,
    0x00, 0x00, 0x00, 0x00, 0x00, 0x04, 0xff, 0xfa, 0x00, 0x00, 0x07, 0xff, 0xfc, 0x00, 0x00, 0x00,
    0x00, 0x00, 0x00, 0x0c, 0xff, 0xf2, 0x00, 0x00, 0x0d, 0xff, 0xff, 0xff, 0xff, 0xff, 0xff, 0x60,
    0x00, 0x5f, 0xff, 0x90, 0xa7, 0x10, 0x5f, 0xff, 0xff, 0xff, 0xff, 0xff, 0xff, 0x60, 0x01, 0xdf,
    0xfe, 0x13, 0xff, 0xe5, 0xdf, 0xff, 0xff, 0xff, 0xff, 0xff, 0xff, 0x60, 0x08, 0xff, 0xf7, 0x0a,
    0xff, 0xfa, 0xff, 0xff, 0x99, 0x99, 0x99, 0xaf, 0xff, 0x60, 0x5f, 0xff, 0xd1, 0x3f, 0xff, 0xce,
    0xff, 0xf8, 0x00, 0x00, 0x00, 0x4f, 0xff, 0x50, 0x7f, 0xff, 0xff, 0xff, 0xff, 0x5a, 0xff, 0xe1,
    0x00, 0x00, 0x00, 0x4f, 0xff, 0x50, 0x1f, 0xff, 0xff, 0xff, 0xf9, 0x00, 0x2a, 0x60, 0x00, 0x00,
    0x00, 0x4f, 0xff, 0x50, 0x0b, 0xff, 0xff, 0xff, 0xe2, 0x00, 0x00, 0x00, 0x00, 0x00, 0x00, 0x5f,
    0xff, 0x50, 0x00, 0x00, 0x6f, 0xff, 0x70, 0x00, 0x00, 0x07, 0x90, 0x00, 0x00, 0x5f, 0xff, 0x40,
    0x00, 0x01, 0xef, 0xfd, 0x00, 0x00, 0x03, 0xcf, 0xf4, 0x00, 0x00, 0x5f, 0xff, 0x40, 0x00, 0x09,
    0xff, 0xf4, 0x00, 0x00, 0x07, 0xff, 0xfe, 0x10, 0x00, 0x6f, 0xff, 0x40, 0x00, 0x3f, 0xff, 0xa0,
    0x00, 0x21, 0x00, 0xcf, 0xff, 0xa0, 0x00, 0x6f, 0xff, 0x40, 0x01, 0xdf, 0xff, 0x9a, 0xce, 0xf6,
    0x00, 0x3f, 0xff, 0xf5, 0x00, 0x7f, 0xff, 0x40, 0x1c, 0xff, 0xff, 0xff, 0xff, 0xf4, 0x00, 0x08,
    0xff, 0xfd, 0x10, 0x7f, 0xff, 0x30, 0x0d, 0xff, 0xff, 0xff, 0xff, 0xf3, 0x00, 0x01, 0xef, 0xff,
    0x90, 0x7f, 0xff, 0x30, 0x07, 0xff, 0xff, 0xeb, 0x86, 0x30, 0x00, 0x00, 0x6f, 0xfb, 0x20, 0x8f,
    0xff, 0x20, 0x01, 0xd9, 0x52, 0x00, 0x00, 0x02, 0x00, 0x00, 0x0b, 0x50, 0x00, 0x9f, 0xff, 0x20,
    0x00, 0x00, 0x00, 0x14, 0x7a, 0xdf, 0x10, 0x00, 0x00, 0x00, 0x00, 0xaf, 0xff, 0x10, 0x01, 0x36,
    0x9c, 0xff, 0xff, 0xff, 0x10, 0x00, 0x00, 0x00, 0x00, 0xbf, 0xff, 0x00, 0x7f, 0xff, 0xff, 0xff,
    0xff, 0xff, 0x00, 0x01, 0x21, 0x00, 0x15, 0xff, 0xfe, 0x00, 0x5f, 0xff, 0xff, 0xff, 0xff, 0xda,
    0x00, 0x06, 0xff, 0xff, 0xff, 0xff, 0xfc, 0x00, 0x3f, 0xff, 0xff, 0xc8, 0x51, 0x00, 0x00, 0x02,
    0xff, 0xff, 0xff, 0xff, 0xf6, 0x00, 0x0d, 0xa7, 0x30, 0x00, 0x00, 0x00, 0x00, 0x00, 0xdf, 0xff,
    0xff, 0xff, 0xa0, 0x00, 0x00, 0x00, 0x00, 0x00, 0x00, 0x00, 0x00, 0x00, 0x8b, 0xba, 0xa9, 0x84,
    0x00, 0x00, 0x00, 0x00, 0x1c, 0x72, 0x00, 0x00, 0x00, 0xcf, 0xfe, 0x00, 0x98, 0x10, 0x00, 0x00,
    0x00, 0x00, 0x7f, 0xff, 0x70, 0x00, 0x00, 0xbf, 0xfe, 0x07, 0xff, 0xd4, 0x00, 0x00, 0x00, 0x00,
    0xef, 0xff, 0x20, 0x00, 0x00, 0xaf, 0xfe, 0x07, 0xff, 0xff, 0x91, 0x00, 0x00, 0x07, 0xff, 0xf8,
    0x00, 0x00, 0x00, 0xaf, 0xff, 0x00, 0x5e, 0xff, 0xc0, 0x00, 0x00, 0x1e, 0xff, 0xe1, 0x00, 0x00,
    0x00, 0x9f, 0xff, 0x00, 0x03, 0xee, 0x20, 0x00, 0x00, 0x7f, 0xff, 0x60, 0x00, 0x00, 0x00, 0x9f,
    0xff, 0x45, 0x78, 0xbe, 0xde, 0x40, 0x02, 0xef, 0xfd, 0x00, 0x71, 0x26, 0x8a, 0xdf, 0xff, 0xff,
    0xff, 0xff, 0xff, 0x50, 0x0b, 0xff, 0xf4, 0x07, 0xfe, 0xbf, 0xff, 0xff, 0xff, 0xff, 0xff, 0xff,
    0xff, 0x70, 0x7f, 0xff, 0xa0, 0x2e, 0xff, 0xef, 0xff, 0xff, 0xff, 0xff, 0xed, 0xb9, 0x86, 0x20,
    0x8f, 0xff, 0xff, 0xff, 0xff, 0x5e, 0xdb, 0xbf, 0xff, 0x61, 0x00, 0x00, 0x00, 0x00, 0x3f, 0xff,
    0xff, 0xff, 0xfb, 0x00, 0x00, 0x4f, 0xff, 0x74, 0x57, 0x8a, 0xbd, 0xe0, 0x0d, 0xff, 0xff, 0xff,
    0xf2, 0x57, 0x8a, 0xcf, 0xff, 0xff, 0xff, 0xff, 0xff, 0xf2, 0x00, 0x11, 0x9f, 0xff, 0x80, 0xcf,
    0xff, 0xff, 0xff, 0xff, 0xff, 0xff, 0xff, 0xf3, 0x00, 0x02, 0xef, 0xfd, 0x10, 0xaf, 0xff, 0xff,
    0xff, 0xff, 0xfd, 0xcd, 0xa7, 0x51, 0x00, 0x0a, 0xff, 0xf4, 0x00, 0x8e, 0xcb, 0x9e, 0xff, 0xe1,
    0x00, 0x4e, 0xd2, 0x00, 0x00, 0x5f, 0xff, 0x90, 0x00, 0x00, 0x00, 0x0b, 0xff, 0xf2, 0x06, 0xff,
    0xfe, 0x20, 0x01, 0xef, 0xff, 0x75, 0x31, 0x00, 0x00, 0x08, 0xff, 0xf5, 0x9f, 0xff, 0xfa, 0x00,
    0x0b, 0xff, 0xff, 0xff, 0xfe, 0x00, 0x00, 0x06, 0xff, 0xfe, 0xff, 0xff, 0xb0, 0x00, 0x0e, 0xff,
    0xff, 0xff, 0xfd, 0x00, 0x00, 0x03, 0xff, 0xff, 0xff, 0xfa, 0x00, 0x00, 0x09, 0xff, 0xff, 0xda,
    0x74, 0x00, 0x00, 0x00, 0xef, 0xff, 0xff, 0x80, 0x97, 0x10, 0x04, 0xc8, 0x41, 0x00, 0x02, 0x10,
    0x00, 0x3b, 0xff, 0xff, 0xe5, 0x00, 0xdf, 0xe5, 0x00, 0x24, 0x79, 0xbd, 0xff, 0x50, 0x39, 0xff,
    0xff, 0xff, 0xe1, 0x02, 0xff, 0xf5, 0x9f, 0xff, 0xff, 0xff, 0xff, 0x9b, 0xff, 0xff, 0xff, 0xff,
    0xfc, 0x29, 0xff, 0xf1, 0x7f, 0xff, 0xff, 0xff, 0xff, 0xff, 0xff, 0xfe, 0x85, 0xff, 0xff, 0xff,
    0xff, 0xb0, 0x4f, 0xff, 0xff, 0xff, 0xdc, 0xff, 0xfe, 0x81, 0x00, 0x8f, 0xff, 0xff, 0xff, 0x50,
    0x2e, 0xb9, 0x64, 0x20, 0x00, 0xba, 0x50, 0x00, 0x00, 0x0a, 0xff, 0xff, 0xfc, 0x00, 0x00, 0x00,
    0x00, 0x00, 0x00, 0x00, 0x00, 0x00, 0x00, 0x00, 0x6c, 0xff, 0xb2, 0x00, 0x00, 0x00, 0x00, 0x00,
    0x00, 0x00, 0x00, 0x00, 0x00, 0x00, 0x00, 0x11, 0x00, 0x00, 0x00, 0x00, 0x4c, 0x71, 0x00, 0x00,
    0x00, 0x00, 0x2f, 0xff, 0xa0, 0x00, 0x00, 0x00, 0x00, 0x00, 0xaf, 0xff, 0x50, 0x00, 0x00, 0x00,
    0x2f, 0xff, 0xa0, 0x00, 0x00, 0x00, 0x00, 0x02, 0xff, 0xfe, 0x10, 0x00, 0x00, 0x00, 0x2f, 0xff,
    0xa0, 0x00, 0x00, 0x00, 0x00, 0x09, 0xff, 0xf7, 0x00, 0x00, 0x00, 0x00, 0x2f, 0xff, 0xa0, 0x00,
    0x00, 0x00, 0x00, 0x2f, 0xff, 0xd0, 0x00, 0xbf, 0xff, 0xff, 0xff, 0xff, 0xff, 0xff, 0xff, 0xf8,
    0x00, 0x9f, 0xff, 0x50, 0x00, 0xbf, 0xff, 0xff, 0xff, 0xff, 0xff, 0xff, 0xff, 0xf8, 0x03, 0xff,
    0xfc, 0x00, 0xb6, 0xbf, 0xff, 0xff, 0xff, 0xff, 0xff, 0xff, 0xff, 0xf8, 0x0b, 0xff, 0xf3, 0x06,
    0xff, 0xf9, 0x44, 0x44, 0x6f, 0xff, 0xb4, 0x44, 0x44, 0x42, 0x7f, 0xff, 0x91, 0x2d, 0xff, 0xf3,
    0x00, 0x00, 0x2f, 0xff, 0xa0, 0x00, 0x00, 0x00, 0x8f, 0xff, 0xff, 0xff, 0xff, 0x90, 0x00, 0x00,
    0x2f, 0xff, 0xa0, 0x00, 0x00, 0x00, 0x3f, 0xff, 0xff, 0xff, 0xfe, 0x1d, 0xff, 0xff, 0xff, 0xff,
    0xff, 0xff, 0xff, 0xa0, 0x0d, 0xff, 0xff, 0xff, 0xf7, 0x0d, 0xff, 0xff, 0xff, 0xff, 0xff, 0xff,
    0xff, 0xa0, 0x00, 0x01, 0x8f, 0xff, 0xd0, 0x0d, 0xff, 0xff, 0xff, 0xff, 0xff, 0xff, 0xff, 0xa0,
    0x00, 0x02, 0xef, 0xff, 0x40, 0x03, 0x44, 0x44, 0x44, 0x44, 0x44, 0x44, 0x44, 0x30, 0x00, 0x0a,
    0xff, 0xfa, 0x00, 0x00, 0x00, 0x00, 0x00, 0x00, 0x00, 0x00, 0x00, 0x00, 0x00, 0x5f, 0xff, 0xe2,
    0x4c, 0x1a, 0xff, 0xff, 0xff, 0xff, 0xff, 0xff, 0xff, 0x50, 0x02, 0xef, 0xff, 0x8a, 0xff, 0x0a,
    0xff, 0xff, 0xff, 0xff, 0xff, 0xff, 0xff, 0x50, 0x1d, 0xff, 0xff, 0xef, 0xff, 0x0a, 0xff, 0xff,
    0xff, 0xff, 0xff, 0xff, 0xff, 0x50, 0x2f, 0xff, 0xff, 0xff, 0xfe, 0x0a, 0xff, 0xf5, 0x55, 0x55,
    0x55, 0x8f, 0xff, 0x50, 0x0c, 0xff, 0xff, 0xda, 0x74, 0x0a, 0xff, 0xf0, 0x00, 0x00, 0x00, 0x4f,
    0xff, 0x50, 0x06, 0xc7, 0x41, 0x00, 0x00, 0x1a, 0xff, 0xf0, 0x00, 0x00, 0x00, 0x4f, 0xff, 0x50,
    0x00, 0x00, 0x00, 0x47, 0xbf, 0x7a, 0xff, 0xf0, 0x00, 0x00, 0x00, 0x4f, 0xff, 0x50, 0x01, 0x58,
    0xbf, 0xff, 0xff, 0x6a, 0xff, 0xff, 0xff, 0xff, 0xff, 0xff, 0xff, 0x50, 0x7f, 0xff, 0xff, 0xff,
    0xff, 0x6a, 0xff, 0xff, 0xff, 0xff, 0xff, 0xff, 0xff, 0x50, 0x6f, 0xff, 0xff, 0xff, 0xfc, 0x3a,
    0xff, 0xff, 0xff, 0xff, 0xff, 0xff, 0xff, 0x50, 0x3f, 0xff, 0xfc, 0x84, 0x10, 0x0a, 0xff, 0xf5,
    0x55, 0x55, 0x55, 0x8f, 0xff, 0x50, 0x1d, 0x95, 0x10, 0x00, 0x00, 0x0a, 0xff, 0xf0, 0x00, 0x00,
    0x00, 0x4f, 0xff, 0x50, 0x00, 0x00, 0x8b, 0x62, 0x00, 0x00, 0x00, 0x02, 0xff, 0xff, 0x50, 0x00,
    0x00, 0x00, 0x00, 0x00, 0xef, 0xfb, 0x00, 0x00, 0x00, 0x0b, 0xff, 0xff, 0x30, 0x00, 0x00, 0x00,
    0x00, 0x05, 0xff, 0xf3, 0x00, 0x00, 0x00, 0x5f, 0xff, 0xff, 0xd1, 0x00, 0x00, 0x00, 0x00, 0x0b,
    0xff, 0xa0, 0x00, 0x00, 0x02, 0xef, 0xff, 0xff, 0xfb, 0x00, 0x00, 0x00, 0x00, 0x2f, 0xff, 0x2a,
    0xa5, 0x10, 0x0b, 0xff, 0xfd, 0xef, 0xff, 0xa0, 0x00, 0x00, 0x00, 0x9f, 0xf9, 0x2f, 0xff, 0xb0,
    0x9f, 0xff, 0xe3, 0x3e, 0xff, 0xfa, 0x10, 0x00, 0x02, 0xff, 0xe1, 0x8f, 0xff, 0x47, 0xff, 0xff,
    0x50, 0x05, 0xff, 0xff, 0xc2, 0x00, 0x0a, 0xff, 0x72, 0xef, 0xfb, 0x7f, 0xff, 0xf7, 0x00, 0x00,
    0x5f, 0xff, 0xfe, 0x60, 0x4f, 0xff, 0xff, 0xff, 0xfb, 0xff, 0xff, 0x80, 0x00, 0x00, 0x05, 0xff,
    0xff, 0xf7, 0x7f, 0xff, 0xff, 0xff, 0xb8, 0xff, 0xff, 0xff, 0xff, 0xff, 0xff, 0xff, 0xff, 0xf2,
    0x2f, 0xff, 0xff, 0xff, 0x41, 0xff, 0xff, 0xff, 0xff, 0xff, 0xff, 0xff, 0xff, 0x90, 0x0c, 0xed,
    0xff, 0xfb, 0x00, 0x94, 0xff, 0xff, 0xff, 0xff, 0xff, 0xff, 0x6b, 0x20, 0x00, 0x05, 0xff, 0xf4,
    0x00, 0x00, 0x66, 0x66, 0x66, 0x66, 0x66, 0x66, 0x20, 0x00, 0x00, 0x2e, 0xff, 0xc0, 0x00, 0x00,
    0x00, 0x00, 0x00, 0x00, 0x00, 0x00, 0x00, 0x00, 0x00, 0xbf, 0xff, 0x42, 0x76, 0x0f, 0xff, 0xff,
    0xff, 0xff, 0xff, 0xff, 0xf9, 0x00, 0x0a, 0xff, 0xff, 0xcf, 0xf7, 0x0f, 0xff, 0xff, 0xff, 0xff,
    0xff, 0xff, 0xf9, 0x00, 0x0c, 0xff, 0xff, 0xff, 0xf5, 0x0f, 0xff, 0xff, 0xff, 0xff, 0xff, 0xff,
    0xf9, 0x00, 0x08, 0xff, 0xff, 0xff, 0xf4, 0x0f, 0xff, 0xc6, 0x66, 0x66, 0x66, 0xff, 0xf9, 0x00,
    0x03, 0xec, 0xa9, 0x76, 0x51, 0x0f, 0xff, 0xa0, 0x00, 0x00, 0x01, 0xff, 0xf9, 0x00, 0x00, 0x00,
    0x00, 0x00, 0x02, 0x0f, 0xff, 0xa0, 0x00, 0x00, 0x01, 0xff, 0xf9, 0x00, 0x00, 0x24, 0x69, 0xbd,
    0xff, 0x0f, 0xff, 0xa0, 0x00, 0x00, 0x01, 0xff, 0xf9, 0x00, 0x7f, 0xff, 0xff, 0xff, 0xff, 0x0f,
    0xff, 0xa0, 0x00, 0x00, 0x01, 0xff, 0xf9, 0x00, 0x6f, 0xff, 0xff, 0xff, 0xfe, 0x0f, 0xff, 0xff,
    0xff, 0xff, 0xff, 0xff, 0xf9, 0x00, 0x3f, 0xff, 0xff, 0xfe, 0xc9, 0x0f, 0xff, 0xff, 0xff, 0xff,
    0xff, 0xff, 0xf9, 0x00, 0x1e, 0xb9, 0x64, 0x10, 0x00, 0x0f, 0xff, 0xff, 0xff, 0xff, 0xff, 0xff,
    0xf9, 0x00, 0x00, 0x00, 0x00, 0x00, 0x00, 0x0f, 0xff, 0xc6, 0x66, 0x66, 0x66, 0xff, 0xf9, 0x00,
    0x00, 0x00, 0x00, 0x00, 0x00, 0x0f, 0xff, 0xa0, 0x00, 0x00, 0x01, 0xff, 0xf9, 0x00, 0x00, 0x00,
    0x2c, 0x71, 0x00, 0x00, 0x00, 0x02, 0xec, 0x95, 0x00, 0x00, 0x00, 0x00, 0x00, 0x00, 0x8f, 0xff,
    0x40, 0x00, 0x00, 0x09, 0xff, 0xf6, 0x00, 0x00, 0x00, 0x00, 0x00, 0x01, 0xef, 0xfd, 0x00, 0x00,
    0x00, 0x2f, 0xff, 0xc0, 0x00, 0x00, 0x00, 0x00, 0x00, 0x07, 0xff, 0xf5, 0x00, 0x00, 0x00, 0xbf,
    0xff, 0xff, 0xff, 0xff, 0xff, 0x60, 0x00, 0x1e, 0xff, 0xc0, 0x00, 0x00, 0x05, 0xff, 0xff, 0xff,
    0xff, 0xff, 0xff, 0x60, 0x00, 0x7f, 0xff, 0x51, 0xc7, 0x10, 0x1e, 0xff, 0xff, 0xff, 0xff, 0xff,
    0xff, 0x60, 0x01, 0xef, 0xfc, 0x07, 0xff, 0xe4, 0xaf, 0xff, 0x63, 0x33, 0x35, 0xff, 0xff, 0x40,
    0x09, 0xff, 0xf4, 0x1e, 0xff, 0xe7, 0xff, 0xff, 0x70, 0x00, 0x1c, 0xff, 0xfa, 0x00, 0x4f, 0xff,
    0xb0, 0x9f, 0xff, 0x6d, 0xff, 0xff, 0xf8, 0x02, 0xcf, 0xff, 0xc1, 0x00, 0x6f, 0xff, 0xff, 0xff,
    0xfc, 0x05, 0xfc, 0xef, 0xff, 0xce, 0xff, 0xfd, 0x20, 0x00, 0x1f, 0xff, 0xff, 0xff, 0xf3, 0x00,
    0x92, 0x2d, 0xff, 0xff, 0xff, 0xc2, 0x00, 0x00, 0x0b, 0xff, 0xff, 0xff, 0x90, 0x00, 0x04, 0x8e,
    0xff, 0xff, 0xff, 0xb6, 0x20, 0x00, 0x00, 0x12, 0xef, 0xfe, 0x13, 0x7b, 0xef, 0xff, 0xff, 0xff,
    0xff, 0xff, 0xfe, 0xc5, 0x00, 0x07, 0xff, 0xf7, 0x04, 0xff, 0xff, 0xff, 0xfd, 0x7a, 0xff, 0xff,
    0xff, 0xf6, 0x00, 0x2f, 0xff, 0xc0, 0x00, 0xcf, 0xff, 0xe9, 0x40, 0x00, 0x28, 0xdf, 0xff, 0xf2,
    0x00, 0xcf, 0xff, 0x41, 0x35, 0x7c, 0x84, 0x00, 0x00, 0x00, 0x00, 0x02, 0x7a, 0xd0, 0x09, 0xff,
    0xff, 0xef, 0xff, 0x10, 0x00, 0x00, 0x00, 0x00, 0x00, 0x00, 0x00, 0x00, 0x0b, 0xff, 0xff, 0xff,
    0xff, 0x04, 0xff, 0xff, 0xff, 0xff, 0xff, 0xff, 0xfc, 0x00, 0x06, 0xff, 0xff, 0xff, 0xfe, 0x04,
    0xff, 0xff, 0xff, 0xff, 0xff, 0xff, 0xfc, 0x00, 0x01, 0xec, 0xa8, 0x64, 0x21, 0x04, 0xff, 0xff,
    0xff, 0xff, 0xff, 0xff, 0xfc, 0x00, 0x00, 0x00, 0x00, 0x00, 0x00, 0x04, 0xff, 0xf9, 0x66, 0x66,
    0x66, 0xdf, 0xfc, 0x00, 0x00, 0x01, 0x24, 0x57, 0x8a, 0x84, 0xff, 0xf4, 0x00, 0x00, 0x00, 0xbf,
    0xfc, 0x00, 0x7e, 0xff, 0xff, 0xff, 0xff, 0xb4, 0xff, 0xf4, 0x00, 0x00, 0x00, 0xbf, 0xfc, 0x00,
    0x6f, 0xff, 0xff, 0xff, 0xff, 0xa4, 0xff, 0xff, 0xff, 0xff, 0xff, 0xff, 0xfc, 0x00, 0x3f, 0xff,
    0xff, 0xff, 0xff, 0xa4, 0xff, 0xff, 0xff, 0xff, 0xff, 0xff, 0xfc, 0x00, 0x1e, 0xdb, 0x98, 0x65,
    0x32, 0x04, 0xff, 0xff, 0xff, 0xff, 0xff, 0xff, 0xfc, 0x00, 0x00, 0x00, 0x00, 0x00, 0x00, 0x04,
    0xff, 0xf9, 0x66, 0x66, 0x66, 0xdf, 0xfc, 0x00, 0x00, 0x00, 0x00, 0x00, 0x00, 0x04, 0xff, 0xf4,
    0x00, 0x00, 0x00, 0xbf, 0xfc, 0x00, 0x00, 0x00, 0x0c, 0x82, 0x00, 0x00, 0x00, 0x1f, 0xff, 0x60,
    0x00, 0x00, 0x00, 0x00, 0x00, 0x00, 0x6f, 0xff, 0x70, 0x00, 0x00, 0x1f, 0xff, 0x60, 0x00, 0x00,
    0x00, 0x00, 0x00, 0x00, 0xdf, 0xff, 0x20, 0x00, 0x00, 0x1f, 0xff, 0x60, 0x00, 0x00, 0xb7, 0x00,
    0x00, 0x05, 0xff, 0xf9, 0x00, 0x0a, 0xff, 0xff, 0xff, 0xff, 0xfe, 0x07, 0xff, 0xd2, 0x00, 0x0d,
    0xff, 0xe1, 0x10, 0x0a, 0xff, 0xff, 0xff, 0xff, 0xfe, 0x3f, 0xff, 0xb0, 0x00, 0x6f, 0xff, 0x70,
    0xbc, 0x59, 0xdd, 0xdf, 0xff, 0xed, 0xdd, 0xdf, 0xfd, 0x10, 0x01, 0xef, 0xfd, 0x02, 0xff, 0xf7,
    0x00, 0x1f, 0xff, 0x60, 0x1c, 0xff, 0xe3, 0x00, 0x0a, 0xff, 0xf5, 0x09, 0xff, 0xe1, 0x00, 0x1f,
    0xff, 0x61, 0xcf, 0xff, 0x40, 0x00, 0x6f, 0xff, 0xb1, 0x2f, 0xff, 0xff, 0xff, 0xff, 0xff, 0xff,
    0xff, 0xff, 0xff, 0xf3, 0x7f, 0xff, 0xff, 0xff, 0xfa, 0xdf, 0xff, 0xff, 0xff, 0xff, 0xff, 0xff,
    0xff, 0xf3, 0x2f, 0xff, 0xff, 0xff, 0xe2, 0xcd, 0xdd, 0xdd, 0xff, 0xff, 0xfd, 0xdd, 0xdd, 0xd2,
    0x0c, 0xff, 0xff, 0xff, 0x70, 0x00, 0x00, 0x1a, 0xff, 0xfe, 0x40, 0x00, 0x00, 0x00, 0x00, 0x11,
    0x8f, 0xfd, 0x00, 0x00, 0x04, 0xdf, 0xff, 0xe3, 0x00, 0x00, 0x00, 0x00, 0x00, 0x01, 0xef, 0xf4,
    0x00, 0x02, 0x9f, 0xff, 0xff, 0xff, 0xff, 0xff, 0xf5, 0x00, 0x00, 0x0a, 0xff, 0x90, 0x01, 0x8f,
    0xff, 0xff, 0xff, 0xff, 0xff, 0xff, 0xf5, 0x00, 0x00, 0x4f, 0xff, 0xbc, 0xdf, 0xff, 0xff, 0xfd,
    0xdd, 0xdd, 0xdd, 0xff, 0xf5, 0x00, 0x01, 0xdf, 0xff, 0xff, 0xfb, 0xff, 0xff, 0xf5, 0x00, 0x00,
    0x01, 0xff, 0xf5, 0x00, 0x0b, 0xff, 0xff, 0xff, 0xf4, 0xca, 0xff, 0xf5, 0x00, 0x00, 0x01, 0xff,
    0xf5, 0x00, 0x0d, 0xff, 0xff, 0xfc, 0x71, 0x01, 0xff, 0xff, 0xff, 0xff, 0xff, 0xff, 0xf5, 0x00,
    0x08, 0xff, 0xc6, 0x10, 0x00, 0x01, 0xff, 0xff, 0xff, 0xff, 0xff, 0xff, 0xf5, 0x00, 0x03, 0xb3,
    0x00, 0x00, 0x01, 0x11, 0xff, 0xfc, 0xbb, 0xbb, 0xbb, 0xff, 0xf5, 0x00, 0x00, 0x00, 0x00, 0x37,
    0xbf, 0x61, 0xff, 0xf5, 0x00, 0x00, 0x01, 0xff, 0xf5, 0x00, 0x01, 0x48, 0xbe, 0xff, 0xff, 0x51,
    0xff, 0xf5, 0x00, 0x00, 0x01, 0xff, 0xf5, 0x00, 0x8f, 0xff, 0xff, 0xff, 0xff, 0x51, 0xff, 0xff,
    0xff, 0xff, 0xff, 0xff, 0xf5, 0x00, 0x6f, 0xff, 0xff, 0xff, 0xd9, 0x21, 0xff, 0xff, 0xff, 0xff,
    0xff, 0xff, 0xf5, 0x00, 0x4f, 0xff, 0xea, 0x62, 0x00, 0x01, 0xff, 0xfd, 0xdd, 0xdd, 0xdd, 0xff,
    0xf5, 0x00, 0x1d, 0x94, 0x00, 0x00, 0x00, 0x01, 0xff, 0xf5, 0x00, 0x00, 0x01, 0xee, 0xe5, 0x00,
    0x00, 0x00, 0xba, 0x61, 0x00, 0x00, 0x00, 0x00, 0x4f, 0xff, 0x70, 0x00, 0x00, 0x00, 0x00, 0x02,
    0xff, 0xf9, 0x00, 0x00, 0x00, 0x00, 0x4f, 0xff, 0x70, 0x00, 0x00, 0x00, 0x00, 0x08, 0xff, 0xe1,
    0x00, 0x0f, 0xff, 0xff, 0xff, 0xff, 0xff, 0xff, 0xff, 0x00, 0x00, 0x0e, 0xff, 0x80, 0x00, 0x0f,
    0xff, 0xff, 0xff, 0xff, 0xff, 0xff, 0xff, 0x00, 0x00, 0x5f, 0xfe, 0x10, 0x00, 0x0f, 0xff, 0xff,
    0xff, 0xff, 0xff, 0xff, 0xff, 0x00, 0x00, 0xcf, 0xf6, 0x0a, 0x93, 0x00, 0x00, 0x00, 0x4f, 0xff,
    0x70, 0x00, 0x00, 0x00, 0x05, 0xff, 0xb0, 0x4f, 0xff, 0x90, 0x00, 0x00, 0x4f, 0xff, 0x70, 0x00,
    0x00, 0x00, 0x0c, 0xff, 0x31, 0xdf, 0xff, 0xff, 0xff, 0xff, 0xff, 0xff, 0xff, 0xff, 0xff, 0xf7,
    0x7f, 0xff, 0xff, 0xff, 0xf9, 0xff, 0xff, 0xff, 0xff, 0xff, 0xff, 0xff, 0xff, 0xf7, 0x8f, 0xff,
    0xff, 0xff, 0xe1, 0xff, 0xff, 0xff, 0xff, 0xff, 0xff, 0xff, 0xff, 0xf7, 0x3f, 0xff, 0xff, 0xff,
    0x50, 0x13, 0xec, 0x62, 0x11, 0x11, 0x11, 0x11, 0xdf, 0xf5, 0x0c, 0x86, 0xff, 0xfb, 0x00, 0x08,
    0xff, 0xfd, 0x71, 0xcf, 0xfc, 0x02, 0xff, 0xf2, 0x00, 0x0b, 0xff, 0xe1, 0x00, 0x00, 0x5b, 0xff,
    0xf6, 0xcf, 0xfc, 0x07, 0xff, 0xe0, 0x00, 0x7f, 0xff, 0x40, 0x00, 0x9b, 0x51, 0x39, 0xa0, 0xcf,
    0xfb, 0x05, 0xac, 0xa0, 0x03, 0xff, 0xf9, 0x00, 0x24, 0xff, 0xfe, 0x94, 0x00, 0xdf, 0xfa, 0x00,
    0x00, 0x00, 0x2d, 0xff, 0xfc, 0xef, 0xf2, 0x4a, 0xef, 0xfd, 0x10, 0xff, 0xf7, 0x00, 0x00, 0x00,
    0x2f, 0xff, 0xff, 0xff, 0xf0, 0x00, 0x16, 0xd4, 0x03, 0xff, 0xf4, 0x00, 0x00, 0x00, 0x0c, 0xff,
    0xff, 0xff, 0xf3, 0xff, 0xff, 0xff, 0xff, 0xff, 0xff, 0xff, 0xff, 0xf8, 0x08, 0xca, 0x75, 0x32,
    0x13, 0xff, 0xff, 0xff, 0xff, 0xff, 0xff, 0xff, 0xff, 0xf8, 0x00, 0x00, 0x00, 0x00, 0x03, 0xff,
    0xff, 0xff, 0xff, 0xff, 0xff, 0xff, 0xff, 0xf8, 0x00, 0x01, 0x35, 0x8a, 0xc7, 0x00, 0x00, 0x08,
    0xff, 0xff, 0xe6, 0x00, 0x00, 0x00, 0x6c, 0xef, 0xff, 0xff, 0xf7, 0x00, 0x04, 0xcf, 0xff, 0xff,
    0xff, 0xc3, 0x00, 0x00, 0x7f, 0xff, 0xff, 0xff, 0xf8, 0x48, 0xdf, 0xff, 0xfe, 0x7e, 0xff, 0xff,
    0x91, 0x00, 0x5f, 0xff, 0xff, 0xeb, 0x8e, 0xff, 0xff, 0xff, 0xe3, 0x01, 0x9f, 0xff, 0xfe, 0x70,
    0x2d, 0xb8, 0x52, 0x00, 0x06, 0xff, 0xff, 0xfb, 0x10, 0x00, 0x03, 0xcf, 0xff, 0xf6, 0x00, 0x00,
    0x00, 0x00, 0x00, 0xcf, 0xfd, 0x50, 0x00, 0x00, 0x00, 0x07, 0xff, 0xc0, 0x00, 0x00, 0x00, 0x00,
    0x00, 0x4c, 0x50, 0x00, 0x00, 0x00, 0x00, 0x00, 0x3b, 0x20, 0x07, 0xff, 0xff, 0xff, 0xff, 0xff,
    0xff, 0xff, 0xff, 0xff, 0xff, 0xff, 0xff, 0x60, 0x07, 0xff, 0xff, 0xff, 0xff, 0xff, 0xff, 0xff,
    0xff, 0xff, 0xff, 0xff, 0xff, 0x60, 0x07, 0xff, 0xff, 0xff, 0xff, 0xff, 0xff, 0xff, 0xff, 0xff,
    0xff, 0xff, 0xff, 0x60, 0x07, 0xff, 0xf8, 0x66, 0x66, 0x66, 0x66, 0x66, 0x66, 0x66, 0x66, 0x9f,
    0xff, 0x60, 0x07, 0xff, 0xf3, 0x2b, 0x10, 0x00, 0xb3, 0x16, 0x00, 0x06, 0xa4, 0x4f, 0xff, 0x60,
    0x07, 0xff, 0xf8, 0xef, 0x70, 0x04, 0xff, 0xef, 0x10, 0x0c, 0xff, 0xcf, 0xff, 0x60, 0x07, 0xff,
    0xfe, 0xff, 0xd0, 0x0a, 0xff, 0xff, 0x70, 0x2f, 0xff, 0x8f, 0xff, 0x60, 0x07, 0xff, 0xf8, 0xff,
    0xf4, 0x1e, 0xff, 0xff, 0xd0, 0x7f, 0xfe, 0x4f, 0xff, 0x60, 0x07, 0xff, 0xf3, 0xcf, 0xfb, 0x6f,
    0xff, 0xff, 0xf4, 0xcf, 0xf9, 0x4f, 0xff, 0x60, 0x07, 0xff, 0xf3, 0x5f, 0xff, 0xdf, 0xfb, 0xaf,
    0xfc, 0xff, 0xf3, 0x4f, 0xff, 0x60, 0x07, 0xff, 0xf3, 0x0d, 0xff, 0xff, 0xf5, 0x4f, 0xff, 0xff,
    0xd0, 0x4f, 0xff, 0x60, 0x07, 0xff, 0xf3, 0x06, 0xff, 0xff, 0xe0, 0x0c, 0xff, 0xff, 0x70, 0x4f,
    0xff, 0x60, 0x07, 0xff, 0xf3, 0x01, 0xef, 0xff, 0x80, 0x06, 0xff, 0xff, 0x10, 0x4f, 0xff, 0x60,
    0x07, 0xff, 0xf3, 0x00, 0xaf, 0xff, 0x30, 0x01, 0xff, 0xfb, 0x00, 0x4f, 0xff, 0x60, 0x07, 0xff,
    0xf3, 0x02, 0xff, 0xff, 0x70, 0x05, 0xff, 0xff, 0x10, 0x4f, 0xff, 0x60, 0x07, 0xff, 0xf3, 0x09,
    0xff, 0xff, 0xd0, 0x0c, 0xff, 0xff, 0x70, 0x4f, 0xff, 0x60, 0x07, 0xff, 0xf3, 0x2f, 0xff, 0xff,
    0xf5, 0x4f, 0xff, 0xff, 0xd0, 0x4f, 0xff, 0x60, 0x07, 0xff, 0xf3, 0xaf, 0xfe, 0xcf, 0xfb, 0xbf,
    0xfd, 0xff, 0xf4, 0x4f, 0xff, 0x60, 0x07, 0xff, 0xf7, 0xff, 0xf8, 0x5f, 0xff, 0xff, 0xf4, 0xdf,
    0xfa, 0x4f, 0xff, 0x60, 0x07, 0xff, 0xfe, 0xff, 0xe1, 0x1e, 0xff, 0xff, 0xb0, 0x7f, 0xff, 0x5f,
    0xff, 0x60, 0x07, 0xff, 0xff, 0xff, 0x60, 0x09, 0xff, 0xff, 0x40, 0x2f, 0xfe, 0x8f, 0xff, 0x60,
    0x07, 0xff, 0xff, 0xfc, 0x00, 0x04, 0xff, 0xfb, 0x00, 0x0a, 0x71, 0x4f, 0xff, 0x60, 0x07, 0xff,
    0xf5, 0xa3, 0x00, 0x00, 0xb4, 0xa4, 0x02, 0x21, 0x01, 0xbf, 0xff, 0x50, 0x07, 0xff, 0xf3, 0x00,
    0x00, 0x00, 0x00, 0x00, 0x0b, 0xff, 0xff, 0xff, 0xff, 0x30, 0x07, 0xff, 0xf3, 0x00, 0x00, 0x00,
    0x00, 0x00, 0x08, 0xff, 0xff, 0xff, 0xfd, 0x00, 0x07, 0xff, 0xf3, 0x00, 0x00, 0x00, 0x00, 0x00,
    0x05, 0xff, 0xff, 0xff, 0xe3, 0x00, 0x07, 0xff, 0xf3, 0x00, 0x00, 0x00, 0x00, 0x00, 0x01, 0xa9,
    0x99, 0x86, 0x10, 0x00, 0x00, 0xef, 0xff, 0xff, 0xff, 0xff, 0xff, 0xff, 0xff, 0xff, 0xff, 0xff,
    0xfe, 0x00, 0x00, 0xef, 0xff, 0xff, 0xff, 0xff, 0xff, 0xff, 0xff, 0xff, 0xff, 0xff, 0xfe, 0x00,
    0x00, 0xef, 0xfb, 0x44, 0x4e, 0xff, 0x74, 0x47, 0xff, 0xf4, 0x44, 0xbf, 0xfe, 0x00, 0x00, 0xef,
    0xfa, 0x00, 0x0e, 0xff, 0x50, 0x04, 0xff, 0xe0, 0x00, 0x9f, 0xfe, 0x00, 0x00, 0xef, 0xfa, 0x00,
    0x0e, 0xff, 0x50, 0x04, 0xff, 0xe0, 0x00, 0x9f, 0xfe, 0x00, 0x00, 0xef, 0xff, 0xff, 0xff, 0xff,
    0xff, 0xff, 0xff, 0xff, 0xff, 0xff, 0xfe, 0x00, 0x00, 0xef, 0xff, 0xff, 0xff, 0xff, 0xff, 0xff,
    0xff, 0xff, 0xff, 0xff, 0xfe, 0x00, 0x00, 0x34, 0x44, 0x44, 0x44, 0x48, 0xff, 0xfc, 0x44, 0x44,
    0x44, 0x44, 0x44, 0x00, 0x1f, 0xff, 0xff, 0xff, 0xff, 0xff, 0xff, 0xff, 0xff, 0xff, 0xff, 0xff,
    0xff, 0xf0, 0x1f, 0xff, 0xff, 0xff, 0xff, 0xff, 0xff, 0xff, 0xff, 0xff, 0xff, 0xff, 0xff, 0xf0,
    0x07, 0x77, 0x77, 0x77, 0x77, 0x7a, 0xff, 0xfd, 0x77, 0x77, 0x77, 0x77, 0x77, 0x70, 0x00, 0x09,
    0xff, 0xff, 0xff, 0xff, 0xff, 0xff, 0xff, 0xff, 0xff, 0xff, 0x90, 0x00, 0x00, 0x09, 0xff, 0xff,
    0xff, 0xff, 0xff, 0xff, 0xff, 0xff, 0xff, 0xff, 0x90, 0x00, 0x00, 0x09, 0xff, 0xf8, 0x66, 0x66,
    0x66, 0x66, 0x66, 0x66, 0x8f, 0xff, 0x90, 0x00, 0x00, 0x09, 0xff, 0xff, 0xff, 0xff, 0xff, 0xff,
    0xff, 0xff, 0xff, 0xff, 0x90, 0x00, 0x00, 0x09, 0xff, 0xfc, 0xbb, 0xbb, 0xbb, 0xbb, 0xbb, 0xbb,
    0xcf, 0xff, 0x90, 0x00, 0x00, 0x09, 0xff, 0xf3, 0x00, 0x00, 0x00, 0x00, 0x00, 0x00, 0x3f, 0xff,
    0x90, 0x00, 0x00, 0x09, 0xff, 0xff, 0xff, 0xff, 0xff, 0xff, 0xff, 0xff, 0xff, 0xff, 0x90, 0x00,
    0x00, 0x09, 0xff, 0xfc, 0xbb, 0xbb, 0xbb, 0xbb, 0xbb, 0xbb, 0xcf, 0xff, 0x90, 0x00, 0x00, 0x09,
    0xff, 0xf3, 0x00, 0x00, 0x00, 0x00, 0x00, 0x00, 0x3f, 0xff, 0x90, 0x00, 0x00, 0x09, 0xff, 0xff,
    0xff, 0xff, 0xff, 0xff, 0xff, 0xff, 0xff, 0xff, 0x90, 0x00, 0x00, 0x09, 0xff, 0xfc, 0xbb, 0xbb,
    0xbb, 0xbb, 0xbb, 0xbb, 0xcf, 0xff, 0x90, 0x00, 0x00, 0x09, 0xff, 0xf3, 0x00, 0x00, 0x00, 0x00,
    0x00, 0x00, 0x3f, 0xff, 0x90, 0x00, 0xaf, 0xff, 0xff, 0xff, 0xff, 0xff, 0xff, 0xff, 0xff, 0xff,
    0xff, 0xff, 0xff, 0xfa, 0xaf, 0xff, 0xff, 0xff, 0xff, 0xff, 0xff, 0xff, 0xff, 0xff, 0xff, 0xff,
    0xff, 0xfa, 0x58, 0x88, 0x88, 0x88, 0x88, 0x88, 0x88, 0x88, 0x88, 0x88, 0x88, 0x88, 0x88, 0x85,
    0x00, 0x00, 0x00, 0x00, 0x0b, 0xff, 0xf2, 0x00, 0x00, 0x00, 0x00, 0x00, 0x00, 0x00, 0x00, 0x00,
    0x00, 0x00, 0x0b, 0xff, 0xf2, 0x00, 0x00, 0x00, 0x00, 0x00, 0x00, 0x00, 0x00, 0x00, 0x00, 0x00,
    0x0b, 0xff, 0xf2, 0x00, 0x00, 0x00, 0x00, 0xa9, 0x20, 0x00, 0x00, 0x2f, 0xff, 0xff, 0xff, 0xff,
    0xff, 0xff, 0xff, 0xd0, 0x09, 0xff, 0xf9, 0x10, 0x00, 0x2f, 0xff, 0xff, 0xff, 0xff, 0xff, 0xff,
    0xff, 0xd0, 0x7f, 0xff, 0xf9, 0x00, 0x00, 0x2f, 0xff, 0xff, 0xff, 0xff, 0xff, 0xff, 0xff, 0xd7,
    0xff, 0xff, 0xa0, 0x00, 0x00, 0x15, 0x55, 0x55, 0x5d, 0xff, 0xf6, 0x55, 0x56, 0xdf, 0xff, 0xfa,
    0x00, 0x00, 0x00, 0x00, 0x00, 0x00, 0x0b, 0xff, 0xf2, 0x00, 0x1b, 0xff, 0xff, 0x80, 0x00, 0x00,
    0x00, 0x00, 0x00, 0x00, 0x0b, 0xff, 0xf2, 0x02, 0xdf, 0xff, 0xf6, 0x00, 0x00, 0x00, 0x6f, 0xff,
    0xff, 0xff, 0xff, 0xff, 0xff, 0xff, 0xff, 0xff, 0xff, 0xff, 0xff, 0xf7, 0x6f, 0xff, 0xff, 0xff,
    0xff, 0xff, 0xff, 0xff, 0xff, 0xff, 0xff, 0xff, 0xff, 0xf7, 0x6f, 0xff, 0xff, 0xff, 0xff, 0xff,
    0xff, 0xff, 0xff, 0xff, 0xff, 0xff, 0xff, 0xf7, 0x36, 0x66, 0x66, 0x66, 0x67, 0xdf, 0xff, 0xff,
    0xa6, 0x66, 0x66, 0x66, 0x66, 0x63, 0x00, 0x00, 0x00, 0x00, 0x5d, 0xff, 0xff, 0xe5, 0x00, 0x00,
    0x00, 0x00, 0x00, 0x00, 0x00, 0x00, 0x00, 0x5c, 0xff, 0xff, 0xfa, 0x10, 0x00, 0x00, 0x4a, 0xa0,
    0x00, 0x00, 0x00, 0x01, 0x6d, 0xff, 0xff, 0xfd, 0x40, 0x00, 0x02, 0x8d, 0xff, 0xf9, 0x00, 0x00,
    0x03, 0x9e, 0xff, 0xff, 0xff, 0xc0, 0x00, 0x27, 0xcf, 0xff, 0xff, 0xff, 0x70, 0x00, 0x7f, 0xff,
    0xff, 0xff, 0xff, 0xb4, 0x8d, 0xff, 0xff, 0xff, 0xff, 0xb7, 0x20, 0x00, 0x3f, 0xff, 0xff, 0xbf,
    0xff, 0xff, 0xff, 0xff, 0xff, 0xea, 0x61, 0x00, 0x00, 0x00, 0x0e, 0xff, 0x92, 0x2f, 0xff, 0xff,
    0xff, 0xfd, 0x95, 0x10, 0x04, 0xb5, 0x10, 0x00, 0x09, 0x81, 0x00, 0x2f, 0xff, 0xff, 0xb7, 0x20,
    0x00, 0x00, 0x06, 0xff, 0xe8, 0x00, 0x00, 0x00, 0x00, 0x2f, 0xff, 0xc1, 0x00, 0x00, 0x00, 0x00,
    0x09, 0xff, 0xfa, 0x00, 0x00, 0x00, 0x00, 0x1f, 0xff, 0xe5, 0x10, 0x00, 0x00, 0x01, 0x6e, 0xff,
    0xf6, 0x00, 0x00, 0x00, 0x00, 0x0c, 0xff, 0xff, 0xff, 0xff, 0xff, 0xff, 0xff, 0xff, 0xf2, 0x00,
    0x00, 0x00, 0x00, 0x05, 0xff, 0xff, 0xff, 0xff, 0xff, 0xff, 0xff, 0xff, 0xb0, 0x00, 0x00, 0x00,
    0x00, 0x00, 0x6e, 0xff, 0xff, 0xff, 0xff, 0xff, 0xff, 0xfa, 0x10, 0x00, 0x00, 0x00, 0x00, 0x00,
    0x01, 0x46, 0x66, 0x66, 0x66, 0x66, 0x53, 0x10, 0x00, 0x00, 0x00, 0x00, 0x00, 0x00, 0x00, 0x00,
    0x00, 0x3a, 0x60, 0x00, 0x00, 0x89, 0x30, 0x00, 0x5f, 0xff, 0xff, 0xff, 0xff, 0xff, 0x56, 0xff,
    0xe1, 0x00, 0x00, 0xef, 0xfb, 0x00, 0x5f, 0xff, 0xff, 0xff, 0xff, 0xff, 0x53, 0xff, 0xf7, 0x00,
    0x05, 0xff, 0xfb, 0x00, 0x5f, 0xff, 0xff, 0xff, 0xff, 0xff, 0x50, 0xbf, 0xfe, 0x00, 0x0a, 0xff,
    0xf4, 0x00, 0x16, 0xff, 0xf5, 0x44, 0xff, 0xf6, 0x10, 0x5f, 0xff, 0x60, 0x1f, 0xff, 0xd0, 0x00,
    0x03, 0xff, 0xf1, 0x01, 0xff, 0xf3, 0x00, 0x1e, 0xff, 0x60, 0x7f, 0xff, 0x60, 0x00, 0x03, 0xff,
    0xf1, 0x01, 0xff, 0xf3, 0x00, 0x09, 0xc3, 0x00, 0xdf, 0xfe, 0x10, 0x00, 0x03, 0xff, 0xff, 0xff,
    0xff, 0xf3, 0x1f, 0xff, 0xff, 0xff, 0xff, 0xff, 0xff, 0x80, 0x03, 0xff, 0xff, 0xff, 0xff, 0xf3,
    0x1f, 0xff, 0xff, 0xff, 0xff, 0xff, 0xff, 0x80, 0x03, 0xff, 0xfe, 0xee, 0xff, 0xf3, 0x1f, 0xff,
    0xff, 0xff, 0xff, 0xff, 0xff, 0x80, 0x03, 0xff, 0xf1, 0x01, 0xff, 0xf3, 0x04, 0x44, 0x48, 0xff,
    0xf5, 0x44, 0x44, 0x20, 0x03, 0xff, 0xf1, 0x01, 0xff, 0xf3, 0x00, 0x00, 0x06, 0xff, 0xf2, 0x00,
    0x00, 0x00, 0x03, 0xff, 0xff, 0xff, 0xff, 0xf3, 0xbf, 0xff, 0xff, 0xff, 0xff, 0xff, 0xff, 0xf7,
    0x03, 0xff, 0xff, 0xff, 0xff, 0xf3, 0xbf, 0xff, 0xff, 0xff, 0xff, 0xff, 0xff, 0xf7, 0x03, 0xff,
    0xfe, 0xee, 0xff, 0xf3, 0xbf, 0xff, 0xff, 0xff, 0xff, 0xff, 0xff, 0xf7, 0x03, 0xff, 0xf1, 0x01,
    0xff, 0xf3, 0x34, 0x44, 0x4e, 0xff, 0xfe, 0x44, 0x44, 0x42, 0x03, 0xff, 0xf1, 0x01, 0xff, 0xf3,
    0x00, 0x00, 0x3f, 0xff, 0xff, 0x40, 0x00, 0x00, 0x03, 0xff, 0xf1, 0x01, 0xff, 0xf8, 0x40, 0x00,
    0x8f, 0xfc, 0xff, 0x90, 0x00, 0x00, 0x03, 0xff, 0xf7, 0x9c, 0xff, 0xff, 0xc0, 0x00, 0xdf, 0xf6,
    0xcf, 0xf2, 0x00, 0x00, 0x6d, 0xff, 0xff, 0xff, 0xff, 0xff, 0xb0, 0x07, 0xff, 0xf2, 0x7f, 0xfa,
    0x00, 0x00, 0x6f, 0xff, 0xff, 0xff, 0xff, 0xff, 0x90, 0x1e, 0xff, 0xc0, 0x2f, 0xff, 0x50, 0x00,
    0x4f, 0xff, 0xff, 0xdb, 0xff, 0xf4, 0x20, 0xcf, 0xff, 0x50, 0x09, 0xff, 0xf3, 0x00, 0x1e, 0xb7,
    0x41, 0x01, 0xff, 0xf3, 0x0a, 0xff, 0xfd, 0x00, 0x02, 0xff, 0xfe, 0x50, 0x00, 0x00, 0x00, 0x01,
    0xff, 0xf5, 0xcf, 0xff, 0xf3, 0x00, 0x00, 0x8f, 0xff, 0xf6, 0x00, 0x00, 0x00, 0x01, 0xff, 0xf6,
    0xef, 0xff, 0x80, 0x00, 0x00, 0x0c, 0xff, 0xe2, 0x00, 0x00, 0x00, 0x01, 0xff, 0xf3, 0x4f, 0xfa,
    0x00, 0x00, 0x00, 0x02, 0xdf, 0x60, 0x00, 0x00, 0x00, 0x01, 0xff, 0xf3, 0x05, 0x90, 0x00, 0x00,
    0x00, 0x00, 0x2a, 0x00, 0x00, 0x00, 0x07, 0xb5, 0x10, 0x00, 0x00, 0x04, 0xff, 0xf3, 0x00, 0x00,
    0x00, 0x00, 0x00, 0x00, 0x2e, 0xff, 0xe1, 0x00, 0x00, 0x04, 0xff, 0xf3, 0x00, 0x00, 0x00, 0x00,
    0x00, 0x00, 0xbf, 0xff, 0x70, 0x00, 0x00, 0x04, 0xff, 0xf3, 0x00, 0x03, 0xc5, 0x00, 0x00, 0x07,
    0xff, 0xfb, 0x00, 0x6c, 0x10, 0x04, 0xff, 0xf3, 0x02, 0xaf, 0xff, 0x40, 0x00, 0x3f, 0xff, 0xe2,
    0x0c, 0xff, 0xb0, 0x04, 0xff, 0xf5, 0x9f, 0xff, 0xff, 0xd1, 0x02, 0xdf, 0xff, 0x50, 0x07, 0xff,
    0xf8, 0x04, 0xff, 0xff, 0xff, 0xff, 0xd6, 0x00, 0x2d, 0xff, 0xfa, 0x11, 0x23, 0xef, 0xff, 0x44,
    0xff, 0xff, 0xff, 0xc5, 0x00, 0x00, 0x6f, 0xff, 0xff, 0xff, 0xff, 0xff, 0xff, 0xe6, 0xff, 0xff,
    0xa4, 0x00, 0xc6, 0x10, 0x2f, 0xff, 0xff, 0xff, 0xff, 0xff, 0xff, 0xe8, 0xff, 0xf4, 0x00, 0x03,
    0xff, 0xe5, 0x0d, 0xff, 0xff, 0xed, 0xcb, 0xa8, 0xc8, 0x14, 0xff, 0xf8, 0x10, 0x19, 0xff, 0xf3,
    0x03, 0x32, 0x10, 0x00, 0x00, 0x00, 0x00, 0x01, 0xff, 0xff, 0xff, 0xff, 0xff, 0xd0, 0x02, 0xff,
    0xff, 0xff, 0xff, 0xff, 0xf9, 0x00, 0x9f, 0xff, 0xff, 0xff, 0xff, 0x60, 0x02, 0xff, 0xff, 0xff,
    0xff, 0xff, 0xf9, 0x00, 0x07, 0xdf, 0xff, 0xfe, 0xc5, 0x00, 0x02, 0xff, 0xff, 0xee, 0xee, 0xff,
    0xf9, 0x00, 0x00, 0x00, 0x00, 0x00, 0x00, 0x00, 0x02, 0xff, 0xf5, 0x00, 0x00, 0xcf, 0xf9, 0x04,
    0xff, 0xf3, 0x00, 0x02, 0xb4, 0x00, 0x02, 0xff, 0xf5, 0x00, 0x00, 0xcf, 0xf9, 0x04, 0xff, 0xf3,
    0x00, 0x5e, 0xfe, 0x40, 0x02, 0xff, 0xff, 0xff, 0xff, 0xff, 0xf9, 0x04, 0xff, 0xf3, 0x19, 0xff,
    0xff, 0xd1, 0x02, 0xff, 0xff, 0xff, 0xff, 0xff, 0xf9, 0x04, 0xff, 0xf7, 0xef, 0xff, 0xfa, 0x20,
    0x02, 0xff, 0xfb, 0xaa, 0xaa, 0xef, 0xf9, 0x04, 0xff, 0xff, 0xff, 0xfc, 0x40, 0x00, 0x02, 0xff,
    0xf5, 0x00, 0x00, 0xcf, 0xf9, 0x04, 0xff, 0xff, 0xfe, 0x60, 0x00, 0x00, 0x02, 0xff, 0xff, 0xff,
    0xff, 0xff, 0xf9, 0x04, 0xff, 0xfe, 0x81, 0x00, 0xb7, 0x20, 0x02, 0xff, 0xff, 0xff, 0xff, 0xff,
    0xf9, 0x04, 0xff, 0xf3, 0x00, 0x00, 0xff, 0xf7, 0x02, 0xff, 0xfb, 0xaa, 0xaa, 0xef, 0xf9, 0x04,
    0xff, 0xf3, 0x00, 0x03, 0xff, 0xf6, 0x02, 0xff, 0xf5, 0x00, 0x01, 0xef, 0xf9, 0x04, 0xff, 0xf8,
    0x10, 0x19, 0xff, 0xf3, 0x02, 0xff, 0xf5, 0x6e, 0xef, 0xff, 0xf8, 0x01, 0xff, 0xff, 0xff, 0xff,
    0xff, 0xd0, 0x02, 0xff, 0xf5, 0x2f, 0xff, 0xff, 0xf4, 0x00, 0x9f, 0xff, 0xff, 0xff, 0xff, 0x60,
    0x02, 0xff, 0xf5, 0x0d, 0xff, 0xff, 0x90, 0x00, 0x07, 0xdf, 0xff, 0xfe, 0xc5, 0x00, 0x00, 0x55,
    0x51, 0x03, 0x44, 0x31, 0x00, 0x00, 0x00, 0x00, 0x00, 0x00, 0x00, 0x00, 0x00, 0x00, 0x4e, 0xed,
    0x70, 0x00, 0x00, 0x00, 0x26, 0xba, 0x00, 0x00, 0x00, 0x00, 0x00, 0x00, 0x8f, 0xff, 0x40, 0x00,
    0x00, 0x01, 0xef, 0xff, 0x50, 0x00, 0x00, 0x00, 0x00, 0x00, 0xbf, 0xfc, 0x00, 0x00, 0x00, 0x00,
    0x7f, 0xff, 0xd1, 0x00, 0x00, 0x00, 0x03, 0xff, 0xff, 0xff, 0xff, 0xf7, 0x00, 0x00, 0x1e, 0xfe,
    0x60, 0x00, 0x00, 0x00, 0x03, 0xff, 0xff, 0xff, 0xff, 0xf7, 0xcf, 0xff, 0xff, 0xff, 0xff, 0xff,
    0xff, 0xc0, 0x03, 0xff, 0xfe, 0xee, 0xff, 0xf7, 0xcf, 0xff, 0xff, 0xff, 0xff, 0xff, 0xff, 0xc0,
    0x03, 0xff, 0xf0, 0x00, 0xbf, 0xf7, 0xcf, 0xff, 0xff, 0xff, 0xff, 0xff, 0xff, 0xc0, 0x03, 0xff,
    0xf7, 0xc0, 0xbf, 0xf7, 0x34, 0x44, 0x44, 0x44, 0x44, 0x44, 0x44, 0x30, 0x03, 0xff, 0xf9, 0xf5,
    0xbf, 0xf7, 0x00, 0x00, 0x00, 0x00, 0x00, 0x00, 0x00, 0x00, 0x03, 0xff, 0xf3, 0xfc, 0xbf, 0xf7,
    0x05, 0xff, 0xff, 0xff, 0xff, 0xfb, 0x00, 0x00, 0x03, 0xff, 0xf0, 0xb9, 0xcf, 0xf7, 0x05, 0xff,
    0xff, 0xff, 0xff, 0xfb, 0x00, 0x00, 0x03, 0xff, 0xf0, 0x00, 0xbf, 0xf7, 0x05, 0xff, 0xff, 0xff,
    0xff, 0xfb, 0x00, 0x00, 0x7f, 0xff, 0xff, 0xff, 0xff, 0xf7, 0x05, 0xff, 0xf6, 0x44, 0xdf, 0xfb,
    0x00, 0x00, 0x7f, 0xff, 0xff, 0xff, 0xff, 0xf7, 0x05, 0xff, 0xf3, 0x00, 0xcf, 0xfb, 0x00, 0x00,
    0x7f, 0xff, 0xff, 0xff, 0xff, 0xf7, 0x06, 0xff, 0xf2, 0x00, 0xcf, 0xfb, 0x00, 0x00, 0x05, 0xff,
    0xe1, 0x21, 0xbf, 0xf7, 0x06, 0xff, 0xf1, 0x00, 0xcf, 0xfb, 0x00, 0x00, 0x05, 0xff, 0xfe, 0xc0,
    0xbf, 0xf7, 0x07, 0xff, 0xf1, 0x00, 0xcf, 0xfb, 0x00, 0x00, 0x06, 0xff, 0xdc, 0xf3, 0xbf, 0xf7,
    0x09, 0xff, 0xf0, 0x00, 0xcf, 0xfb, 0x00, 0x00, 0x07, 0xff, 0xd7, 0xf8, 0xbf, 0xf7, 0x0b, 0xff,
    0xd0, 0x00, 0xcf, 0xfb, 0x0a, 0x72, 0x09, 0xff, 0xc2, 0xfd, 0xbf, 0xf7, 0x0d, 0xff, 0xb0, 0x00,
    0xcf, 0xfb, 0x0c, 0xfa, 0x0c, 0xff, 0xa0, 0xcd, 0xcf, 0xf7, 0x2f, 0xff, 0x80, 0x00, 0xcf, 0xfb,
    0x0d, 0xf9, 0x0e, 0xff, 0x80, 0x10, 0xbf, 0xf7, 0x7f, 0xff, 0x50, 0x00, 0xcf, 0xfb, 0x0d, 0xf8,
    0x3f, 0xff, 0x60, 0x00, 0xbf, 0xf7, 0xcf, 0xff, 0x10, 0x00, 0xcf, 0xfb, 0x0e, 0xf7, 0x8f, 0xff,
    0x20, 0x02, 0xef, 0xfb, 0xff, 0xfc, 0x00, 0x00, 0xcf, 0xfc, 0x3f, 0xf6, 0x4e, 0xfd, 0x0c, 0xef,
    0xff, 0xf8, 0xef, 0xf7, 0x00, 0x00, 0xbf, 0xff, 0xff, 0xf4, 0x04, 0xf8, 0x09, 0xff, 0xff, 0xf2,
    0x3e, 0xe1, 0x00, 0x00, 0x9f, 0xff, 0xff, 0xf1, 0x00, 0x72, 0x06, 0xff, 0xff, 0x80, 0x03, 0x70,
    0x00, 0x00, 0x2e, 0xff, 0xff, 0x90, 0x00, 0x00, 0x02, 0x87, 0x63, 0x00, 0x00, 0x00, 0x00, 0x00,
    0x01, 0x56, 0x53, 0x00, 0x00, 0x00, 0x00, 0x06, 0xff, 0xf4, 0x00, 0x00, 0x2f, 0xff, 0x70, 0x00,
    0x00, 0x00, 0x00, 0x00, 0x00, 0x06, 0xff, 0xf4, 0x00, 0x00, 0x2f, 0xff, 0x70, 0x00, 0x00, 0x00,
    0x8f, 0xff, 0xff, 0xff, 0xff, 0xff, 0xff, 0xff, 0xff, 0xff, 0xff, 0xff, 0xff, 0xf8, 0x8f, 0xff,
    0xff, 0xff, 0xff, 0xff, 0xff, 0xff, 0xff, 0xff, 0xff, 0xff, 0xff, 0xf8, 0x8f, 0xff, 0xff, 0xff,
    0xff, 0xff, 0xff, 0xff, 0xff, 0xff, 0xff, 0xff, 0xff, 0xf8, 0x35, 0x55, 0x55, 0x59, 0xff, 0xf7,
    0x55, 0x55, 0x6f, 0xff, 0xa5, 0x55, 0x55, 0x53, 0x00, 0x07, 0x80, 0x06, 0xff, 0xf4, 0x00, 0x00,
    0x2f, 0xff, 0x70, 0x00, 0x00, 0x00, 0x01, 0xbf, 0xf4, 0x00, 0x3c, 0x40, 0x00, 0x00, 0x00, 0x00,
    0x00, 0xa7, 0x00, 0x00, 0x02, 0xef, 0xfe, 0x24, 0xef, 0xf6, 0x00, 0x00, 0xaf, 0xff, 0x0b, 0xff,
    0xa1, 0x00, 0x00, 0x6f, 0xff, 0xce, 0xff, 0xf7, 0x00, 0x00, 0xaf, 0xfe, 0x2d, 0xff, 0xfc, 0x20,
    0x00, 0x0b, 0xff, 0xff, 0xfe, 0x50, 0x00, 0x00, 0xaf, 0xfe, 0x01, 0xcf, 0xff, 0x50, 0x00, 0x06,
    0xff, 0xff, 0xd3, 0x00, 0x00, 0x00, 0xbf, 0xfd, 0x00, 0x1c, 0xf7, 0x00, 0x02, 0xaf, 0xff, 0xff,
    0xb0, 0x5f, 0xff, 0xff, 0xff, 0xff, 0xff, 0xff, 0xff, 0xf1, 0x5f, 0xff, 0xff, 0xff, 0xf2, 0x5f,
    0xff, 0xff, 0xff, 0xff, 0xff, 0xff, 0xff, 0xf1, 0x1c, 0xff, 0xb7, 0xff, 0xf8, 0x5f, 0xff, 0xff,
    0xff, 0xff, 0xff, 0xff, 0xff, 0xf1, 0x02, 0xc5, 0x03, 0xff, 0xfc, 0x25, 0x55, 0x58, 0xff, 0xff,
    0xd5, 0x55, 0x55, 0x50, 0x00, 0x00, 0x2e, 0xff, 0xff, 0x10, 0x00, 0x08, 0xff, 0xff, 0xf2, 0x00,
    0x00, 0x00, 0x00, 0x03, 0xef, 0xff, 0xff, 0x40, 0x00, 0x0d, 0xff, 0xff, 0xf8, 0x00, 0x00, 0x00,
    0x00, 0x5e, 0xff, 0xff, 0xff, 0x50, 0x00, 0x6f, 0xff, 0xbf, 0xfe, 0x20, 0x00, 0x00, 0x08, 0xff,
    0xfe, 0x5f, 0xff, 0x60, 0x02, 0xef, 0xfe, 0x1e, 0xff, 0xb0, 0x00, 0x00, 0x7f, 0xff, 0xe3, 0x0f,
    0xff, 0x70, 0x0b, 0xff, 0xf8, 0x08, 0xff, 0xf8, 0x00, 0x00, 0x0c, 0xfd, 0x30, 0x0f, 0xff, 0x60,
    0xaf, 0xff, 0xe1, 0x01, 0xef, 0xff, 0x70, 0x00, 0x02, 0xb1, 0x00, 0x2f, 0xff, 0x5a, 0xff, 0xff,
    0x60, 0x00, 0x5f, 0xff, 0xf8, 0x00, 0x00, 0x64, 0x12, 0xbf, 0xff, 0xdf, 0xff, 0xfa, 0x00, 0x00,
    0x0a, 0xff, 0xff, 0xc2, 0x00, 0xbf, 0xff, 0xff, 0xfb, 0xaf, 0xff, 0xd1, 0x00, 0x00, 0x00, 0xcf,
    0xff, 0xa0, 0x00, 0x9f, 0xff, 0xff, 0xe2, 0x0b, 0xfd, 0x20, 0x00, 0x00, 0x00, 0x1d, 0xfc, 0x00,
    0x00, 0x7f, 0xff, 0xd9, 0x20, 0x01, 0xb2, 0x00, 0x00, 0x00, 0x00, 0x01, 0xb2, 0x00, 0x00, 0x00,
    0x00, 0x00, 0x00, 0x00, 0x00, 0x00, 0x00, 0x00, 0x00, 0x00, 0x00, 0x00, 0x00, 0x00, 0x00, 0x2b,
    0x20, 0x00, 0x00, 0x00, 0x00, 0x00, 0x00, 0x00, 0x00, 0x00, 0x00, 0x00, 0x01, 0xdf, 0xe6, 0x00,
    0x00, 0x00, 0x00, 0x00, 0x00, 0x00, 0x00, 0x00, 0x00, 0x00, 0x0b, 0xff, 0xff, 0x40, 0xcf, 0xff,
    0xff, 0xff, 0xff, 0xff, 0xff, 0x60, 0x00, 0x00, 0xaf, 0xff, 0xf9, 0x00, 0xcf, 0xff, 0xff, 0xff,
    0xff, 0xff, 0xff, 0x60, 0x00, 0x0b, 0xff, 0xff, 0xa0, 0x00, 0xcf, 0xff, 0xff, 0xff, 0xff, 0xff,
    0xff, 0x60, 0x01, 0xbf, 0xff, 0xfb, 0x00, 0x00, 0x78, 0x88, 0x88, 0x88, 0x88, 0x88, 0x88, 0x40,
    0x2c, 0xff, 0xff, 0xb0, 0x00, 0x00, 0x00, 0x00, 0x00, 0x00, 0x00, 0x00, 0x00, 0x00, 0x2e, 0xff,
    0xfa, 0x00, 0x00, 0x00, 0x00, 0x00, 0x00, 0x00, 0x00, 0x00, 0x00, 0x00, 0x04, 0xff, 0x90, 0x09,
    0x70, 0x00, 0x00, 0x00, 0x00, 0x00, 0x00, 0x00, 0x00, 0x00, 0x00, 0x77, 0x00, 0x6f, 0xfc, 0x30,
    0x00, 0x00, 0x00, 0x00, 0x00, 0x00, 0x00, 0x00, 0x00, 0x00, 0x03, 0xef, 0xff, 0x8b, 0xff, 0xff,
    0xff, 0xff, 0xff, 0xff, 0xff, 0xf9, 0x00, 0x00, 0x2d, 0xff, 0xfc, 0x0b, 0xff, 0xff, 0xff, 0xff,
    0xff, 0xff, 0xff, 0xf9, 0x00, 0x01, 0xcf, 0xff, 0xe2, 0x0b, 0xff, 0xff, 0xff, 0xff, 0xff, 0xff,
    0xff, 0xf9, 0x00, 0x1c, 0xff, 0xff, 0x60, 0x06, 0x88, 0x88, 0x88, 0x8c, 0xff, 0xfb, 0x88, 0x85,
    0x01, 0xbf, 0xff, 0xff, 0x40, 0x00, 0x00, 0x00, 0x00, 0x09, 0xff, 0xf5, 0x00, 0x00, 0x1c, 0xff,
    0xff, 0xff, 0x40, 0x00, 0x00, 0x00, 0x00, 0x09, 0xff, 0xf5, 0x00, 0x00, 0x7f, 0xff, 0xff, 0xff,
    0x40, 0x00, 0x00, 0x00, 0x00, 0x09, 0xff, 0xf5, 0x00, 0x00, 0x2f, 0xff, 0xef, 0xff, 0x40, 0x00,
    0x00, 0x00, 0x00, 0x09, 0xff, 0xf5, 0x00, 0x00, 0x0b, 0xf8, 0x8f, 0xff, 0x40, 0x00, 0x00, 0x00,
    0x00, 0x09, 0xff, 0xf5, 0x00, 0x00, 0x05, 0x60, 0x8f, 0xff, 0x40, 0x00, 0x00, 0x00, 0x00, 0x09,
    0xff, 0xf5, 0x00, 0x00, 0x00, 0x00, 0x8f, 0xff, 0x40, 0x00, 0x00, 0x00, 0x00, 0x09, 0xff, 0xf5,
    0x00, 0x00, 0x00, 0x00, 0x8f, 0xff, 0x40, 0x00, 0x00, 0x00, 0x00, 0x09, 0xff, 0xf5, 0x00, 0x00,
    0x00, 0x00, 0x8f, 0xff, 0x40, 0x00, 0x00, 0x00, 0x00, 0x0b, 0xff, 0xf5, 0x00, 0x00, 0x00, 0x00,
    0x8f, 0xff, 0x40, 0x00, 0x00, 0x00, 0x00, 0x5f, 0xff, 0xf5, 0x00, 0x00, 0x00, 0x00, 0x8f, 0xff,
    0x40, 0x00, 0x0e, 0xff, 0xff, 0xff, 0xff, 0xf2, 0x00, 0x00, 0x00, 0x00, 0x8f, 0xff, 0x40, 0x00,
    0x0a, 0xff, 0xff, 0xff, 0xff, 0xb0, 0x00, 0x00, 0x00, 0x00, 0x8f, 0xff, 0x40, 0x00, 0x06, 0xff,
    0xff, 0xff, 0xfc, 0x20, 0x00, 0x00, 0x00, 0x00, 0x8f, 0xff, 0x40, 0x00, 0x02, 0xa9, 0x98, 0x87,
    0x40, 0x00, 0x00, 0x00, 0x00, 0x00, 0x00, 0x00, 0x00, 0x01, 0x58, 0xbc, 0x00, 0x00, 0x00, 0x00,
    0x00, 0x00, 0x00, 0x00, 0x00, 0x00, 0x00, 0x06, 0xff, 0xff, 0x30, 0x00, 0x00, 0x00, 0x00, 0x00,
    0x00, 0x00, 0x00, 0x00, 0x00, 0x01, 0xef, 0xff, 0x90, 0x00, 0x00, 0x00, 0x00, 0x00, 0x4f, 0xff,
    0xff, 0xff, 0xff, 0xff, 0xff, 0xff, 0xff, 0xff, 0xff, 0xff, 0xff, 0xf5, 0x4f, 0xff, 0xff, 0xff,
    0xff, 0xff, 0xff, 0xff, 0xff, 0xff, 0xff, 0xff, 0xff, 0xf5, 0x4f, 0xff, 0xff, 0xff, 0xff, 0xff,
    0xff, 0xff, 0xff, 0xff, 0xff, 0xff, 0xff, 0xf5, 0x14, 0x44, 0x44, 0x44, 0x44, 0x44, 0x44, 0x44,
    0x44, 0x44, 0x44, 0x44, 0x44, 0x41, 0x00, 0x00, 0x00, 0x00, 0x00, 0x00, 0x00, 0x00, 0x00, 0x00,
    0x00, 0x00, 0x00, 0x00, 0x00, 0x09, 0xff, 0xff, 0xff, 0xff, 0xff, 0xff, 0xff, 0xff, 0xff, 0xff,
    0xb0, 0x00, 0x00, 0x09, 0xff, 0xff, 0xff, 0xff, 0xff, 0xff, 0xff, 0xff, 0xff, 0xff, 0xb0, 0x00,
    0x00, 0x08, 0xee, 0xee, 0xee, 0xee, 0xee, 0xee, 0xee, 0xee, 0xee, 0xee, 0xa0, 0x00, 0x00, 0x00,
    0x00, 0x00, 0x00, 0x00, 0x00, 0x00, 0x00, 0x00, 0x00, 0x00, 0x00, 0x00, 0x00, 0x00, 0x00, 0x00,
    0x00, 0x00, 0x00, 0x00, 0x00, 0x00, 0x00, 0x00, 0x00, 0x00, 0x00, 0x09, 0xff, 0xff, 0xff, 0xff,
    0xff, 0xff, 0xff, 0xff, 0xff, 0xff, 0xb0, 0x00, 0x00, 0x09, 0xff, 0xff, 0xff, 0xff, 0xff, 0xff,
    0xff, 0xff, 0xff, 0xff, 0xb0, 0x00, 0x00, 0x08, 0xee, 0xee, 0xee, 0xee, 0xee, 0xee, 0xee, 0xee,
    0xee, 0xee, 0xa0, 0x00, 0x00, 0x00, 0x00, 0x00, 0x00, 0x00, 0x00, 0x00, 0x00, 0x00, 0x00, 0x00,
    0x00, 0x00, 0x00, 0x00, 0x00, 0x00, 0x00, 0x00, 0x00, 0x00, 0x00, 0x00, 0x00, 0x00, 0x00, 0x00,
    0x00, 0x09, 0xff, 0xff, 0xff, 0xff, 0xff, 0xff, 0xff, 0xff, 0xff, 0xff, 0xb0, 0x00, 0x00, 0x09,
    0xff, 0xff, 0xff, 0xff, 0xff, 0xff, 0xff, 0xff, 0xff, 0xff, 0xb0, 0x00, 0x00, 0x09, 0xff, 0xff,
    0xff, 0xff, 0xff, 0xff, 0xff, 0xff, 0xff, 0xff, 0xb0, 0x00, 0x00, 0x09, 0xff, 0xf3, 0x33, 0x33,
    0x33, 0x33, 0x33, 0x33, 0x3e, 0xff, 0xb0, 0x00, 0x00, 0x09, 0xff, 0xf1, 0x00, 0x00, 0x00, 0x00,
    0x00, 0x00, 0x0e, 0xff, 0xb0, 0x00, 0x00, 0x09, 0xff, 0xf1, 0x00, 0x00, 0x00, 0x00, 0x00, 0x00,
    0x0e, 0xff, 0xb0, 0x00, 0x00, 0x09, 0xff, 0xff, 0xff, 0xff, 0xff, 0xff, 0xff, 0xff, 0xff, 0xff,
    0xb0, 0x00, 0x00, 0x09, 0xff, 0xff, 0xff, 0xff, 0xff, 0xff, 0xff, 0xff, 0xff, 0xff, 0xb0, 0x00,
    0x00, 0x09, 0xff, 0xff, 0xff, 0xff, 0xff, 0xff, 0xff, 0xff, 0xff, 0xff, 0xb0, 0x00, 0x00, 0x09,
    0xff, 0xf3, 0x22, 0x22, 0x22, 0x22, 0x22, 0x22, 0x2e, 0xff, 0xb0, 0x00, 0x00, 0x01, 0x99, 0x00,
    0x00, 0x00, 0x00, 0x00, 0x8f, 0xff, 0x80, 0x00, 0x00, 0x00, 0x00, 0x6e, 0xff, 0x50, 0x00, 0x00,
    0x00, 0x00, 0x8f, 0xff, 0x80, 0x00, 0x00, 0x00, 0x00, 0x8f, 0xff, 0xe2, 0x00, 0x00, 0x00, 0x00,
    0x8f, 0xff, 0x80, 0x00, 0x00, 0x00, 0x00, 0x0d, 0xff, 0xfc, 0x00, 0x00, 0x00, 0x00, 0x8f, 0xff,
    0x80, 0x00, 0x00, 0x00, 0x00, 0x03, 0xff, 0xff, 0x80, 0x00, 0x00, 0x00, 0x8f, 0xff, 0x80, 0x00,
    0x00, 0x00, 0x00, 0x00, 0x9f, 0xfa, 0x20, 0x00, 0x00, 0x00, 0x8f, 0xff, 0x80, 0x00, 0x00, 0x00,
    0x00, 0x00, 0x1c, 0x40, 0x00, 0x00, 0x00, 0x00, 0x8f, 0xff, 0x80, 0x00, 0x00, 0x00, 0x00, 0x00,
    0x00, 0x00, 0x00, 0x00, 0x00, 0x00, 0x8f, 0xff, 0x80, 0x00, 0x00, 0x00, 0x00, 0x00, 0x00, 0x00,
    0x07, 0xff, 0xff, 0xff, 0xff, 0xff, 0xff, 0xff, 0xff, 0xf8, 0x7f, 0xff, 0xff, 0xe0, 0x07, 0xff,
    0xff, 0xff, 0xff, 0xff, 0xff, 0xff, 0xff, 0xf8, 0x7f, 0xff, 0xff, 0xe0, 0x07, 0xff, 0xff, 0xff,
    0xff, 0xff, 0xff, 0xff, 0xff, 0xf8, 0x7f, 0xff, 0xff, 0xe0, 0x05, 0xaa, 0xaa, 0xaa, 0xdf, 0xff,
    0xda, 0xaa, 0xaa, 0xa6, 0x48, 0x8d, 0xff, 0xe0, 0x00, 0x00, 0x00, 0x00, 0x8f, 0xff, 0x80, 0x00,
    0x00, 0x00, 0x00, 0x0a, 0xff, 0xe0, 0x00, 0x00, 0x00, 0x00, 0x8f, 0xff, 0x80, 0x00, 0x00, 0x00,
    0x00, 0x0a, 0xff, 0xe0, 0x00, 0x00, 0x00, 0x00, 0x8f, 0xff, 0x80, 0x00, 0x00, 0x00, 0x00, 0x0a,
    0xff, 0xe0, 0x00, 0x00, 0x00, 0x00, 0x8f, 0xff, 0x80, 0x00, 0x00, 0x00, 0x00, 0x0a, 0xff, 0xe0,
    0x00, 0x00, 0x00, 0x00, 0x8f, 0xff, 0x80, 0x00, 0x00, 0x00, 0x00, 0x0a, 0xff, 0xe0, 0x00, 0x00,
    0x00, 0x00, 0x8f, 0xff, 0x80, 0x00, 0x00, 0x00, 0x00, 0x0a, 0xff, 0xe0, 0x02, 0xa0, 0x00, 0x00,
    0x8f, 0xff, 0x80, 0x00, 0x00, 0x00, 0x00, 0x0a, 0xff, 0xe0, 0x6e, 0xf0, 0x00, 0x00, 0x8f, 0xff,
    0x80, 0x00, 0x00, 0x00, 0x00, 0x0a, 0xff, 0xfb, 0xff, 0xf2, 0x00, 0x00, 0x8f, 0xff, 0x80, 0x00,
    0x00, 0x00, 0x00, 0x0a, 0xff, 0xff, 0xff, 0xf4, 0x00, 0x00, 0x8f, 0xff, 0x80, 0x00, 0x00, 0x00,
    0x00, 0x0b, 0xff, 0xff, 0xff, 0x91, 0x00, 0x00, 0x8f, 0xff, 0x80, 0x00, 0x00, 0x00, 0x00, 0x0e,
    0xff, 0xff, 0xe5, 0x00, 0x00, 0x00, 0x8f, 0xff, 0x80, 0x00, 0x00, 0x00, 0x00, 0x3f, 0xff, 0xfc,
    0x20, 0x00, 0x00, 0x00, 0x8f, 0xff, 0x80, 0x00, 0x00, 0x00, 0x00, 0x09, 0xff, 0x90, 0x00, 0x00,
    0x00, 0x00, 0x8f, 0xff, 0x80, 0x00, 0x00, 0x00, 0x00, 0x01, 0xd6, 0x00, 0x00, 0x00, 0x00, 0x00,
    0x8f, 0xff, 0x80, 0x00, 0x00, 0x00, 0x00, 0x00, 0x10, 0x00, 0x00, 0x00, 0x00, 0x00, 0x8f, 0xff,
    0x80, 0x00, 0x00, 0x00, 0x00, 0x02, 0xb3, 0x00, 0x00, 0x00, 0x00, 0x04, 0xff, 0xfc, 0x00, 0x00,
    0x00, 0x00, 0x00, 0x3e, 0xfe, 0x20, 0x00, 0x00, 0x00, 0x04, 0xff, 0xfb, 0x00, 0x00, 0x00, 0x00,
    0x00, 0xdf, 0xff, 0xc1, 0x00, 0x00, 0x00, 0x04, 0xff, 0xfb, 0x00, 0x00, 0x00, 0x00, 0x00, 0x3f,
    0xff, 0xfb, 0x00, 0x00, 0x00, 0x04, 0xff, 0xfb, 0x00, 0x00, 0x00, 0x00, 0x00, 0x06, 0xff, 0xff,
    0x90, 0x00, 0x00, 0x05, 0xff, 0xfa, 0x00, 0x00, 0x00, 0x00, 0x00, 0x00, 0xaf, 0xff, 0xe2, 0x00,
    0x00, 0x05, 0xff, 0xf9, 0x00, 0x00, 0x00, 0x00, 0x00, 0x00, 0x1d, 0xfd, 0x20, 0x00, 0x00, 0x06,
    0xff, 0xf9, 0x00, 0x00, 0x00, 0x00, 0x00, 0x00, 0x03, 0xb1, 0x00, 0x00, 0x00, 0x06, 0xff, 0xfb,
    0x00, 0x00, 0x00, 0x00, 0x00, 0x00, 0x00, 0x00, 0x00, 0x00, 0x00, 0x07, 0xff, 0xfc, 0x00, 0x00,
    0x00, 0x00, 0x7f, 0xff, 0xff, 0xe0, 0x00, 0x00, 0x00, 0x09, 0xff, 0xfe, 0x00, 0x00, 0x00, 0x00,
    0x7f, 0xff, 0xff, 0xe0, 0x00, 0x00, 0x00, 0x0a, 0xff, 0xff, 0x20, 0x00, 0x00, 0x00, 0x7f, 0xff,
    0xff, 0xe0, 0x00, 0x00, 0x00, 0x0c, 0xff, 0xff, 0x50, 0x00, 0x00, 0x00, 0x48, 0x8d, 0xff, 0xe0,
    0x00, 0x00, 0x00, 0x0e, 0xff, 0xff, 0x90, 0x00, 0x00, 0x00, 0x00, 0x0a, 0xff, 0xe0, 0x00, 0x00,
    0x00, 0x2f, 0xff, 0xff, 0xd0, 0x00, 0x00, 0x00, 0x00, 0x0a, 0xff, 0xe0, 0x00, 0x00, 0x00, 0x5f,
    0xff, 0xff, 0xf3, 0x00, 0x00, 0x00, 0x00, 0x0a, 0xff, 0xe0, 0x00, 0x00, 0x00, 0xaf, 0xff, 0xff,
    0xf9, 0x00, 0x00, 0x00, 0x00, 0x0a, 0xff, 0xe0, 0x06, 0x40, 0x02, 0xff, 0xff, 0xdf, 0xfe, 0x10,
    0x00, 0x00, 0x00, 0x0a, 0xff, 0xe0, 0x7f, 0x90, 0x09, 0xff, 0xfb, 0x8f, 0xff, 0x80, 0x00, 0x00,
    0x00, 0x0a, 0xff, 0xe9, 0xff, 0xe0, 0x3f, 0xff, 0xf5, 0x3f, 0xff, 0xe2, 0x00, 0x00, 0x00, 0x0a,
    0xff, 0xff, 0xff, 0xe2, 0xdf, 0xff, 0xd0, 0x0c, 0xff, 0xfb, 0x00, 0x00, 0x00, 0x0a, 0xff, 0xff,
    0xfd, 0x2b, 0xff, 0xff, 0x50, 0x06, 0xff, 0xff, 0x80, 0x00, 0x00, 0x0b, 0xff, 0xff, 0xc2, 0xaf,
    0xff, 0xfb, 0x00, 0x00, 0xcf, 0xff, 0xf8, 0x00, 0x00, 0x0e, 0xff, 0xfb, 0x1b, 0xff, 0xff, 0xe2,
    0x00, 0x00, 0x3f, 0xff, 0xff, 0xb1, 0x00, 0x7f, 0xff, 0xb1, 0x6f, 0xff, 0xff, 0x50, 0x00, 0x00,
    0x07, 0xff, 0xff, 0xf5, 0x00, 0x2d, 0xfc, 0x10, 0x0a, 0xff, 0xf8, 0x00, 0x00, 0x00, 0x00, 0xaf,
    0xff, 0xa0, 0x00, 0x02, 0xb1, 0x00, 0x01, 0xef, 0x80, 0x00, 0x00, 0x00, 0x00, 0x0a, 0xfd, 0x10,
    0x00, 0x00, 0x00, 0x00, 0x00, 0x57, 0x00, 0x00, 0x00, 0x00, 0x00, 0x00, 0x94, 0x00, 0x00, 0x02,
    0xb4, 0x00, 0x00, 0x00, 0x00, 0x00, 0x00, 0x00, 0x00, 0x00, 0x00, 0x00, 0x00, 0x7f, 0xfe, 0x20,
    0x00, 0x07, 0xff, 0xff, 0xff, 0xff, 0xff, 0xfa, 0x00, 0x00, 0x01, 0xcf, 0xff, 0xd1, 0x00, 0x07,
    0xff, 0xff, 0xff, 0xff, 0xff, 0xfa, 0x00, 0x00, 0x00, 0x2e, 0xff, 0xfb, 0x00, 0x08, 0xff, 0xff,
    0xff, 0xff, 0xff, 0xfa, 0x00, 0x00, 0x00, 0x05, 0xff, 0xff, 0x70, 0x0a, 0xff, 0xf8, 0x55, 0x55,
    0xff, 0xfa, 0x00, 0x00, 0x00, 0x00, 0xaf, 0xf8, 0x00, 0x1f, 0xff, 0xf2, 0x00, 0x00, 0xff, 0xfa,
    0x00, 0x00, 0x00, 0x00, 0x1b, 0x30, 0x00, 0xaf, 0xff, 0xe0, 0x00, 0x00, 0xff, 0xfd, 0x10, 0x00,
    0x00, 0x00, 0x00, 0x00, 0x09, 0xff, 0xff, 0x80, 0x00, 0x00, 0xff, 0xff, 0xff, 0xf5, 0x00, 0x00,
    0x00, 0x00, 0x2e, 0xff, 0xfd, 0x10, 0x00, 0x00, 0xcf, 0xff, 0xff, 0xf2, 0x9f, 0xff, 0xff, 0xb0,
    0x02, 0xdf, 0xe3, 0x00, 0x00, 0x00, 0x4e, 0xff, 0xff, 0xe0, 0x9f, 0xff, 0xff, 0xb0, 0x00, 0x2d,
    0x30, 0x00, 0x00, 0x00, 0x02, 0x56, 0x66, 0x50, 0x9f, 0xff, 0xff, 0xb0, 0x07, 0xff, 0xff, 0xff,
    0xff, 0xff, 0xff, 0xff, 0xf7, 0x00, 0x6b, 0xbf, 0xff, 0xb0, 0x07, 0xff, 0xff, 0xff, 0xff, 0xff,
    0xff, 0xff, 0xf7, 0x00, 0x00, 0x0e, 0xff, 0xb0, 0x07, 0xff, 0xff, 0xff, 0xff, 0xff, 0xff, 0xff,
    0xf7, 0x00, 0x00, 0x0e, 0xff, 0xb0, 0x03, 0x67, 0xeb, 0x66, 0x66, 0x66, 0x6f, 0xff, 0xf5, 0x00,
    0x00, 0x0e, 0xff, 0xb0, 0x00, 0x4d, 0xfe, 0x20, 0x00, 0x00, 0x6f, 0xff, 0xc0, 0x00, 0x00, 0x0e,
    0xff, 0xb0, 0x00, 0x8f, 0xff, 0xc0, 0x00, 0x02, 0xef, 0xff, 0x40, 0x00, 0x00, 0x0e, 0xff, 0xb0,
    0x45, 0x0c, 0xff, 0xfa, 0x00, 0x1c, 0xff, 0xfa, 0x00, 0x00, 0x00, 0x0e, 0xff, 0xb5, 0xf8, 0x02,
    0xef, 0xff, 0xa1, 0xbf, 0xff, 0xe1, 0x00, 0x00, 0x00, 0x0e, 0xff, 0xef, 0xfb, 0x00, 0x4f, 0xff,
    0xfe, 0xff, 0xff, 0x40, 0x00, 0x00, 0x00, 0x0e, 0xff, 0xff, 0xfe, 0x00, 0x05, 0xff, 0xff, 0xff,
    0xf6, 0x00, 0x00, 0x00, 0x00, 0x0f, 0xff, 0xff, 0xfa, 0x00, 0x29, 0xff, 0xff, 0xff, 0xe7, 0x10,
    0x00, 0x00, 0x00, 0x3f, 0xff, 0xff, 0x71, 0x5a, 0xff, 0xff, 0xff, 0xff, 0xff, 0xfa, 0x51, 0x00,
    0x00, 0x5f, 0xff, 0xe9, 0xae, 0xff, 0xff, 0xff, 0xfb, 0xff, 0xff, 0xff, 0xff, 0xd4, 0x00, 0x0a,
    0xfd, 0x32, 0xef, 0xff, 0xff, 0xfb, 0x30, 0x2b, 0xff, 0xff, 0xff, 0xd1, 0x00, 0x01, 0xb2, 0x00,
    0x6f, 0xff, 0xfa, 0x30, 0x00, 0x00, 0x3a, 0xff, 0xff, 0x50, 0x00, 0x00, 0x00, 0x00, 0x0c, 0xa6,
    0x10, 0x00, 0x00, 0x00, 0x00, 0x16, 0xbb, 0x00, 0x00, 0x2a, 0x60, 0x00, 0x00, 0x00, 0x00, 0x00,
    0x04, 0xff, 0xf7, 0x1a, 0x60, 0x00, 0x06, 0xef, 0xe2, 0x00, 0x00, 0x00, 0x00, 0x00, 0x04, 0xff,
    0xf9, 0xdf, 0xf5, 0x00, 0x06, 0xff, 0xfc, 0x00, 0x00, 0x00, 0x00, 0x00, 0x03, 0xff, 0xf7, 0xbf,
    0xff, 0x40, 0x00, 0xbf, 0xff, 0x80, 0x00, 0x00, 0x00, 0x00, 0x03, 0xff, 0xf7, 0x1d, 0xff, 0xa0,
    0x00, 0x2e, 0xff, 0xf3, 0x00, 0x00, 0x00, 0x00, 0x03, 0xff, 0xf7, 0x03, 0xe8, 0x00, 0x00, 0x07,
    0xff, 0xa3, 0xff, 0xff, 0xff, 0xff, 0xff, 0xff, 0xff, 0xff, 0xff, 0xf5, 0x00, 0x01, 0xb4, 0x02,
    0xff, 0xff, 0xff, 0xff, 0xff, 0xff, 0xff, 0xff, 0xff, 0xf5, 0x00, 0x00, 0x00, 0x02, 0xff, 0xff,
    0xff, 0xff, 0xff, 0xff, 0xff, 0xff, 0xff, 0xf5, 0x8f, 0xff, 0xff, 0x61, 0x99, 0x99, 0x99, 0x99,
    0x99, 0xff, 0xfd, 0x99, 0x99, 0x93, 0x8f, 0xff, 0xff, 0x60, 0x00, 0x00, 0x00, 0x00, 0x00, 0xff,
    0xfa, 0x00, 0x00, 0x00, 0x8f, 0xff, 0xff, 0x60, 0x00, 0x00, 0x00, 0x00, 0x00, 0xef, 0xfb, 0x00,
    0x00, 0x00, 0x58, 0xaf, 0xff, 0x60, 0xbf, 0xff, 0xff, 0xff, 0xf4, 0xdf, 0xfc, 0x00, 0x00, 0x00,
    0x00, 0x4f, 0xff, 0x60, 0xbf, 0xff, 0xff, 0xff, 0xf4, 0xcf, 0xfd, 0x00, 0x00, 0x00, 0x00, 0x4f,
    0xff, 0x60, 0xbf, 0xff, 0xff, 0xff, 0xf4, 0xcf, 0xfe, 0x00, 0x00, 0x00, 0x00, 0x4f, 0xff, 0x60,
    0x68, 0x8f, 0xff, 0xc8, 0x82, 0xaf, 0xff, 0x00, 0x00, 0x00, 0x00, 0x4f, 0xff, 0x60, 0x00, 0x0f,
    0xff, 0x90, 0x00, 0x9f, 0xff, 0x10, 0x00, 0x00, 0x00, 0x4f, 0xff, 0x60, 0x00, 0x0f, 0xff, 0x90,
    0x00, 0x8f, 0xff, 0x30, 0x00, 0x00, 0x00, 0x4f, 0xff, 0x60, 0x00, 0x0f, 0xff, 0x90, 0x00, 0x7f,
    0xff, 0x50, 0x00, 0x00, 0x00, 0x4f, 0xff, 0x60, 0x90, 0x0f, 0xff, 0x90, 0x00, 0x5f, 0xff, 0x70,
    0x7a, 0x40, 0x00, 0x4f, 0xff, 0x6b, 0xf1, 0x0f, 0xff, 0x90, 0x00, 0x3f, 0xff, 0x90, 0x9f, 0xfa,
    0x00, 0x4f, 0xff, 0xef, 0xf2, 0x0f, 0xff, 0xa5, 0x9b, 0x1f, 0xff, 0xc0, 0xbf, 0xf8, 0x00, 0x4f,
    0xff, 0xff, 0xf4, 0x0f, 0xff, 0xff, 0xfd, 0x0d, 0xff, 0xf1, 0xdf, 0xf6, 0x00, 0x4f, 0xff, 0xff,
    0xfe, 0xff, 0xff, 0xff, 0xfc, 0x09, 0xff, 0xf9, 0xff, 0xf3, 0x00, 0x7f, 0xff, 0xfd, 0xef, 0xff,
    0xff, 0xff, 0xfc, 0x05, 0xff, 0xff, 0xff, 0xe0, 0x00, 0xcf, 0xff, 0xb1, 0xcf, 0xff, 0xff, 0xeb,
    0x84, 0x00, 0xef, 0xff, 0xff, 0xa0, 0x00, 0x3f, 0xf9, 0x00, 0x9f, 0xc9, 0x62, 0x00, 0x00, 0x00,
    0x6f, 0xff, 0xff, 0x30, 0x00, 0x06, 0x80, 0x00, 0x11, 0x00, 0x00, 0x00, 0x00, 0x00, 0x05, 0xcf,
    0xd5, 0x00, 0x00, 0x02, 0xa5, 0x00, 0x00, 0x00, 0x00, 0x00, 0x00, 0x00, 0x00, 0x00, 0x00, 0x00,
    0x00, 0x8f, 0xfe, 0x20, 0x00, 0x11, 0x22, 0x34, 0x45, 0x67, 0x89, 0xab, 0xde, 0x50, 0x00, 0xcf,
    0xff, 0xb0, 0x07, 0xff, 0xff, 0xff, 0xff, 0xff, 0xff, 0xff, 0xff, 0x80, 0x00, 0x4f, 0xff, 0xf5,
    0x05, 0xff, 0xff, 0xff, 0xff, 0xff, 0xff, 0xff, 0xff, 0xa0, 0x00, 0x0a, 0xff, 0xfd, 0x12, 0xff,
    0xff, 0xfe, 0xff, 0xff, 0xa9, 0x87, 0x54, 0x20, 0x00, 0x02, 0xff, 0xff, 0x70, 0x21, 0x10, 0x00,
    0xbf, 0xff, 0x20, 0x00, 0x00, 0x00, 0x00, 0x00, 0x9f, 0xf8, 0x10, 0x00, 0x00, 0x00, 0xbf, 0xff,
    0x20, 0x00, 0x00, 0x00, 0x00, 0x00, 0x2b, 0x20, 0x00, 0x00, 0x00, 0x00, 0xbf, 0xff, 0x20, 0x00,
    0x00, 0x00, 0x00, 0x00, 0x00, 0x00, 0x2f, 0xff, 0xff, 0xff, 0xff, 0xff, 0xff, 0xff, 0xff, 0xf9,
    0x7f, 0xff, 0xff, 0xa0, 0x2f, 0xff, 0xff, 0xff, 0xff, 0xff, 0xff, 0xff, 0xff, 0xf9, 0x7f, 0xff,
    0xff, 0xa0, 0x2f, 0xff, 0xff, 0xff, 0xff, 0xff, 0xff, 0xff, 0xff, 0xf9, 0x7f, 0xff, 0xff, 0xa0,
    0x14, 0x44, 0x44, 0x44, 0xcf, 0xff, 0x64, 0x44, 0x44, 0x43, 0x5a, 0xbf, 0xff, 0xa0, 0x00, 0x00,
    0x00, 0x00, 0xbf, 0xff, 0x20, 0x00, 0x00, 0x00, 0x00, 0x1f, 0xff, 0xa0, 0x00, 0x00, 0x00, 0x00,
    0xbf, 0xff, 0x20, 0x00, 0x00, 0x00, 0x00, 0x1f, 0xff, 0xa0, 0x00, 0x00, 0x00, 0x00, 0xbf, 0xff,
    0x20, 0x00, 0x00, 0x00, 0x00, 0x1f, 0xff, 0xa0, 0x00, 0x9f, 0xff, 0xff, 0xff, 0xff, 0xff, 0xff,
    0xff, 0x20, 0x00, 0x1f, 0xff, 0xa0, 0x00, 0x9f, 0xff, 0xff, 0xff, 0xff, 0xff, 0xff, 0xff, 0x20,
    0x00, 0x1f, 0xff, 0xa0, 0x00, 0x9f, 0xff, 0xff, 0xff, 0xff, 0xff, 0xff, 0xff, 0x20, 0x00, 0x1f,
    0xff, 0xa0, 0x64, 0x9f, 0xff, 0x54, 0x44, 0x44, 0x44, 0xaf, 0xff, 0x20, 0x00, 0x1f, 0xff, 0xa8,
    0xf6, 0x9f, 0xff, 0x20, 0x00, 0x00, 0x00, 0x9f, 0xff, 0x20, 0x00, 0x1f, 0xff, 0xff, 0xf8, 0x9f,
    0xff, 0x20, 0x00, 0x00, 0x00, 0x9f, 0xff, 0x20, 0x00, 0x1f, 0xff, 0xff, 0xfb, 0x9f, 0xff, 0x20,
    0x00, 0x00, 0x00, 0x9f, 0xff, 0x20, 0x00, 0x2f, 0xff, 0xff, 0xf6, 0x9f, 0xff, 0x20, 0x00, 0x00,
    0x00, 0x9f, 0xff, 0x20, 0x00, 0x4f, 0xff, 0xfe, 0x30, 0x9f, 0xff, 0xff, 0xff, 0xff, 0xff, 0xff,
    0xff, 0x20, 0x00, 0xaf, 0xff, 0xc2, 0x00, 0x9f, 0xff, 0xff, 0xff, 0xff, 0xff, 0xff, 0xff, 0x20,
    0x00, 0x2e, 0xfb, 0x10, 0x00, 0x9f, 0xff, 0xff, 0xff, 0xff, 0xff, 0xff, 0xff, 0x20, 0x00, 0x04,
    0xa0, 0x00, 0x00, 0x9f, 0xff, 0x54, 0x44, 0x44, 0x44, 0xaf, 0xff, 0x20, 0x00, 0x2a, 0x70, 0x00,
    0x00, 0x00, 0x00, 0x00, 0x00, 0x00, 0x00, 0x00, 0x00, 0x00, 0x06, 0xef, 0xf3, 0x00, 0x2f, 0xff,
    0xff, 0xff, 0xff, 0xff, 0xff, 0xff, 0xff, 0x80, 0x05, 0xff, 0xfc, 0x00, 0x2f, 0xff, 0xff, 0xff,
    0xff, 0xff, 0xff, 0xff, 0xff, 0x80, 0x00, 0xaf, 0xff, 0x80, 0x2e, 0xee, 0xef, 0xff, 0xff, 0xee,
    0xee, 0xee, 0xee, 0x80, 0x00, 0x1e, 0xff, 0xf3, 0x00, 0x00, 0x0a, 0xff, 0xf2, 0x00, 0x00, 0x00,
    0x00, 0x00, 0x00, 0x07, 0xff, 0xb2, 0x00, 0x00, 0x0e, 0xff, 0xd0, 0x00, 0x00, 0x00, 0x00, 0x00,
    0x00, 0x00, 0xb5, 0x00, 0x07, 0xff, 0xff, 0xff, 0xff, 0xff, 0xff, 0xff, 0xf7, 0x00, 0x00, 0x00,
    0x00, 0x00, 0x07, 0xff, 0xff, 0xff, 0xff, 0xff, 0xff, 0xff, 0xf7, 0x00, 0x00, 0x00, 0x00, 0x00,
    0x07, 0xee, 0xff, 0xff, 0xee, 0xee, 0xee, 0xff, 0xf7, 0x00, 0x8f, 0xff, 0xff, 0x60, 0x00, 0x00,
    0xef, 0xfd, 0x00, 0x00, 0x06, 0xff, 0xf7, 0x00, 0x8f, 0xff, 0xff, 0x60, 0x00, 0x03, 0xff, 0xf9,
    0x00, 0x00, 0x06, 0xff, 0xf7, 0x00, 0x8f, 0xff, 0xff, 0x60, 0x00, 0x06, 0xff, 0xf6, 0x00, 0x00,
    0x06, 0xff, 0xf7, 0x00, 0x58, 0xaf, 0xff, 0x60, 0xff, 0xff, 0xff, 0xff, 0xff, 0xff, 0xff, 0xff,
    0xff, 0xf8, 0x00, 0x4f, 0xff, 0x60, 0xff, 0xff, 0xff, 0xff, 0xff, 0xff, 0xff, 0xff, 0xff, 0xf8,
    0x00, 0x4f, 0xff, 0x60, 0xee, 0xee, 0xee, 0xee, 0xee, 0xee, 0xee, 0xee, 0xee, 0xe7, 0x00, 0x4f,
    0xff, 0x60, 0x00, 0x00, 0x00, 0x00, 0x00, 0x00, 0x00, 0x00, 0x00, 0x00, 0x00, 0x4f, 0xff, 0x60,
    0x00, 0xef, 0xff, 0xff, 0xff, 0xff, 0xff, 0xff, 0xff, 0x00, 0x00, 0x4f, 0xff, 0x60, 0x00, 0xef,
    0xff, 0xff, 0xff, 0xff, 0xff, 0xff, 0xff, 0x00, 0x00, 0x4f, 0xff, 0x61, 0x70, 0xef, 0xff, 0xee,
    0xee, 0xee, 0xee, 0xff, 0xff, 0x00, 0x00, 0x4f, 0xff, 0x8d, 0xb0, 0xef, 0xfc, 0x00, 0x00, 0x00,
    0x00, 0xaf, 0xff, 0x00, 0x00, 0x4f, 0xff, 0xff, 0xc0, 0xef, 0xfc, 0x00, 0x00, 0x00, 0x00, 0xaf,
    0xff, 0x00, 0x00, 0x4f, 0xff, 0xff, 0xe0, 0xef, 0xfc, 0x00, 0x00, 0x00, 0x00, 0xaf, 0xff, 0x00,
    0x00, 0x6f, 0xff, 0xfe, 0x50, 0xef, 0xff, 0xff, 0xff, 0xff, 0xff, 0xff, 0xff, 0x00, 0x00, 0xcf,
    0xff, 0xc2, 0x00, 0xef, 0xff, 0xff, 0xff, 0xff, 0xff, 0xff, 0xff, 0x00, 0x00, 0x4f, 0xfa, 0x00,
    0x00, 0xef, 0xff, 0xee, 0xee, 0xee, 0xee, 0xff, 0xff, 0x00, 0x00, 0x06, 0x80, 0x00, 0x00, 0xef,
    0xfc, 0x00, 0x00, 0x00, 0x00, 0xaf, 0xff, 0x00, 0x00, 0x2a, 0x70, 0x00, 0x00, 0x00, 0x00, 0x0a,
    0xff, 0xf4, 0x00, 0x00, 0x00, 0x00, 0x06, 0xef, 0xf3, 0x00, 0x00, 0x00, 0x00, 0x0a, 0xff, 0xf4,
    0x00, 0x00, 0x00, 0x00, 0x05, 0xff, 0xfc, 0x00, 0xdf, 0xff, 0xff, 0xff, 0xff, 0xff, 0xff, 0xff,
    0xff, 0xe0, 0x00, 0xaf, 0xff, 0x80, 0xdf, 0xff, 0xff, 0xff, 0xff, 0xff, 0xff, 0xff, 0xff, 0xe0,
    0x00, 0x1e, 0xff, 0xf3, 0x55, 0x55, 0x55, 0x5c, 0xff, 0xf8, 0x55, 0x55, 0x55, 0x50, 0x00, 0x07,
    0xff, 0xb3, 0x00, 0x00, 0x00, 0x0a, 0xff, 0xf4, 0x00, 0x00, 0x00, 0x00, 0x00, 0x00, 0xb5, 0x00,
    0x3f, 0xff, 0xff, 0xff, 0xff, 0xff, 0xff, 0xff, 0xff, 0x30, 0x00, 0x00, 0x00, 0x00, 0x3f, 0xff,
    0xff, 0xff, 0xff, 0xff, 0xff, 0xff, 0xff, 0x30, 0x00, 0x00, 0x00, 0x00, 0x15, 0x55, 0x55, 0x5c,
    0xff, 0xf8, 0x55, 0x55, 0x55, 0x10, 0x00, 0x00, 0x00, 0x00, 0x00, 0x00, 0x00, 0x0a, 0xff, 0xf4,
    0x00, 0x00, 0x00, 0x00, 0x8f, 0xff, 0xff, 0x2b, 0xff, 0xff, 0xff, 0xff, 0xff, 0xff, 0xff, 0xff,
    0xff, 0xf9, 0x8f, 0xff, 0xff, 0x2b, 0xff, 0xff, 0xff, 0xff, 0xff, 0xff, 0xff, 0xff, 0xff, 0xf9,
    0x8f, 0xff, 0xff, 0x24, 0x55, 0x55, 0x55, 0x55, 0x55, 0x55, 0x55, 0x55, 0x55, 0x53, 0x58, 0xbf,
    0xff, 0x20, 0x0b, 0xff, 0xff, 0xff, 0xff, 0xff, 0xff, 0xff, 0xf8, 0x00, 0x00, 0x5f, 0xff, 0x20,
    0x0b, 0xff, 0xff, 0xff, 0xff, 0xff, 0xff, 0xff, 0xf8, 0x00, 0x00, 0x5f, 0xff, 0x20, 0x0b, 0xff,
    0xe9, 0x99, 0x99, 0x99, 0x99, 0xff, 0xf8, 0x00, 0x00, 0x5f, 0xff, 0x20, 0x0b, 0xff, 0xe0, 0x00,
    0x00, 0x00, 0x01, 0xff, 0xf8, 0x00, 0x00, 0x5f, 0xff, 0x20, 0x0b, 0xff, 0xff, 0xff, 0xff, 0xff,
    0xff, 0xff, 0xf8, 0x00, 0x00, 0x5f, 0xff, 0x20, 0x0b, 0xff, 0xff, 0xff, 0xff, 0xff, 0xff, 0xff,
    0xf8, 0x00, 0x00, 0x5f, 0xff, 0x24, 0x2b, 0xff, 0xe4, 0x44, 0x44, 0x44, 0x45, 0xff, 0xf8, 0x00,
    0x00, 0x5f, 0xff, 0x3e, 0x3b, 0xff, 0xe0, 0x00, 0x00, 0x00, 0x01, 0xff, 0xf8, 0x00, 0x00, 0x5f,
    0xff, 0xdf, 0x4b, 0xff, 0xff, 0xff, 0xff, 0xff, 0xff, 0xff, 0xf8, 0x00, 0x00, 0x5f, 0xff, 0xff,
    0x6b, 0xff, 0xff, 0xff, 0xff, 0xff, 0xff, 0xff, 0xf8, 0x00, 0x00, 0x6f, 0xff, 0xfe, 0x3b, 0xff,
    0xe4, 0x44, 0x44, 0x44, 0x45, 0xff, 0xf8, 0x00, 0x00, 0x9f, 0xff, 0xe3, 0x0b, 0xff, 0xe0, 0x00,
    0x00, 0x00, 0x07, 0xff, 0xf7, 0x00, 0x00, 0xdf, 0xfe, 0x30, 0x0b, 0xff, 0xe0, 0x00, 0x9f, 0xff,
    0xff, 0xff, 0xf4, 0x00, 0x00, 0x5f, 0xf4, 0x00, 0x0b, 0xff, 0xe0, 0x00, 0x5f, 0xff, 0xff, 0xff,
    0xb0, 0x00, 0x00, 0x09, 0x70, 0x00, 0x08, 0xbb, 0xa0, 0x00, 0x1b, 0xbb, 0xaa, 0x95, 0x00, 0x00,
    0x00, 0x01, 0x00, 0x00, 0x00, 0x00, 0x00, 0x00, 0x00, 0x00, 0x00, 0x00, 0x00, 0x00, 0x00, 0x00,
    0x00, 0x00, 0x00, 0x00, 0x00, 0x00, 0x6c, 0x95, 0x10, 0x00, 0x00, 0x00, 0x07, 0xff, 0xff, 0xff,
    0xff, 0xff, 0xf0, 0x00, 0xbf, 0xff, 0x20, 0x00, 0x00, 0x00, 0x07, 0xff, 0xff, 0xff, 0xff, 0xff,
    0xf0, 0x02, 0xff, 0xfa, 0x00, 0x00, 0x00, 0x00, 0x07, 0xff, 0xff, 0xff, 0xff, 0xff, 0xf0, 0x08,
    0xff, 0xff, 0xff, 0xff, 0xff, 0xf8, 0x07, 0xff, 0x90, 0x00, 0x01, 0xff, 0xf0, 0x1e, 0xff, 0xff,
    0xff, 0xff, 0xff, 0xf8, 0x07, 0xff, 0x90, 0x00, 0x01, 0xff, 0xf0, 0x7f, 0xff, 0xff, 0xff, 0xff,
    0xff, 0xf8, 0x07, 0xff, 0x92, 0xff, 0xb1, 0xff, 0xf1, 0xdf, 0xfe, 0xaa, 0xaa, 0xcf, 0xff, 0xa5,
    0x07, 0xff, 0x92, 0xff, 0xb1, 0xff, 0xf7, 0xff, 0xfd, 0x00, 0x00, 0x9f, 0xfd, 0x00, 0x07, 0xff,
    0x92, 0xff, 0xb1, 0xff, 0xfe, 0xff, 0xff, 0x00, 0x00, 0xbf, 0xfb, 0x00, 0x07, 0xff, 0x92, 0xff,
    0xb1, 0xff, 0xff, 0xff, 0xff, 0x20, 0x00, 0xdf, 0xf9, 0x00, 0x07, 0xff, 0x92, 0xff, 0xb1, 0xff,
    0xff, 0xff, 0xff, 0x50, 0x01, 0xff, 0xf7, 0x00, 0x07, 0xff, 0x92, 0xff, 0xb1, 0xff, 0xfc, 0xfe,
    0xff, 0x70, 0x05, 0xff, 0xf3, 0x00, 0x07, 0xff, 0x92, 0xff, 0xb1, 0xff, 0xf2, 0x98, 0xff, 0xb0,
    0x08, 0xff, 0xf0, 0x00, 0x07, 0xff, 0x92, 0xff, 0xb1, 0xff, 0xf0, 0x05, 0xff, 0xe0, 0x0d, 0xff,
    0xb0, 0x00, 0x07, 0xff, 0x92, 0xff, 0xb1, 0xff, 0xf0, 0x01, 0xff, 0xf4, 0x3f, 0xff, 0x60, 0x00,
    0x07, 0xff, 0x92, 0xff, 0xa1, 0xff, 0xf0, 0x00, 0xbf, 0xfa, 0xaf, 0xff, 0x10, 0x00, 0x07, 0xff,
    0x93, 0xff, 0x91, 0xff, 0xf0, 0x00, 0x6f, 0xff, 0xff, 0xfb, 0x00, 0x00, 0x07, 0xff, 0x96, 0xff,
    0x91, 0xff, 0xf0, 0x00, 0x1e, 0xff, 0xff, 0xf4, 0x00, 0x00, 0x00, 0x00, 0x0a, 0xff, 0xf6, 0x00,
    0x00, 0x00, 0x08, 0xff, 0xff, 0xb0, 0x00, 0x00, 0x00, 0x00, 0x2f, 0xff, 0xff, 0x90, 0x00, 0x00,
    0x09, 0xff, 0xff, 0x90, 0x00, 0x00, 0x00, 0x00, 0xaf, 0xff, 0xff, 0xfb, 0x10, 0x00, 0xaf, 0xff,
    0xff, 0xf8, 0x00, 0x00, 0x00, 0x06, 0xff, 0xf7, 0xef, 0xff, 0xc1, 0x3c, 0xff, 0xff, 0xff, 0xff,
    0x90, 0x00, 0x00, 0x5f, 0xff, 0xb0, 0x3e, 0xff, 0xfd, 0xff, 0xff, 0xfc, 0xbf, 0xff, 0xfc, 0x30,
    0x06, 0xff, 0xfe, 0x20, 0x03, 0xef, 0xff, 0xff, 0xff, 0xb1, 0x1c, 0xff, 0xff, 0xf5, 0x5f, 0xff,
    0xf4, 0x00, 0x00, 0x4a, 0x4f, 0xff, 0xfb, 0x00, 0x01, 0xcf, 0xff, 0xd1, 0x0a, 0xfe, 0x40, 0x00,
    0x00, 0x00, 0x0a, 0xfe, 0x70, 0x00, 0x00, 0x1a, 0xff, 0x40, 0x01, 0xb3, 0x00, 0x00, 0x00, 0x00,
    0x03, 0xb2, 0x00, 0x00, 0x00, 0x00, 0x69, 0x00, 0x00, 0x4b, 0x20, 0x00, 0x00, 0x2e, 0xec, 0x80,
    0x00, 0x00, 0x00, 0x00, 0x00, 0x00, 0x03, 0xef, 0xe6, 0x00, 0x00, 0x9f, 0xff, 0x40, 0x00, 0x00,
    0x00, 0x00, 0x00, 0x00, 0x0c, 0xff, 0xff, 0xa1, 0x02, 0xff, 0xff, 0xff, 0xff, 0xff, 0xff, 0xff,
    0xff, 0xd0, 0x01, 0xbf, 0xff, 0xf4, 0x0a, 0xff, 0xff, 0xff, 0xff, 0xff, 0xff, 0xff, 0xff, 0xd0,
    0x00, 0x08, 0xff, 0x60, 0x6f, 0xff, 0xff, 0xff, 0xff, 0xff, 0xff, 0xff, 0xff, 0xc0, 0x00, 0x00,
    0x78, 0x03, 0xff, 0xff, 0x31, 0x1b, 0xff, 0xe1, 0x11, 0x4f, 0xff, 0x60, 0x00, 0x00, 0x05, 0xb4,
    0xdf, 0xf7, 0x00, 0x1e, 0xff, 0xe2, 0x00, 0x9f, 0xfc, 0x00, 0x00, 0x04, 0xcf, 0xf5, 0x07, 0xa0,
    0x00, 0x9f, 0xff, 0xfd, 0x10, 0x17, 0xc4, 0x00, 0x04, 0xbf, 0xff, 0xfc, 0x00, 0x00, 0x08, 0xff,
    0xff, 0xff, 0xc2, 0x00, 0x00, 0x00, 0x6f, 0xff, 0xff, 0xfc, 0x10, 0x04, 0xcf, 0xff, 0xe7, 0xff,
    0xfe, 0x71, 0x00, 0x00, 0x1f, 0xff, 0xfe, 0x63, 0x59, 0xdf, 0xff, 0xff, 0x50, 0x9f, 0xff, 0xfe,
    0x96, 0x30, 0x09, 0xff, 0x81, 0x0a, 0xff, 0xff, 0xff, 0xf5, 0x00, 0x09, 0xff, 0xff, 0xff, 0xf5,
    0x03, 0xb2, 0x00, 0x02, 0xff, 0xff, 0xfb, 0x30, 0x00, 0x00, 0x6e, 0xff, 0xff, 0xd0, 0x00, 0x00,
    0x00, 0x00, 0x8f, 0xd8, 0x30, 0x00, 0x00, 0x00, 0x00, 0x6c, 0xff, 0x60, 0x00, 0x04, 0xff, 0xff,
    0xff, 0xff, 0xff, 0xff, 0xff, 0xff, 0xff, 0xff, 0x84, 0x00, 0x00, 0x04, 0xff, 0xff, 0xff, 0xff,
    0xff, 0xff, 0xff, 0xff, 0xff, 0xff, 0x70, 0x00, 0x00, 0x04, 0xff, 0xff, 0xff, 0xff, 0xff, 0xff,
    0xff, 0xff, 0xff, 0xff, 0x70, 0x00, 0x00, 0x04, 0xff, 0xfa, 0x44, 0x44, 0x44, 0x44, 0x44, 0x44,
    0x8f, 0xff, 0x70, 0x00, 0x00, 0x04, 0xff, 0xf9, 0x00, 0x00, 0xbf, 0xff, 0x40, 0x00, 0x5f, 0xff,
    0x70, 0x00, 0x00, 0x04, 0xff, 0xf9, 0x00, 0x00, 0xef, 0xff, 0x10, 0x00, 0x5f, 0xff, 0x70, 0x00,
    0x00, 0x04, 0xff, 0xf9, 0x00, 0x07, 0xff, 0xfb, 0x00, 0x00, 0x5f, 0xff, 0x70, 0x00, 0x00, 0x00,
    0x00, 0x00, 0x00, 0x5f, 0xff, 0xff, 0xb7, 0x20, 0x5f, 0xff, 0x70, 0x00, 0x00, 0x00, 0x00, 0x00,
    0x4b, 0xff, 0xff, 0xff, 0xff, 0xfc, 0x72, 0x00, 0x00, 0x00, 0x01, 0x24, 0x68, 0xbe, 0xff, 0xff,
    0xff, 0xff, 0xff, 0xff, 0xff, 0xc7, 0x20, 0x00, 0x3f, 0xff, 0xff, 0xff, 0xff, 0xff, 0xe4, 0x28,
    0xdf, 0xff, 0xff, 0xff, 0xfc, 0x60, 0x0a, 0xff, 0xff, 0xff, 0xff, 0xf9, 0x10, 0x00, 0x03, 0x9e,
    0xff, 0xff, 0xff, 0x70, 0x03, 0xff, 0xff, 0xfe, 0xb6, 0x10, 0x00, 0x00, 0x00, 0x00, 0x4a, 0xef,
    0xfd, 0x10, 0x00, 0x89, 0x85, 0x30, 0x00, 0x00, 0x00, 0x00, 0x00, 0x00, 0x00, 0x16, 0xc5, 0x00,
    0x01, 0xff, 0xff, 0xff, 0xff, 0xf7, 0x7f, 0xff, 0xff, 0xff, 0xff, 0xff, 0xff, 0xf0, 0x01, 0xff,
    0xff, 0xff, 0xff, 0xf7, 0x7f, 0xff, 0xff, 0xff, 0xff, 0xff, 0xff, 0xf0, 0x01, 0xff, 0xff, 0xff,
    0xff, 0xf7, 0x7f, 0xff, 0xff, 0xff, 0xff, 0xff, 0xff, 0xf0, 0x01, 0xff, 0xfa, 0x88, 0xff, 0xf7,
    0x7f, 0xff, 0x86, 0x66, 0x66, 0x66, 0x66, 0x60, 0x01, 0xff, 0xf5, 0x00, 0xef, 0xf7, 0x7f, 0xff,
    0x20, 0x00, 0x00, 0x00, 0x00, 0x00, 0x01, 0xff, 0xf5, 0x00, 0xef, 0xf7, 0x7f, 0xff, 0x20, 0x00,
    0x00, 0x00, 0x00, 0x00, 0x01, 0xff, 0xf5, 0x00, 0xef, 0xf7, 0x7f, 0xff, 0x20, 0x00, 0x00, 0x00,
    0x00, 0x00, 0x01, 0xff, 0xff, 0xff, 0xff, 0xf7, 0x7f, 0xff, 0xff, 0xff, 0xff, 0xff, 0xff, 0x10,
    0x01, 0xff, 0xff, 0xff, 0xff, 0xf7, 0x7f, 0xff, 0xff, 0xff, 0xff, 0xff, 0xff, 0x10, 0x01, 0xff,
    0xff, 0xff, 0xff, 0xf7, 0x7f, 0xff, 0xff, 0xff, 0xff, 0xff, 0xff, 0x10, 0x00, 0x11, 0x16, 0xff,
    0xf1, 0x10, 0x7f, 0xff, 0x75, 0x55, 0x55, 0xaf, 0xff, 0x10, 0x00, 0x00, 0x05, 0xff, 0xf0, 0x00,
    0x7f, 0xff, 0x20, 0x00, 0x00, 0x8f, 0xff, 0x10, 0x09, 0xff, 0x25, 0xff, 0xf0, 0x00, 0x7f, 0xff,
    0x20, 0x00, 0x00, 0x8f, 0xff, 0x10, 0x09, 0xff, 0x25, 0xff, 0xff, 0xf2, 0x7f, 0xff, 0x20, 0x00,
    0x00, 0x8f, 0xff, 0x10, 0x09, 0xff, 0x25, 0xff, 0xff, 0xf2, 0x7f, 0xff, 0x20, 0x00, 0x00, 0x8f,
    0xff, 0x10, 0x09, 0xff, 0x25, 0xff, 0xff, 0xf2, 0x7f, 0xff, 0xff, 0xff, 0xff, 0xff, 0xff, 0x10,
    0x09, 0xff, 0x25, 0xff, 0xf3, 0x30, 0x7f, 0xff, 0xff, 0xff, 0xff, 0xff, 0xff, 0x10, 0x09, 0xff,
    0x25, 0xff, 0xf0, 0x00, 0x7f, 0xff, 0xff, 0xff, 0xff, 0xff, 0xff, 0x10, 0x09, 0xff, 0x25, 0xff,
    0xf0, 0x00, 0x7f, 0xff, 0x75, 0x55, 0x55, 0x55, 0x55, 0x00, 0x09, 0xff, 0x25, 0xff, 0xf0, 0x00,
    0x7f, 0xff, 0x20, 0x00, 0x00, 0x00, 0x00, 0x00, 0x09, 0xff, 0x25, 0xff, 0xf1, 0x00, 0x7f, 0xff,
    0x20, 0x00, 0x00, 0x00, 0x00, 0x00, 0x09, 0xff, 0x69, 0xff, 0xff, 0xff, 0x8f, 0xff, 0x20, 0x00,
    0x00, 0x00, 0x00, 0x00, 0x7f, 0xff, 0xff, 0xff, 0xff, 0xff, 0x7f, 0xff, 0xff, 0xff, 0xff, 0xff,
    0xff, 0xf5, 0x6f, 0xff, 0xff, 0xff, 0xff, 0xff, 0x7f, 0xff, 0xff, 0xff, 0xff, 0xff, 0xff, 0xf5,
    0x4f, 0xff, 0xff, 0xfe, 0xc9, 0x75, 0x7f, 0xff, 0xff, 0xff, 0xff, 0xff, 0xff, 0xf5, 0x3d, 0xb8,
    0x64, 0x10, 0x00, 0x00, 0x36, 0x66, 0x66, 0x66, 0x66, 0x66, 0x66, 0x62, 0x00, 0x00, 0x00, 0x00,
    0x00, 0x00, 0x00, 0x08, 0xec, 0xa4, 0x00, 0x00, 0x00, 0x00, 0x00, 0x00, 0x00, 0x00, 0x00, 0x00,
    0x00, 0x1e, 0xff, 0xf1, 0x00, 0x00, 0x00, 0x00, 0x01, 0xff, 0xff, 0xff, 0xff, 0xf7, 0x00, 0x9f,
    0xff, 0x90, 0x00, 0x00, 0x00, 0x00, 0x01, 0xff, 0xff, 0xff, 0xff, 0xf7, 0x03, 0xff, 0xff, 0xff,
    0xff, 0xff, 0xff, 0x70, 0x01, 0xff, 0xff, 0xff, 0xff, 0xf7, 0x0d, 0xff, 0xff, 0xff, 0xff, 0xff,
    0xff, 0x70, 0x01, 0xff, 0xfa, 0x88, 0xff, 0xf7, 0x9f, 0xff, 0xff, 0xff, 0xff, 0xff, 0xff, 0x70,
    0x01, 0xff, 0xf5, 0x00, 0xef, 0xfd, 0xff, 0xff, 0xa4, 0x44, 0x44, 0xef, 0xff, 0x40, 0x01, 0xff,
    0xf5, 0x00, 0xef, 0xff, 0xff, 0xff, 0xf4, 0x00, 0x09, 0xff, 0xfb, 0x00, 0x01, 0xff, 0xf5, 0x00,
    0xef, 0xfb, 0xfd, 0xdf, 0xfe, 0x30, 0x7f, 0xff, 0xe2, 0x00, 0x01, 0xff, 0xff, 0xff, 0xff, 0xf7,
    0x83, 0x4f, 0xff, 0xea, 0xff, 0xff, 0x50, 0x00, 0x01, 0xff, 0xff, 0xff, 0xff, 0xf7, 0x00, 0x08,
    0xff, 0xff, 0xff, 0xf6, 0x00, 0x00, 0x01, 0xff, 0xff, 0xff, 0xff, 0xf7, 0x00, 0x27, 0xff, 0xff,
    0xff, 0xd6, 0x20, 0x00, 0x00, 0x11, 0x16, 0xff, 0xf1, 0x26, 0x8c, 0xff, 0xff, 0xff, 0xff, 0xff,
    0xfd, 0xb5, 0x00, 0x00, 0x05, 0xff, 0xf0, 0x2f, 0xff, 0xff, 0xff, 0xda, 0xff, 0xff, 0xff, 0xf4,
    0x09, 0xff, 0x25, 0xff, 0xf0, 0x0a, 0xff, 0xff, 0xb6, 0x00, 0x28, 0xef, 0xff, 0xe0, 0x09, 0xff,
    0x25, 0xff, 0xff, 0xf6, 0xda, 0x62, 0x00, 0x00, 0x00, 0x04, 0x8c, 0xa0, 0x09, 0xff, 0x25, 0xff,
    0xff, 0xf2, 0x00, 0x00, 0x00, 0x00, 0x00, 0x00, 0x00, 0x00, 0x09, 0xff, 0x25, 0xff, 0xff, 0xf2,
    0x0f, 0xff, 0xff, 0xff, 0xff, 0xff, 0xfc, 0x00, 0x09, 0xff, 0x25, 0xff, 0xf3, 0x30, 0x0f, 0xff,
    0xff, 0xff, 0xff, 0xff, 0xfc, 0x00, 0x09, 0xff, 0x25, 0xff, 0xf0, 0x00, 0x0f, 0xff, 0xff, 0xff,
    0xff, 0xff, 0xfc, 0x00, 0x09, 0xff, 0x25, 0xff, 0xf1, 0x00, 0x0f, 0xff, 0xa6, 0x66, 0x66, 0xcf,
    0xfc, 0x00, 0x09, 0xff, 0x58, 0xff, 0xff, 0xff, 0x1f, 0xff, 0x70, 0x00, 0x00, 0x9f, 0xfc, 0x00,
    0x6e, 0xff, 0xff, 0xff, 0xff, 0xff, 0x0f, 0xff, 0x70, 0x00, 0x00, 0x9f, 0xfc, 0x00, 0x6f, 0xff,
    0xff, 0xff, 0xff, 0xff, 0x0f, 0xff, 0xff, 0xff, 0xff, 0xff, 0xfc, 0x00, 0x4f, 0xff, 0xff, 0xfe,
    0xca, 0x75, 0x0f, 0xff, 0xff, 0xff, 0xff, 0xff, 0xfc, 0x00, 0x3e, 0xb9, 0x64, 0x20, 0x00, 0x00,
    0x0f, 0xff, 0xff, 0xff, 0xff, 0xff, 0xfc, 0x00, 0x00, 0x00, 0x00, 0x00, 0x00, 0x00, 0x0f, 0xff,
    0xa6, 0x66, 0x66, 0xcf, 0xfc, 0x00, 0x00, 0x00, 0x00, 0x00, 0x00, 0x00, 0x0f, 0xff, 0x70, 0x00,
    0x00, 0x9e, 0xeb, 0x00, 0x00, 0x00, 0x00, 0x4f, 0xff, 0x40, 0x00, 0x00, 0xef, 0xfa, 0x00, 0x7b,
    0x00, 0x00, 0x00, 0x00, 0x00, 0x4f, 0xff, 0x40, 0x00, 0x00, 0xef, 0xfa, 0x2d, 0xff, 0x90, 0x00,
    0x06, 0x99, 0x99, 0xbf, 0xff, 0xb9, 0x99, 0x94, 0xef, 0xfa, 0x0c, 0xff, 0xf6, 0x00, 0x09, 0xff,
    0xff, 0xff, 0xff, 0xff, 0xff, 0xf6, 0xdf, 0xfb, 0x02, 0xef, 0xff, 0x30, 0x09, 0xff, 0xff, 0xff,
    0xff, 0xff, 0xff, 0xf6, 0xdf, 0xfb, 0x00, 0x7f, 0xfc, 0x30, 0x00, 0x00, 0x00, 0x4f, 0xff, 0x40,
    0x00, 0x00, 0xdf, 0xfb, 0x00, 0x0b, 0x60, 0x00, 0x00, 0x00, 0x00, 0x4f, 0xff, 0x40, 0x00, 0x00,
    0xcf, 0xfc, 0x00, 0x00, 0x00, 0x00, 0x8f, 0xff, 0xff, 0xff, 0xff, 0xff, 0xff, 0xff, 0xff, 0xff,
    0xff, 0xff, 0xff, 0xf8, 0x8f, 0xff, 0xff, 0xff, 0xff, 0xff, 0xff, 0xff, 0xff, 0xff, 0xff, 0xff,
    0xff, 0xf8, 0x7e, 0xee, 0xee, 0xee, 0xee, 0xee, 0xee, 0xee, 0xff, 0xff, 0xee, 0xee, 0xee, 0xe7,
    0x00, 0x00, 0x00, 0x00, 0x00, 0x00, 0x00, 0x00, 0x9f, 0xff, 0x00, 0x00, 0x00, 0x00, 0x00, 0x00,
    0x0a, 0xff, 0xf4, 0x00, 0x00, 0x00, 0x8f, 0xff, 0x10, 0x0b, 0x81, 0x00, 0x00, 0x00, 0x1f, 0xff,
    0xd0, 0x00, 0x00, 0x00, 0x7f, 0xff, 0x20, 0x5f, 0xfe, 0x40, 0x0e, 0xff, 0xff, 0xff, 0xff, 0xff,
    0xff, 0xf8, 0x6f, 0xff, 0x40, 0xdf, 0xfe, 0x10, 0x0e, 0xff, 0xff, 0xff, 0xff, 0xff, 0xff, 0xf8,
    0x4f, 0xff, 0x68, 0xff, 0xf6, 0x00, 0x0a, 0xbe, 0xff, 0xfb, 0xbb, 0xbb, 0xbb, 0xb6, 0x2f, 0xff,
    0xbf, 0xff, 0xc0, 0x00, 0x00, 0x5f, 0xff, 0x60, 0x00, 0x00, 0x00, 0x00, 0x0f, 0xff, 0xff, 0xff,
    0x40, 0x00, 0x04, 0xff, 0xf9, 0x06, 0xff, 0xf1, 0x00, 0x00, 0x0d, 0xff, 0xff, 0xf8, 0x00, 0x00,
    0x07, 0xff, 0xff, 0xff, 0xff, 0xff, 0xff, 0xf3, 0x0a, 0xff, 0xff, 0xc0, 0x84, 0x00, 0x07, 0xff,
    0xff, 0xff, 0xff, 0xff, 0xff, 0xf3, 0x08, 0xff, 0xff, 0x30, 0xbf, 0xb3, 0x05, 0xbb, 0xbb, 0xbd,
    0xff, 0xfc, 0xcd, 0xd3, 0x6f, 0xff, 0xfa, 0x00, 0xcf, 0xf9, 0x00, 0x01, 0x11, 0x27, 0xff, 0xff,
    0xff, 0xfa, 0xff, 0xff, 0xfe, 0x00, 0xdf, 0xf8, 0x3f, 0xff, 0xff, 0xff, 0xff, 0xff, 0xff, 0xff,
    0xff, 0xff, 0xff, 0x41, 0xff, 0xf5, 0x1f, 0xff, 0xff, 0xff, 0xff, 0xff, 0xff, 0xff, 0xff, 0xdf,
    0xff, 0xb5, 0xff, 0xf3, 0x0e, 0xff, 0xff, 0xff, 0xff, 0xf2, 0x10, 0x9f, 0xfb, 0x1b, 0xff, 0xff,
    0xff, 0xe0, 0x03, 0x33, 0x21, 0x16, 0xff, 0xf1, 0x00, 0x0b, 0xa0, 0x03, 0xff, 0xff, 0xff, 0x90,
    0x00, 0x00, 0x00, 0x06, 0xff, 0xf1, 0x00, 0x01, 0x00, 0x00, 0x8f, 0xff, 0xff, 0x20, 0x00, 0x00,
    0x00, 0x00, 0x00, 0x00, 0x00, 0x00, 0x00, 0x00, 0x06, 0xef, 0xe5, 0x00, 0x00, 0x00, 0x00, 0x00,
    0x00, 0x00, 0x00, 0x00, 0x00, 0x00, 0x00, 0x02, 0x00, 0x00, 0x00, 0x07, 0xb0, 0x00, 0x00, 0x00,
    0x00, 0x00, 0x00, 0x02, 0x47, 0x9c, 0xe1, 0x00, 0x03, 0xcf, 0xf9, 0x00, 0x00, 0x02, 0x35, 0x79,
    0xac, 0xef, 0xff, 0xff, 0xf8, 0x00, 0x05, 0xff, 0xff, 0x70, 0x00, 0x7f, 0xff, 0xff, 0xff, 0xff,
    0xff, 0xff, 0xfe, 0x00, 0x00, 0x9f, 0xff, 0xf4, 0x00, 0x7f, 0xff, 0xff, 0xff, 0xff, 0xff, 0xff,
    0xfe, 0x40, 0x00, 0x0c, 0xff, 0xfe, 0x20, 0x7f, 0xff, 0xff, 0xfe, 0xcb, 0x97, 0x54, 0x20, 0x00,
    0x00, 0x02, 0xef, 0xe5, 0x00, 0x7f, 0xff, 0x61, 0x00, 0x00, 0x00, 0x00, 0x00, 0x00, 0x00, 0x00,
    0x6a, 0x10, 0x00, 0x7f, 0xff, 0x40, 0x00, 0x00, 0x00, 0x00, 0x00, 0x00, 0x00, 0x00, 0x00, 0x00,
    0x00, 0x7f, 0xff, 0x40, 0x00, 0x00, 0x00, 0x00, 0x00, 0x00, 0x00, 0x00, 0x00, 0x00, 0x00, 0x7f,
    0xff, 0x40, 0x00, 0x00, 0x00, 0x00, 0x00, 0x00, 0x6f, 0xff, 0xff, 0xd0, 0x00, 0x7f, 0xff, 0xff,
    0xff, 0xff, 0xff, 0xff, 0xff, 0xf1, 0x6f, 0xff, 0xff, 0xd0, 0x00, 0x7f, 0xff, 0xff, 0xff, 0xff,
    0xff, 0xff, 0xff, 0xf1, 0x6f, 0xff, 0xff, 0xd0, 0x00, 0x8f, 0xff, 0xff, 0xff, 0xff, 0xff, 0xff,
    0xff, 0xf1, 0x49, 0x9f, 0xff, 0xd0, 0x00, 0x9f, 0xff, 0x86, 0x66, 0x6f, 0xff, 0xd6, 0x66, 0x60,
    0x00, 0x0e, 0xff, 0xd0, 0x00, 0xaf, 0xff, 0x20, 0x00, 0x0f, 0xff, 0xb0, 0x00, 0x00, 0x00, 0x0e,
    0xff, 0xd0, 0x00, 0xcf, 0xff, 0x10, 0x00, 0x0f, 0xff, 0xb0, 0x00, 0x00, 0x00, 0x0e, 0xff, 0xd0,
    0x00, 0xff, 0xff, 0x00, 0x00, 0x0f, 0xff, 0xb0, 0x00, 0x00, 0x00, 0x0e, 0xff, 0xd0, 0x03, 0xff,
    0xfc, 0x00, 0x00, 0x0f, 0xff, 0xb0, 0x00, 0x00, 0x00, 0x0e, 0xff, 0xd0, 0x08, 0xff, 0xf9, 0x00,
    0x00, 0x0f, 0xff, 0xb0, 0x00, 0x00, 0x00, 0x0e, 0xff, 0xd0, 0x0d, 0xff, 0xf6, 0x00, 0x00, 0x0f,
    0xff, 0xb0, 0x00, 0x00, 0x00, 0x0e, 0xff, 0xd0, 0x7f, 0xff, 0xf1, 0x00, 0x00, 0x0f, 0xff, 0xb0,
    0x00, 0x00, 0x00, 0x0e, 0xff, 0xd0, 0x9f, 0xff, 0xc0, 0x00, 0x00, 0x0f, 0xff, 0xb0, 0x00, 0x00,
    0x02, 0xcf, 0xff, 0xfa, 0x15, 0xef, 0x50, 0x00, 0x00, 0x0f, 0xff, 0xb0, 0x00, 0x00, 0x5f, 0xff,
    0xff, 0xff, 0xe7, 0x5c, 0x00, 0x00, 0x00, 0x00, 0x00, 0x00, 0x00, 0x00, 0x5f, 0xff, 0xff, 0xff,
    0xff, 0xff, 0xff, 0xfe, 0xee, 0xee, 0xdd, 0xdc, 0xcb, 0xb6, 0x1e, 0xff, 0xa5, 0xff, 0xff, 0xff,
    0xff, 0xff, 0xff, 0xff, 0xff, 0xff, 0xff, 0xf4, 0x0a, 0xf8, 0x00, 0x3a, 0xef, 0xff, 0xff, 0xff,
    0xff, 0xff, 0xff, 0xff, 0xff, 0xe0, 0x04, 0x60, 0x00, 0x00, 0x03, 0x56, 0x67, 0x88, 0x9a, 0xab,
    0xbc, 0xdd, 0xef, 0x80, 0x00, 0x07, 0xa0, 0x00, 0x00, 0x00, 0x00, 0x00, 0x00, 0x00, 0x13, 0x68,
    0xca, 0x00, 0x03, 0xcf, 0xf6, 0x00, 0x00, 0x12, 0x34, 0x57, 0x8a, 0xce, 0xff, 0xff, 0xff, 0x30,
    0x06, 0xff, 0xfe, 0x20, 0x04, 0xff, 0xff, 0xff, 0xff, 0xff, 0xff, 0xff, 0xff, 0xa0, 0x00, 0xcf,
    0xff, 0xc0, 0x04, 0xff, 0xff, 0xff, 0xff, 0xff, 0xff, 0xff, 0xeb, 0x80, 0x00, 0x2f, 0xff, 0xf7,
    0x04, 0xff, 0xff, 0xff, 0xec, 0xb9, 0x86, 0x41, 0x00, 0x00, 0x00, 0x08, 0xff, 0xff, 0x24, 0xff,
    0xf8, 0x10, 0x00, 0x00, 0x00, 0x00, 0x00, 0x00, 0x00, 0x01, 0xdf, 0xe5, 0x04, 0xff, 0xf7, 0x00,
    0x00, 0x00, 0x00, 0x00, 0x00, 0x00, 0x00, 0x00, 0x5a, 0x10, 0x04, 0xff, 0xff, 0xff, 0xff, 0xff,
    0xff, 0xff, 0xff, 0x50, 0x00, 0x00, 0x00, 0x00, 0x04, 0xff, 0xff, 0xff, 0xff, 0xff, 0xff, 0xff,
    0xff, 0x50, 0x00, 0x00, 0x00, 0x00, 0x04, 0xff, 0xff, 0xff, 0xff, 0xff, 0xff, 0xff, 0xff, 0x50,
    0x6f, 0xff, 0xff, 0xd0, 0x05, 0xff, 0xf9, 0x44, 0x44, 0x44, 0x44, 0xdf, 0xff, 0x30, 0x6f, 0xff,
    0xff, 0xd0, 0x06, 0xff, 0xf5, 0x0a, 0x70, 0x00, 0x05, 0xff, 0xfb, 0x00, 0x6f, 0xff, 0xff, 0xd0,
    0x07, 0xff, 0xf4, 0xbf, 0xfa, 0x10, 0x1d, 0xff, 0xf4, 0x00, 0x49, 0x9f, 0xff, 0xd0, 0x0a, 0xff,
    0xf5, 0xef, 0xff, 0xc2, 0xbf, 0xff, 0xb0, 0x00, 0x00, 0x0e, 0xff, 0xd0, 0x0d, 0xff, 0xd0, 0x2d,
    0xff, 0xff, 0xff, 0xfe, 0x20, 0x00, 0x00, 0x0e, 0xff, 0xd0, 0x3f, 0xff, 0x90, 0x01, 0xcf, 0xff,
    0xff, 0xf5, 0x00, 0x00, 0x00, 0x0e, 0xff, 0xd0, 0x8f, 0xff, 0x50, 0x00, 0x4f, 0xff, 0xff, 0xd0,
    0x00, 0x00, 0x00, 0x0e, 0xff, 0xd1, 0xef, 0xfe, 0x10, 0x04, 0xef, 0xff, 0xff, 0xfb, 0x10, 0x00,
    0x00, 0x0e, 0xff, 0xda, 0xff, 0xf9, 0x00, 0x5f, 0xff, 0xff, 0xef, 0xff, 0xc2, 0x00, 0x00, 0x0e,
    0xff, 0xd6, 0xff, 0xf2, 0x19, 0xff, 0xff, 0xf5, 0x4e, 0xff, 0xfd, 0x20, 0x00, 0x0e, 0xff, 0xd0,
    0x8f, 0x85, 0xdf, 0xff, 0xff, 0x60, 0x03, 0xef, 0xff, 0xc0, 0x02, 0xcf, 0xff, 0xfa, 0x1a, 0x14,
    0xff, 0xff, 0xe4, 0x00, 0x00, 0x3e, 0xfd, 0x20, 0x5e, 0xff, 0xff, 0xff, 0xe7, 0x31, 0x8f, 0xfb,
    0x20, 0x00, 0x00, 0x03, 0xc2, 0x11, 0x6f, 0xff, 0xff, 0xff, 0xff, 0xff, 0xff, 0xfe, 0xee, 0xee,
    0xef, 0xff, 0xff, 0xf7, 0x1e, 0xff, 0xa6, 0xff, 0xff, 0xff, 0xff, 0xff, 0xff, 0xff, 0xff, 0xff,
    0xff, 0xf2, 0x0a, 0xf8, 0x00, 0x3b, 0xff, 0xff, 0xff, 0xff, 0xff, 0xff, 0xff, 0xff, 0xff, 0xb0,
    0x04, 0x70, 0x00, 0x00, 0x13, 0x56, 0x66, 0x77, 0x77, 0x77, 0x77, 0x78, 0x88, 0x40, 0x00, 0x06,
    0xb0, 0x00, 0x00, 0x00, 0x06, 0xdb, 0x95, 0x00, 0x00, 0x00, 0x00, 0x00, 0x02, 0xbf, 0xf7, 0x00,
    0x00, 0x00, 0x0b, 0xff, 0xf6, 0x00, 0x00, 0x00, 0x00, 0x00, 0x01, 0xef, 0xfe, 0x20, 0x00, 0x00,
    0x1f, 0xff, 0xe1, 0x00, 0x00, 0x00, 0x00, 0x00, 0x00, 0x7f, 0xff, 0xb0, 0x4f, 0xff, 0xff, 0xff,
    0xff, 0xff, 0xff, 0xff, 0xff, 0x70, 0x00, 0x0d, 0xff, 0xf5, 0x4f, 0xff, 0xff, 0xff, 0xff, 0xff,
    0xff, 0xff, 0xff, 0x70, 0x00, 0x05, 0xff, 0xfe, 0x4f, 0xff, 0xff, 0xff, 0xff, 0xff, 0xff, 0xff,
    0xff, 0x70, 0x00, 0x00, 0xcf, 0xe4, 0x14, 0x4d, 0xff, 0xf5, 0x44, 0x44, 0x44, 0x44, 0x44, 0x20,
    0x00, 0x00, 0x4a, 0x10, 0x00, 0x3f, 0xff, 0xb0, 0x4f, 0xff, 0x60, 0x00, 0x00, 0x00, 0x00, 0x00,
    0x00, 0x00, 0x00, 0x9f, 0xff, 0x40, 0x4f, 0xff, 0x60, 0x00, 0x00, 0x00, 0x00, 0x00, 0x00, 0x00,
    0x02, 0xff, 0xfc, 0x00, 0x4f, 0xff, 0x60, 0x00, 0x00, 0x00, 0x2f, 0xff, 0xff, 0xf0, 0x0a, 0xff,
    0xf5, 0x00, 0x4f, 0xff, 0x60, 0x00, 0x00, 0x00, 0x2f, 0xff, 0xff, 0xf0, 0x1f, 0xff, 0xff, 0xff,
    0xff, 0xff, 0xff, 0xff, 0xff, 0x40, 0x2f, 0xff, 0xff, 0xf0, 0x1f, 0xff, 0xff, 0xff, 0xff, 0xff,
    0xff, 0xff, 0xff, 0x40, 0x17, 0x7c, 0xff, 0xf0, 0x1f, 0xff, 0xff, 0xff, 0xff, 0xff, 0xff, 0xff,
    0xff, 0x40, 0x00, 0x09, 0xff, 0xf0, 0x04, 0x44, 0x44, 0x44, 0x7f, 0xff, 0x84, 0x44, 0x44, 0x10,
    0x00, 0x09, 0xff, 0xf0, 0x00, 0x00, 0x00, 0x00, 0x4f, 0xff, 0x60, 0x00, 0x00, 0x00, 0x00, 0x09,
    0xff, 0xf0, 0x00, 0x00, 0x00, 0x00, 0x4f, 0xff, 0x60, 0x00, 0x00, 0x00, 0x00, 0x09, 0xff, 0xf0,
    0xcf, 0xff, 0xff, 0xff, 0xff, 0xff, 0xff, 0xff, 0xff, 0xf2, 0x00, 0x09, 0xff, 0xf0, 0xcf, 0xff,
    0xff, 0xff, 0xff, 0xff, 0xff, 0xff, 0xff, 0xf2, 0x00, 0x09, 0xff, 0xf0, 0xcf, 0xff, 0xff, 0xff,
    0xff, 0xff, 0xff, 0xff, 0xff, 0xf2, 0x00, 0x0a, 0xff, 0xf1, 0x34, 0x44, 0x44, 0x44, 0x7f, 0xff,
    0x84, 0x44, 0x44, 0x40, 0x00, 0x9f, 0xff, 0xfc, 0x20, 0x00, 0x00, 0x00, 0x4f, 0xff, 0x60, 0x00,
    0x00, 0x00, 0x1c, 0xff, 0xff, 0xff, 0xfa, 0x63, 0x10, 0x00, 0x00, 0x00, 0x00, 0x00, 0x00, 0x00,
    0x1f, 0xff, 0xff, 0xff, 0xff, 0xff, 0xff, 0xff, 0xff, 0xff, 0xff, 0xff, 0xff, 0xf6, 0x0a, 0xff,
    0xc3, 0xcf, 0xff, 0xff, 0xff, 0xff, 0xff, 0xff, 0xff, 0xff, 0xff, 0xf2, 0x05, 0xfb, 0x10, 0x07,
    0xdf, 0xff, 0xff, 0xff, 0xff, 0xff, 0xff, 0xff, 0xff, 0xc0, 0x00, 0xa1, 0x00, 0x00, 0x03, 0x79,
    0x9a, 0xaa, 0xab, 0xbb, 0xaa, 0xaa, 0xaa, 0x50, 0x00, 0x07, 0xb0, 0x00, 0x00, 0x00, 0x8b, 0x10,
    0x00, 0x00, 0x0c, 0x71, 0x00, 0x00, 0x03, 0xcf, 0xf8, 0x00, 0x00, 0x2c, 0xff, 0xd2, 0x00, 0x00,
    0x7f, 0xfe, 0x70, 0x00, 0x05, 0xff, 0xff, 0x50, 0x00, 0x2d, 0xff, 0xfe, 0x30, 0x01, 0xef, 0xff,
    0x80, 0x00, 0x00, 0x9f, 0xff, 0xe3, 0x00, 0x02, 0xdf, 0xff, 0x70, 0x0a, 0xff, 0xfa, 0x00, 0x00,
    0x00, 0x1d, 0xff, 0xfd, 0x10, 0x00, 0x2d, 0xd3, 0x00, 0x5f, 0xff, 0xc1, 0x00, 0x00, 0x00, 0x03,
    0xff, 0xf8, 0x1f, 0xff, 0xff, 0xff, 0xff, 0xff, 0xff, 0xff, 0xff, 0x50, 0x00, 0x00, 0x8d, 0x30,
    0x0f, 0xff, 0xff, 0xff, 0xff, 0xff, 0xff, 0xff, 0xff, 0x50, 0x00, 0x00, 0x00, 0x00, 0x0f, 0xff,
    0xff, 0xff, 0xff, 0xff, 0xff, 0xff, 0xff, 0x50, 0x00, 0x00, 0x00, 0x00, 0x05, 0x55, 0x55, 0x5c,
    0xff, 0xf7, 0x55, 0x55, 0x55, 0x10, 0x6f, 0xff, 0xff, 0xd0, 0x00, 0x00, 0x00, 0x0b, 0xff, 0xf3,
    0x00, 0x00, 0x00, 0x00, 0x6f, 0xff, 0xff, 0xd0, 0x00, 0x00, 0x00, 0x0c, 0xff, 0xf2, 0x00, 0x00,
    0x00, 0x00, 0x6f, 0xff, 0xff, 0xd1, 0xff, 0xff, 0xff, 0xff, 0xff, 0xff, 0xff, 0xff, 0xff, 0xf1,
    0x49, 0x9f, 0xff, 0xd1, 0xff, 0xff, 0xff, 0xff, 0xff, 0xff, 0xff, 0xff, 0xff, 0xf1, 0x00, 0x0e,
    0xff, 0xd1, 0xff, 0xff, 0xff, 0xff, 0xff, 0xff, 0xff, 0xff, 0xff, 0xf1, 0x00, 0x0e, 0xff, 0xd0,
    0x55, 0x55, 0x55, 0x9f, 0xff, 0xe5, 0x55, 0x55, 0x55, 0x50, 0x00, 0x0e, 0xff, 0xd0, 0x00, 0x00,
    0x00, 0xcf, 0xff, 0xfc, 0x20, 0x00, 0x00, 0x00, 0x00, 0x0e, 0xff, 0xd0, 0x00, 0x00, 0x07, 0xff,
    0xff, 0xff, 0xf7, 0x00, 0x00, 0x00, 0x00, 0x0e, 0xff, 0xd0, 0x00, 0x00, 0x6f, 0xff, 0xff, 0xff,
    0xff, 0xc3, 0x00, 0x00, 0x00, 0x0e, 0xff, 0xd0, 0x00, 0x09, 0xff, 0xff, 0xe7, 0xef, 0xff, 0xff,
    0x70, 0x00, 0x00, 0x0e, 0xff, 0xd0, 0x05, 0xdf, 0xff, 0xff, 0x50, 0x2b, 0xff, 0xff, 0xfb, 0x10,
    0x00, 0x3f, 0xff, 0xe1, 0x2d, 0xff, 0xff, 0xf5, 0x00, 0x00, 0x7f, 0xff, 0xfb, 0x00, 0x05, 0xef,
    0xff, 0xfc, 0x22, 0xcf, 0xfd, 0x30, 0x00, 0x00, 0x03, 0xdf, 0xe1, 0x00, 0x6f, 0xff, 0xff, 0xff,
    0xe8, 0x4c, 0x81, 0x00, 0x00, 0x00, 0x00, 0x1b, 0x51, 0x11, 0x6f, 0xff, 0xeb, 0xff, 0xff, 0xff,
    0xfe, 0xee, 0xee, 0xee, 0xff, 0xff, 0xff, 0xf6, 0x1e, 0xfe, 0x31, 0xcf, 0xff, 0xff, 0xff, 0xff,
    0xff, 0xff, 0xff, 0xff, 0xff, 0xf1, 0x0a, 0xf4, 0x00, 0x07, 0xdf, 0xff, 0xff, 0xff, 0xff, 0xff,
    0xff, 0xff, 0xff, 0xb0, 0x04, 0x50, 0x00, 0x00, 0x03, 0x56, 0x66, 0x77, 0x77, 0x77, 0x77, 0x77,
    0x77, 0x30, 0x00, 0x06, 0xb1, 0x00, 0x00, 0x00, 0x00, 0x00, 0xdf, 0xfc, 0x00, 0x00, 0x00, 0x00,
    0x02, 0xbf, 0xfa, 0x00, 0x00, 0x1d, 0x94, 0x00, 0xdf, 0xfc, 0x00, 0x00, 0x00, 0x00, 0x01, 0xdf,
    0xff, 0x60, 0x00, 0x7f, 0xfe, 0x10, 0xdf, 0xfc, 0x00, 0x00, 0x00, 0x00, 0x00, 0x4f, 0xff, 0xf3,
    0x00, 0xdf, 0xff, 0xff, 0xff, 0xff, 0xff, 0xff, 0xff, 0x10, 0x00, 0x09, 0xff, 0xfd, 0x05, 0xff,
    0xff, 0xff, 0xff, 0xff, 0xff, 0xff, 0xff, 0x10, 0x00, 0x01, 0xef, 0xe4, 0x0d, 0xff, 0xff, 0xff,
    0xff, 0xff, 0xff, 0xff, 0xff, 0x10, 0x00, 0x00, 0x5a, 0x10, 0x6f, 0xff, 0x64, 0x44, 0xdf, 0xfd,
    0x44, 0x44, 0x44, 0x00, 0x00, 0x00, 0x00, 0x00, 0x28, 0xed, 0x00, 0x00, 0xdf, 0xfc, 0x00, 0x00,
    0x00, 0x00, 0x00, 0x00, 0x00, 0x00, 0x00, 0x13, 0x00, 0x00, 0xdf, 0xfc, 0x00, 0x00, 0x00, 0x00,
    0x2f, 0xff, 0xff, 0xf0, 0x00, 0x00, 0x00, 0x00, 0xdf, 0xfc, 0x00, 0x00, 0x00, 0x00, 0x2f, 0xff,
    0xff, 0xf0, 0xcf, 0xff, 0xff, 0xff, 0xff, 0xff, 0xff, 0xff, 0xff, 0xf1, 0x2f, 0xff, 0xff, 0xf0,
    0xcf, 0xff, 0xff, 0xff, 0xff, 0xff, 0xff, 0xff, 0xff, 0xf1, 0x17, 0x7c, 0xff, 0xf0, 0xcf, 0xff,
    0xff, 0xff, 0xff, 0xff, 0xff, 0xff, 0xff, 0xf1, 0x00, 0x09, 0xff, 0xf0, 0x34, 0x44, 0xff, 0xfa,
    0x47, 0xff, 0xf6, 0x44, 0x44, 0x40, 0x00, 0x09, 0xff, 0xf0, 0x00, 0x01, 0xff, 0xf7, 0x05, 0xff,
    0xf3, 0x05, 0xa4, 0x00, 0x00, 0x09, 0xff, 0xf0, 0x00, 0x05, 0xff, 0xf5, 0x05, 0xff, 0xf3, 0x06,
    0xff, 0xc0, 0x00, 0x09, 0xff, 0xf0, 0x00, 0x0b, 0xff, 0xf2, 0x05, 0xff, 0xf3, 0x08, 0xff, 0xc0,
    0x00, 0x09, 0xff, 0xf0, 0x00, 0x6f, 0xff, 0xd0, 0x05, 0xff, 0xf5, 0x1c, 0xff, 0x90, 0x00, 0x09,
    0xff, 0xf0, 0x05, 0xff, 0xff, 0x60, 0x03, 0xff, 0xff, 0xff, 0xff, 0x60, 0x00, 0x09, 0xff, 0xf1,
    0x5f, 0xff, 0xfb, 0x00, 0x01, 0xef, 0xff, 0xff, 0xff, 0x20, 0x00, 0x8f, 0xff, 0xfc, 0x29, 0xff,
    0xb1, 0x00, 0x00, 0x5e, 0xff, 0xff, 0xe5, 0x00, 0x1b, 0xff, 0xff, 0xff, 0xfa, 0xfb, 0x10, 0x00,
    0x00, 0x01, 0x34, 0x43, 0x00, 0x00, 0x1f, 0xff, 0xff, 0xff, 0xff, 0xff, 0xff, 0xff, 0xff, 0xff,
    0xff, 0xff, 0xff, 0xf6, 0x0a, 0xff, 0xc3, 0xbf, 0xff, 0xff, 0xff, 0xff, 0xff, 0xff, 0xff, 0xff,
    0xff, 0xf1, 0x05, 0xfc, 0x10, 0x05, 0xbe, 0xff, 0xff, 0xff, 0xff, 0xff, 0xff, 0xff, 0xff, 0xb0,
    0x00, 0xa1, 0x00, 0x00, 0x00, 0x35, 0x67, 0x77, 0x88, 0x88, 0x99, 0x99, 0xaa, 0x50, 0x00, 0x1a,
    0x60, 0x00, 0x00, 0x00, 0x00, 0x00, 0x00, 0x00, 0x00, 0x00, 0x00, 0x00, 0x05, 0xef, 0xf4, 0x00,
    0x9f, 0xff, 0xff, 0xff, 0xff, 0xff, 0xff, 0xff, 0xff, 0x00, 0x08, 0xff, 0xfe, 0x20, 0x9f, 0xff,
    0xff, 0xff, 0xff, 0xff, 0xff, 0xff, 0xff, 0x00, 0x00, 0xcf, 0xff, 0xc0, 0x8d, 0xdd, 0xfe, 0xdd,
    0xdd, 0xdd, 0xdf, 0xff, 0xff, 0x00, 0x00, 0x2e, 0xff, 0xf8, 0x00, 0x06, 0xfe, 0x70, 0x00, 0x03,
    0xbf, 0xff, 0xd6, 0x00, 0x00, 0x07, 0xff, 0xb2, 0x00, 0x0a, 0xff, 0xfd, 0x43, 0xbf, 0xff, 0xd6,
    0x00, 0x00, 0x00, 0x00, 0xb6, 0x00, 0x00, 0x00, 0x4c, 0xff, 0xff, 0xff, 0xd6, 0x00, 0x00, 0x00,
    0x00, 0x00, 0x00, 0x00, 0x6f, 0xff, 0xff, 0xff, 0xff, 0xff, 0xff, 0xff, 0xff, 0x00, 0x00, 0x00,
    0x00, 0x00, 0x6f, 0xff, 0xff, 0xff, 0xff, 0xff, 0xff, 0xff, 0xff, 0x00, 0x00, 0x00, 0x00, 0x00,
    0x6f, 0xff, 0x77, 0x7a, 0xff, 0xe7, 0x77, 0xaf, 0xff, 0x00, 0x6f, 0xff, 0xff, 0x70, 0x6f, 0xff,
    0x00, 0x06, 0xff, 0xd0, 0x00, 0x6f, 0xff, 0x00, 0x6f, 0xff, 0xff, 0x70, 0x6f, 0xff, 0xff, 0xff,
    0xff, 0xff, 0xff, 0xff, 0xff, 0x00, 0x6f, 0xff, 0xff, 0x70, 0x6f, 0xff, 0xff, 0xff, 0xff, 0xff,
    0xff, 0xff, 0xff, 0x00, 0x49, 0x9f, 0xff, 0x70, 0x6f, 0xff, 0x66, 0x6a, 0xff, 0xe6, 0x66, 0xaf,
    0xff, 0x00, 0x00, 0x0f, 0xff, 0x70, 0x6f, 0xff, 0x00, 0x06, 0xff, 0xd0, 0x00, 0x6f, 0xff, 0x00,
    0x00, 0x0f, 0xff, 0x70, 0x6f, 0xff, 0xff, 0xff, 0xff, 0xff, 0xff, 0xff, 0xff, 0x00, 0x00, 0x0f,
    0xff, 0x70, 0x6f, 0xff, 0xff, 0xff, 0xff, 0xff, 0xff, 0xff, 0xff, 0x00, 0x00, 0x0f, 0xff, 0x70,
    0x6f, 0xff, 0x66, 0x6a, 0xff, 0xe6, 0x66, 0xaf, 0xff, 0x00, 0x00, 0x0f, 0xff, 0x70, 0x6f, 0xff,
    0x00, 0x06, 0xff, 0xd0, 0x00, 0x9f, 0xff, 0x00, 0x00, 0x0f, 0xff, 0x70, 0x6f, 0xff, 0x00, 0x06,
    0xff, 0xd9, 0xff, 0xff, 0xfe, 0x00, 0x00, 0x1f, 0xff, 0x70, 0x6f, 0xff, 0x00, 0x06, 0xff, 0xd5,
    0xff, 0xff, 0xfa, 0x00, 0x02, 0xdf, 0xff, 0xe4, 0x6f, 0xff, 0x00, 0x06, 0xff, 0xd2, 0xff, 0xfd,
    0x91, 0x00, 0x4e, 0xff, 0xff, 0xff, 0xa5, 0x21, 0x00, 0x00, 0x00, 0x00, 0x00, 0x00, 0x00, 0x00,
    0x5f, 0xff, 0xef, 0xff, 0xff, 0xff, 0xff, 0xff, 0xff, 0xff, 0xff, 0xff, 0xff, 0xf6, 0x0e, 0xff,
    0x43, 0xef, 0xff, 0xff, 0xff, 0xff, 0xff, 0xff, 0xff, 0xff, 0xff, 0xf1, 0x09, 0xf6, 0x00, 0x18,
    0xdf, 0xff, 0xff, 0xff, 0xff, 0xff, 0xff, 0xff, 0xff, 0xa0, 0x03, 0x70, 0x00, 0x00, 0x02, 0x45,
    0x66, 0x66, 0x77, 0x77, 0x77, 0x78, 0x88, 0x30, 0x00, 0x3c, 0x20, 0x00, 0x00, 0x26, 0xad, 0x30,
    0x00, 0x02, 0xeb, 0x84, 0x00, 0x00, 0x08, 0xff, 0xb0, 0x00, 0x00, 0x2f, 0xff, 0xb0, 0x00, 0x0a,
    0xff, 0xf5, 0x00, 0x00, 0x0d, 0xff, 0xf6, 0x00, 0x00, 0x06, 0xff, 0xf5, 0x00, 0x2f, 0xff, 0x90,
    0x00, 0x00, 0x04, 0xff, 0xfe, 0x20, 0xff, 0xff, 0xff, 0xff, 0xff, 0xff, 0xff, 0xff, 0xff, 0xb0,
    0x00, 0xaf, 0xff, 0xb0, 0xff, 0xff, 0xff, 0xff, 0xff, 0xff, 0xff, 0xff, 0xff, 0xb0, 0x00, 0x2f,
    0xff, 0xf5, 0xee, 0xee, 0xee, 0xef, 0xff, 0xfe, 0xee, 0xee, 0xee, 0xa0, 0x00, 0x08, 0xff, 0x81,
    0x00, 0x00, 0x00, 0x1f, 0xff, 0x90, 0x00, 0x00, 0x00, 0x00, 0x00, 0x01, 0xb3, 0x00, 0x00, 0x00,
    0x00, 0x4f, 0xff, 0x60, 0x00, 0x00, 0x00, 0x00, 0x00, 0x00, 0x00, 0x00, 0x0f, 0xff, 0xff, 0xff,
    0xff, 0xff, 0xff, 0xff, 0xfa, 0x00, 0x00, 0x00, 0x00, 0x00, 0x0f, 0xff, 0xff, 0xff, 0xff, 0xff,
    0xff, 0xff, 0xfa, 0x00, 0x6f, 0xff, 0xff, 0x70, 0x0f, 0xff, 0xca, 0xaa, 0xaa, 0xaa, 0xaa, 0xdf,
    0xfa, 0x00, 0x6f, 0xff, 0xff, 0x70, 0x0f, 0xff, 0x50, 0x00, 0x00, 0x00, 0x00, 0xaf, 0xfa, 0x00,
    0x6f, 0xff, 0xff, 0x70, 0x0f, 0xff, 0xff, 0xff, 0xff, 0xff, 0xff, 0xff, 0xfa, 0x00, 0x49, 0x9f,
    0xff, 0x70, 0x0f, 0xff, 0xff, 0xff, 0xff, 0xff, 0xff, 0xff, 0xfa, 0x00, 0x00, 0x0f, 0xff, 0x70,
    0x0f, 0xff, 0x73, 0x33, 0x33, 0x33, 0x33, 0xbf, 0xfa, 0x00, 0x00, 0x0f, 0xff, 0x70, 0x0f, 0xff,
    0x50, 0x00, 0x00, 0x00, 0x00, 0xaf, 0xfa, 0x00, 0x00, 0x0f, 0xff, 0x70, 0x0f, 0xff, 0x50, 0x00,
    0x00, 0x00, 0x00, 0xaf, 0xfa, 0x00, 0x00, 0x0f, 0xff, 0x70, 0x0f, 0xff, 0xff, 0xff, 0xff, 0xff,
    0xff, 0xff, 0xfa, 0x00, 0x00, 0x0f, 0xff, 0x70, 0x0f, 0xff, 0xff, 0xff, 0xff, 0xff, 0xff, 0xff,
    0xfa, 0x00, 0x00, 0x0f, 0xff, 0x70, 0x0f, 0xff, 0x73, 0x33, 0x33, 0x33, 0x33, 0xbf, 0xfa, 0x00,
    0x00, 0x1f, 0xff, 0x70, 0x0f, 0xff, 0xff, 0xff, 0xff, 0xff, 0xff, 0xff, 0xfa, 0x00, 0x02, 0xdf,
    0xff, 0xe4, 0x0f, 0xff, 0xff, 0xff, 0xff, 0xff, 0xff, 0xff, 0xfa, 0x00, 0x4e, 0xff, 0xff, 0xff,
    0xbf, 0xcb, 0xaa, 0xaa, 0xaa, 0xaa, 0xaa, 0xaa, 0xa6, 0x00, 0x4f, 0xff, 0xee, 0xff, 0xff, 0xff,
    0xff, 0xff, 0xff, 0xff, 0xff, 0xff, 0xff, 0xf7, 0x0e, 0xff, 0x43, 0xef, 0xff, 0xff, 0xff, 0xff,
    0xff, 0xff, 0xff, 0xff, 0xff, 0xf1, 0x08, 0xf6, 0x00, 0x17, 0xdf, 0xff, 0xff, 0xff, 0xff, 0xff,
    0xff, 0xff, 0xff, 0xa0, 0x03, 0x70, 0x00, 0x00, 0x02, 0x35, 0x56, 0x78, 0x89, 0x99, 0x99, 0x99,
    0x99, 0x40, 0x00, 0x00, 0x00, 0x9f, 0xff, 0xe1, 0x00, 0x00, 0x00, 0x00, 0x00, 0x00, 0x00, 0x00,
    0x00, 0x00, 0x03, 0xff, 0xff, 0xf4, 0x00, 0x00, 0xef, 0xff, 0xff, 0xff, 0xff, 0xf0, 0x00, 0x00,
    0x0b, 0xff, 0xff, 0xfe, 0x20, 0x00, 0xef, 0xff, 0xff, 0xff, 0xff, 0xf0, 0x00, 0x00, 0x6f, 0xff,
    0xff, 0xff, 0xc1, 0x00, 0xef, 0xff, 0xff, 0xff, 0xff, 0xe0, 0x00, 0x02, 0xef, 0xff, 0x4d, 0xff,
    0xfa, 0x00, 0xef, 0xfb, 0x55, 0x5e, 0xff, 0xb0, 0x00, 0x1c, 0xff, 0xf7, 0x03, 0xff, 0xff, 0x70,
    0xef, 0xf9, 0x00, 0x3f, 0xff, 0x60, 0x00, 0xaf, 0xff, 0xc0, 0x00, 0x6f, 0xff, 0xf4, 0xef, 0xf9,
    0x00, 0x7f, 0xff, 0x20, 0x08, 0xff, 0xfe, 0x26, 0xb0, 0x0a, 0xff, 0xfe, 0xff, 0xf9, 0x00, 0xbf,
    0xfd, 0x00, 0x7f, 0xff, 0xf6, 0xcf, 0xfa, 0x01, 0xdf, 0xff, 0xff, 0xf9, 0x01, 0xff, 0xf9, 0x00,
    0x7f, 0xff, 0x60, 0xdf, 0xff, 0x80, 0x3f, 0xf6, 0xef, 0xf9, 0x05, 0xff, 0xf4, 0x00, 0x0c, 0xf8,
    0x00, 0x4f, 0xff, 0xf4, 0x07, 0x60, 0xef, 0xf9, 0x09, 0xff, 0xe1, 0x00, 0x03, 0x90, 0x00, 0x09,
    0xff, 0x90, 0x00, 0x00, 0xef, 0xf9, 0x0d, 0xff, 0xe1, 0x00, 0x00, 0x00, 0x00, 0x01, 0xe7, 0x00,
    0x00, 0x00, 0xef, 0xf9, 0x06, 0xff, 0xfb, 0x00, 0x07, 0xff, 0xff, 0xff, 0xff, 0xff, 0xff, 0xd0,
    0xef, 0xf9, 0x00, 0x9f, 0xff, 0x50, 0x07, 0xff, 0xff, 0xff, 0xff, 0xff, 0xff, 0xd0, 0xef, 0xf9,
    0x00, 0x1e, 0xff, 0xc0, 0x07, 0xff, 0xff, 0xff, 0xff, 0xff, 0xff, 0xd0, 0xef, 0xf9, 0x00, 0x08,
    0xff, 0xf2, 0x02, 0x55, 0x55, 0x55, 0x55, 0xdf, 0xff, 0xa0, 0xef, 0xf9, 0x00, 0x03, 0xff, 0xf5,
    0x00, 0x00, 0xa6, 0x00, 0x06, 0xff, 0xfe, 0x10, 0xef, 0xf9, 0x00, 0x01, 0xff, 0xf6, 0x00, 0x1c,
    0xff, 0x80, 0x2e, 0xff, 0xf5, 0x00, 0xef, 0xf9, 0x00, 0x04, 0xff, 0xf6, 0x00, 0x6f, 0xff, 0xf9,
    0xcf, 0xff, 0x90, 0x00, 0xef, 0xfe, 0xdc, 0xcf, 0xff, 0xf4, 0x00, 0x07, 0xff, 0xff, 0xff, 0xfd,
    0x10, 0x00, 0xef, 0xfd, 0xff, 0xff, 0xff, 0xe0, 0x00, 0x00, 0x5f, 0xff, 0xff, 0xf4, 0x00, 0x00,
    0xef, 0xfa, 0xff, 0xff, 0xff, 0x50, 0x00, 0x00, 0x05, 0xff, 0xff, 0xe2, 0x00, 0x00, 0xef, 0xf9,
    0xcf, 0xfe, 0xb4, 0x00, 0x00, 0x00, 0x00, 0x4e, 0xff, 0xfe, 0x30, 0x00, 0xef, 0xf9, 0x00, 0x00,
    0x00, 0x00, 0x00, 0x00, 0x00, 0x04, 0xef, 0xff, 0xc0, 0x00, 0xef, 0xf9, 0x00, 0x00, 0x00, 0x00,
    0x00, 0x00, 0x00, 0x00, 0x4e, 0xfd, 0x20, 0x00, 0xef, 0xf9, 0x00, 0x00, 0x00, 0x00, 0x00, 0x00,
    0x00, 0x00, 0x04, 0xb1, 0x00, 0x00, 0xef, 0xf9, 0x00, 0x00, 0x00, 0x00, 0x00, 0x00, 0x02, 0x7a,
    0xcb, 0x00, 0x00, 0x00, 0x00, 0x00, 0x00, 0x00, 0x00, 0x00, 0x00, 0x00, 0x03, 0xff, 0xff, 0x20,
    0x00, 0x00, 0x4f, 0xff, 0xff, 0xff, 0xff, 0xf0, 0x00, 0x00, 0x00, 0xbf, 0xff, 0x70, 0x00, 0x00,
    0x4f, 0xff, 0xff, 0xff, 0xff, 0xf0, 0x0d, 0xff, 0xff, 0xff, 0xff, 0xff, 0xff, 0xf4, 0x4f, 0xff,
    0xff, 0xff, 0xff, 0xf0, 0x0d, 0xff, 0xff, 0xff, 0xff, 0xff, 0xff, 0xf4, 0x4f, 0xff, 0x63, 0x3e,
    0xff, 0xa0, 0x0d, 0xff, 0xff, 0xff, 0xff, 0xff, 0xff, 0xf4, 0x4f, 0xff, 0x40, 0x3f, 0xff, 0x50,
    0x01, 0x16, 0xd8, 0x11, 0x11, 0x6f, 0xa4, 0x10, 0x4f, 0xff, 0x40, 0x8f, 0xfe, 0x00, 0x00, 0xaf,
    0xff, 0x50, 0x00, 0xdf, 0xff, 0x50, 0x4f, 0xff, 0x40, 0xdf, 0xf8, 0x00, 0x00, 0x5f, 0xff, 0xe2,
    0x07, 0xff, 0xfb, 0x00, 0x4f, 0xff, 0x44, 0xff, 0xf2, 0x00, 0x00, 0x09, 0xfe, 0x81, 0x2e, 0xff,
    0xe2, 0x00, 0x4f, 0xff, 0x49, 0xff, 0xb0, 0x00, 0x7f, 0xff, 0xff, 0xff, 0xff, 0xff, 0xff, 0xfd,
    0x4f, 0xff, 0x5e, 0xff, 0x50, 0x00, 0x7f, 0xff, 0xff, 0xff, 0xff, 0xff, 0xff, 0xfd, 0x4f, 0xff,
    0x9f, 0xff, 0x50, 0x00, 0x7f, 0xff, 0xff, 0xff, 0xff, 0xff, 0xff, 0xfd, 0x4f, 0xff, 0x4a, 0xff,
    0xe3, 0x00, 0x01, 0x11, 0x11, 0x11, 0x11, 0x11, 0x11, 0x11, 0x4f, 0xff, 0x41, 0xdf, 0xfc, 0x00,
    0x00, 0x00, 0x00, 0x00, 0x00, 0x00, 0x00, 0x00, 0x4f, 0xff, 0x40, 0x5f, 0xff, 0x60, 0x04, 0xff,
    0xff, 0xff, 0xff, 0xff, 0xff, 0x90, 0x4f, 0xff, 0x40, 0x0c, 0xff, 0xd0, 0x04, 0xff, 0xff, 0xff,
    0xff, 0xff, 0xff, 0x90, 0x4f, 0xff, 0x40, 0x07, 0xff, 0xf3, 0x04, 0xff, 0xff, 0xff, 0xff, 0xff,
    0xff, 0x90, 0x4f, 0xff, 0x40, 0x04, 0xff, 0xf6, 0x04, 0xff, 0xf4, 0x11, 0x11, 0x1c, 0xff, 0x90,
    0x4f, 0xff, 0x40, 0x03, 0xff, 0xf7, 0x04, 0xff, 0xf3, 0x00, 0x00, 0x0c, 0xff, 0x90, 0x4f, 0xff,
    0x51, 0x19, 0xff, 0xf7, 0x04, 0xff, 0xf3, 0x00, 0x00, 0x0c, 0xff, 0x90, 0x4f, 0xff, 0x7f, 0xff,
    0xff, 0xf5, 0x04, 0xff, 0xf3, 0x00, 0x00, 0x0c, 0xff, 0x90, 0x4f, 0xff, 0x4f, 0xff, 0xff, 0xe1,
    0x04, 0xff, 0xff, 0xff, 0xff, 0xff, 0xff, 0x90, 0x4f, 0xff, 0x4d, 0xff, 0xff, 0x50, 0x04, 0xff,
    0xff, 0xff, 0xff, 0xff, 0xff, 0x90, 0x4f, 0xff, 0x48, 0xba, 0x72, 0x00, 0x04, 0xff, 0xff, 0xff,
    0xff, 0xff, 0xff, 0x90, 0x4f, 0xff, 0x40, 0x00, 0x00, 0x00, 0x04, 0xff, 0xf4, 0x11, 0x11, 0x1c,
    0xff, 0x90, 0x4f, 0xff, 0x40, 0x00, 0x00, 0x00, 0x00, 0x00, 0x00, 0x00, 0x00, 0x00, 0x00, 0x00,
    0x4f, 0xff, 0x40, 0x00, 0x00, 0x00, 0x4f, 0xff, 0xff, 0xff, 0xff, 0xff, 0xff, 0xe3, 0xff, 0xff,
    0xff, 0xff, 0xff, 0x40, 0x4f, 0xff, 0xff, 0xff, 0xff, 0xff, 0xff, 0xe3, 0xff, 0xff, 0xff, 0xff,
    0xff, 0x40, 0x4f, 0xff, 0xff, 0xff, 0xff, 0xff, 0xff, 0xe3, 0xff, 0xff, 0xff, 0xff, 0xff, 0x40,
    0x12, 0x22, 0x2f, 0xf8, 0x6f, 0xf2, 0x22, 0x21, 0x88, 0x88, 0x88, 0xaf, 0xff, 0x40, 0x00, 0x00,
    0x0f, 0xf7, 0x5f, 0xf0, 0x00, 0x00, 0x00, 0x00, 0x00, 0x4f, 0xff, 0x40, 0x00, 0x00, 0x0f, 0xf7,
    0x5f, 0xf0, 0x00, 0x00, 0x00, 0x00, 0x00, 0x4f, 0xff, 0x40, 0x08, 0xff, 0xff, 0xff, 0xff, 0xff,
    0xff, 0x80, 0x00, 0x00, 0x00, 0x4f, 0xff, 0x40, 0x08, 0xff, 0xff, 0xff, 0xff, 0xff, 0xff, 0x80,
    0x00, 0x00, 0x00, 0x4f, 0xff, 0x40, 0x08, 0xff, 0xdf, 0xfe, 0xef, 0xfd, 0xff, 0x80, 0x00, 0x00,
    0x00, 0x4f, 0xff, 0x40, 0x08, 0xfd, 0x1f, 0xf6, 0x5f, 0xf0, 0xcf, 0x80, 0xbf, 0xff, 0xff, 0xff,
    0xff, 0x40, 0x08, 0xfd, 0x2f, 0xf5, 0x5f, 0xf0, 0xcf, 0x80, 0xbf, 0xff, 0xff, 0xff, 0xff, 0x40,
    0x08, 0xfd, 0x3f, 0xf4, 0x5f, 0xf0, 0xcf, 0x80, 0xbf, 0xff, 0xff, 0xff, 0xff, 0x40, 0x08, 0xfd,
    0x6f, 0xf2, 0x5f, 0xf0, 0xcf, 0x80, 0xbf, 0xfd, 0x88, 0x88, 0x88, 0x20, 0x08, 0xfd, 0xaf, 0xf0,
    0x5f, 0xf4, 0xcf, 0x80, 0xbf, 0xfc, 0x00, 0x00, 0x00, 0x00, 0x08, 0xfe, 0xff, 0xc0, 0x3f, 0xff,
    0xff, 0x80, 0xbf, 0xfc, 0x00, 0x00, 0x00, 0x00, 0x08, 0xff, 0xef, 0x80, 0x0a, 0xff, 0xff, 0x80,
    0xbf, 0xfc, 0x00, 0x00, 0x00, 0x00, 0x08, 0xff, 0x6a, 0x20, 0x00, 0x38, 0xff, 0x80, 0xbf, 0xfc,
    0x00, 0x00, 0x00, 0x00, 0x08, 0xff, 0x50, 0x00, 0x00, 0x05, 0xff, 0x80, 0xbf, 0xfc, 0x00, 0x00,
    0xa7, 0x20, 0x08, 0xff, 0xff, 0xff, 0xff, 0xff, 0xff, 0x80, 0xbf, 0xfc, 0x00, 0x00, 0xdf, 0xf8,
    0x08, 0xff, 0xff, 0xff, 0xff, 0xff, 0xff, 0x80, 0xbf, 0xfc, 0x00, 0x00, 0xff, 0xf8, 0x08, 0xff,
    0xcb, 0xbb, 0xbb, 0xbc, 0xff, 0x80, 0xbf, 0xfc, 0x00, 0x01, 0xff, 0xf6, 0x08, 0xff, 0x50, 0x00,
    0x00, 0x05, 0xff, 0x80, 0xbf, 0xfc, 0x00, 0x04, 0xff, 0xf4, 0x08, 0xff, 0xff, 0xff, 0xff, 0xff,
    0xff, 0x80, 0xbf, 0xfe, 0x20, 0x1a, 0xff, 0xf1, 0x08, 0xff, 0xff, 0xff, 0xff, 0xff, 0xff, 0x80,
    0xaf, 0xff, 0xff, 0xff, 0xff, 0xd0, 0x08, 0xff, 0xdd, 0xdd, 0xdd, 0xdd, 0xff, 0x80, 0x6f, 0xff,
    0xff, 0xff, 0xff, 0x80, 0x08, 0xff, 0x50, 0x00, 0x00, 0x05, 0xff, 0x80, 0x0b, 0xff, 0xff, 0xff,
    0xfc, 0x10, 0x08, 0xff, 0x50, 0x00, 0x00, 0x05, 0xff, 0x80, 0x00, 0x46, 0x77, 0x76, 0x40, 0x00,
    0x4f, 0xff, 0xff, 0xff, 0xff, 0xff, 0xfd, 0x6f, 0xff, 0xff, 0xff, 0xff, 0xff, 0x70, 0x4f, 0xff,
    0xff, 0xff, 0xff, 0xff, 0xfd, 0x6f, 0xff, 0xff, 0xff, 0xff, 0xff, 0x70, 0x4f, 0xff, 0xff, 0xff,
    0xff, 0xff, 0xfd, 0x6f, 0xfe, 0xaa, 0xaa, 0xad, 0xff, 0x70, 0x12, 0x22, 0x6f, 0xe2, 0xff, 0x52,
    0x22, 0x6f, 0xfc, 0x00, 0x00, 0x0b, 0xff, 0x70, 0x00, 0x00, 0x5f, 0xd0, 0xff, 0x30, 0x00, 0x6f,
    0xff, 0xff, 0xff, 0xff, 0xff, 0x70, 0x00, 0x00, 0x5f, 0xd0, 0xff, 0x30, 0x00, 0x6f, 0xff, 0xff,
    0xff, 0xff, 0xff, 0x70, 0x09, 0xff, 0xff, 0xff, 0xff, 0xff, 0xf7, 0x6f, 0xfd, 0x44, 0x44, 0x4c,
    0xff, 0x70, 0x09, 0xff, 0xff, 0xff, 0xff, 0xff, 0xf7, 0x6f, 0xfc, 0x00, 0x00, 0x0b, 0xff, 0x70,
    0x09, 0xfe, 0xef, 0xfd, 0xff, 0xef, 0xf7, 0x6f, 0xff, 0xff, 0xff, 0xff, 0xff, 0x70, 0x09, 0xfa,
    0x6f, 0xd0, 0xff, 0x3b, 0xf7, 0x6f, 0xff, 0xff, 0xff, 0xff, 0xff, 0x70, 0x09, 0xfa, 0x6f, 0xc0,
    0xff, 0x3b, 0xf7, 0x4a, 0xaa, 0xaa, 0xaa, 0xaa, 0xaa, 0x50, 0x09, 0xfa, 0x8f, 0xb0, 0xff, 0x3b,
    0xf7, 0x0d, 0xb6, 0x0a, 0xff, 0x80, 0x00, 0x00, 0x09, 0xfa, 0x9f, 0x90, 0xff, 0x3b, 0xf7, 0x3f,
    0xfb, 0x0a, 0xff, 0x80, 0x00, 0x00, 0x09, 0xfa, 0xcf, 0x70, 0xff, 0x6b, 0xf7, 0x7f, 0xff, 0xff,
    0xff, 0xff, 0xff, 0xe0, 0x09, 0xfc, 0xff, 0x40, 0xdf, 0xff, 0xf7, 0xdf, 0xff, 0xff, 0xff, 0xff,
    0xff, 0xe0, 0x09, 0xff, 0xff, 0x10, 0x6f, 0xff, 0xfc, 0xff, 0xeb, 0xbe, 0xff, 0xdb, 0xbb, 0xa0,
    0x09, 0xff, 0x69, 0x00, 0x02, 0x7f, 0xfd, 0xde, 0x50, 0x0a, 0xff, 0x80, 0x00, 0x00, 0x09, 0xff,
    0xff, 0xff, 0xff, 0xff, 0xf7, 0x4f, 0xff, 0xff, 0xff, 0xff, 0xff, 0xd0, 0x09, 0xff, 0xff, 0xff,
    0xff, 0xff, 0xf7, 0x4f, 0xff, 0xff, 0xff, 0xff, 0xff, 0xd0, 0x09, 0xff, 0xbb, 0xbb, 0xbb, 0xcf,
    0xf7, 0x3a, 0xaa, 0xae, 0xff, 0xda, 0xaa, 0x90, 0x09, 0xff, 0x10, 0x00, 0x00, 0x3f, 0xf7, 0x00,
    0x00, 0x0a, 0xff, 0x80, 0x00, 0x00, 0x09, 0xff, 0x10, 0x00, 0x00, 0x3f, 0xf7, 0x00, 0x00, 0x0a,
    0xff, 0x80, 0x00, 0x00, 0x09, 0xff, 0xff, 0xff, 0xff, 0xff, 0xf7, 0xff, 0xff, 0xff, 0xff, 0xff,
    0xff, 0xf9, 0x09, 0xff, 0xff, 0xff, 0xff, 0xff, 0xf7, 0xff, 0xff, 0xff, 0xff, 0xff, 0xff, 0xf9,
    0x09, 0xff, 0xdd, 0xdd, 0xdd, 0xdf, 0xf7, 0xbb, 0xbb, 0xbb, 0xbb, 0xbb, 0xbb, 0xb7, 0x09, 0xff,
    0x10, 0x00, 0x00, 0x3f, 0xf7, 0x00, 0x00, 0x00, 0x00, 0x00, 0x00, 0x00, 0x03, 0x55, 0x00, 0x00,
    0x00, 0x00, 0x00, 0x00, 0x00, 0x00, 0x00, 0x00, 0x00, 0x00, 0x00, 0x00, 0x00, 0x00, 0x00, 0x02,
    0xef, 0xff, 0xf6, 0x00, 0x00, 0x00, 0x00, 0x00, 0x00, 0x00, 0x00, 0x00, 0x00, 0x2d, 0xff, 0xff,
    0xd1, 0x00, 0x00, 0x00, 0x00, 0x00, 0x00, 0x00, 0x00, 0x00, 0x02, 0xdf, 0xff, 0xff, 0xfc, 0x10,
    0x00, 0x00, 0x00, 0x00, 0x00, 0x00, 0x00, 0x00, 0x3d, 0xff, 0xfe, 0xdf, 0xff, 0xc2, 0x00, 0x00,
    0x00, 0x00, 0x00, 0x00, 0x00, 0x06, 0xff, 0xff, 0xd2, 0x1c, 0xff, 0xfe, 0x40, 0x00, 0x00, 0x00,
    0x00, 0x00, 0x02, 0xbf, 0xff, 0xfb, 0x10, 0x01, 0xbf, 0xff, 0xf8, 0x10, 0x00, 0x00, 0x00, 0x00,
    0x7e, 0xff, 0xff, 0x70, 0x00, 0x00, 0x07, 0xff, 0xff, 0xe6, 0x00, 0x00, 0x00, 0x6d, 0xff, 0xff,
    0xd3, 0x00, 0x00, 0x00, 0x00, 0x2c, 0xff, 0xff, 0xc6, 0x10, 0x5d, 0xff, 0xff, 0xff, 0xff, 0xff,
    0xff, 0xff, 0xff, 0xff, 0xff, 0xff, 0xff, 0xe6, 0x3f, 0xff, 0xfd, 0x8f, 0xff, 0xff, 0xff, 0xff,
    0xff, 0xff, 0xff, 0xff, 0xff, 0xf3, 0x08, 0xff, 0xa1, 0x4f, 0xff, 0xff, 0xff, 0xff, 0xff, 0xff,
    0xf7, 0x8e, 0xff, 0x80, 0x00, 0xb5, 0x00, 0x15, 0x55, 0x56, 0xff, 0xff, 0x55, 0x55, 0x52, 0x01,
    0x8c, 0x00, 0x00, 0x00, 0x00, 0x00, 0x00, 0x01, 0xff, 0xff, 0x00, 0x00, 0x00, 0x00, 0x00, 0x00,
    0x00, 0x00, 0x00, 0x00, 0x00, 0x01, 0xff, 0xff, 0x00, 0x00, 0x00, 0x00, 0x00, 0x00, 0x00, 0x0a,
    0xff, 0xff, 0xff, 0xff, 0xff, 0xff, 0xff, 0xff, 0xff, 0xff, 0xa0, 0x00, 0x00, 0x0a, 0xff, 0xff,
    0xff, 0xff, 0xff, 0xff, 0xff, 0xff, 0xff, 0xff, 0xa0, 0x00, 0x00, 0x0a, 0xff, 0xff, 0xff, 0xff,
    0xff, 0xff, 0xff, 0xff, 0xff, 0xff, 0xa0, 0x00, 0x00, 0x03, 0x55, 0xbf, 0x65, 0x56, 0xff, 0xff,
    0x55, 0x55, 0xc8, 0x10, 0x00, 0x00, 0x00, 0x00, 0x3c, 0xff, 0x90, 0x01, 0xff, 0xff, 0x00, 0x06,
    0xff, 0xe6, 0x00, 0x00, 0x00, 0x00, 0x5f, 0xff, 0xf4, 0x01, 0xff, 0xff, 0x00, 0x2e, 0xff, 0xf6,
    0x00, 0x00, 0x00, 0x00, 0x09, 0xff, 0xfe, 0x11, 0xff, 0xff, 0x00, 0xbf, 0xff, 0xb0, 0x00, 0x00,
    0x00, 0x00, 0x01, 0xef, 0xfb, 0x21, 0xff, 0xff, 0x02, 0xdf, 0xfe, 0x20, 0x00, 0x00, 0x00, 0x00,
    0x00, 0x5f, 0x70, 0x01, 0xff, 0xff, 0x00, 0x18, 0xf5, 0x00, 0x00, 0x00, 0x0d, 0xff, 0xff, 0xff,
    0xff, 0xff, 0xff, 0xff, 0xff, 0xff, 0xff, 0xff, 0xff, 0xe0, 0x0d, 0xff, 0xff, 0xff, 0xff, 0xff,
    0xff, 0xff, 0xff, 0xff, 0xff, 0xff, 0xff, 0xe0, 0x0d, 0xff, 0xff, 0xff, 0xff, 0xff, 0xff, 0xff,
    0xff, 0xff, 0xff, 0xff, 0xff, 0xe0, 0x04, 0x55, 0x55, 0x55, 0x55, 0x55, 0x55, 0x55, 0x55, 0x55,
    0x55, 0x55, 0x55, 0x50, 0x00, 0x04, 0xda, 0x73, 0x00, 0x00, 0x00, 0x00, 0x0e, 0xff, 0xc0, 0x00,
    0x00, 0x00, 0x00, 0x08, 0xff, 0xf4, 0x00, 0x00, 0x00, 0x00, 0x0e, 0xff, 0xc0, 0x00, 0x00, 0x00,
    0x00, 0x0c, 0xff, 0xd0, 0x00, 0x00, 0x00, 0x00, 0x0e, 0xff, 0xc0, 0x00, 0x00, 0x00, 0x00, 0x3f,
    0xff, 0xff, 0xff, 0x70, 0x00, 0x00, 0x0e, 0xff, 0xc0, 0x00, 0x00, 0x00, 0x00, 0x8f, 0xff, 0xff,
    0xff, 0x70, 0x00, 0x00, 0x0e, 0xff, 0xc0, 0x00, 0x00, 0x00, 0x01, 0xef, 0xff, 0xff, 0xff, 0x8f,
    0xff, 0xff, 0xff, 0xff, 0xff, 0xff, 0xff, 0xf0, 0x07, 0xff, 0xf4, 0x11, 0x11, 0x1f, 0xff, 0xff,
    0xff, 0xff, 0xff, 0xff, 0xff, 0xf0, 0x1e, 0xff, 0xb0, 0x00, 0x00, 0x1f, 0xff, 0xff, 0xff, 0xff,
    0xff, 0xff, 0xff, 0xf0, 0x8f, 0xff, 0xff, 0xff, 0xfa, 0x1f, 0xff, 0xb5, 0x5e, 0xff, 0xd5, 0x5c,
    0xff, 0xf0, 0x6f, 0xff, 0xff, 0xff, 0xfa, 0x1f, 0xff, 0x90, 0x0e, 0xff, 0xc0, 0x0b, 0xff, 0xf0,
    0x2f, 0xff, 0xff, 0xff, 0xfa, 0x1f, 0xff, 0x90, 0x0e, 0xff, 0xc0, 0x0b, 0xff, 0xf0, 0x0e, 0x76,
    0xff, 0xf7, 0x11, 0x1f, 0xff, 0x90, 0x0e, 0xff, 0xc0, 0x0b, 0xff, 0xf0, 0x07, 0x05, 0xff, 0xf6,
    0x00, 0x1f, 0xff, 0x90, 0x0e, 0xff, 0xc0, 0x0b, 0xff, 0xf0, 0x8f, 0xff, 0xff, 0xff, 0xff, 0x5f,
    0xff, 0x90, 0x0e, 0xff, 0xc0, 0x0b, 0xff, 0xf0, 0x8f, 0xff, 0xff, 0xff, 0xff, 0x5f, 0xff, 0x90,
    0x0e, 0xff, 0xc0, 0x0b, 0xff, 0xf0, 0x8f, 0xff, 0xff, 0xff, 0xff, 0x5f, 0xff, 0xff, 0xff, 0xff,
    0xff, 0xff, 0xff, 0xf0, 0x11, 0x16, 0xff, 0xf7, 0x11, 0x1f, 0xff, 0xff, 0xff, 0xff, 0xff, 0xff,
    0xff, 0xf0, 0x00, 0x05, 0xff, 0xf6, 0x00, 0x1f, 0xff, 0xff, 0xff, 0xff, 0xff, 0xff, 0xff, 0xf0,
    0x00, 0x05, 0xff, 0xf6, 0x00, 0x1f, 0xff, 0xb5, 0x5e, 0xff, 0xd5, 0x5c, 0xff, 0xf0, 0x00, 0x05,
    0xff, 0xf6, 0x00, 0x1f, 0xff, 0x90, 0x0e, 0xff, 0xc0, 0x0b, 0xff, 0xf0, 0x00, 0x05, 0xff, 0xf6,
    0x17, 0x70, 0x00, 0x00, 0x0e, 0xff, 0xc0, 0x00, 0x00, 0x00, 0x00, 0x05, 0xff, 0xfb, 0xef, 0x90,
    0x00, 0x00, 0x0e, 0xff, 0xc0, 0x00, 0x00, 0x00, 0x00, 0x07, 0xff, 0xff, 0xff, 0xb0, 0x00, 0x00,
    0x0e, 0xff, 0xc0, 0x00, 0x00, 0x00, 0x00, 0x0a, 0xff, 0xff, 0xff, 0xa0, 0x00, 0x00, 0x0e, 0xff,
    0xc0, 0x00, 0x00, 0x00, 0x00, 0x1f, 0xff, 0xff, 0xc4, 0x00, 0x00, 0x00, 0x0e, 0xff, 0xc0, 0x00,
    0x00, 0x00, 0x00, 0x05, 0xff, 0xd5, 0x00, 0x00, 0x00, 0x00, 0x0e, 0xff, 0xc0, 0x00, 0x00, 0x00,
    0x00, 0x00, 0x79, 0x10, 0x00, 0x00, 0x00, 0x00, 0x0e, 0xff, 0xc0, 0x00, 0x00, 0x00, 0x00, 0x09,
    0xc8, 0x40, 0x02, 0x6a, 0xb0, 0x00, 0x00, 0xbc, 0xa4, 0x00, 0x00, 0x00, 0x00, 0x0d, 0xff, 0x70,
    0x05, 0xff, 0xf1, 0x00, 0x01, 0xff, 0xf4, 0x00, 0x00, 0x00, 0x00, 0x2f, 0xff, 0x40, 0x01, 0xff,
    0xf6, 0x00, 0x04, 0xff, 0xf1, 0x00, 0x00, 0x00, 0x00, 0x6f, 0xff, 0x00, 0x00, 0xcf, 0xfa, 0x0e,
    0xff, 0xff, 0xff, 0xff, 0xff, 0xf0, 0x00, 0xaf, 0xff, 0xff, 0xf7, 0x8f, 0xfe, 0x0e, 0xff, 0xff,
    0xff, 0xff, 0xff, 0xf0, 0x01, 0xef, 0xff, 0xff, 0xf7, 0x4f, 0xff, 0x3e, 0xff, 0xff, 0xff, 0xff,
    0xff, 0xf0, 0x05, 0xff, 0xff, 0xff, 0xf7, 0x1f, 0xff, 0x72, 0x7f, 0xfd, 0x33, 0x33, 0x33, 0x20,
    0x0b, 0xff, 0xa1, 0x11, 0x10, 0x0b, 0xa6, 0x10, 0x9f, 0xf9, 0x00, 0x00, 0x00, 0x00, 0x2f, 0xff,
    0x30, 0x00, 0x00, 0x00, 0x00, 0x00, 0xdf, 0xf4, 0xef, 0xf4, 0x00, 0x00, 0x8f, 0xff, 0xff, 0xff,
    0x80, 0x00, 0x00, 0x02, 0xff, 0xe0, 0xef, 0xf4, 0x00, 0x00, 0x7f, 0xff, 0xff, 0xff, 0x8d, 0xff,
    0xff, 0x37, 0xff, 0xa0, 0xef, 0xf4, 0x00, 0x00, 0x3f, 0xff, 0xff, 0xff, 0x8d, 0xff, 0xff, 0x3b,
    0xff, 0xff, 0xff, 0xff, 0xff, 0xb0, 0x0e, 0x3c, 0xff, 0x81, 0x1d, 0xff, 0xff, 0x3b, 0xff, 0xff,
    0xff, 0xff, 0xff, 0xb0, 0x06, 0x0b, 0xff, 0x80, 0x06, 0x9f, 0xff, 0x3b, 0xff, 0xff, 0xff, 0xff,
    0xff, 0xb0, 0x8f, 0xff, 0xff, 0xff, 0xf4, 0x3f, 0xff, 0x32, 0x33, 0x33, 0xef, 0xf6, 0x33, 0x20,
    0x8f, 0xff, 0xff, 0xff, 0xf4, 0x3f, 0xff, 0x30, 0x00, 0x00, 0xef, 0xf4, 0x00, 0x00, 0x8f, 0xff,
    0xff, 0xff, 0xf4, 0x3f, 0xff, 0x3d, 0xff, 0xff, 0xff, 0xff, 0xff, 0xf4, 0x11, 0x1c, 0xff, 0x81,
    0x10, 0x3f, 0xff, 0x3d, 0xff, 0xff, 0xff, 0xff, 0xff, 0xf4, 0x00, 0x0b, 0xff, 0x80, 0x00, 0x3f,
    0xff, 0x3d, 0xff, 0xff, 0xff, 0xff, 0xff, 0xf4, 0x00, 0x0b, 0xff, 0x81, 0x90, 0x3f, 0xff, 0x32,
    0x33, 0x33, 0xef, 0xf6, 0x33, 0x31, 0x00, 0x0b, 0xff, 0xad, 0xe0, 0x4f, 0xff, 0x30, 0x00, 0x00,
    0xef, 0xf4, 0x00, 0x00, 0x00, 0x0b, 0xff, 0xff, 0xf4, 0xef, 0xff, 0xb1, 0x00, 0x00, 0x00, 0x00,
    0x00, 0x00, 0x00, 0x0c, 0xff, 0xff, 0xff, 0xff, 0xff, 0xfd, 0x73, 0x10, 0x00, 0x01, 0x11, 0x11,
    0x00, 0x1e, 0xff, 0xfe, 0x7f, 0xff, 0xdf, 0xff, 0xff, 0xff, 0xff, 0xff, 0xff, 0xf6, 0x00, 0x5f,
    0xff, 0xc2, 0x0c, 0xfe, 0x29, 0xff, 0xff, 0xff, 0xff, 0xff, 0xff, 0xf2, 0x00, 0x0b, 0xfb, 0x10,
    0x05, 0xf7, 0x00, 0x5c, 0xff, 0xff, 0xff, 0xff, 0xff, 0xd0, 0x00, 0x01, 0xa1, 0x00, 0x00, 0xb0,
    0x00, 0x00, 0x13, 0x44, 0x44, 0x44, 0x44, 0x30, 0x00, 0x00, 0x00, 0x00, 0x00, 0x00, 0x00, 0x00,
    0x00, 0x00, 0x00, 0x00, 0x00, 0x00, 0x00, 0x0d, 0xa7, 0x20, 0x00, 0x00, 0x00, 0x00, 0x00, 0x8f,
    0xf8, 0x00, 0x00, 0x00, 0x00, 0x3f, 0xff, 0x30, 0x00, 0x00, 0x00, 0x00, 0x00, 0x8f, 0xf8, 0x00,
    0x00, 0x00, 0x00, 0x7f, 0xfe, 0x00, 0x5f, 0xff, 0xff, 0x6b, 0xff, 0xff, 0xff, 0xff, 0xff, 0x40,
    0x00, 0xcf, 0xfa, 0x00, 0x5f, 0xff, 0xff, 0x6b, 0xff, 0xff, 0xff, 0xff, 0xff, 0x40, 0x01, 0xff,
    0xff, 0xff, 0x9d, 0xdf, 0xff, 0x65, 0x77, 0xcf, 0xfb, 0x79, 0xff, 0x40, 0x06, 0xff, 0xff, 0xff,
    0x40, 0x2f, 0xff, 0x20, 0x00, 0x8f, 0xf8, 0x04, 0xff, 0x40, 0x0c, 0xff, 0xed, 0xdd, 0x40, 0xaf,
    0xf9, 0xcf, 0xff, 0xff, 0xff, 0xff, 0xff, 0xf5, 0x3f, 0xff, 0x30, 0x00, 0x03, 0xff, 0xe1, 0xcf,
    0xff, 0xff, 0xff, 0xff, 0xff, 0xf5, 0x9f, 0xfc, 0x00, 0x00, 0x0a, 0xff, 0x80, 0x68, 0x88, 0xcf,
    0xfb, 0x89, 0xff, 0xa2, 0x7f, 0xff, 0xff, 0xff, 0x4f, 0xfe, 0x10, 0x00, 0x00, 0x8f, 0xf8, 0x04,
    0xff, 0x40, 0x4f, 0xff, 0xff, 0xff, 0x7f, 0xff, 0xff, 0x8c, 0xff, 0xff, 0xff, 0xff, 0xff, 0x40,
    0x1f, 0xef, 0xfe, 0xdd, 0x7f, 0xff, 0xff, 0x7c, 0xff, 0xff, 0xff, 0xff, 0xff, 0x40, 0x07, 0x5f,
    0xfa, 0x00, 0x6c, 0xcd, 0xff, 0x76, 0x77, 0xcf, 0xfb, 0x77, 0x77, 0x20, 0x00, 0x5f, 0xfa, 0x00,
    0x00, 0x05, 0xff, 0x70, 0x00, 0x8f, 0xf8, 0x00, 0x00, 0x00, 0x8f, 0xff, 0xff, 0xff, 0xb0, 0x05,
    0xff, 0x6e, 0xff, 0xff, 0xff, 0xff, 0xff, 0x60, 0x8f, 0xff, 0xff, 0xff, 0xb0, 0x07, 0xff, 0x4e,
    0xff, 0xff, 0xff, 0xff, 0xff, 0x60, 0x7d, 0xdf, 0xfe, 0xdd, 0xcb, 0x39, 0xff, 0x28, 0x99, 0xcf,
    0xfc, 0x99, 0x99, 0x40, 0x00, 0x5f, 0xfa, 0x01, 0xef, 0xcc, 0xfe, 0x00, 0x00, 0x8f, 0xf8, 0x00,
    0x00, 0x00, 0x00, 0x5f, 0xfa, 0x00, 0x9f, 0xff, 0xfc, 0x7f, 0xff, 0xff, 0xff, 0xff, 0xff, 0xc0,
    0x00, 0x5f, 0xfa, 0x09, 0x2f, 0xff, 0xf7, 0x7f, 0xff, 0xff, 0xff, 0xff, 0xff, 0xc0, 0x00, 0x5f,
    0xfb, 0xbf, 0x08, 0xff, 0xf5, 0x49, 0x99, 0xcf, 0xfc, 0x99, 0x99, 0x70, 0x00, 0x5f, 0xff, 0xff,
    0x27, 0xff, 0xfe, 0x60, 0x00, 0x8f, 0xf8, 0x00, 0x00, 0x00, 0x00, 0x7f, 0xff, 0xfa, 0x4f, 0xff,
    0xff, 0xfe, 0x85, 0x21, 0x00, 0x00, 0x11, 0x11, 0x00, 0xdf, 0xff, 0x74, 0xef, 0xfd, 0xdf, 0xff,
    0xff, 0xff, 0xff, 0xff, 0xff, 0xf7, 0x00, 0x9f, 0xf5, 0x5f, 0xff, 0xf3, 0x19, 0xef, 0xff, 0xff,
    0xff, 0xff, 0xff, 0xf2, 0x00, 0x0a, 0x40, 0x1b, 0xff, 0x60, 0x00, 0x16, 0xad, 0xff, 0xff, 0xff,
    0xff, 0xd0, 0x00, 0x00, 0x00, 0x00, 0x97, 0x00, 0x00, 0x00, 0x00, 0x01, 0x22, 0x22, 0x22, 0x20,
    0x00, 0x00, 0x01, 0x5b, 0x90, 0x00, 0x00, 0x00, 0x00, 0x00, 0x00, 0x00, 0x00, 0x00, 0x00, 0x00,
    0x1e, 0xff, 0xf4, 0x02, 0xff, 0xff, 0xff, 0xff, 0xff, 0xff, 0xff, 0x80, 0x00, 0x00, 0x09, 0xff,
    0xfc, 0x02, 0xff, 0xff, 0xff, 0xff, 0xff, 0xff, 0xff, 0x80, 0x00, 0x00, 0x01, 0xef, 0xff, 0x62,
    0xff, 0xff, 0xff, 0xff, 0xff, 0xff, 0xff, 0x80, 0x08, 0xff, 0xf5, 0x8f, 0xff, 0x91, 0x55, 0x55,
    0x55, 0x55, 0x55, 0x8f, 0xff, 0x80, 0x08, 0xff, 0xf5, 0x1d, 0x72, 0x00, 0x00, 0x00, 0x00, 0x00,
    0x00, 0x4f, 0xff, 0x80, 0x08, 0xff, 0xf5, 0x00, 0x00, 0x00, 0x00, 0x0b, 0xff, 0xb0, 0x00, 0x4f,
    0xff, 0x80, 0x08, 0xff, 0xf5, 0x00, 0x00, 0x00, 0x00, 0x0b, 0xff, 0xb0, 0x00, 0x4f, 0xff, 0x80,
    0x08, 0xff, 0xf5, 0x00, 0x00, 0x00, 0x00, 0x0b, 0xff, 0xb0, 0x00, 0x4f, 0xff, 0x80, 0x08, 0xff,
    0xf5, 0x6f, 0xff, 0xff, 0xff, 0xff, 0xff, 0xff, 0xfb, 0x4f, 0xff, 0x80, 0x08, 0xff, 0xf5, 0x6f,
    0xff, 0xff, 0xff, 0xff, 0xff, 0xff, 0xfb, 0x4f, 0xff, 0x80, 0x08, 0xff, 0xf5, 0x6f, 0xff, 0xff,
    0xff, 0xff, 0xff, 0xff, 0xfb, 0x4f, 0xff, 0x80, 0x08, 0xff, 0xf5, 0x12, 0x22, 0x22, 0x9f, 0xff,
    0xff, 0xc2, 0x21, 0x4f, 0xff, 0x80, 0x08, 0xff, 0xf5, 0x00, 0x00, 0x03, 0xff, 0xfc, 0xff, 0xb0,
    0x00, 0x4f, 0xff, 0x80, 0x08, 0xff, 0xf5, 0x00, 0x00, 0x0c, 0xff, 0x8b, 0xff, 0xb0, 0x00, 0x4f,
    0xff, 0x80, 0x08, 0xff, 0xf5, 0x00, 0x00, 0xaf, 0xfe, 0x1b, 0xff, 0xb0, 0x00, 0x4f, 0xff, 0x80,
    0x08, 0xff, 0xf5, 0x00, 0x08, 0xff, 0xf7, 0x0b, 0xff, 0xb0, 0x00, 0x4f, 0xff, 0x80, 0x08, 0xff,
    0xf5, 0x00, 0x9f, 0xff, 0xb0, 0x0b, 0xff, 0xb0, 0x00, 0x4f, 0xff, 0x80, 0x08, 0xff, 0xf5, 0x1a,
    0xff, 0xfe, 0x20, 0x0b, 0xff, 0xb0, 0x00, 0x4f, 0xff, 0x80, 0x08, 0xff, 0xf9, 0xef, 0xff, 0xe3,
    0x00, 0x0b, 0xff, 0xb0, 0x00, 0x4f, 0xff, 0x80, 0x08, 0xff, 0xfb, 0xff, 0xff, 0x40, 0x00, 0x0b,
    0xff, 0xb0, 0x00, 0x4f, 0xff, 0x80, 0x08, 0xff, 0xf5, 0xdf, 0xe4, 0x00, 0x00, 0x1d, 0xff, 0xb0,
    0x00, 0x4f, 0xff, 0x80, 0x08, 0xff, 0xf5, 0x5c, 0x20, 0x0b, 0xff, 0xff, 0xff, 0xb0, 0x00, 0x5f,
    0xff, 0x70, 0x08, 0xff, 0xf5, 0x01, 0x00, 0x07, 0xff, 0xff, 0xff, 0x80, 0x02, 0xbf, 0xff, 0x70,
    0x08, 0xff, 0xf5, 0x00, 0x00, 0x04, 0xff, 0xff, 0xfc, 0xef, 0xff, 0xff, 0xff, 0x40, 0x08, 0xff,
    0xf5, 0x00, 0x00, 0x01, 0x77, 0x66, 0x40, 0xbf, 0xff, 0xff, 0xfd, 0x00, 0x08, 0xff, 0xf5, 0x00,
    0x00, 0x00, 0x00, 0x00, 0x00, 0x8f, 0xff, 0xff, 0xe3, 0x00, 0x08, 0xff, 0xf5, 0x00, 0x00, 0x00,
    0x00, 0x00, 0x00, 0x4a, 0xa9, 0x85, 0x10, 0x00, 0x00, 0x00, 0x01, 0x5b, 0xa0, 0x00, 0x00, 0x00,
    0x00, 0x00, 0x00, 0x00, 0x00, 0x00, 0x00, 0x00, 0x1e, 0xff, 0xf7, 0x02, 0xff, 0xff, 0xff, 0xff,
    0xff, 0xff, 0xff, 0x80, 0x00, 0x00, 0x06, 0xff, 0xff, 0x32, 0xff, 0xff, 0xff, 0xff, 0xff, 0xff,
    0xff, 0x80, 0x08, 0xff, 0xf5, 0xbf, 0xff, 0x92, 0xff, 0xff, 0xff, 0xff, 0xff, 0xff, 0xff, 0x80,
    0x08, 0xff, 0xf5, 0x2d, 0x72, 0x01, 0x55, 0x55, 0x55, 0x55, 0x55, 0x8f, 0xff, 0x80, 0x08, 0xff,
    0xf5, 0x00, 0x00, 0x00, 0x00, 0x00, 0x00, 0x00, 0x00, 0x4f, 0xff, 0x80, 0x08, 0xff, 0xf5, 0x03,
    0xff, 0xff, 0xff, 0xff, 0xff, 0xff, 0x10, 0x4f, 0xff, 0x80, 0x08, 0xff, 0xf5, 0x03, 0xff, 0xff,
    0xff, 0xff, 0xff, 0xff, 0x10, 0x4f, 0xff, 0x80, 0x08, 0xff, 0xf5, 0x03, 0xff, 0xff, 0xff, 0xff,
    0xff, 0xff, 0x10, 0x4f, 0xff, 0x80, 0x08, 0xff, 0xf5, 0x03, 0xff, 0xf5, 0x11, 0x11, 0x7f, 0xff,
    0x10, 0x4f, 0xff, 0x80, 0x08, 0xff, 0xf5, 0x03, 0xff, 0xf4, 0x00, 0x00, 0x6f, 0xff, 0x10, 0x4f,
    0xff, 0x80, 0x08, 0xff, 0xf5, 0x03, 0xff, 0xf4, 0x00, 0x00, 0x6f, 0xff, 0x10, 0x4f, 0xff, 0x80,
    0x08, 0xff, 0xf5, 0x03, 0xff, 0xff, 0xff, 0xff, 0xff, 0xff, 0x10, 0x4f, 0xff, 0x80, 0x08, 0xff,
    0xf5, 0x03, 0xff, 0xff, 0xff, 0xff, 0xff, 0xff, 0x10, 0x4f, 0xff, 0x80, 0x08, 0xff, 0xf5, 0x03,
    0xff, 0xff, 0xff, 0xff, 0xff, 0xff, 0x10, 0x4f, 0xff, 0x80, 0x08, 0xff, 0xf5, 0x03, 0xff, 0xf5,
    0x11, 0x11, 0x7f, 0xff, 0x10, 0x4f, 0xff, 0x80, 0x08, 0xff, 0xf5, 0x03, 0xff, 0xf4, 0x00, 0x00,
    0x6f, 0xff, 0x10, 0x4f, 0xff, 0x80, 0x08, 0xff, 0xf5, 0x03, 0xff, 0xf4, 0x00, 0x00, 0x6f, 0xff,
    0x10, 0x4f, 0xff, 0x80, 0x08, 0xff, 0xf5, 0x03, 0xff, 0xf4, 0x00, 0x00, 0x6f, 0xff, 0x10, 0x4f,
    0xff, 0x80, 0x08, 0xff, 0xf5, 0x03, 0xff, 0xff, 0xff, 0xff, 0xff, 0xff, 0x10, 0x4f, 0xff, 0x80,
    0x08, 0xff, 0xf5, 0x03, 0xff, 0xff, 0xff, 0xff, 0xff, 0xff, 0x10, 0x4f, 0xff, 0x80, 0x08, 0xff,
    0xf5, 0x03, 0xff, 0xff, 0xff, 0xff, 0xff, 0xff, 0x10, 0x4f, 0xff, 0x80, 0x08, 0xff, 0xf5, 0x03,
    0xff, 0xf5, 0x11, 0x11, 0x11, 0x11, 0x00, 0x5f, 0xff, 0x70, 0x08, 0xff, 0xf5, 0x03, 0xff, 0xf4,
    0x00, 0x00, 0x00, 0x00, 0x02, 0xbf, 0xff, 0x60, 0x08, 0xff, 0xf5, 0x00, 0x00, 0x00, 0x00, 0x00,
    0x7f, 0xff, 0xff, 0xff, 0xff, 0x40, 0x08, 0xff, 0xf5, 0x00, 0x00, 0x00, 0x00, 0x00, 0x4f, 0xff,
    0xff, 0xff, 0xfd, 0x00, 0x08, 0xff, 0xf5, 0x00, 0x00, 0x00, 0x00, 0x00, 0x0f, 0xff, 0xff, 0xff,
    0xe3, 0x00, 0x08, 0xff, 0xf5, 0x00, 0x00, 0x00, 0x00, 0x00, 0x09, 0xba, 0xa9, 0x85, 0x10, 0x00,
    0x00, 0x00, 0x02, 0x9a, 0x00, 0x00, 0x00, 0x00, 0x00, 0x00, 0x00, 0x00, 0x00, 0x00, 0x00, 0x00,
    0x7f, 0xff, 0x50, 0x0f, 0xff, 0xff, 0xff, 0xff, 0xff, 0xff, 0xff, 0x80, 0x00, 0x00, 0x2e, 0xff,
    0xd1, 0x0f, 0xff, 0xff, 0xff, 0xff, 0xff, 0xff, 0xff, 0x80, 0x00, 0x00, 0x07, 0xff, 0xf8, 0x0f,
    0xff, 0xff, 0xff, 0xff, 0xff, 0xff, 0xff, 0x80, 0x05, 0x99, 0x90, 0xdb, 0x50, 0x00, 0x00, 0x00,
    0x00, 0x00, 0x00, 0x0f, 0xff, 0x80, 0x08, 0xff, 0xf0, 0x16, 0x00, 0x01, 0x22, 0x35, 0x67, 0x9b,
    0xd8, 0x0f, 0xff, 0x80, 0x08, 0xff, 0xf1, 0xcf, 0xb1, 0x7f, 0xff, 0xff, 0xff, 0xff, 0xfb, 0x0f,
    0xff, 0x80, 0x08, 0xff, 0xf8, 0xff, 0xfd, 0x5f, 0xff, 0xff, 0xff, 0xff, 0xdb, 0x0f, 0xff, 0x80,
    0x08, 0xff, 0xf0, 0x8f, 0xf9, 0x1b, 0xa8, 0x9f, 0xff, 0x20, 0x00, 0x0f, 0xff, 0x80, 0x08, 0xff,
    0xf0, 0x06, 0x90, 0x00, 0x00, 0x4f, 0xff, 0x10, 0x00, 0x0f, 0xff, 0x80, 0x08, 0xff, 0xf1, 0xc7,
    0x00, 0x9f, 0xff, 0xff, 0xff, 0xff, 0xff, 0x8f, 0xff, 0x80, 0x08, 0xff, 0xfc, 0xff, 0x80, 0x9f,
    0xff, 0xff, 0xff, 0xff, 0xff, 0x8f, 0xff, 0x80, 0x08, 0xff, 0xfd, 0xff, 0xf8, 0x7c, 0xcc, 0xdf,
    0xff, 0xcc, 0xcc, 0x6f, 0xff, 0x80, 0x08, 0xff, 0xf3, 0xef, 0xe3, 0x00, 0x00, 0x4f, 0xff, 0x10,
    0x00, 0x0f, 0xff, 0x80, 0x08, 0xff, 0xf0, 0x4e, 0x30, 0x00, 0x00, 0x4f, 0xff, 0x10, 0x00, 0x0f,
    0xff, 0x80, 0x08, 0xff, 0xf0, 0x05, 0x10, 0x1f, 0xff, 0xff, 0xff, 0xff, 0xff, 0x0f, 0xff, 0x80,
    0x08, 0xff, 0xf0, 0x0e, 0xfc, 0x3f, 0xff, 0xff, 0xff, 0xff, 0xff, 0x0f, 0xff, 0x80, 0x08, 0xff,
    0xf0, 0x3f, 0xff, 0x1f, 0xff, 0xbb, 0xbb, 0xdf, 0xff, 0x0f, 0xff, 0x80, 0x08, 0xff, 0xf0, 0x7f,
    0xfd, 0x1f, 0xfd, 0x00, 0x00, 0x6f, 0xff, 0x0f, 0xff, 0x80, 0x08, 0xff, 0xf0, 0xaf, 0xfa, 0x1f,
    0xff, 0xbb, 0xbb, 0xdf, 0xff, 0x0f, 0xff, 0x80, 0x08, 0xff, 0xf0, 0xef, 0xf7, 0x1f, 0xff, 0xff,
    0xff, 0xff, 0xff, 0x0f, 0xff, 0x80, 0x08, 0xff, 0xf3, 0xff, 0xf5, 0x1f, 0xff, 0xff, 0xff, 0xff,
    0xff, 0x0f, 0xff, 0x70, 0x08, 0xff, 0xf3, 0x9d, 0xf2, 0x1c, 0xcc, 0x10, 0x00, 0x00, 0x00, 0x1f,
    0xff, 0x70, 0x08, 0xff, 0xf0, 0x00, 0x20, 0x00, 0x00, 0x00, 0x05, 0x54, 0x45, 0xbf, 0xff, 0x50,
    0x08, 0xff, 0xf0, 0x00, 0x00, 0x00, 0x00, 0x00, 0x0b, 0xff, 0xff, 0xff, 0xff, 0x10, 0x08, 0xff,
    0xf0, 0x00, 0x00, 0x00, 0x00, 0x00, 0x07, 0xff, 0xff, 0xff, 0xf8, 0x00, 0x00, 0x00, 0x00, 0x00,
    0x00, 0x00, 0x00, 0x00, 0x05, 0xff, 0xee, 0xda, 0x50, 0x00, 0x00, 0x00, 0x00, 0x00, 0x00, 0x00,
    0x00, 0x00, 0x9f, 0xff, 0x60, 0x00, 0x00, 0x00, 0x07, 0xff, 0xff, 0xff, 0xff, 0xfe, 0x00, 0x00,
    0x9f, 0xff, 0x60, 0x00, 0x00, 0x00, 0x07, 0xff, 0xff, 0xff, 0xff, 0xfe, 0x00, 0x00, 0xaf, 0xff,
    0x50, 0x00, 0x00, 0x00, 0x07, 0xff, 0xff, 0xff, 0xff, 0xfe, 0x00, 0x00, 0xaf, 0xff, 0x50, 0x00,
    0x00, 0x00, 0x07, 0xff, 0xf4, 0x33, 0xff, 0xfa, 0x00, 0x00, 0xaf, 0xff, 0x50, 0x00, 0x00, 0x00,
    0x07, 0xff, 0xf2, 0x05, 0xff, 0xf5, 0x00, 0x00, 0xaf, 0xff, 0x40, 0x00, 0x00, 0x00, 0x07, 0xff,
    0xf2, 0x09, 0xff, 0xe1, 0x00, 0x00, 0xbf, 0xff, 0x30, 0x00, 0x00, 0x00, 0x07, 0xff, 0xf2, 0x0e,
    0xff, 0xa0, 0x00, 0x00, 0xcf, 0xff, 0x30, 0x00, 0x00, 0x00, 0x07, 0xff, 0xf2, 0x4f, 0xff, 0x50,
    0x00, 0x00, 0xdf, 0xff, 0x60, 0x00, 0x00, 0x00, 0x07, 0xff, 0xf2, 0x8f, 0xfe, 0x10, 0x00, 0x00,
    0xef, 0xff, 0x80, 0x00, 0x00, 0x00, 0x07, 0xff, 0xf2, 0xdf, 0xfa, 0x00, 0x00, 0x01, 0xff, 0xff,
    0xb0, 0x00, 0x00, 0x00, 0x07, 0xff, 0xf2, 0x9f, 0xfe, 0x30, 0x00, 0x03, 0xff, 0xff, 0xe0, 0x00,
    0x00, 0x00, 0x07, 0xff, 0xf2, 0x0c, 0xff, 0xc0, 0x00, 0x05, 0xff, 0xff, 0xf3, 0x00, 0x00, 0x00,
    0x07, 0xff, 0xf2, 0x03, 0xff, 0xf5, 0x00, 0x08, 0xff, 0xff, 0xf6, 0x00, 0x00, 0x00, 0x07, 0xff,
    0xf2, 0x00, 0xcf, 0xfb, 0x00, 0x0c, 0xff, 0xff, 0xfb, 0x00, 0x00, 0x00, 0x07, 0xff, 0xf2, 0x00,
    0x9f, 0xfe, 0x00, 0x2f, 0xff, 0xbf, 0xff, 0x10, 0x00, 0x00, 0x07, 0xff, 0xf2, 0x01, 0xcf, 0xff,
    0x00, 0x8f, 0xff, 0x4f, 0xff, 0x60, 0x00, 0x00, 0x07, 0xff, 0xfe, 0xff, 0xff, 0xfd, 0x01, 0xef,
    0xfd, 0x0b, 0xff, 0xd0, 0x00, 0x00, 0x07, 0xff, 0xf9, 0xff, 0xff, 0xf8, 0x09, 0xff, 0xf7, 0x06,
    0xff, 0xf6, 0x00, 0x00, 0x07, 0xff, 0xf4, 0xff, 0xfe, 0x80, 0x5f, 0xff, 0xe1, 0x00, 0xef, 0xfe,
    0x10, 0x00, 0x07, 0xff, 0xf2, 0x88, 0x51, 0x03, 0xef, 0xff, 0x60, 0x00, 0x8f, 0xff, 0xb0, 0x00,
    0x07, 0xff, 0xf2, 0x00, 0x00, 0x3e, 0xff, 0xfc, 0x00, 0x00, 0x1e, 0xff, 0xfa, 0x00, 0x07, 0xff,
    0xf2, 0x00, 0x05, 0xef, 0xff, 0xe2, 0x00, 0x00, 0x06, 0xff, 0xff, 0xb1, 0x07, 0xff, 0xf2, 0x00,
    0x4f, 0xff, 0xff, 0x50, 0x00, 0x00, 0x00, 0xbf, 0xff, 0xf7, 0x07, 0xff, 0xf2, 0x00, 0x0c, 0xff,
    0xf7, 0x00, 0x00, 0x00, 0x00, 0x2e, 0xff, 0xc0, 0x07, 0xff, 0xf2, 0x00, 0x02, 0xef, 0x80, 0x00,
    0x00, 0x00, 0x00, 0x04, 0xfe, 0x20, 0x07, 0xff, 0xf2, 0x00, 0x00, 0x58, 0x00, 0x00, 0x00, 0x00,
    0x00, 0x00, 0x65, 0x00, 0x00, 0x00, 0x00, 0x00, 0x00, 0x00, 0x03, 0xed, 0xb2, 0x00, 0x01, 0xff,
    0xf5, 0x00, 0x05, 0xff, 0xff, 0xff, 0xff, 0xa0, 0x08, 0xff, 0xc0, 0x00, 0x01, 0xff, 0xf5, 0x00,
    0x05, 0xff, 0xff, 0xff, 0xff, 0xa0, 0x0c, 0xff, 0x70, 0x00, 0x01, 0xff, 0xf5, 0x00, 0x05, 0xff,
    0xff, 0xff, 0xff, 0xa0, 0x3f, 0xff, 0x10, 0x00, 0x01, 0xff, 0xf5, 0x00, 0x05, 0xff, 0xf6, 0x5b,
    0xff, 0x80, 0x9f, 0xfa, 0x00, 0x00, 0x01, 0xff, 0xf5, 0x00, 0x05, 0xff, 0xf1, 0x0d, 0xff, 0x31,
    0xef, 0xf8, 0x9f, 0xff, 0xff, 0xff, 0xff, 0xfa, 0x05, 0xff, 0xf1, 0x2f, 0xfd, 0x07, 0xff, 0xf8,
    0x9f, 0xff, 0xff, 0xff, 0xff, 0xfa, 0x05, 0xff, 0xf1, 0x7f, 0xf8, 0x1e, 0xff, 0xf8, 0x9f, 0xff,
    0xff, 0xff, 0xff, 0xfa, 0x05, 0xff, 0xf1, 0xbf, 0xf3, 0x7f, 0xff, 0xf8, 0x59, 0x99, 0x9a, 0xff,
    0xfb, 0x96, 0x05, 0xff, 0xf2, 0xff, 0xd1, 0xef, 0xff, 0xf8, 0x00, 0x00, 0x01, 0xff, 0xf5, 0x00,
    0x05, 0xff, 0xf6, 0xff, 0x89, 0xff, 0xff, 0xf8, 0x28, 0xd1, 0x01, 0xff, 0xf5, 0x00, 0x05, 0xff,
    0xfa, 0xff, 0x9a, 0xfd, 0xdf, 0xf8, 0xef, 0xf6, 0x01, 0xff, 0xf5, 0x00, 0x05, 0xff, 0xf5, 0xff,
    0xf5, 0xf7, 0xdf, 0xf8, 0xaf, 0xfb, 0x01, 0xff, 0xf5, 0x00, 0x05, 0xff, 0xf1, 0xaf, 0xfa, 0x71,
    0xdf, 0xf8, 0x5f, 0xff, 0x21, 0xff, 0xf5, 0x00, 0x05, 0xff, 0xf1, 0x2f, 0xff, 0x10, 0xdf, 0xf8,
    0x0e, 0xff, 0x61, 0xff, 0xf5, 0x00, 0x05, 0xff, 0xf1, 0x0c, 0xff, 0x60, 0xdf, 0xf8, 0x0a, 0xff,
    0xb1, 0xff, 0xf5, 0x00, 0x05, 0xff, 0xf1, 0x07, 0xff, 0x90, 0xdf, 0xf8, 0x06, 0xff, 0xf2, 0xff,
    0xf5, 0x00, 0x05, 0xff, 0xf1, 0x06, 0xff, 0xb0, 0xdf, 0xf8, 0x02, 0xd7, 0x21, 0xff, 0xf5, 0x00,
    0x05, 0xff, 0xf1, 0x07, 0xff, 0xc0, 0xdf, 0xf8, 0x00, 0x00, 0x01, 0xff, 0xf5, 0x00, 0x05, 0xff,
    0xf5, 0x5d, 0xff, 0xb0, 0xdf, 0xf8, 0x00, 0x00, 0x01, 0xff, 0xf5, 0x00, 0x05, 0xff, 0xf9, 0xff,
    0xff, 0x80, 0xdf, 0xf8, 0x00, 0x00, 0x01, 0xff, 0xf5, 0x00, 0x05, 0xff, 0xf6, 0xff, 0xfe, 0x20,
    0xdf, 0xf8, 0x00, 0x00, 0x01, 0xff, 0xf5, 0x00, 0x05, 0xff, 0xf4, 0xfe, 0xb3, 0x00, 0xdf, 0xf8,
    0x00, 0x00, 0x01, 0xff, 0xf5, 0x00, 0x05, 0xff, 0xf1, 0x00, 0x00, 0x00, 0xdf, 0xf8, 0x00, 0x10,
    0x18, 0xff, 0xf4, 0x00, 0x05, 0xff, 0xf1, 0x00, 0x00, 0x00, 0xdf, 0xf8, 0x01, 0xff, 0xff, 0xff,
    0xf3, 0x00, 0x05, 0xff, 0xf1, 0x00, 0x00, 0x00, 0xdf, 0xf8, 0x00, 0xdf, 0xff, 0xff, 0xd0, 0x00,
    0x05, 0xff, 0xf1, 0x00, 0x00, 0x00, 0xdf, 0xf8, 0x00, 0xaf, 0xff, 0xfe, 0x40, 0x00, 0x05, 0xff,
    0xf1, 0x00, 0x00, 0x00, 0xdf, 0xf8, 0x00, 0x37, 0x66, 0x41, 0x00, 0x00, 0x00, 0x00, 0x00, 0x00,
    0x00, 0x5a, 0xc0, 0x00, 0x00, 0x5e, 0xc9, 0x00, 0x00, 0x00, 0x07, 0xff, 0xff, 0xff, 0xfb, 0xef,
    0xf4, 0x00, 0x00, 0xaf, 0xfa, 0x00, 0x00, 0x00, 0x07, 0xff, 0xff, 0xff, 0xfa, 0x8f, 0xfb, 0x0f,
    0xff, 0xff, 0xff, 0xff, 0xff, 0xf5, 0x07, 0xff, 0xff, 0xff, 0xfa, 0x3f, 0xff, 0x1f, 0xff, 0xff,
    0xff, 0xff, 0xff, 0xf5, 0x07, 0xff, 0xc2, 0x6f, 0xf8, 0x0d, 0xff, 0x7c, 0xcf, 0xff, 0xdc, 0xcc,
    0xcc, 0xc4, 0x07, 0xff, 0xc0, 0x8f, 0xf3, 0x07, 0xb6, 0x10, 0x4f, 0xff, 0x30, 0x00, 0x00, 0x00,
    0x07, 0xff, 0xc0, 0xdf, 0xd0, 0x00, 0x00, 0x00, 0xcf, 0xfd, 0x00, 0x00, 0x00, 0x00, 0x07, 0xff,
    0xc2, 0xff, 0x90, 0x00, 0x00, 0x06, 0xff, 0xff, 0xff, 0xff, 0xff, 0x80, 0x07, 0xff, 0xc6, 0xff,
    0x40, 0x00, 0x00, 0x3f, 0xff, 0xff, 0xff, 0xff, 0xff, 0x80, 0x07, 0xff, 0xcb, 0xfe, 0x2f, 0xff,
    0xff, 0xdf, 0xff, 0xfd, 0xbb, 0xbe, 0xff, 0x80, 0x07, 0xff, 0xce, 0xfb, 0x2f, 0xff, 0xff, 0xff,
    0xff, 0xf7, 0x00, 0x0a, 0xff, 0x80, 0x07, 0xff, 0xca, 0xff, 0x7f, 0xff, 0xff, 0xef, 0xff, 0xff,
    0xff, 0xff, 0xff, 0x80, 0x07, 0xff, 0xc1, 0xdf, 0xe4, 0x5f, 0xff, 0x49, 0xbf, 0xff, 0xff, 0xff,
    0xff, 0x80, 0x07, 0xff, 0xc0, 0x6f, 0xf7, 0x2f, 0xff, 0x00, 0xbf, 0xfa, 0x66, 0x6c, 0xff, 0x80,
    0x07, 0xff, 0xc0, 0x0e, 0xfb, 0x2f, 0xff, 0x00, 0xbf, 0xf7, 0x00, 0x0a, 0xff, 0x80, 0x07, 0xff,
    0xc0, 0x0b, 0xfe, 0x2f, 0xff, 0x00, 0xbf, 0xff, 0xff, 0xff, 0xff, 0x80, 0x07, 0xff, 0xc0, 0x0a,
    0xff, 0x2f, 0xff, 0x00, 0xbf, 0xff, 0xff, 0xff, 0xff, 0x80, 0x07, 0xff, 0xc0, 0x2e, 0xff, 0x2f,
    0xff, 0x00, 0xbf, 0xfa, 0x66, 0x6c, 0xff, 0x80, 0x07, 0xff, 0xff, 0xff, 0xfd, 0x2f, 0xff, 0x00,
    0xbf, 0xf7, 0x21, 0x1d, 0xff, 0x70, 0x07, 0xff, 0xdf, 0xff, 0xf7, 0x2f, 0xff, 0x00, 0xbf, 0xf7,
    0xaf, 0xff, 0xff, 0x60, 0x07, 0xff, 0xce, 0xff, 0x90, 0x3f, 0xff, 0x00, 0xbf, 0xf7, 0x6f, 0xff,
    0xfe, 0x10, 0x07, 0xff, 0xc3, 0x31, 0x01, 0xcf, 0xff, 0xa1, 0xbf, 0xf7, 0x3f, 0xee, 0xb3, 0x00,
    0x07, 0xff, 0xc0, 0x00, 0x1c, 0xff, 0xff, 0xfd, 0x73, 0x10, 0x00, 0x00, 0x00, 0x11, 0x07, 0xff,
    0xc0, 0x01, 0xcf, 0xff, 0xaf, 0xff, 0xff, 0xff, 0xff, 0xff, 0xff, 0xf9, 0x07, 0xff, 0xc0, 0x05,
    0xff, 0xf8, 0x08, 0xff, 0xff, 0xff, 0xff, 0xff, 0xff, 0xf4, 0x07, 0xff, 0xc0, 0x00, 0x8f, 0xc0,
    0x00, 0x4b, 0xff, 0xff, 0xff, 0xff, 0xff, 0xe0, 0x07, 0xff, 0xc0, 0x00, 0x0a, 0x20, 0x00, 0x00,
    0x02, 0x34, 0x45, 0x55, 0x66, 0x40, 0x00, 0x00, 0x00, 0x00, 0x00, 0x02, 0x8a, 0xd8, 0x00, 0x00,
    0x00, 0x00, 0x00, 0x00, 0x00, 0x00, 0x00, 0x00, 0x00, 0x03, 0xff, 0xfe, 0x00, 0x00, 0x00, 0x00,
    0x00, 0x00, 0x00, 0x00, 0x00, 0x00, 0x00, 0x00, 0xdf, 0xff, 0x40, 0x00, 0x00, 0x00, 0x00, 0x00,
    0x05, 0xff, 0xff, 0xff, 0xff, 0xff, 0xff, 0xff, 0xff, 0xff, 0xff, 0xff, 0xff, 0x80, 0x05, 0xff,
    0xff, 0xff, 0xff, 0xff, 0xff, 0xff, 0xff, 0xff, 0xff, 0xff, 0xff, 0x80, 0x05, 0xff, 0xff, 0xff,
    0xff, 0xff, 0xff, 0xff, 0xff, 0xff, 0xff, 0xff, 0xff, 0x80, 0x00, 0x00, 0x00, 0x29, 0xff, 0x30,
    0x00, 0x00, 0x02, 0xef, 0xa2, 0x00, 0x00, 0x00, 0x00, 0x00, 0x00, 0x9f, 0xff, 0xd0, 0x00, 0x00,
    0x0b, 0xff, 0xfc, 0x00, 0x00, 0x00, 0x00, 0x00, 0x00, 0x1e, 0xff, 0xf8, 0x00, 0x00, 0x5f, 0xff,
    0xf2, 0x00, 0x00, 0x00, 0x7f, 0xff, 0xff, 0xff, 0xff, 0xff, 0xff, 0xff, 0xff, 0xff, 0xff, 0xff,
    0xff, 0xf8, 0x7f, 0xff, 0xff, 0xff, 0xff, 0xff, 0xff, 0xff, 0xff, 0xff, 0xff, 0xff, 0xff, 0xf8,
    0x7f, 0xff, 0xff, 0xff, 0xff, 0xff, 0xff, 0xff, 0xff, 0xff, 0xff, 0xff, 0xff, 0xf8, 0x00, 0x00,
    0x00, 0x00, 0x00, 0x00, 0x00, 0x00, 0x00, 0x00, 0x00, 0x00, 0x00, 0x00, 0x00, 0x04, 0xff, 0xff,
    0xff, 0xff, 0xff, 0xff, 0xff, 0xff, 0xff, 0xff, 0x50, 0x00, 0x00, 0x04, 0xff, 0xff, 0xff, 0xff,
    0xff, 0xff, 0xff, 0xff, 0xff, 0xff, 0x50, 0x00, 0x00, 0x04, 0xff, 0xff, 0xee, 0xee, 0xee, 0xee,
    0xee, 0xee, 0xff, 0xff, 0x50, 0x00, 0x00, 0x04, 0xff, 0xf7, 0x00, 0x00, 0x00, 0x00, 0x00, 0x00,
    0x6f, 0xff, 0x50, 0x00, 0x00, 0x04, 0xff, 0xf7, 0x00, 0x00, 0x00, 0x00, 0x00, 0x00, 0x6f, 0xff,
    0x50, 0x00, 0x00, 0x04, 0xff, 0xff, 0xff, 0xff, 0xff, 0xff, 0xff, 0xff, 0xff, 0xff, 0x50, 0x00,
    0x00, 0x04, 0xff, 0xff, 0xff, 0xff, 0xff, 0xff, 0xff, 0xff, 0xff, 0xff, 0x50, 0x00, 0x00, 0x04,
    0xff, 0xfd, 0xcc, 0xcc, 0xcc, 0xcc, 0xcc, 0xcc, 0xdf, 0xff, 0x50, 0x00, 0x00, 0x04, 0xff, 0xf7,
    0x00, 0x00, 0x00, 0x00, 0x00, 0x00, 0x6f, 0xff, 0x50, 0x00, 0x00, 0x04, 0xff, 0xf7, 0x00, 0x00,
    0x00, 0x00, 0x00, 0x00, 0x6f, 0xff, 0x50, 0x00, 0x00, 0x04, 0xff, 0xff, 0xff, 0xff, 0xff, 0xff,
    0xff, 0xff, 0xff, 0xff, 0x50, 0x00, 0x00, 0x04, 0xff, 0xff, 0xff, 0xff, 0xff, 0xff, 0xff, 0xff,
    0xff, 0xff, 0x50, 0x00, 0x00, 0x04, 0xff, 0xfe, 0xee, 0xee, 0xee, 0xee, 0xee, 0xee, 0xef, 0xff,
    0x50, 0x00, 0x00, 0x04, 0xff, 0xf7, 0x00, 0x00, 0x00, 0x00, 0x00, 0x00, 0x6f, 0xff, 0x50, 0x00,
    0x1f, 0xff, 0xff, 0xff, 0xff, 0xff, 0xff, 0xff, 0xff, 0xff, 0xff, 0xff, 0xff, 0xf1, 0x1f, 0xff,
    0xff, 0xff, 0xff, 0xff, 0xff, 0xff, 0xff, 0xff, 0xff, 0xff, 0xff, 0xf1, 0x1f, 0xff, 0xff, 0xff,
    0xff, 0xff, 0xff, 0xff, 0xff, 0xff, 0xff, 0xff, 0xff, 0xf1, 0x04, 0x44, 0x44, 0x44, 0x44, 0x4e,
    0xff, 0xfa, 0x44, 0x44, 0x44, 0x44, 0x44, 0x40, 0x00, 0x00, 0x00, 0x00, 0x00, 0x3f, 0xff, 0xf2,
    0x00, 0x00, 0x00, 0x00, 0x00, 0x00, 0x00, 0x00, 0x00, 0x00, 0x00, 0x9f, 0xff, 0x90, 0x00, 0x00,
    0x00, 0x00, 0x00, 0x00, 0x00, 0x09, 0xff, 0xff, 0xff, 0xff, 0xff, 0xff, 0xff, 0xff, 0xff, 0xff,
    0xb0, 0x00, 0x00, 0x09, 0xff, 0xff, 0xff, 0xff, 0xff, 0xff, 0xff, 0xff, 0xff, 0xff, 0xb0, 0x00,
    0x00, 0x09, 0xff, 0xff, 0xff, 0xff, 0xff, 0xff, 0xff, 0xff, 0xff, 0xff, 0xb0, 0x00, 0x00, 0x09,
    0xff, 0xf6, 0x44, 0x44, 0x44, 0x44, 0x44, 0x44, 0x5f, 0xff, 0xb0, 0x00, 0x00, 0x09, 0xff, 0xf3,
    0x00, 0x00, 0x00, 0x00, 0x00, 0x00, 0x1f, 0xff, 0xb0, 0x00, 0x00, 0x09, 0xff, 0xf3, 0x00, 0x00,
    0xaf, 0xff, 0x20, 0x00, 0x1f, 0xff, 0xb0, 0x00, 0x00, 0x09, 0xff, 0xf3, 0x00, 0x00, 0xbf, 0xff,
    0x10, 0x00, 0x1f, 0xff, 0xb0, 0x00, 0x00, 0x09, 0xff, 0xf3, 0x00, 0x00, 0xcf, 0xff, 0x10, 0x00,
    0x1f, 0xff, 0xb0, 0x00, 0x00, 0x09, 0xff, 0xf3, 0x00, 0x00, 0xef, 0xff, 0x00, 0x00, 0x1f, 0xff,
    0xb0, 0x00, 0x00, 0x09, 0xff, 0xf3, 0x00, 0x02, 0xff, 0xfc, 0x00, 0x00, 0x1f, 0xff, 0xb0, 0x00,
    0x00, 0x09, 0xff, 0xf3, 0x00, 0x07, 0xff, 0xf9, 0x00, 0x00, 0x1f, 0xff, 0xb0, 0x00, 0x00, 0x09,
    0xff, 0xf3, 0x00, 0x0d, 0xff, 0xfc, 0x40, 0x00, 0x1f, 0xff, 0xb0, 0x00, 0x00, 0x00, 0x00, 0x00,
    0x00, 0x9f, 0xff, 0xff, 0xfd, 0x61, 0x1f, 0xff, 0xb0, 0x00, 0x00, 0x00, 0x00, 0x00, 0x08, 0xff,
    0xff, 0xff, 0xff, 0xfe, 0x71, 0x00, 0x00, 0x00, 0x00, 0x00, 0x00, 0x05, 0xcf, 0xff, 0xfc, 0x7e,
    0xff, 0xff, 0xfe, 0x82, 0x00, 0x00, 0x00, 0x13, 0x6a, 0xef, 0xff, 0xff, 0xd2, 0x00, 0x6d, 0xff,
    0xff, 0xff, 0x92, 0x00, 0x3d, 0xff, 0xff, 0xff, 0xff, 0xfb, 0x10, 0x00, 0x00, 0x6d, 0xff, 0xff,
    0xff, 0x91, 0x09, 0xff, 0xff, 0xff, 0xfe, 0x60, 0x00, 0x00, 0x00, 0x00, 0x6d, 0xff, 0xff, 0xe1,
    0x00, 0xcf, 0xff, 0xfc, 0x60, 0x00, 0x00, 0x00, 0x00, 0x00, 0x01, 0x7e, 0xff, 0x50, 0x00, 0x3e,
    0xa6, 0x20, 0x00, 0x00, 0x00, 0x00, 0x00, 0x00, 0x00, 0x01, 0x8a, 0x00, 0x00, 0x00, 0x00, 0x27,
    0xc9, 0x00, 0x00, 0x00, 0x00, 0x9c, 0x73, 0x00, 0x00, 0x00, 0x00, 0x00, 0x01, 0xef, 0xff, 0x70,
    0x00, 0x00, 0x05, 0xff, 0xfe, 0x20, 0x00, 0x00, 0x00, 0x00, 0x00, 0x5f, 0xff, 0xf5, 0x00, 0x00,
    0x2e, 0xff, 0xf5, 0x00, 0x00, 0x00, 0x00, 0x00, 0x00, 0x0a, 0xff, 0xb5, 0x00, 0x00, 0xcf, 0xff,
    0x90, 0x00, 0x00, 0x00, 0x4f, 0xff, 0xff, 0xff, 0xff, 0xff, 0xff, 0xff, 0xff, 0xff, 0xff, 0xff,
    0xff, 0xf5, 0x4f, 0xff, 0xff, 0xff, 0xff, 0xff, 0xff, 0xff, 0xff, 0xff, 0xff, 0xff, 0xff, 0xf5,
    0x4f, 0xff, 0xff, 0xff, 0xff, 0xff, 0xff, 0xff, 0xff, 0xff, 0xff, 0xff, 0xff, 0xf5, 0x14, 0x44,
    0x44, 0x44, 0x44, 0x5f, 0xff, 0xe4, 0x44, 0x44, 0x44, 0x44, 0x44, 0x41, 0x00, 0x08, 0xff, 0xff,
    0xff, 0xff, 0xff, 0xff, 0xff, 0xff, 0xff, 0xff, 0xe0, 0x00, 0x00, 0x08, 0xff, 0xff, 0xff, 0xff,
    0xff, 0xff, 0xff, 0xff, 0xff, 0xff, 0xe0, 0x00, 0x00, 0x08, 0xff, 0xff, 0xff, 0xff, 0xff, 0xff,
    0xff, 0xff, 0xff, 0xff, 0xe0, 0x00, 0x00, 0x08, 0xff, 0xf7, 0x11, 0x11, 0x11, 0x11, 0x11, 0x11,
    0x1f, 0xff, 0xe0, 0x00, 0x00, 0x08, 0xff, 0xf7, 0x00, 0x00, 0x00, 0x00, 0x00, 0x00, 0x0f, 0xff,
    0xe0, 0x00, 0x00, 0x08, 0xff, 0xff, 0xff, 0xff, 0xff, 0xff, 0xff, 0xff, 0xff, 0xff, 0xe0, 0x00,
    0x00, 0x08, 0xff, 0xff, 0xff, 0xff, 0xff, 0xff, 0xff, 0xff, 0xff, 0xff, 0xe0, 0x00, 0x00, 0x08,
    0xff, 0xfe, 0xdd, 0xdd, 0xdd, 0xdd, 0xdd, 0xdd, 0xdf, 0xff, 0xe0, 0x00, 0x00, 0x08, 0xff, 0xf7,
    0x00, 0x00, 0x00, 0x00, 0x00, 0x00, 0x0f, 0xff, 0xe0, 0x00, 0x00, 0x08, 0xff, 0xff, 0xff, 0xff,
    0xff, 0xff, 0xff, 0xff, 0xff, 0xff, 0xe0, 0x00, 0x00, 0x08, 0xff, 0xff, 0xff, 0xff, 0xff, 0xff,
    0xff, 0xff, 0xff, 0xff, 0xe0, 0x00, 0x00, 0x08, 0xff, 0xfe, 0xdd, 0xdd, 0xdd, 0xdd, 0xdd, 0xdd,
    0xdf, 0xff, 0xe0, 0x00, 0x00, 0x08, 0xff, 0xf7, 0x00, 0x00, 0x00, 0x00, 0x00, 0x00, 0x0f, 0xff,
    0xe0, 0x00, 0x00, 0x08, 0xff, 0xf7, 0x00, 0x00, 0x00, 0x00, 0x00, 0x00, 0x0f, 0xff, 0xe0, 0x00,
    0x00, 0x08, 0xff, 0xff, 0xff, 0xff, 0xff, 0xff, 0xff, 0xff, 0xff, 0xff, 0xe0, 0x00, 0x00, 0x08,
    0xff, 0xff, 0xff, 0xff, 0xff, 0xff, 0xff, 0xff, 0xff, 0xff, 0xe0, 0x00, 0x00, 0x08, 0xff, 0xff,
    0xff, 0xff, 0xff, 0xff, 0xff, 0xff, 0xff, 0xff, 0xe0, 0x00, 0x00, 0x08, 0xff, 0xf7, 0x11, 0x11,
    0x11, 0x11, 0x11, 0x11, 0x1f, 0xff, 0xe0, 0x00, 0x00, 0x08, 0xff, 0xf7, 0x00, 0x00, 0x00, 0x00,
    0x00, 0x00, 0x0f, 0xff, 0xe0, 0x00, 0x00, 0x00, 0x00, 0x00, 0x00, 0x00, 0x00, 0x00, 0x00, 0xdf,
    0xfb, 0x00, 0x00, 0x00, 0x08, 0xff, 0xff, 0xff, 0xff, 0xff, 0xff, 0x40, 0x00, 0xdf, 0xfb, 0x16,
    0xd3, 0x00, 0x08, 0xff, 0xff, 0xff, 0xff, 0xff, 0xff, 0x40, 0x00, 0xdf, 0xfb, 0xaf, 0xfd, 0x10,
    0x08, 0xff, 0x77, 0xdf, 0xfb, 0x79, 0xff, 0x40, 0x00, 0xef, 0xfb, 0x2e, 0xff, 0x90, 0x08, 0xff,
    0xc4, 0xbf, 0xf7, 0x7a, 0xff, 0x40, 0x00, 0xef, 0xfa, 0x07, 0xff, 0xe1, 0x08, 0xff, 0xea, 0xbf,
    0xf7, 0xdf, 0xff, 0x40, 0x00, 0xef, 0xfa, 0x01, 0xc7, 0x00, 0x08, 0xff, 0xaf, 0xcf, 0xfc, 0xfb,
    0xff, 0x40, 0x00, 0xef, 0xfa, 0x00, 0x00, 0x00, 0x08, 0xff, 0x4d, 0xef, 0xfe, 0xd5, 0xff, 0x5f,
    0xff, 0xff, 0xff, 0xff, 0xff, 0xf1, 0x08, 0xff, 0x00, 0xbf, 0xf7, 0x04, 0xff, 0x5f, 0xff, 0xff,
    0xff, 0xff, 0xff, 0xf1, 0x08, 0xff, 0xff, 0xff, 0xff, 0xff, 0xff, 0x5f, 0xff, 0xff, 0xff, 0xff,
    0xff, 0xf1, 0x08, 0xff, 0xff, 0xff, 0xff, 0xff, 0xff, 0x59, 0x9a, 0xff, 0xff, 0x99, 0x99, 0x91,
    0x04, 0x77, 0x77, 0xdf, 0xfb, 0x77, 0x77, 0x20, 0x04, 0xff, 0xff, 0x30, 0x00, 0x00, 0x00, 0x00,
    0x00, 0xbf, 0xf7, 0x00, 0x00, 0x00, 0x06, 0xff, 0xff, 0x60, 0x00, 0x00, 0x00, 0x00, 0x00, 0xbf,
    0xf7, 0x00, 0x00, 0x00, 0x07, 0xff, 0xff, 0x90, 0x00, 0x00, 0x0d, 0xff, 0xff, 0xff, 0xff, 0xff,
    0xff, 0xa0, 0x0a, 0xff, 0xff, 0xc0, 0x00, 0x00, 0x0d, 0xff, 0xff, 0xff, 0xff, 0xff, 0xff, 0xa0,
    0x0d, 0xff, 0xff, 0xf1, 0x00, 0x00, 0x07, 0x99, 0x99, 0xdf, 0xfc, 0x99, 0x99, 0x60, 0x2f, 0xff,
    0xaf, 0xf6, 0x00, 0x00, 0x01, 0x12, 0x23, 0xcf, 0xfa, 0x67, 0x89, 0xa1, 0x6f, 0xfd, 0x5f, 0xfb,
    0x00, 0x00, 0x7f, 0xff, 0xff, 0xff, 0xff, 0xff, 0xff, 0xf1, 0xcf, 0xfa, 0x1f, 0xff, 0x20, 0x00,
    0x5f, 0xff, 0xff, 0xff, 0xff, 0xff, 0xff, 0xf3, 0xff, 0xf5, 0x0c, 0xff, 0x90, 0x00, 0x3f, 0xed,
    0xca, 0x98, 0x76, 0x56, 0xc8, 0x0b, 0xff, 0xe1, 0x07, 0xff, 0xf3, 0x00, 0x02, 0xd8, 0x3a, 0xd0,
    0x7c, 0x46, 0xff, 0x9f, 0xff, 0x90, 0x02, 0xff, 0xfc, 0x00, 0x06, 0xff, 0x2f, 0xf4, 0xbf, 0xb0,
    0xbf, 0xff, 0xff, 0x20, 0x00, 0xaf, 0xff, 0x90, 0x0a, 0xfb, 0x0c, 0xf8, 0x5f, 0xf3, 0x4f, 0xff,
    0xf8, 0x00, 0x00, 0x3f, 0xff, 0xf7, 0x1f, 0xf6, 0x08, 0xfc, 0x0d, 0xf9, 0x5f, 0xff, 0xd1, 0x00,
    0x00, 0x09, 0xff, 0xf3, 0x6f, 0xf1, 0x05, 0xc8, 0x07, 0xb4, 0x06, 0xfe, 0x30, 0x00, 0x00, 0x01,
    0xdf, 0x70, 0x39, 0x90, 0x00, 0x00, 0x00, 0x00, 0x00, 0x85, 0x00, 0x00, 0x00, 0x00, 0x2a, 0x00,
    0x00, 0x00, 0x00, 0x00, 0x00, 0x00, 0x00, 0x00, 0x00, 0x00, 0x02, 0xef, 0xfd, 0x10, 0x00, 0x00,
    0x00, 0x00, 0x00, 0x00, 0x00, 0x00, 0x00, 0x00, 0x0c, 0xff, 0xf4, 0x00, 0x00, 0x00, 0x00, 0x00,
    0x00, 0x00, 0x00, 0x00, 0x00, 0x00, 0x6f, 0xff, 0xa0, 0x00, 0x00, 0x00, 0x00, 0x00, 0x00, 0x00,
    0x00, 0x00, 0x00, 0x00, 0xef, 0xff, 0x20, 0x00, 0x00, 0x00, 0x00, 0x00, 0x00, 0x00, 0x00, 0x00,
    0x00, 0x06, 0xff, 0xfa, 0x00, 0x00, 0x00, 0x00, 0x00, 0x00, 0x00, 0x00, 0x00, 0x00, 0x00, 0x0c,
    0xff, 0xf5, 0x00, 0x00, 0x00, 0x00, 0x00, 0x00, 0x00, 0x00, 0x00, 0x00, 0x00, 0x2f, 0xff, 0xe0,
    0x00, 0x00, 0x00, 0x00, 0x00, 0x00, 0x00, 0x00, 0x00, 0x00, 0x00, 0x6f, 0xff, 0xa0, 0x00, 0x00,
    0x00, 0x00, 0x00, 0x00, 0x00, 0x00, 0x00, 0x00, 0x00, 0x9f, 0xff, 0x70, 0x00, 0x00, 0x00, 0x00,
    0x00, 0x00, 0x00, 0x00, 0x00, 0x00, 0x00, 0xbf, 0xff, 0x40, 0x00, 0x00, 0x00, 0x00, 0x00, 0x00,
    0x00, 0x00, 0x00, 0x00, 0x00, 0xdf, 0xff, 0x20, 0x00, 0x00, 0x00, 0x00, 0x00, 0x00, 0x00, 0x00,
    0x00, 0x00, 0x00, 0xef, 0xff, 0x10, 0x00, 0x00, 0x00, 0x00, 0x00, 0x00, 0x00, 0x00, 0x00, 0x00,
    0x00, 0xff, 0xff, 0x00, 0x00, 0x00, 0x00, 0x00, 0x00, 0x00, 0x00, 0x00, 0x00, 0x00, 0x00, 0xff,
    0xff, 0x00, 0x00, 0x00, 0x00, 0x00, 0x00, 0x00, 0x00, 0x00, 0x00, 0x00, 0x00, 0xef, 0xff, 0x10,
    0x00, 0x00, 0x00, 0x00, 0x00, 0x00, 0x00, 0x00, 0x00, 0x00, 0x00, 0xdf, 0xff, 0x20, 0x00, 0x00,
    0x00, 0x00, 0x00, 0x00, 0x00, 0x00, 0x00, 0x00, 0x00, 0xbf, 0xff, 0x40, 0x00, 0x00, 0x00, 0x00,
    0x00, 0x00, 0x00, 0x00, 0x00, 0x00, 0x00, 0x8f, 0xff, 0x70, 0x00, 0x00, 0x00, 0x00, 0x00, 0x00,
    0x00, 0x00, 0x00, 0x00, 0x00, 0x5f, 0xff, 0xb0, 0x00, 0x00, 0x00, 0x00, 0x00, 0x00, 0x00, 0x00,
    0x00, 0x00, 0x00, 0x1f, 0xff, 0xe0, 0x00, 0x00, 0x00, 0x00, 0x00, 0x00, 0x00, 0x00, 0x00, 0x00,
    0x00, 0x0b, 0xff, 0xf5, 0x00, 0x00, 0x00, 0x00, 0x00, 0x00, 0x00, 0x00, 0x00, 0x00, 0x00, 0x05,
    0xff, 0xfb, 0x00, 0x00, 0x00, 0x00, 0x00, 0x00, 0x00, 0x00, 0x00, 0x00, 0x00, 0x00, 0xdf, 0xff,
    0x30, 0x00, 0x00, 0x00, 0x00, 0x00, 0x00, 0x00, 0x00, 0x00, 0x00, 0x00, 0x6f, 0xff, 0xa0, 0x00,
    0x00, 0x00, 0x00, 0x00, 0x00, 0x00, 0x00, 0x00, 0x00, 0x00, 0x0c, 0xff, 0xf4, 0x00, 0x00, 0x00,
    0x00, 0x00, 0x00, 0x00, 0x00, 0x00, 0x00, 0x00, 0x02, 0xef, 0xfd, 0x10, 0x01, 0xcf, 0xfe, 0x30,
    0x00, 0x00, 0x00, 0x00, 0x00, 0x00, 0x00, 0x00, 0x00, 0x00, 0x00, 0x2e, 0xff, 0xe2, 0x00, 0x00,
    0x00, 0x00, 0x00, 0x00, 0x00, 0x00, 0x00, 0x00, 0x00, 0x05, 0xff, 0xfb, 0x00, 0x00, 0x00, 0x00,
    0x00, 0x00, 0x00, 0x00, 0x00, 0x00, 0x00, 0x00, 0xbf, 0xff, 0x60, 0x00, 0x00, 0x00, 0x00, 0x00,
    0x00, 0x00, 0x00, 0x00, 0x00, 0x00, 0x2f, 0xff, 0xe1, 0x00, 0x00, 0x00, 0x00, 0x00, 0x00, 0x00,
    0x00, 0x00, 0x00, 0x00, 0x0a, 0xff, 0xf7, 0x00, 0x00, 0x00, 0x00, 0x00, 0x00, 0x00, 0x00, 0x00,
    0x00, 0x00, 0x03, 0xff, 0xfd, 0x00, 0x00, 0x00, 0x00, 0x00, 0x00, 0x00, 0x00, 0x00, 0x00, 0x00,
    0x00, 0xdf, 0xff, 0x30, 0x00, 0x00, 0x00, 0x00, 0x00, 0x00, 0x00, 0x00, 0x00, 0x00, 0x00, 0x9f,
    0xff, 0x70, 0x00, 0x00, 0x00, 0x00, 0x00, 0x00, 0x00, 0x00, 0x00, 0x00, 0x00, 0x5f, 0xff, 0xa0,
    0x00, 0x00, 0x00, 0x00, 0x00, 0x00, 0x00, 0x00, 0x00, 0x00, 0x00, 0x3f, 0xff, 0xc0, 0x00, 0x00,
    0x00, 0x00, 0x00, 0x00, 0x00, 0x00, 0x00, 0x00, 0x00, 0x1f, 0xff, 0xe0, 0x00, 0x00, 0x00, 0x00,
    0x00, 0x00, 0x00, 0x00, 0x00, 0x00, 0x00, 0x0f, 0xff, 0xf0, 0x00, 0x00, 0x00, 0x00, 0x00, 0x00,
    0x00, 0x00, 0x00, 0x00, 0x00, 0x0f, 0xff, 0xf0, 0x00, 0x00, 0x00, 0x00, 0x00, 0x00, 0x00, 0x00,
    0x00, 0x00, 0x00, 0x1f, 0xff, 0xe0, 0x00, 0x00, 0x00, 0x00, 0x00, 0x00, 0x00, 0x00, 0x00, 0x00,
    0x00, 0x3f, 0xff, 0xd0, 0x00, 0x00, 0x00, 0x00, 0x00, 0x00, 0x00, 0x00, 0x00, 0x00, 0x00, 0x5f,
    0xff, 0xa0, 0x00, 0x00, 0x00, 0x00, 0x00, 0x00, 0x00, 0x00, 0x00, 0x00, 0x00, 0x8f, 0xff, 0x70,
    0x00, 0x00, 0x00, 0x00, 0x00, 0x00, 0x00, 0x00, 0x00, 0x00, 0x00, 0xdf, 0xff, 0x30, 0x00, 0x00,
    0x00, 0x00, 0x00, 0x00, 0x00, 0x00, 0x00, 0x00, 0x03, 0xff, 0xfd, 0x00, 0x00, 0x00, 0x00, 0x00,
    0x00, 0x00, 0x00, 0x00, 0x00, 0x00, 0x09, 0xff, 0xf7, 0x00, 0x00, 0x00, 0x00, 0x00, 0x00, 0x00,
    0x00, 0x00, 0x00, 0x00, 0x2f, 0xff, 0xe1, 0x00, 0x00, 0x00, 0x00, 0x00, 0x00, 0x00, 0x00, 0x00,
    0x00, 0x00, 0xaf, 0xff, 0x70, 0x00, 0x00, 0x00, 0x00, 0x00, 0x00, 0x00, 0x00, 0x00, 0x00, 0x04,
    0xff, 0xfc, 0x00, 0x00, 0x00, 0x00, 0x00, 0x00, 0x00, 0x00, 0x00, 0x00, 0x00, 0x2e, 0xff, 0xe2,
    0x00, 0x00, 0x00, 0x00, 0x00, 0x00, 0x00, 0x00, 0x00, 0x00, 0x01, 0xcf, 0xff, 0x30, 0x00, 0x00,
    0x00, 0x00, 0x00, 0x00, 0x00, 0x00, 0x00, 0x00, 0x00, 0x00, 0x0d, 0xff, 0xf1, 0x00, 0x00, 0x00,
    0x00, 0x00, 0x00, 0x00, 0x00, 0x00, 0x00, 0x00, 0x1f, 0xff, 0xb0, 0x00, 0x00, 0x00, 0x00, 0x00,
    0x00, 0x00, 0x00, 0x00, 0x00, 0x00, 0x4f, 0xff, 0x50, 0x00, 0x00, 0x00, 0x00, 0x00, 0x00, 0x00,
    0x00, 0x00, 0x00, 0x00, 0x8f, 0xfe, 0x10, 0x00, 0x00, 0x00, 0x00, 0x00, 0x00, 0x00, 0x00, 0x00,
    0x00, 0x00, 0xbf, 0xfa, 0x00, 0x00, 0x00, 0x00, 0x00, 0x00, 0x00, 0x00, 0x00, 0x00, 0x00, 0x00,
    0xef, 0xf4, 0x00, 0x00, 0x00, 0x00, 0x00, 0x00, 0x00, 0x00, 0x00, 0x00, 0x00, 0x02, 0xff, 0xe0,
    0x00, 0x00, 0x00, 0x00, 0x00, 0x00, 0x00, 0x00, 0x00, 0x00, 0x00, 0x00, 0x2b, 0xeb, 0x20, 0x00,
    0x00, 0x00, 0x00, 0x00, 0x00, 0x00, 0x00, 0x00, 0x00, 0x00, 0xbf, 0xff, 0xb0, 0x00, 0x00, 0x00,
    0x00, 0x00, 0x00, 0x00, 0x00, 0x00, 0x00, 0x00, 0xef, 0xff, 0xe0, 0x00, 0x00, 0x00, 0x00, 0x00,
    0x00, 0x00, 0x00, 0x00, 0x00, 0x00, 0xbf, 0xff, 0xb0, 0x00, 0x00, 0x00, 0x00, 0x00, 0x00, 0x00,
    0x00, 0x00, 0x00, 0x00, 0x2b, 0xeb, 0x20, 0x00, 0x00, 0x00, 0x00, 0x00, 0x00, 0x00, 0x00, 0x00,
    0x00, 0x00, 0x00, 0x00, 0x00, 0x00, 0x00, 0x00, 0x00, 0x00, 0x00, 0x00, 0x00, 0x00, 0x00, 0x00,
    0x00, 0x00, 0x00, 0x00, 0x00, 0x00, 0x00, 0x00, 0x00, 0x00, 0x00, 0x00, 0x00, 0x00, 0x00, 0x00,
    0x00, 0x00, 0x00, 0x00, 0x00, 0x00, 0x00, 0x00, 0x00, 0x00, 0x00, 0x00, 0x00, 0x00, 0x00, 0x00,
    0x00, 0x00, 0x00, 0x00, 0x00, 0x00, 0x00, 0x00, 0x00, 0x00, 0x00, 0x00, 0x00, 0x00, 0x00, 0x00,
    0x00, 0x00, 0x00, 0x00, 0x00, 0x00, 0x00, 0x00, 0x2b, 0xeb, 0x20, 0x00, 0x00, 0x00, 0x00, 0x00,
    0x00, 0x00, 0x00, 0x00, 0x00, 0x00, 0xbf, 0xff, 0xb0, 0x00, 0x00, 0x00, 0x00, 0x00, 0x00, 0x00,
    0x00, 0x00, 0x00, 0x00, 0xef, 0xff, 0xe0, 0x00, 0x00, 0x00, 0x00, 0x00, 0x00, 0x00, 0x00, 0x00,
    0x00, 0x00, 0xbf, 0xff, 0xb0, 0x00, 0x00, 0x00, 0x00, 0x00, 0x00, 0x00, 0x00, 0x00, 0x00, 0x00,
    0x2b, 0xeb, 0x20, 0x00, 0x00, 0x00, 0x00, 0x00, 0x00, 0x00, 0x00, 0x00,
};

static const lv_font_fmt_txt_glyph_dsc_t glyph_dsc[] = {
    { .bitmap_index = 0, .adv_w = 0, .box_w = 0, .box_h = 0, .ofs_x = 0, .ofs_y = 0 },
    { .bitmap_index = 0, .adv_w = 128, .box_w = 8, .box_h = 0, .ofs_x = 0, .ofs_y = 0 },
    { .bitmap_index = 0, .adv_w = 160, .box_w = 10, .box_h = 21, .ofs_x = 0, .ofs_y = 0 },
    { .bitmap_index = 105, .adv_w = 240, .box_w = 15, .box_h = 21, .ofs_x = 0, .ofs_y = 0 },
    { .bitmap_index = 263, .adv_w = 288, .box_w = 18, .box_h = 21, .ofs_x = 0, .ofs_y = 0 },
    { .bitmap_index = 452, .adv_w = 272, .box_w = 17, .box_h = 27, .ofs_x = 0, .ofs_y = -3 },
    { .bitmap_index = 682, .adv_w = 416, .box_w = 26, .box_h = 21, .ofs_x = 0, .ofs_y = 0 },
    { .bitmap_index = 955, .adv_w = 416, .box_w = 26, .box_h = 21, .ofs_x = 0, .ofs_y = 0 },
    { .bitmap_index = 1228, .adv_w = 144, .box_w = 9, .box_h = 21, .ofs_x = 0, .ofs_y = 0 },
    { .bitmap_index = 1323, .adv_w = 176, .box_w = 12, .box_h = 26, .ofs_x = 0, .ofs_y = -5 },
    { .bitmap_index = 1479, .adv_w = 176, .box_w = 12, .box_h = 26, .ofs_x = -1, .ofs_y = -5 },
    { .bitmap_index = 1635, .adv_w = 224, .box_w = 14, .box_h = 21, .ofs_x = 0, .ofs_y = 0 },
    { .bitmap_index = 1782, .adv_w = 336, .box_w = 21, .box_h = 16, .ofs_x = 0, .ofs_y = 0 },
    { .bitmap_index = 1950, .adv_w = 128, .box_w = 8, .box_h = 7, .ofs_x = 0, .ofs_y = -4 },
    { .bitmap_index = 1978, .adv_w = 192, .box_w = 12, .box_h = 10, .ofs_x = 0, .ofs_y = 0 },
    { .bitmap_index = 2038, .adv_w = 128, .box_w = 8, .box_h = 5, .ofs_x = 0, .ofs_y = 0 },
    { .bitmap_index = 2058, .adv_w = 208, .box_w = 15, .box_h = 25, .ofs_x = -2, .ofs_y = -4 },
    { .bitmap_index = 2246, .adv_w = 272, .box_w = 17, .box_h = 21, .ofs_x = 0, .ofs_y = 0 },
    { .bitmap_index = 2425, .adv_w = 272, .box_w = 17, .box_h = 21, .ofs_x = 0, .ofs_y = 0 },
    { .bitmap_index = 2604, .adv_w = 272, .box_w = 17, .box_h = 21, .ofs_x = 0, .ofs_y = 0 },
    { .bitmap_index = 2783, .adv_w = 272, .box_w = 17, .box_h = 21, .ofs_x = 0, .ofs_y = 0 },
    { .bitmap_index = 2962, .adv_w = 272, .box_w = 17, .box_h = 21, .ofs_x = 0, .ofs_y = 0 },
    { .bitmap_index = 3141, .adv_w = 272, .box_w = 17, .box_h = 21, .ofs_x = 0, .ofs_y = 0 },
    { .bitmap_index = 3320, .adv_w = 272, .box_w = 17, .box_h = 21, .ofs_x = 0, .ofs_y = 0 },
    { .bitmap_index = 3499, .adv_w = 272, .box_w = 17, .box_h = 21, .ofs_x = 0, .ofs_y = 0 },
    { .bitmap_index = 3678, .adv_w = 272, .box_w = 17, .box_h = 21, .ofs_x = 0, .ofs_y = 0 },
    { .bitmap_index = 3857, .adv_w = 272, .box_w = 17, .box_h = 21, .ofs_x = 0, .ofs_y = 0 },
    { .bitmap_index = 4036, .adv_w = 128, .box_w = 8, .box_h = 15, .ofs_x = 0, .ofs_y = 0 },
    { .bitmap_index = 4096, .adv_w = 128, .box_w = 8, .box_h = 18, .ofs_x = 0, .ofs_y = -3 },
    { .bitmap_index = 4168, .adv_w = 336, .box_w = 21, .box_h = 17, .ofs_x = 0, .ofs_y = 0 },
    { .bitmap_index = 4347, .adv_w = 336, .box_w = 21, .box_h = 13, .ofs_x = 0, .ofs_y = 0 },
    { .bitmap_index = 4484, .adv_w = 336, .box_w = 21, .box_h = 17, .ofs_x = 0, .ofs_y = 0 },
    { .bitmap_index = 4663, .adv_w = 208, .box_w = 13, .box_h = 21, .ofs_x = 0, .ofs_y = 0 },
    { .bitmap_index = 4800, .adv_w = 464, .box_w = 29, .box_h = 24, .ofs_x = 0, .ofs_y = -3 },
    { .bitmap_index = 5148, .adv_w = 336, .box_w = 21, .box_h = 21, .ofs_x = 0, .ofs_y = 0 },
    { .bitmap_index = 5369, .adv_w = 304, .box_w = 19, .box_h = 21, .ofs_x = 0, .ofs_y = 0 },
    { .bitmap_index = 5569, .adv_w = 304, .box_w = 19, .box_h = 21, .ofs_x = 0, .ofs_y = 0 },
    { .bitmap_index = 5769, .adv_w = 352, .box_w = 22, .box_h = 21, .ofs_x = 0, .ofs_y = 0 },
    { .bitmap_index = 6000, .adv_w = 256, .box_w = 16, .box_h = 21, .ofs_x = 0, .ofs_y = 0 },
    { .bitmap_index = 6168, .adv_w = 256, .box_w = 16, .box_h = 21, .ofs_x = 0, .ofs_y = 0 },
    { .bitmap_index = 6336, .adv_w = 336, .box_w = 21, .box_h = 21, .ofs_x = 0, .ofs_y = 0 },
    { .bitmap_index = 6557, .adv_w = 368, .box_w = 23, .box_h = 21, .ofs_x = 0, .ofs_y = 0 },
    { .bitmap_index = 6799, .adv_w = 144, .box_w = 9, .box_h = 21, .ofs_x = 0, .ofs_y = 0 },
    { .bitmap_index = 6894, .adv_w = 208, .box_w = 13, .box_h = 21, .ofs_x = 0, .ofs_y = 0 },
    { .bitmap_index = 7031, .adv_w = 304, .box_w = 20, .box_h = 21, .ofs_x = 0, .ofs_y = 0 },
    { .bitmap_index = 7241, .adv_w = 240, .box_w = 15, .box_h = 21, .ofs_x = 0, .ofs_y = 0 },
    { .bitmap_index = 7399, .adv_w = 464, .box_w = 29, .box_h = 21, .ofs_x = 0, .ofs_y = 0 },
    { .bitmap_index = 7704, .adv_w = 384, .box_w = 24, .box_h = 21, .ofs_x = 0, .ofs_y = 0 },
    { .bitmap_index = 7956, .adv_w = 368, .box_w = 23, .box_h = 21, .ofs_x = 0, .ofs_y = 0 },
    { .bitmap_index = 8198, .adv_w = 288, .box_w = 18, .box_h = 21, .ofs_x = 0, .ofs_y = 0 },
    { .bitmap_index = 8387, .adv_w = 368, .box_w = 24, .box_h = 24, .ofs_x = 0, .ofs_y = -3 },
    { .bitmap_index = 8675, .adv_w = 320, .box_w = 20, .box_h = 21, .ofs_x = 0, .ofs_y = 0 },
    { .bitmap_index = 8885, .adv_w = 272, .box_w = 17, .box_h = 21, .ofs_x = 0, .ofs_y = 0 },
    { .bitmap_index = 9064, .adv_w = 288, .box_w = 18, .box_h = 21, .ofs_x = 0, .ofs_y = 0 },
    { .bitmap_index = 9253, .adv_w = 352, .box_w = 22, .box_h = 21, .ofs_x = 0, .ofs_y = 0 },
    { .bitmap_index = 9484, .adv_w = 320, .box_w = 20, .box_h = 21, .ofs_x = 0, .ofs_y = 0 },
    { .bitmap_index = 9694, .adv_w = 480, .box_w = 31, .box_h = 21, .ofs_x = 0, .ofs_y = 0 },
    { .bitmap_index = 10020, .adv_w = 320, .box_w = 20, .box_h = 21, .ofs_x = 0, .ofs_y = 0 },
    { .bitmap_index = 10230, .adv_w = 288, .box_w = 18, .box_h = 21, .ofs_x = 0, .ofs_y = 0 },
    { .bitmap_index = 10419, .adv_w = 288, .box_w = 18, .box_h = 21, .ofs_x = 0, .ofs_y = 0 },
    { .bitmap_index = 10608, .adv_w = 176, .box_w = 11, .box_h = 26, .ofs_x = 0, .ofs_y = -5 },
    { .bitmap_index = 10751, .adv_w = 208, .box_w = 16, .box_h = 25, .ofs_x = -1, .ofs_y = -4 },
    { .bitmap_index = 10951, .adv_w = 176, .box_w = 11, .box_h = 26, .ofs_x = 0, .ofs_y = -5 },
    { .bitmap_index = 11094, .adv_w = 336, .box_w = 21, .box_h = 21, .ofs_x = 0, .ofs_y = 0 },
    { .bitmap_index = 11315, .adv_w = 208, .box_w = 13, .box_h = 7, .ofs_x = 0, .ofs_y = -7 },
    { .bitmap_index = 11361, .adv_w = 144, .box_w = 9, .box_h = 22, .ofs_x = 0, .ofs_y = 0 },
    { .bitmap_index = 11460, .adv_w = 256, .box_w = 16, .box_h = 15, .ofs_x = 0, .ofs_y = 0 },
    { .bitmap_index = 11580, .adv_w = 304, .box_w = 19, .box_h = 22, .ofs_x = 0, .ofs_y = 0 },
    { .bitmap_index = 11789, .adv_w = 224, .box_w = 14, .box_h = 15, .ofs_x = 0, .ofs_y = 0 },
    { .bitmap_index = 11894, .adv_w = 304, .box_w = 19, .box_h = 22, .ofs_x = 0, .ofs_y = 0 },
    { .bitmap_index = 12103, .adv_w = 256, .box_w = 16, .box_h = 15, .ofs_x = 0, .ofs_y = 0 },
    { .bitmap_index = 12223, .adv_w = 176, .box_w = 12, .box_h = 22, .ofs_x = 0, .ofs_y = 0 },
    { .bitmap_index = 12355, .adv_w = 304, .box_w = 19, .box_h = 22, .ofs_x = 0, .ofs_y = -7 },
    { .bitmap_index = 12564, .adv_w = 288, .box_w = 18, .box_h = 22, .ofs_x = 0, .ofs_y = 0 },
    { .bitmap_index = 12762, .adv_w = 128, .box_w = 8, .box_h = 22, .ofs_x = 0, .ofs_y = 0 },
    { .bitmap_index = 12850, .adv_w = 128, .box_w = 10, .box_h = 30, .ofs_x = -2, .ofs_y = -8 },
    { .bitmap_index = 13000, .adv_w = 272, .box_w = 17, .box_h = 22, .ofs_x = 0, .ofs_y = 0 },
    { .bitmap_index = 13187, .adv_w = 128, .box_w = 8, .box_h = 22, .ofs_x = 0, .ofs_y = 0 },
    { .bitmap_index = 13275, .adv_w = 448, .box_w = 28, .box_h = 15, .ofs_x = 0, .ofs_y = 0 },
    { .bitmap_index = 13485, .adv_w = 288, .box_w = 18, .box_h = 15, .ofs_x = 0, .ofs_y = 0 },
    { .bitmap_index = 13620, .adv_w = 288, .box_w = 18, .box_h = 15, .ofs_x = 0, .ofs_y = 0 },
    { .bitmap_index = 13755, .adv_w = 304, .box_w = 19, .box_h = 22, .ofs_x = 0, .ofs_y = -7 },
    { .bitmap_index = 13964, .adv_w = 304, .box_w = 19, .box_h = 22, .ofs_x = 0, .ofs_y = -7 },
    { .bitmap_index = 14173, .adv_w = 192, .box_w = 12, .box_h = 15, .ofs_x = 0, .ofs_y = 0 },
    { .bitmap_index = 14263, .adv_w = 224, .box_w = 14, .box_h = 15, .ofs_x = 0, .ofs_y = 0 },
    { .bitmap_index = 14368, .adv_w = 192, .box_w = 12, .box_h = 20, .ofs_x = 0, .ofs_y = 0 },
    { .bitmap_index = 14488, .adv_w = 288, .box_w = 18, .box_h = 15, .ofs_x = 0, .ofs_y = 0 },
    { .bitmap_index = 14623, .adv_w = 256, .box_w = 16, .box_h = 15, .ofs_x = 0, .ofs_y = 0 },
    { .bitmap_index = 14743, .adv_w = 384, .box_w = 26, .box_h = 15, .ofs_x = -1, .ofs_y = 0 },
    { .bitmap_index = 14938, .adv_w = 256, .box_w = 16, .box_h = 15, .ofs_x = 0, .ofs_y = 0 },
    { .bitmap_index = 15058, .adv_w = 256, .box_w = 17, .box_h = 23, .ofs_x = 0, .ofs_y = -8 },
    { .bitmap_index = 15254, .adv_w = 224, .box_w = 14, .box_h = 15, .ofs_x = 0, .ofs_y = 0 },
    { .bitmap_index = 15359, .adv_w = 176, .box_w = 11, .box_h = 26, .ofs_x = 0, .ofs_y = -5 },
    { .bitmap_index = 15502, .adv_w = 160, .box_w = 10, .box_h = 30, .ofs_x = 0, .ofs_y = -7 },
    { .bitmap_index = 15652, .adv_w = 176, .box_w = 11, .box_h = 26, .ofs_x = 0, .ofs_y = -5 },
    { .bitmap_index = 15795, .adv_w = 336, .box_w = 21, .box_h = 11, .ofs_x = 0, .ofs_y = 0 },
    { .bitmap_index = 15911, .adv_w = 416, .box_w = 26, .box_h = 21, .ofs_x = 0, .ofs_y = 0 },
    { .bitmap_index = 16184, .adv_w = 192, .box_w = 12, .box_h = 13, .ofs_x = 0, .ofs_y = 0 },
    { .bitmap_index = 16262, .adv_w = 320, .box_w = 20, .box_h = 21, .ofs_x = 0, .ofs_y = 0 },
    { .bitmap_index = 16472, .adv_w = 448, .box_w = 28, .box_h = 9, .ofs_x = 0, .ofs_y = -4 },
    { .bitmap_index = 16598, .adv_w = 448, .box_w = 28, .box_h = 12, .ofs_x = 0, .ofs_y = 0 },
    { .bitmap_index = 16766, .adv_w = 448, .box_w = 28, .box_h = 27, .ofs_x = 0, .ofs_y = -4 },
    { .bitmap_index = 17144, .adv_w = 448, .box_w = 28, .box_h = 26, .ofs_x = 0, .ofs_y = -4 },
    { .bitmap_index = 17508, .adv_w = 448, .box_w = 28, .box_h = 26, .ofs_x = 0, .ofs_y = -4 },
    { .bitmap_index = 17872, .adv_w = 448, .box_w = 28, .box_h = 27, .ofs_x = 0, .ofs_y = -4 },
    { .bitmap_index = 18250, .adv_w = 448, .box_w = 28, .box_h = 27, .ofs_x = 0, .ofs_y = -4 },
    { .bitmap_index = 18628, .adv_w = 448, .box_w = 28, .box_h = 27, .ofs_x = 0, .ofs_y = -4 },
    { .bitmap_index = 19006, .adv_w = 448, .box_w = 28, .box_h = 27, .ofs_x = 0, .ofs_y = -4 },
    { .bitmap_index = 19384, .adv_w = 448, .box_w = 28, .box_h = 28, .ofs_x = 0, .ofs_y = -5 },
    { .bitmap_index = 19776, .adv_w = 448, .box_w = 28, .box_h = 27, .ofs_x = 0, .ofs_y = -5 },
    { .bitmap_index = 20154, .adv_w = 448, .box_w = 28, .box_h = 28, .ofs_x = 0, .ofs_y = -5 },
    { .bitmap_index = 20546, .adv_w = 448, .box_w = 28, .box_h = 28, .ofs_x = 0, .ofs_y = -5 },
    { .bitmap_index = 20938, .adv_w = 448, .box_w = 28, .box_h = 27, .ofs_x = 0, .ofs_y = -4 },
    { .bitmap_index = 21316, .adv_w = 448, .box_w = 28, .box_h = 28, .ofs_x = 0, .ofs_y = -5 },
    { .bitmap_index = 21708, .adv_w = 448, .box_w = 28, .box_h = 27, .ofs_x = 0, .ofs_y = -4 },
    { .bitmap_index = 22086, .adv_w = 448, .box_w = 28, .box_h = 28, .ofs_x = 0, .ofs_y = -5 },
    { .bitmap_index = 22478, .adv_w = 448, .box_w = 28, .box_h = 28, .ofs_x = 0, .ofs_y = -5 },
    { .bitmap_index = 22870, .adv_w = 448, .box_w = 28, .box_h = 27, .ofs_x = 0, .ofs_y = -4 },
    { .bitmap_index = 23248, .adv_w = 448, .box_w = 28, .box_h = 26, .ofs_x = 0, .ofs_y = -4 },
    { .bitmap_index = 23612, .adv_w = 448, .box_w = 28, .box_h = 28, .ofs_x = 0, .ofs_y = -5 },
    { .bitmap_index = 24004, .adv_w = 448, .box_w = 28, .box_h = 28, .ofs_x = 0, .ofs_y = -5 },
    { .bitmap_index = 24396, .adv_w = 448, .box_w = 28, .box_h = 28, .ofs_x = 0, .ofs_y = -5 },
    { .bitmap_index = 24788, .adv_w = 448, .box_w = 28, .box_h = 28, .ofs_x = 0, .ofs_y = -4 },
    { .bitmap_index = 25180, .adv_w = 448, .box_w = 28, .box_h = 28, .ofs_x = 0, .ofs_y = -5 },
    { .bitmap_index = 25572, .adv_w = 448, .box_w = 28, .box_h = 27, .ofs_x = 0, .ofs_y = -4 },
    { .bitmap_index = 25950, .adv_w = 448, .box_w = 28, .box_h = 27, .ofs_x = 0, .ofs_y = -4 },
    { .bitmap_index = 26328, .adv_w = 448, .box_w = 28, .box_h = 28, .ofs_x = 0, .ofs_y = -5 },
    { .bitmap_index = 26720, .adv_w = 448, .box_w = 28, .box_h = 27, .ofs_x = 0, .ofs_y = -4 },
    { .bitmap_index = 27098, .adv_w = 448, .box_w = 28, .box_h = 27, .ofs_x = 0, .ofs_y = -5 },
    { .bitmap_index = 27476, .adv_w = 448, .box_w = 28, .box_h = 28, .ofs_x = 0, .ofs_y = -5 },
    { .bitmap_index = 27868, .adv_w = 448, .box_w = 28, .box_h = 26, .ofs_x = 0, .ofs_y = -4 },
    { .bitmap_index = 28232, .adv_w = 448, .box_w = 28, .box_h = 28, .ofs_x = 0, .ofs_y = -5 },
    { .bitmap_index = 28624, .adv_w = 448, .box_w = 28, .box_h = 28, .ofs_x = 0, .ofs_y = -5 },
    { .bitmap_index = 29016, .adv_w = 448, .box_w = 28, .box_h = 28, .ofs_x = 0, .ofs_y = -5 },
    { .bitmap_index = 29408, .adv_w = 448, .box_w = 28, .box_h = 28, .ofs_x = 0, .ofs_y = -5 },
    { .bitmap_index = 29800, .adv_w = 448, .box_w = 28, .box_h = 28, .ofs_x = 0, .ofs_y = -5 },
    { .bitmap_index = 30192, .adv_w = 448, .box_w = 28, .box_h = 28, .ofs_x = 0, .ofs_y = -5 },
    { .bitmap_index = 30584, .adv_w = 448, .box_w = 28, .box_h = 28, .ofs_x = 0, .ofs_y = -5 },
    { .bitmap_index = 30976, .adv_w = 448, .box_w = 28, .box_h = 28, .ofs_x = 0, .ofs_y = -5 },
    { .bitmap_index = 31368, .adv_w = 448, .box_w = 28, .box_h = 26, .ofs_x = 0, .ofs_y = -4 },
    { .bitmap_index = 31732, .adv_w = 448, .box_w = 28, .box_h = 27, .ofs_x = 0, .ofs_y = -4 },
    { .bitmap_index = 32110, .adv_w = 448, .box_w = 28, .box_h = 28, .ofs_x = 0, .ofs_y = -5 },
    { .bitmap_index = 32502, .adv_w = 448, .box_w = 28, .box_h = 27, .ofs_x = 0, .ofs_y = -4 },
    { .bitmap_index = 32880, .adv_w = 448, .box_w = 28, .box_h = 25, .ofs_x = 0, .ofs_y = -3 },
    { .bitmap_index = 33230, .adv_w = 448, .box_w = 28, .box_h = 27, .ofs_x = 0, .ofs_y = -4 },
    { .bitmap_index = 33608, .adv_w = 448, .box_w = 28, .box_h = 27, .ofs_x = 0, .ofs_y = -4 },
    { .bitmap_index = 33986, .adv_w = 448, .box_w = 28, .box_h = 26, .ofs_x = 0, .ofs_y = -4 },
    { .bitmap_index = 34350, .adv_w = 448, .box_w = 28, .box_h = 28, .ofs_x = 0, .ofs_y = -5 },
    { .bitmap_index = 34742, .adv_w = 448, .box_w = 28, .box_h = 27, .ofs_x = 0, .ofs_y = -4 },
    { .bitmap_index = 35120, .adv_w = 448, .box_w = 28, .box_h = 28, .ofs_x = 0, .ofs_y = -6 },
    { .bitmap_index = 35512, .adv_w = 448, .box_w = 28, .box_h = 26, .ofs_x = 0, .ofs_y = -4 },
    { .bitmap_index = 35876, .adv_w = 448, .box_w = 28, .box_h = 28, .ofs_x = 0, .ofs_y = -5 },
    { .bitmap_index = 36268, .adv_w = 448, .box_w = 28, .box_h = 27, .ofs_x = 0, .ofs_y = -4 },
    { .bitmap_index = 36646, .adv_w = 448, .box_w = 28, .box_h = 27, .ofs_x = 0, .ofs_y = -4 },
    { .bitmap_index = 37024, .adv_w = 448, .box_w = 28, .box_h = 26, .ofs_x = 0, .ofs_y = -4 },
    { .bitmap_index = 37388, .adv_w = 448, .box_w = 28, .box_h = 27, .ofs_x = 0, .ofs_y = -5 },
    { .bitmap_index = 37766, .adv_w = 448, .box_w = 28, .box_h = 26, .ofs_x = 0, .ofs_y = -4 },
    { .bitmap_index = 38130, .adv_w = 448, .box_w = 28, .box_h = 26, .ofs_x = 0, .ofs_y = -4 },
    { .bitmap_index = 38494, .adv_w = 448, .box_w = 28, .box_h = 28, .ofs_x = 0, .ofs_y = -5 },
    { .bitmap_index = 38886, .adv_w = 448, .box_w = 28, .box_h = 28, .ofs_x = 0, .ofs_y = -5 },
    { .bitmap_index = 39278, .adv_w = 448, .box_w = 28, .box_h = 26, .ofs_x = 0, .ofs_y = -3 },
    { .bitmap_index = 39642, .adv_w = 448, .box_w = 28, .box_h = 27, .ofs_x = 0, .ofs_y = -4 },
    { .bitmap_index = 40020, .adv_w = 448, .box_w = 28, .box_h = 26, .ofs_x = 0, .ofs_y = -3 },
    { .bitmap_index = 40384, .adv_w = 448, .box_w = 28, .box_h = 28, .ofs_x = 0, .ofs_y = -5 },
    { .bitmap_index = 40776, .adv_w = 448, .box_w = 28, .box_h = 29, .ofs_x = 0, .ofs_y = -5 },
    { .bitmap_index = 41182, .adv_w = 448, .box_w = 28, .box_h = 27, .ofs_x = 0, .ofs_y = -4 },
    { .bitmap_index = 41560, .adv_w = 448, .box_w = 28, .box_h = 29, .ofs_x = 0, .ofs_y = -5 },
    { .bitmap_index = 41966, .adv_w = 448, .box_w = 28, .box_h = 27, .ofs_x = 0, .ofs_y = -4 },
    { .bitmap_index = 42344, .adv_w = 448, .box_w = 28, .box_h = 27, .ofs_x = 0, .ofs_y = -4 },
    { .bitmap_index = 42722, .adv_w = 448, .box_w = 28, .box_h = 27, .ofs_x = 0, .ofs_y = -4 },
    { .bitmap_index = 43100, .adv_w = 448, .box_w = 28, .box_h = 27, .ofs_x = 0, .ofs_y = -4 },
    { .bitmap_index = 43478, .adv_w = 448, .box_w = 28, .box_h = 26, .ofs_x = 0, .ofs_y = -4 },
    { .bitmap_index = 43842, .adv_w = 448, .box_w = 28, .box_h = 27, .ofs_x = 0, .ofs_y = -4 },
    { .bitmap_index = 44220, .adv_w = 448, .box_w = 28, .box_h = 27, .ofs_x = 0, .ofs_y = -4 },
    { .bitmap_index = 44598, .adv_w = 448, .box_w = 28, .box_h = 27, .ofs_x = 0, .ofs_y = -4 },
    { .bitmap_index = 44976, .adv_w = 448, .box_w = 28, .box_h = 27, .ofs_x = 0, .ofs_y = -4 },
    { .bitmap_index = 45354, .adv_w = 448, .box_w = 28, .box_h = 27, .ofs_x = 0, .ofs_y = -4 },
    { .bitmap_index = 45732, .adv_w = 448, .box_w = 28, .box_h = 28, .ofs_x = 0, .ofs_y = -4 },
    { .bitmap_index = 46124, .adv_w = 448, .box_w = 28, .box_h = 27, .ofs_x = 0, .ofs_y = -4 },
    { .bitmap_index = 46502, .adv_w = 448, .box_w = 28, .box_h = 27, .ofs_x = 0, .ofs_y = -4 },
    { .bitmap_index = 46880, .adv_w = 448, .box_w = 28, .box_h = 26, .ofs_x = 0, .ofs_y = -4 },
    { .bitmap_index = 47244, .adv_w = 448, .box_w = 28, .box_h = 26, .ofs_x = 0, .ofs_y = -4 },
    { .bitmap_index = 47608, .adv_w = 448, .box_w = 28, .box_h = 28, .ofs_x = 0, .ofs_y = -5 },
    { .bitmap_index = 48000, .adv_w = 448, .box_w = 28, .box_h = 27, .ofs_x = 0, .ofs_y = -4 },
    { .bitmap_index = 48378, .adv_w = 448, .box_w = 28, .box_h = 28, .ofs_x = 0, .ofs_y = -5 },
    { .bitmap_index = 48770, .adv_w = 448, .box_w = 28, .box_h = 27, .ofs_x = 0, .ofs_y = -5 },
    { .bitmap_index = 49148, .adv_w = 448, .box_w = 28, .box_h = 26, .ofs_x = 0, .ofs_y = -4 },
    { .bitmap_index = 49512, .adv_w = 448, .box_w = 28, .box_h = 26, .ofs_x = 0, .ofs_y = -4 },
    { .bitmap_index = 49876, .adv_w = 448, .box_w = 28, .box_h = 27, .ofs_x = 0, .ofs_y = -4 },
    { .bitmap_index = 50254, .adv_w = 448, .box_w = 28, .box_h = 27, .ofs_x = 0, .ofs_y = -4 },
    { .bitmap_index = 50632, .adv_w = 448, .box_w = 28, .box_h = 27, .ofs_x = 0, .ofs_y = -4 },
    { .bitmap_index = 51010, .adv_w = 448, .box_w = 28, .box_h = 28, .ofs_x = 0, .ofs_y = -5 },
    { .bitmap_index = 51402, .adv_w = 448, .box_w = 28, .box_h = 29, .ofs_x = 0, .ofs_y = -5 },
    { .bitmap_index = 51808, .adv_w = 448, .box_w = 28, .box_h = 28, .ofs_x = 0, .ofs_y = -4 },
    { .bitmap_index = 52200, .adv_w = 448, .box_w = 28, .box_h = 27, .ofs_x = 0, .ofs_y = -5 },
    { .bitmap_index = 52578, .adv_w = 448, .box_w = 28, .box_h = 28, .ofs_x = 0, .ofs_y = -5 },
    { .bitmap_index = 52970, .adv_w = 448, .box_w = 28, .box_h = 28, .ofs_x = 0, .ofs_y = -5 },
    { .bitmap_index = 53362, .adv_w = 448, .box_w = 28, .box_h = 27, .ofs_x = 0, .ofs_y = -4 },
    { .bitmap_index = 53740, .adv_w = 448, .box_w = 28, .box_h = 28, .ofs_x = 0, .ofs_y = -5 },
    { .bitmap_index = 54132, .adv_w = 448, .box_w = 28, .box_h = 27, .ofs_x = 0, .ofs_y = -4 },
    { .bitmap_index = 54510, .adv_w = 448, .box_w = 28, .box_h = 27, .ofs_x = 0, .ofs_y = -4 },
    { .bitmap_index = 54888, .adv_w = 448, .box_w = 28, .box_h = 27, .ofs_x = 0, .ofs_y = -4 },
    { .bitmap_index = 55266, .adv_w = 448, .box_w = 28, .box_h = 28, .ofs_x = 0, .ofs_y = -5 },
    { .bitmap_index = 55658, .adv_w = 448, .box_w = 28, .box_h = 28, .ofs_x = 0, .ofs_y = -5 },
    { .bitmap_index = 56050, .adv_w = 448, .box_w = 28, .box_h = 29, .ofs_x = 0, .ofs_y = -6 },
    { .bitmap_index = 56456, .adv_w = 448, .box_w = 28, .box_h = 28, .ofs_x = 0, .ofs_y = -5 },
    { .bitmap_index = 56848, .adv_w = 448, .box_w = 28, .box_h = 27, .ofs_x = 0, .ofs_y = -4 },
    { .bitmap_index = 57226, .adv_w = 448, .box_w = 28, .box_h = 29, .ofs_x = 0, .ofs_y = -6 },
    { .bitmap_index = 57632, .adv_w = 448, .box_w = 28, .box_h = 27, .ofs_x = 0, .ofs_y = -4 },
    { .bitmap_index = 58010, .adv_w = 448, .box_w = 28, .box_h = 27, .ofs_x = 0, .ofs_y = -4 },
    { .bitmap_index = 58388, .adv_w = 448, .box_w = 28, .box_h = 28, .ofs_x = 0, .ofs_y = -5 },
    { .bitmap_index = 58780, .adv_w = 448, .box_w = 28, .box_h = 28, .ofs_x = 0, .ofs_y = -5 },
    { .bitmap_index = 59172, .adv_w = 448, .box_w = 28, .box_h = 28, .ofs_x = 0, .ofs_y = -5 },
    { .bitmap_index = 59564, .adv_w = 448, .box_w = 28, .box_h = 27, .ofs_x = 0, .ofs_y = -4 },
    { .bitmap_index = 59942, .adv_w = 448, .box_w = 28, .box_h = 28, .ofs_x = 0, .ofs_y = -5 },
    { .bitmap_index = 60334, .adv_w = 448, .box_w = 28, .box_h = 28, .ofs_x = 0, .ofs_y = -5 },
    { .bitmap_index = 60726, .adv_w = 448, .box_w = 28, .box_h = 28, .ofs_x = 0, .ofs_y = -5 },
    { .bitmap_index = 61118, .adv_w = 448, .box_w = 28, .box_h = 28, .ofs_x = 0, .ofs_y = -5 },
    { .bitmap_index = 61510, .adv_w = 448, .box_w = 28, .box_h = 28, .ofs_x = 0, .ofs_y = -5 },
    { .bitmap_index = 61902, .adv_w = 448, .box_w = 28, .box_h = 27, .ofs_x = 0, .ofs_y = -4 },
    { .bitmap_index = 62280, .adv_w = 448, .box_w = 28, .box_h = 27, .ofs_x = 0, .ofs_y = -4 },
    { .bitmap_index = 62658, .adv_w = 448, .box_w = 28, .box_h = 27, .ofs_x = 0, .ofs_y = -4 },
    { .bitmap_index = 63036, .adv_w = 448, .box_w = 28, .box_h = 27, .ofs_x = 0, .ofs_y = -4 },
    { .bitmap_index = 63414, .adv_w = 448, .box_w = 28, .box_h = 28, .ofs_x = 0, .ofs_y = -5 },
    { .bitmap_index = 63806, .adv_w = 448, .box_w = 28, .box_h = 26, .ofs_x = 0, .ofs_y = -4 },
    { .bitmap_index = 64170, .adv_w = 448, .box_w = 28, .box_h = 28, .ofs_x = 0, .ofs_y = -5 },
    { .bitmap_index = 64562, .adv_w = 448, .box_w = 28, .box_h = 25, .ofs_x = 0, .ofs_y = -3 },
    { .bitmap_index = 64912, .adv_w = 448, .box_w = 28, .box_h = 27, .ofs_x = 0, .ofs_y = -4 },
    { .bitmap_index = 65290, .adv_w = 448, .box_w = 28, .box_h = 27, .ofs_x = 0, .ofs_y = -4 },
    { .bitmap_index = 65668, .adv_w = 448, .box_w = 28, .box_h = 27, .ofs_x = 0, .ofs_y = -5 },
    { .bitmap_index = 66046, .adv_w = 448, .box_w = 28, .box_h = 26, .ofs_x = 0, .ofs_y = -4 },
    { .bitmap_index = 66410, .adv_w = 448, .box_w = 28, .box_h = 27, .ofs_x = 0, .ofs_y = -5 },
    { .bitmap_index = 66788, .adv_w = 448, .box_w = 28, .box_h = 27, .ofs_x = 0, .ofs_y = -4 },
    { .bitmap_index = 67166, .adv_w = 448, .box_w = 28, .box_h = 27, .ofs_x = 0, .ofs_y = -4 },
    { .bitmap_index = 67544, .adv_w = 448, .box_w = 28, .box_h = 27, .ofs_x = 0, .ofs_y = -4 },
    { .bitmap_index = 67922, .adv_w = 448, .box_w = 28, .box_h = 27, .ofs_x = 0, .ofs_y = -4 },
    { .bitmap_index = 68300, .adv_w = 448, .box_w = 28, .box_h = 28, .ofs_x = 0, .ofs_y = -5 },
    { .bitmap_index = 68692, .adv_w = 448, .box_w = 28, .box_h = 28, .ofs_x = 0, .ofs_y = -5 },
    { .bitmap_index = 69084, .adv_w = 448, .box_w = 28, .box_h = 27, .ofs_x = 0, .ofs_y = -4 },
    { .bitmap_index = 69462, .adv_w = 448, .box_w = 28, .box_h = 27, .ofs_x = 0, .ofs_y = -4 },
    { .bitmap_index = 69840, .adv_w = 448, .box_w = 28, .box_h = 26, .ofs_x = 0, .ofs_y = -4 },
    { .bitmap_index = 70204, .adv_w = 448, .box_w = 28, .box_h = 26, .ofs_x = 0, .ofs_y = -4 },
    { .bitmap_index = 70568, .adv_w = 448, .box_w = 28, .box_h = 30, .ofs_x = 0, .ofs_y = -6 },
    { .bitmap_index = 70988, .adv_w = 448, .box_w = 28, .box_h = 28, .ofs_x = 0, .ofs_y = -5 },
    { .bitmap_index = 71380, .adv_w = 448, .box_w = 28, .box_h = 28, .ofs_x = 0, .ofs_y = -5 },
    { .bitmap_index = 71772, .adv_w = 448, .box_w = 28, .box_h = 27, .ofs_x = 0, .ofs_y = -4 },
    { .bitmap_index = 72150, .adv_w = 448, .box_w = 28, .box_h = 28, .ofs_x = 0, .ofs_y = -5 },
    { .bitmap_index = 72542, .adv_w = 448, .box_w = 28, .box_h = 28, .ofs_x = 0, .ofs_y = -5 },
    { .bitmap_index = 72934, .adv_w = 448, .box_w = 28, .box_h = 27, .ofs_x = 0, .ofs_y = -4 },
    { .bitmap_index = 73312, .adv_w = 448, .box_w = 28, .box_h = 28, .ofs_x = 0, .ofs_y = -5 },
    { .bitmap_index = 73704, .adv_w = 448, .box_w = 28, .box_h = 27, .ofs_x = 0, .ofs_y = -4 },
    { .bitmap_index = 74082, .adv_w = 448, .box_w = 28, .box_h = 26, .ofs_x = 0, .ofs_y = -4 },
    { .bitmap_index = 74446, .adv_w = 448, .box_w = 28, .box_h = 27, .ofs_x = 0, .ofs_y = -5 },
    { .bitmap_index = 74824, .adv_w = 448, .box_w = 28, .box_h = 27, .ofs_x = 0, .ofs_y = -5 },
    { .bitmap_index = 75202, .adv_w = 448, .box_w = 28, .box_h = 27, .ofs_x = 0, .ofs_y = -4 },
    { .bitmap_index = 75580, .adv_w = 448, .box_w = 28, .box_h = 27, .ofs_x = 0, .ofs_y = -4 },
    { .bitmap_index = 75958, .adv_w = 448, .box_w = 28, .box_h = 26, .ofs_x = 0, .ofs_y = -4 },
    { .bitmap_index = 76322, .adv_w = 448, .box_w = 28, .box_h = 26, .ofs_x = 0, .ofs_y = -3 },
    { .bitmap_index = 76686, .adv_w = 448, .box_w = 28, .box_h = 28, .ofs_x = 0, .ofs_y = -5 },
    { .bitmap_index = 77078, .adv_w = 448, .box_w = 28, .box_h = 27, .ofs_x = 0, .ofs_y = -4 },
    { .bitmap_index = 77456, .adv_w = 448, .box_w = 28, .box_h = 27, .ofs_x = 0, .ofs_y = -4 },
    { .bitmap_index = 77834, .adv_w = 448, .box_w = 28, .box_h = 27, .ofs_x = 0, .ofs_y = -5 },
    { .bitmap_index = 78212, .adv_w = 448, .box_w = 28, .box_h = 28, .ofs_x = 0, .ofs_y = -4 },
    { .bitmap_index = 78604, .adv_w = 448, .box_w = 28, .box_h = 27, .ofs_x = 0, .ofs_y = -5 },
    { .bitmap_index = 78982, .adv_w = 448, .box_w = 28, .box_h = 27, .ofs_x = 0, .ofs_y = -4 },
    { .bitmap_index = 79360, .adv_w = 448, .box_w = 28, .box_h = 28, .ofs_x = 0, .ofs_y = -5 },
    { .bitmap_index = 79752, .adv_w = 448, .box_w = 28, .box_h = 27, .ofs_x = 0, .ofs_y = -4 },
    { .bitmap_index = 80130, .adv_w = 448, .box_w = 28, .box_h = 27, .ofs_x = 0, .ofs_y = -4 },
    { .bitmap_index = 80508, .adv_w = 448, .box_w = 28, .box_h = 28, .ofs_x = 0, .ofs_y = -5 },
    { .bitmap_index = 80900, .adv_w = 448, .box_w = 28, .box_h = 28, .ofs_x = 0, .ofs_y = -5 },
    { .bitmap_index = 81292, .adv_w = 448, .box_w = 28, .box_h = 26, .ofs_x = 0, .ofs_y = -4 },
    { .bitmap_index = 81656, .adv_w = 448, .box_w = 28, .box_h = 28, .ofs_x = 0, .ofs_y = -5 },
    { .bitmap_index = 82048, .adv_w = 448, .box_w = 28, .box_h = 28, .ofs_x = 0, .ofs_y = -5 },
    { .bitmap_index = 82440, .adv_w = 448, .box_w = 28, .box_h = 28, .ofs_x = 0, .ofs_y = -5 },
    { .bitmap_index = 82832, .adv_w = 448, .box_w = 28, .box_h = 27, .ofs_x = 0, .ofs_y = -4 },
    { .bitmap_index = 83210, .adv_w = 448, .box_w = 28, .box_h = 28, .ofs_x = 0, .ofs_y = -5 },
    { .bitmap_index = 83602, .adv_w = 448, .box_w = 28, .box_h = 28, .ofs_x = 0, .ofs_y = -5 },
    { .bitmap_index = 83994, .adv_w = 448, .box_w = 28, .box_h = 27, .ofs_x = 0, .ofs_y = -4 },
    { .bitmap_index = 84372, .adv_w = 448, .box_w = 28, .box_h = 27, .ofs_x = 0, .ofs_y = -4 },
    { .bitmap_index = 84750, .adv_w = 448, .box_w = 28, .box_h = 28, .ofs_x = 0, .ofs_y = -5 },
    { .bitmap_index = 85142, .adv_w = 448, .box_w = 28, .box_h = 27, .ofs_x = 0, .ofs_y = -4 },
    { .bitmap_index = 85520, .adv_w = 448, .box_w = 28, .box_h = 27, .ofs_x = 0, .ofs_y = -4 },
    { .bitmap_index = 85898, .adv_w = 448, .box_w = 28, .box_h = 27, .ofs_x = 0, .ofs_y = -5 },
    { .bitmap_index = 86276, .adv_w = 448, .box_w = 28, .box_h = 26, .ofs_x = 0, .ofs_y = -4 },
    { .bitmap_index = 86640, .adv_w = 448, .box_w = 28, .box_h = 27, .ofs_x = 0, .ofs_y = -4 },
    { .bitmap_index = 87018, .adv_w = 448, .box_w = 28, .box_h = 27, .ofs_x = 0, .ofs_y = -4 },
    { .bitmap_index = 87396, .adv_w = 448, .box_w = 28, .box_h = 28, .ofs_x = 0, .ofs_y = -5 },
    { .bitmap_index = 87788, .adv_w = 448, .box_w = 28, .box_h = 28, .ofs_x = 0, .ofs_y = -5 },
    { .bitmap_index = 88180, .adv_w = 448, .box_w = 28, .box_h = 28, .ofs_x = 0, .ofs_y = -5 },
    { .bitmap_index = 88572, .adv_w = 448, .box_w = 28, .box_h = 28, .ofs_x = 0, .ofs_y = -5 },
    { .bitmap_index = 88964, .adv_w = 448, .box_w = 28, .box_h = 28, .ofs_x = 0, .ofs_y = -4 },
    { .bitmap_index = 89356, .adv_w = 448, .box_w = 28, .box_h = 28, .ofs_x = 0, .ofs_y = -5 },
    { .bitmap_index = 89748, .adv_w = 448, .box_w = 28, .box_h = 27, .ofs_x = 0, .ofs_y = -4 },
    { .bitmap_index = 90126, .adv_w = 448, .box_w = 28, .box_h = 27, .ofs_x = 0, .ofs_y = -4 },
    { .bitmap_index = 90504, .adv_w = 448, .box_w = 28, .box_h = 27, .ofs_x = 0, .ofs_y = -4 },
    { .bitmap_index = 90882, .adv_w = 448, .box_w = 28, .box_h = 27, .ofs_x = 0, .ofs_y = -4 },
    { .bitmap_index = 91260, .adv_w = 448, .box_w = 28, .box_h = 26, .ofs_x = 0, .ofs_y = -3 },
    { .bitmap_index = 91624, .adv_w = 448, .box_w = 28, .box_h = 29, .ofs_x = 0, .ofs_y = -6 },
    { .bitmap_index = 92030, .adv_w = 448, .box_w = 28, .box_h = 27, .ofs_x = 0, .ofs_y = -4 },
    { .bitmap_index = 92408, .adv_w = 448, .box_w = 28, .box_h = 28, .ofs_x = 0, .ofs_y = -5 },
    { .bitmap_index = 92800, .adv_w = 448, .box_w = 28, .box_h = 26, .ofs_x = 0, .ofs_y = -4 },
    { .bitmap_index = 93164, .adv_w = 448, .box_w = 28, .box_h = 28, .ofs_x = 0, .ofs_y = -5 },
    { .bitmap_index = 93556, .adv_w = 448, .box_w = 28, .box_h = 29, .ofs_x = 0, .ofs_y = -6 },
    { .bitmap_index = 93962, .adv_w = 448, .box_w = 28, .box_h = 27, .ofs_x = 0, .ofs_y = -4 },
    { .bitmap_index = 94340, .adv_w = 448, .box_w = 28, .box_h = 27, .ofs_x = 0, .ofs_y = -4 },
    { .bitmap_index = 94718, .adv_w = 448, .box_w = 28, .box_h = 27, .ofs_x = 0, .ofs_y = -4 },
    { .bitmap_index = 95096, .adv_w = 448, .box_w = 28, .box_h = 27, .ofs_x = 0, .ofs_y = -4 },
    { .bitmap_index = 95474, .adv_w = 448, .box_w = 28, .box_h = 26, .ofs_x = 0, .ofs_y = -4 },
    { .bitmap_index = 95838, .adv_w = 448, .box_w = 28, .box_h = 27, .ofs_x = 0, .ofs_y = -4 },
    { .bitmap_index = 96216, .adv_w = 448, .box_w = 28, .box_h = 27, .ofs_x = 0, .ofs_y = -4 },
    { .bitmap_index = 96594, .adv_w = 448, .box_w = 28, .box_h = 27, .ofs_x = 0, .ofs_y = -4 },
    { .bitmap_index = 96972, .adv_w = 448, .box_w = 28, .box_h = 27, .ofs_x = 0, .ofs_y = -4 },
    { .bitmap_index = 97350, .adv_w = 448, .box_w = 28, .box_h = 27, .ofs_x = 0, .ofs_y = -5 },
    { .bitmap_index = 97728, .adv_w = 448, .box_w = 28, .box_h = 27, .ofs_x = 0, .ofs_y = -5 },
    { .bitmap_index = 98106, .adv_w = 448, .box_w = 28, .box_h = 27, .ofs_x = 0, .ofs_y = -4 },
    { .bitmap_index = 98484, .adv_w = 448, .box_w = 28, .box_h = 27, .ofs_x = 0, .ofs_y = -4 },
    { .bitmap_index = 98862, .adv_w = 448, .box_w = 28, .box_h = 28, .ofs_x = 0, .ofs_y = -5 },
    { .bitmap_index = 99254, .adv_w = 448, .box_w = 28, .box_h = 27, .ofs_x = 0, .ofs_y = -4 },
    { .bitmap_index = 99632, .adv_w = 448, .box_w = 28, .box_h = 28, .ofs_x = 0, .ofs_y = -5 },
    { .bitmap_index = 100024, .adv_w = 448, .box_w = 28, .box_h = 28, .ofs_x = 0, .ofs_y = -5 },
    { .bitmap_index = 100416, .adv_w = 448, .box_w = 28, .box_h = 27, .ofs_x = 0, .ofs_y = -4 },
    { .bitmap_index = 100794, .adv_w = 448, .box_w = 28, .box_h = 27, .ofs_x = 0, .ofs_y = -4 },
    { .bitmap_index = 101172, .adv_w = 448, .box_w = 28, .box_h = 28, .ofs_x = 0, .ofs_y = -5 },
    { .bitmap_index = 101564, .adv_w = 448, .box_w = 28, .box_h = 27, .ofs_x = 0, .ofs_y = -4 },
    { .bitmap_index = 101942, .adv_w = 448, .box_w = 28, .box_h = 27, .ofs_x = 0, .ofs_y = -4 },
    { .bitmap_index = 102320, .adv_w = 448, .box_w = 28, .box_h = 26, .ofs_x = 0, .ofs_y = -4 },
    { .bitmap_index = 102684, .adv_w = 448, .box_w = 28, .box_h = 27, .ofs_x = 0, .ofs_y = -4 },
    { .bitmap_index = 103062, .adv_w = 448, .box_w = 28, .box_h = 27, .ofs_x = 0, .ofs_y = -4 },
    { .bitmap_index = 103440, .adv_w = 448, .box_w = 28, .box_h = 26, .ofs_x = 0, .ofs_y = -5 },
    { .bitmap_index = 103804, .adv_w = 448, .box_w = 28, .box_h = 26, .ofs_x = 0, .ofs_y = -5 },
    { .bitmap_index = 104168, .adv_w = 448, .box_w = 28, .box_h = 7, .ofs_x = 0, .ofs_y = -4 },
    { .bitmap_index = 104266, .adv_w = 448, .box_w = 28, .box_h = 15, .ofs_x = 0, .ofs_y = 0 },
};

static const uint16_t unicode_list[] = {
    0, 14, 9660, 12120, 19799, 19809, 19810, 19812, 19813, 19825, 19841, 19844,
    19857, 19941, 19973, 19977, 19985, 20035, 20045, 20107, 20132, 20138, 20182, 20246,
    20280, 20630, 20668, 20675, 20680, 20682, 20707, 20765, 20817, 20818, 20829, 20830,
    20871, 20900, 20982, 20983, 20984, 20991, 20992, 21137, 21164, 21166, 21176, 21228,
    21282, 21288, 21293, 21294, 21314, 21318, 21326, 21349, 21382, 21459, 21951, 22069,
    22091, 22101, 22143, 22151, 22154, 22190, 22353, 22619, 22622, 22637, 22641, 22654,
    22664, 22730, 22818, 23207, 23216, 23263, 23264, 23281, 23284, 23285, 23291, 23309,
    23378, 23379, 23389, 23412, 23432, 23452, 23462, 23881, 23897, 23941, 23951, 23980,
    24061, 24068, 24151, 24172, 24182, 24234, 24284, 24346, 24408, 24444, 24446, 24604,
    24935, 24936, 24983, 25045, 25083, 25084, 25142, 25151, 25152, 25184, 25273, 25285,
    25340, 25383, 25604, 25749, 25759, 25799, 25822, 25872, 25911, 25933, 25974, 26053,
    26073, 26187, 26199, 26212, 26241, 26294, 26300, 26428, 26462, 26470, 26647, 27000,
    27322, 27496, 27545, 27692, 27711, 27976, 28135, 28200, 28267, 29120, 29197, 29533,
    29823, 29831, 29836, 30241, 30277, 30283, 30306, 30326, 30532, 30659, 30744, 30865,
    30869, 30950, 30994, 31280, 31392, 31447, 31690, 31765, 31826, 31865, 31870, 32253,
    32278, 32298, 32304, 32307, 32321, 32324, 32424, 32453, 32600, 32683, 32852, 33153,
    33550, 34723, 35159, 35576, 35579, 35605, 35628, 35636, 35652, 35662, 35964, 35995,
    36148, 36166, 36564, 36648, 36651, 36661, 36696, 36704, 36721, 36778, 36882, 36927,
    37028, 37097, 37160, 37878, 37973, 38021, 38212, 38219, 38251, 38262, 38299, 38374,
    38730, 38860, 39149, 40495, 65119, 65120, 65123, 65137,
};

static const lv_font_fmt_txt_cmap_t cmaps[] = {
    {
        .range_start = 32,
        .range_length = 95,
        .glyph_id_start = 1,
        .unicode_list = NULL,
        .glyph_id_ofs_list = NULL,
        .list_length = 0,
        .type = LV_FONT_FMT_TXT_CMAP_FORMAT0_TINY
    },
    {
        .range_start = 169,
        .range_length = 65138,
        .glyph_id_start = 96,
        .unicode_list = unicode_list,
        .glyph_id_ofs_list = NULL,
        .list_length = 236,
        .type = LV_FONT_FMT_TXT_CMAP_SPARSE_TINY
    }
};

#if LV_VERSION_CHECK(8, 0, 0)
static lv_font_fmt_txt_glyph_cache_t cache;
#endif

static const lv_font_fmt_txt_dsc_t font_dsc = {
    .glyph_bitmap = glyph_bitmap,
    .glyph_dsc = glyph_dsc,
    .cmaps = cmaps,
    .kern_dsc = NULL,
    .kern_scale = 0,
    .cmap_num = 2,
    .bpp = 4,
    .kern_classes = 0,
    .bitmap_format = 0,
#if LV_VERSION_CHECK(8, 0, 0)
    .cache = &cache
#endif
};

const lv_font_t font_easygo_28 = {
    .get_glyph_dsc = lv_font_get_glyph_dsc_fmt_txt,
    .get_glyph_bitmap = lv_font_get_bitmap_fmt_txt,
    .line_height = 38,
    .base_line = 8,
    .subpx = LV_FONT_SUBPX_NONE,
    .underline_position = -2,
    .underline_thickness = 1,
    .dsc = &font_dsc
};
