/*
 * Generated by 4.Software/UI/tools/build_lvgl_assets.py.
 * Font: Microsoft YaHei (regular), 20px, 4bpp.
 * Contains only glyphs used by the EasyGo simulator UI.
 */
#include "lvgl.h"

static LV_ATTRIBUTE_LARGE_CONST const uint8_t glyph_bitmap[] = {
    0x00, 0xef, 0x10, 0x00, 0xdf, 0x10, 0x00, 0xdf, 0x10, 0x00, 0xdf, 0x00, 0x00, 0xcf, 0x00, 0x00,
    0xcf, 0x00, 0x00, 0xce, 0x00, 0x00, 0xbe, 0x00, 0x00, 0xbe, 0x00, 0x00, 0xbd, 0x00, 0x00, 0x00,
    0x00, 0x00, 0x00, 0x00, 0x00, 0x45, 0x00, 0x01, 0xff, 0x40, 0x00, 0xcd, 0x20, 0x00, 0xdf, 0x4f,
    0x90, 0x00, 0x0d, 0xe3, 0xf8, 0x00, 0x00, 0xcd, 0x2f, 0x70, 0x00, 0x0b, 0xc1, 0xf7, 0x00, 0x00,
    0xab, 0x0f, 0x60, 0x00, 0x00, 0x00, 0x00, 0x00, 0x00, 0x00, 0x00, 0x00, 0x00, 0x00, 0x00, 0x00,
    0x00, 0x00, 0x00, 0x00, 0x00, 0x00, 0x00, 0x00, 0x00, 0x00, 0x00, 0x00, 0x00, 0x00, 0x00, 0x00,
    0x00, 0x00, 0x00, 0x00, 0x00, 0x00, 0x00, 0x00, 0x00, 0x00, 0x00, 0x00, 0x00, 0x00, 0x00, 0x00,
    0x00, 0x00, 0x00, 0x1f, 0x50, 0x1f, 0x50, 0x00, 0x00, 0x04, 0xf2, 0x04, 0xf2, 0x00, 0x00, 0x00,
    0x8e, 0x00, 0x7e, 0x00, 0x00, 0x00, 0x0b, 0xb0, 0x0b, 0xb0, 0x00, 0x0c, 0xff, 0xff, 0xff, 0xff,
    0xff, 0x30, 0x33, 0x5f, 0x63, 0x5f, 0x63, 0x30, 0x00, 0x06, 0xf1, 0x05, 0xf1, 0x00, 0x00, 0x00,
    0x9c, 0x00, 0x9d, 0x00, 0x00, 0x8f, 0xff, 0xff, 0xff, 0xff, 0xf7, 0x02, 0x34, 0xf7, 0x33, 0xf8,
    0x33, 0x10, 0x00, 0x3f, 0x30, 0x3f, 0x30, 0x00, 0x00, 0x06, 0xf0, 0x06, 0xf1, 0x00, 0x00, 0x00,
    0x9d, 0x00, 0x9d, 0x00, 0x00, 0x00, 0x0b, 0xa0, 0x0b, 0xa0, 0x00, 0x00, 0x00, 0x00, 0x00, 0x00,
    0x00, 0x00, 0x00, 0x00, 0x00, 0x09, 0x80, 0x00, 0x00, 0x00, 0x00, 0x09, 0x80, 0x00, 0x00, 0x00,
    0x03, 0xae, 0xfd, 0x70, 0x00, 0x00, 0x5f, 0xed, 0xdc, 0xf6, 0x00, 0x01, 0xee, 0x29, 0x80, 0x57,
    0x00, 0x04, 0xf9, 0x09, 0x80, 0x00, 0x00, 0x04, 0xfa, 0x09, 0x80, 0x00, 0x00, 0x01, 0xef, 0x59,
    0x80, 0x00, 0x00, 0x00, 0x6f, 0xfe, 0x90, 0x00, 0x00, 0x00, 0x03, 0xcf, 0xfa, 0x20, 0x00, 0x00,
    0x00, 0x0a, 0xff, 0xe4, 0x00, 0x00, 0x00, 0x09, 0x97, 0xfe, 0x10, 0x00, 0x00, 0x09, 0x80, 0xaf,
    0x50, 0x01, 0x00, 0x09, 0x80, 0x8f, 0x60, 0x04, 0x91, 0x09, 0x81, 0xdf, 0x20, 0x03, 0xff, 0xbd,
    0xde, 0xf7, 0x00, 0x00, 0x4a, 0xef, 0xea, 0x40, 0x00, 0x00, 0x00, 0x09, 0x80, 0x00, 0x00, 0x00,
    0x00, 0x09, 0x80, 0x00, 0x00, 0x00, 0x7d, 0xfd, 0x60, 0x00, 0x00, 0x7f, 0x30, 0x00, 0x07, 0xf8,
    0x49, 0xf6, 0x00, 0x02, 0xe8, 0x00, 0x00, 0x0e, 0x90, 0x00, 0xcc, 0x00, 0x0b, 0xd1, 0x00, 0x00,
    0x2f, 0x60, 0x00, 0x9d, 0x00, 0x6f, 0x40, 0x00, 0x00, 0x1f, 0x80, 0x00, 0xbc, 0x01, 0xe9, 0x00,
    0x00, 0x00, 0x0b, 0xe4, 0x15, 0xf6, 0x0a, 0xd1, 0x00, 0x00, 0x00, 0x02, 0xbf, 0xff, 0x80, 0x5f,
    0x50, 0x00, 0x00, 0x00, 0x00, 0x02, 0x31, 0x01, 0xea, 0x05, 0xdf, 0xd6, 0x00, 0x00, 0x00, 0x00,
    0x09, 0xe1, 0x5f, 0x95, 0x9f, 0x50, 0x00, 0x00, 0x00, 0x4f, 0x60, 0xcb, 0x00, 0x0c, 0xc0, 0x00,
    0x00, 0x01, 0xdb, 0x00, 0xf7, 0x00, 0x09, 0xe0, 0x00, 0x00, 0x08, 0xe2, 0x01, 0xf7, 0x00, 0x09,
    0xe0, 0x00, 0x00, 0x3f, 0x60, 0x00, 0xdb, 0x00, 0x0c, 0xb0, 0x00, 0x00, 0xdc, 0x00, 0x00, 0x6f,
    0x95, 0xaf, 0x40, 0x00, 0x08, 0xf2, 0x00, 0x00, 0x07, 0xdf, 0xc4, 0x00, 0x00, 0x00, 0x5c, 0xee,
    0xb4, 0x00, 0x00, 0x00, 0x00, 0x00, 0x7f, 0xd8, 0x9e, 0xf4, 0x00, 0x00, 0x00, 0x00, 0x0e, 0xe1,
    0x00, 0x4f, 0xa0, 0x00, 0x00, 0x00, 0x00, 0xfc, 0x00, 0x01, 0xfa, 0x00, 0x6f, 0x60, 0x00, 0x0c,
    0xf2, 0x00, 0x8f, 0x60, 0x04, 0xf7, 0x00, 0x00, 0x4f, 0xd6, 0xbf, 0x90, 0x00, 0x5f, 0x60, 0x00,
    0x00, 0xaf, 0xff, 0x60, 0x00, 0x07, 0xf3, 0x00, 0x03, 0xdf, 0x98, 0xef, 0x91, 0x00, 0xbe, 0x00,
    0x01, 0xee, 0x30, 0x01, 0x9f, 0xb1, 0x2f, 0x90, 0x00, 0x8f, 0x60, 0x00, 0x00, 0x8f, 0xab, 0xf2,
    0x00, 0x0b, 0xf3, 0x00, 0x00, 0x00, 0xbf, 0xf8, 0x00, 0x00, 0xbf, 0x50, 0x00, 0x00, 0x05, 0xff,
    0x30, 0x00, 0x06, 0xfd, 0x20, 0x00, 0x17, 0xfe, 0xfd, 0x10, 0x10, 0x0b, 0xff, 0xba, 0xbe, 0xfc,
    0x28, 0xfe, 0xbe, 0x00, 0x06, 0xce, 0xfe, 0xa5, 0x00, 0x07, 0xde, 0xa0, 0x06, 0xf7, 0x00, 0x5f,
    0x70, 0x04, 0xf6, 0x00, 0x3f, 0x50, 0x02, 0xf4, 0x00, 0x00, 0x00, 0x00, 0x00, 0x00, 0x00, 0x00,
    0x00, 0x00, 0x00, 0x00, 0x00, 0x00, 0x00, 0x00, 0x00, 0x00, 0x00, 0x00, 0x00, 0x00, 0x00, 0x00,
    0x00, 0x00, 0x00, 0x00, 0x8f, 0x20, 0x00, 0x4f, 0x70, 0x00, 0x0c, 0xd0, 0x00, 0x04, 0xf6, 0x00,
    0x00, 0xae, 0x10, 0x00, 0x0e, 0xb0, 0x00, 0x03, 0xf7, 0x00, 0x00, 0x5f, 0x50, 0x00, 0x06, 0xf4,
    0x00, 0x00, 0x7f, 0x30, 0x00, 0x06, 0xf4, 0x00, 0x00, 0x5f, 0x50, 0x00, 0x03, 0xf7, 0x00, 0x00,
    0x0e, 0xb0, 0x00, 0x00, 0xbe, 0x00, 0x00, 0x05, 0xf6, 0x00, 0x00, 0x0d, 0xd0, 0x00, 0x00, 0x4f,
    0x60, 0x00, 0x00, 0x9e, 0x20, 0x7f, 0x40, 0x00, 0x00, 0xbd, 0x10, 0x00, 0x03, 0xf8, 0x00, 0x00,
    0x0b, 0xe1, 0x00, 0x00, 0x5f, 0x60, 0x00, 0x01, 0xfa, 0x00, 0x00, 0x0c, 0xe0, 0x00, 0x00, 0xaf,
    0x10, 0x00, 0x08, 0xf2, 0x00, 0x00, 0x7f, 0x30, 0x00, 0x08, 0xf2, 0x00, 0x00, 0x9f, 0x10, 0x00,
    0x0b, 0xe0, 0x00, 0x00, 0xfb, 0x00, 0x00, 0x4f, 0x70, 0x00, 0x0a, 0xe1, 0x00, 0x02, 0xf9, 0x00,
    0x00, 0xbe, 0x10, 0x00, 0x6f, 0x40, 0x00, 0x00, 0x00, 0x02, 0xf5, 0x00, 0x00, 0x00, 0x1f, 0x30,
    0x00, 0x1c, 0x94, 0xf5, 0x8d, 0x20, 0x37, 0xcf, 0xd8, 0x40, 0x00, 0x1c, 0xcd, 0x20, 0x00, 0x0b,
    0xd0, 0xbc, 0x10, 0x01, 0xa4, 0x02, 0xb2, 0x00, 0x00, 0x00, 0x00, 0x00, 0x00, 0x00, 0x00, 0x00,
    0x00, 0x00, 0x00, 0x00, 0x00, 0x00, 0x00, 0x00, 0x00, 0x00, 0x00, 0x00, 0x00, 0x00, 0x00, 0x00,
    0x00, 0x00, 0x00, 0x00, 0x00, 0x00, 0x00, 0x00, 0x00, 0x00, 0x00, 0x00, 0x00, 0x00, 0x00, 0x5f,
    0x30, 0x00, 0x00, 0x00, 0x00, 0x00, 0x05, 0xf3, 0x00, 0x00, 0x00, 0x00, 0x00, 0x00, 0x5f, 0x30,
    0x00, 0x00, 0x00, 0x00, 0x00, 0x05, 0xf3, 0x00, 0x00, 0x00, 0x00, 0x8f, 0xff, 0xff, 0xff, 0xff,
    0x60, 0x00, 0x04, 0x88, 0x8a, 0xf9, 0x88, 0x83, 0x00, 0x00, 0x00, 0x00, 0x5f, 0x30, 0x00, 0x00,
    0x00, 0x00, 0x00, 0x05, 0xf3, 0x00, 0x00, 0x00, 0x00, 0x00, 0x00, 0x5f, 0x30, 0x00, 0x00, 0x00,
    0x00, 0x00, 0x05, 0xf3, 0x00, 0x00, 0x00, 0x00, 0x00, 0x00, 0x00, 0x00, 0x00, 0x00, 0x00, 0x08,
    0xf4, 0x00, 0xbe, 0x00, 0x0e, 0x90, 0x03, 0xf4, 0x00, 0x7e, 0x00, 0x00, 0x07, 0xff, 0xff, 0xf4,
    0x00, 0x37, 0x77, 0x77, 0x20, 0x00, 0x00, 0x00, 0x00, 0x00, 0x00, 0x00, 0x00, 0x00, 0x00, 0x00,
    0x00, 0x00, 0x00, 0x00, 0x00, 0x00, 0x00, 0x00, 0x00, 0x00, 0x00, 0x00, 0x02, 0x71, 0x00, 0xcf,
    0x90, 0x08, 0xe6, 0x00, 0x00, 0x00, 0x00, 0x04, 0xf8, 0x00, 0x00, 0x00, 0x0a, 0xf2, 0x00, 0x00,
    0x00, 0x1f, 0xb0, 0x00, 0x00, 0x00, 0x7f, 0x50, 0x00, 0x00, 0x00, 0xdd, 0x00, 0x00, 0x00, 0x04,
    0xf8, 0x00, 0x00, 0x00, 0x0a, 0xf2, 0x00, 0x00, 0x00, 0x2f, 0xa0, 0x00, 0x00, 0x00, 0x7f, 0x40,
    0x00, 0x00, 0x00, 0xdd, 0x00, 0x00, 0x00, 0x05, 0xf7, 0x00, 0x00, 0x00, 0x0b, 0xf2, 0x00, 0x00,
    0x00, 0x2f, 0xa0, 0x00, 0x00, 0x00, 0x8f, 0x40, 0x00, 0x00, 0x00, 0xed, 0x00, 0x00, 0x00, 0x05,
    0xf7, 0x00, 0x00, 0x00, 0x0b, 0xf1, 0x00, 0x00, 0x00, 0x2f, 0xa0, 0x00, 0x00, 0x00, 0x00, 0x04,
    0xbe, 0xec, 0x40, 0x00, 0x00, 0x6f, 0xea, 0xaf, 0xf6, 0x00, 0x01, 0xee, 0x20, 0x04, 0xfe, 0x10,
    0x07, 0xf7, 0x00, 0x00, 0xaf, 0x60, 0x0c, 0xf2, 0x00, 0x00, 0x6f, 0x90, 0x0e, 0xf0, 0x00, 0x00,
    0x3f, 0xb0, 0x1f, 0xd0, 0x00, 0x00, 0x2f, 0xc0, 0x1f, 0xd0, 0x00, 0x00, 0x2f, 0xd0, 0x1f, 0xd0,
    0x00, 0x00, 0x2f, 0xc0, 0x0f, 0xe0, 0x00, 0x00, 0x3f, 0xb0, 0x0d, 0xf2, 0x00, 0x00, 0x5f, 0x80,
    0x09, 0xf6, 0x00, 0x00, 0xaf, 0x40, 0x03, 0xfd, 0x10, 0x04, 0xfc, 0x00, 0x00, 0x8f, 0xea, 0xaf,
    0xe3, 0x00, 0x00, 0x06, 0xcf, 0xea, 0x20, 0x00, 0x00, 0x00, 0x04, 0xc7, 0x00, 0x00, 0x00, 0x26,
    0xcf, 0xf7, 0x00, 0x00, 0x00, 0xef, 0xc9, 0xf7, 0x00, 0x00, 0x00, 0xa5, 0x07, 0xf7, 0x00, 0x00,
    0x00, 0x00, 0x07, 0xf7, 0x00, 0x00, 0x00, 0x00, 0x07, 0xf7, 0x00, 0x00, 0x00, 0x00, 0x07, 0xf7,
    0x00, 0x00, 0x00, 0x00, 0x07, 0xf7, 0x00, 0x00, 0x00, 0x00, 0x07, 0xf7, 0x00, 0x00, 0x00, 0x00,
    0x07, 0xf7, 0x00, 0x00, 0x00, 0x00, 0x07, 0xf7, 0x00, 0x00, 0x00, 0x00, 0x07, 0xf7, 0x00, 0x00,
    0x00, 0x00, 0x07, 0xf7, 0x00, 0x00, 0x00, 0x00, 0x07, 0xf7, 0x00, 0x00, 0x00, 0x00, 0x07, 0xf7,
    0x00, 0x00, 0x00, 0x18, 0xdf, 0xeb, 0x40, 0x00, 0x02, 0xef, 0xca, 0xcf, 0xf5, 0x00, 0x03, 0xc2,
    0x00, 0x05, 0xfe, 0x00, 0x01, 0x00, 0x00, 0x00, 0xcf, 0x30, 0x00, 0x00, 0x00, 0x00, 0xbf, 0x20,
    0x00, 0x00, 0x00, 0x01, 0xee, 0x00, 0x00, 0x00, 0x00, 0x09, 0xf9, 0x00, 0x00, 0x00, 0x00, 0x9f,
    0xc1, 0x00, 0x00, 0x00, 0x2c, 0xfb, 0x10, 0x00, 0x00, 0x05, 0xee, 0x60, 0x00, 0x00, 0x00, 0x6f,
    0xc2, 0x00, 0x00, 0x00, 0x03, 0xfc, 0x10, 0x00, 0x00, 0x00, 0x09, 0xf5, 0x00, 0x00, 0x00, 0x00,
    0x0c, 0xfb, 0xbb, 0xbb, 0xbb, 0x70, 0x0d, 0xff, 0xff, 0xff, 0xff, 0xa0, 0x00, 0x19, 0xdf, 0xd9,
    0x20, 0x00, 0x00, 0xde, 0xaa, 0xdf, 0xe3, 0x00, 0x00, 0xb1, 0x00, 0x0a, 0xf9, 0x00, 0x00, 0x00,
    0x00, 0x04, 0xfa, 0x00, 0x00, 0x00, 0x00, 0x07, 0xf7, 0x00, 0x00, 0x00, 0x02, 0x7e, 0xc1, 0x00,
    0x00, 0x1f, 0xff, 0xe7, 0x00, 0x00, 0x00, 0x19, 0x9a, 0xef, 0xa1, 0x00, 0x00, 0x00, 0x00, 0x08,
    0xfa, 0x00, 0x00, 0x00, 0x00, 0x00, 0xdf, 0x10, 0x00, 0x00, 0x00, 0x00, 0xbf, 0x30, 0x00, 0x00,
    0x00, 0x00, 0xef, 0x20, 0x08, 0x50, 0x00, 0x09, 0xfb, 0x00, 0x08, 0xfd, 0x9a, 0xdf, 0xd2, 0x00,
    0x00, 0x7d, 0xfe, 0xc7, 0x10, 0x00, 0x00, 0x00, 0x00, 0x3f, 0xf1, 0x00, 0x00, 0x00, 0x00, 0xbf,
    0xf1, 0x00, 0x00, 0x00, 0x05, 0xff, 0xf1, 0x00, 0x00, 0x00, 0x1d, 0xcc, 0xf1, 0x00, 0x00, 0x00,
    0x9f, 0x3c, 0xf1, 0x00, 0x00, 0x04, 0xf8, 0x0c, 0xf1, 0x00, 0x00, 0x1e, 0xd1, 0x0c, 0xf1, 0x00,
    0x00, 0xbf, 0x30, 0x0c, 0xf1, 0x00, 0x08, 0xf7, 0x00, 0x0c, 0xf1, 0x00, 0x5f, 0xa0, 0x00, 0x0c,
    0xf1, 0x00, 0xcf, 0xff, 0xff, 0xff, 0xff, 0xf5, 0x79, 0x99, 0x99, 0x9e, 0xf9, 0x93, 0x00, 0x00,
    0x00, 0x0c, 0xf1, 0x00, 0x00, 0x00, 0x00, 0x0c, 0xf1, 0x00, 0x00, 0x00, 0x00, 0x0c, 0xf1, 0x00,
    0x00, 0x8f, 0xff, 0xff, 0xf8, 0x00, 0x00, 0x9f, 0xba, 0xaa, 0xa6, 0x00, 0x00, 0xbf, 0x00, 0x00,
    0x00, 0x00, 0x00, 0xce, 0x00, 0x00, 0x00, 0x00, 0x00, 0xdd, 0x00, 0x00, 0x00, 0x00, 0x00, 0xec,
    0x00, 0x00, 0x00, 0x00, 0x00, 0xff, 0xff, 0xd9, 0x20, 0x00, 0x01, 0xba, 0xab, 0xef, 0xf4, 0x00,
    0x00, 0x00, 0x00, 0x19, 0xfe, 0x00, 0x00, 0x00, 0x00, 0x00, 0xdf, 0x30, 0x00, 0x00, 0x00, 0x00,
    0xaf, 0x40, 0x00, 0x00, 0x00, 0x00, 0xdf, 0x20, 0x01, 0x10, 0x00, 0x09, 0xfb, 0x00, 0x04, 0xeb,
    0x9a, 0xef, 0xd2, 0x00, 0x03, 0xce, 0xfe, 0xc8, 0x10, 0x00, 0x00, 0x00, 0x3a, 0xef, 0xe9, 0x00,
    0x00, 0x06, 0xff, 0xb9, 0xbe, 0x00, 0x00, 0x4f, 0xe3, 0x00, 0x01, 0x00, 0x00, 0xdf, 0x40, 0x00,
    0x00, 0x00, 0x04, 0xfb, 0x00, 0x00, 0x00, 0x00, 0x08, 0xf6, 0x00, 0x00, 0x00, 0x00, 0x0b, 0xf3,
    0x6d, 0xfe, 0x91, 0x00, 0x0c, 0xf9, 0xea, 0xad, 0xfd, 0x10, 0x0c, 0xfd, 0x20, 0x01, 0xbf, 0x80,
    0x0c, 0xf6, 0x00, 0x00, 0x3f, 0xc0, 0x0a, 0xf4, 0x00, 0x00, 0x1f, 0xd0, 0x06, 0xf7, 0x00, 0x00,
    0x4f, 0xb0, 0x01, 0xee, 0x30, 0x01, 0xcf, 0x60, 0x00, 0x5f, 0xfb, 0xad, 0xfa, 0x00, 0x00, 0x04,
    0xbe, 0xfc, 0x60, 0x00, 0x0e, 0xff, 0xff, 0xff, 0xff, 0xa0, 0x0a, 0xaa, 0xaa, 0xaa, 0xdf, 0x70,
    0x00, 0x00, 0x00, 0x00, 0xde, 0x10, 0x00, 0x00, 0x00, 0x06, 0xf6, 0x00, 0x00, 0x00, 0x00, 0x1d,
    0xd0, 0x00, 0x00, 0x00, 0x00, 0x7f, 0x60, 0x00, 0x00, 0x00, 0x00, 0xde, 0x00, 0x00, 0x00, 0x00,
    0x05, 0xf7, 0x00, 0x00, 0x00, 0x00, 0x0c, 0xf2, 0x00, 0x00, 0x00, 0x00, 0x3f, 0xb0, 0x00, 0x00,
    0x00, 0x00, 0x8f, 0x50, 0x00, 0x00, 0x00, 0x00, 0xdf, 0x10, 0x00, 0x00, 0x00, 0x03, 0xfb, 0x00,
    0x00, 0x00, 0x00, 0x06, 0xf8, 0x00, 0x00, 0x00, 0x00, 0x09, 0xf5, 0x00, 0x00, 0x00, 0x00, 0x06,
    0xce, 0xeb, 0x30, 0x00, 0x00, 0x8f, 0xea, 0xaf, 0xf4, 0x00, 0x02, 0xfc, 0x10, 0x03, 0xed, 0x00,
    0x05, 0xf7, 0x00, 0x00, 0xaf, 0x10, 0x04, 0xf8, 0x00, 0x00, 0xce, 0x00, 0x00, 0xcf, 0x61, 0x29,
    0xf8, 0x00, 0x00, 0x1b, 0xff, 0xff, 0x80, 0x00, 0x00, 0x5e, 0xea, 0xbf, 0xc3, 0x00, 0x04, 0xfa,
    0x10, 0x02, 0xde, 0x10, 0x0c, 0xf1, 0x00, 0x00, 0x5f, 0x80, 0x0f, 0xd0, 0x00, 0x00, 0x2f, 0xb0,
    0x0e, 0xf1, 0x00, 0x00, 0x4f, 0xa0, 0x09, 0xf9, 0x00, 0x01, 0xcf, 0x50, 0x01, 0xdf, 0xda, 0xae,
    0xfa, 0x00, 0x00, 0x17, 0xce, 0xeb, 0x50, 0x00, 0x00, 0x06, 0xce, 0xeb, 0x30, 0x00, 0x00, 0xaf,
    0xda, 0xbf, 0xf4, 0x00, 0x06, 0xfb, 0x10, 0x05, 0xfd, 0x00, 0x0c, 0xf2, 0x00, 0x00, 0xbf, 0x40,
    0x0f, 0xe0, 0x00, 0x00, 0x7f, 0x70, 0x0f, 0xf0, 0x00, 0x00, 0x6f, 0x90, 0x0c, 0xf5, 0x00, 0x00,
    0xaf, 0xa0, 0x06, 0xfe, 0x51, 0x29, 0xff, 0xa0, 0x00, 0x9f, 0xff, 0xfe, 0x7f, 0x90, 0x00, 0x03,
    0x89, 0x72, 0x6f, 0x60, 0x00, 0x00, 0x00, 0x00, 0xaf, 0x30, 0x00, 0x00, 0x00, 0x02, 0xec, 0x00,
    0x01, 0x10, 0x00, 0x2c, 0xf4, 0x00, 0x03, 0xeb, 0x9b, 0xff, 0x60, 0x00, 0x02, 0xbe, 0xfe, 0xa3,
    0x00, 0x00, 0x08, 0xe5, 0x00, 0xbf, 0x90, 0x02, 0x61, 0x00, 0x00, 0x00, 0x00, 0x00, 0x00, 0x00,
    0x00, 0x00, 0x00, 0x00, 0x00, 0x00, 0x02, 0x71, 0x00, 0xcf, 0x90, 0x08, 0xe6, 0x00, 0x07, 0xe6,
    0x00, 0xbf, 0xa0, 0x02, 0x61, 0x00, 0x00, 0x00, 0x00, 0x00, 0x00, 0x00, 0x00, 0x00, 0x00, 0x00,
    0x00, 0x00, 0x01, 0x31, 0x00, 0x8f, 0x40, 0x0c, 0xe0, 0x00, 0xf9, 0x00, 0x4f, 0x40, 0x07, 0xe0,
    0x00, 0x00, 0x00, 0x00, 0x00, 0x00, 0x3b, 0x00, 0x00, 0x00, 0x00, 0x00, 0x02, 0x9f, 0xe0, 0x00,
    0x00, 0x00, 0x00, 0x18, 0xfe, 0x81, 0x00, 0x00, 0x00, 0x00, 0x7e, 0xf9, 0x20, 0x00, 0x00, 0x00,
    0x05, 0xdf, 0xb3, 0x00, 0x00, 0x00, 0x00, 0x02, 0xff, 0x90, 0x00, 0x00, 0x00, 0x00, 0x00, 0x05,
    0xdf, 0xc3, 0x00, 0x00, 0x00, 0x00, 0x00, 0x00, 0x7e, 0xfa, 0x20, 0x00, 0x00, 0x00, 0x00, 0x00,
    0x18, 0xff, 0x81, 0x00, 0x00, 0x00, 0x00, 0x00, 0x02, 0x9f, 0xe0, 0x00, 0x00, 0x00, 0x00, 0x00,
    0x00, 0x3b, 0x00, 0x00, 0x00, 0x00, 0x00, 0x00, 0x00, 0x00, 0x00, 0x00, 0x8f, 0xff, 0xff, 0xff,
    0xff, 0x60, 0x00, 0x04, 0x77, 0x77, 0x77, 0x77, 0x73, 0x00, 0x00, 0x00, 0x00, 0x00, 0x00, 0x00,
    0x00, 0x00, 0x00, 0x00, 0x00, 0x00, 0x00, 0x00, 0x00, 0x00, 0x8f, 0xff, 0xff, 0xff, 0xff, 0x60,
    0x00, 0x04, 0x77, 0x77, 0x77, 0x77, 0x73, 0x00, 0x00, 0x00, 0x00, 0x00, 0x00, 0x00, 0x00, 0x00,
    0x00, 0x00, 0x00, 0x00, 0x00, 0x00, 0x00, 0x00, 0x00, 0x00, 0x00, 0x00, 0x00, 0x00, 0x00, 0x00,
    0x2a, 0x20, 0x00, 0x00, 0x00, 0x00, 0x00, 0x02, 0xef, 0x81, 0x00, 0x00, 0x00, 0x00, 0x00, 0x01,
    0x9f, 0xe7, 0x00, 0x00, 0x00, 0x00, 0x00, 0x00, 0x2a, 0xfd, 0x60, 0x00, 0x00, 0x00, 0x00, 0x00,
    0x04, 0xcf, 0xc4, 0x00, 0x00, 0x00, 0x00, 0x00, 0x00, 0xaf, 0xf0, 0x00, 0x00, 0x00, 0x00, 0x04,
    0xcf, 0xc4, 0x00, 0x00, 0x00, 0x00, 0x3b, 0xfd, 0x60, 0x00, 0x00, 0x00, 0x01, 0x9f, 0xe7, 0x00,
    0x00, 0x00, 0x00, 0x01, 0xef, 0x81, 0x00, 0x00, 0x00, 0x00, 0x00, 0x2a, 0x20, 0x00, 0x00, 0x00,
    0x00, 0x00, 0x00, 0x00, 0x00, 0x00, 0x00, 0x00, 0x00, 0x01, 0x7d, 0xfd, 0xa2, 0x00, 0x0a, 0xfb,
    0xad, 0xfe, 0x20, 0x09, 0x30, 0x00, 0xaf, 0x80, 0x00, 0x00, 0x00, 0x4f, 0x90, 0x00, 0x00, 0x00,
    0x7f, 0x70, 0x00, 0x00, 0x02, 0xed, 0x10, 0x00, 0x00, 0x2e, 0xe3, 0x00, 0x00, 0x01, 0xde, 0x30,
    0x00, 0x00, 0x09, 0xf4, 0x00, 0x00, 0x00, 0x0b, 0xf0, 0x00, 0x00, 0x00, 0x09, 0xf2, 0x00, 0x00,
    0x00, 0x00, 0x00, 0x00, 0x00, 0x00, 0x02, 0x61, 0x00, 0x00, 0x00, 0x0b, 0xf9, 0x00, 0x00, 0x00,
    0x07, 0xe6, 0x00, 0x00, 0x00, 0x00, 0x00, 0x17, 0xbe, 0xfe, 0xc8, 0x30, 0x00, 0x00, 0x00, 0x00,
    0x00, 0x7e, 0xe9, 0x65, 0x58, 0xcf, 0xa1, 0x00, 0x00, 0x00, 0x00, 0xaf, 0x81, 0x00, 0x00, 0x00,
    0x5e, 0xc1, 0x00, 0x00, 0x00, 0x8f, 0x50, 0x00, 0x00, 0x00, 0x00, 0x3e, 0xb0, 0x00, 0x00, 0x2f,
    0x90, 0x01, 0x8d, 0xfa, 0x6d, 0x00, 0x7f, 0x40, 0x00, 0x09, 0xe1, 0x00, 0xbf, 0x85, 0xae, 0xe0,
    0x01, 0xf9, 0x00, 0x00, 0xea, 0x00, 0x6f, 0x60, 0x00, 0xed, 0x00, 0x0c, 0xc0, 0x00, 0x2f, 0x70,
    0x0c, 0xd0, 0x00, 0x0c, 0xb0, 0x00, 0xad, 0x00, 0x03, 0xf5, 0x00, 0xea, 0x00, 0x00, 0xda, 0x00,
    0x0b, 0xc0, 0x00, 0x3f, 0x60, 0x0f, 0x90, 0x00, 0x1f, 0x90, 0x00, 0xea, 0x00, 0x02, 0xf7, 0x00,
    0xdb, 0x00, 0x06, 0xf9, 0x00, 0x4f, 0x50, 0x00, 0x0d, 0xb0, 0x08, 0xf5, 0x14, 0xca, 0xd1, 0x3d,
    0xb0, 0x00, 0x00, 0x8f, 0x20, 0x1c, 0xff, 0xe3, 0x4e, 0xff, 0xa1, 0x00, 0x00, 0x01, 0xec, 0x00,
    0x03, 0x41, 0x00, 0x14, 0x20, 0x00, 0x00, 0x00, 0x05, 0xfb, 0x10, 0x00, 0x00, 0x00, 0x10, 0x00,
    0x00, 0x00, 0x00, 0x05, 0xee, 0x83, 0x10, 0x14, 0x8d, 0x00, 0x00, 0x00, 0x00, 0x00, 0x01, 0x8d,
    0xff, 0xff, 0xfc, 0x50, 0x00, 0x00, 0x00, 0x00, 0x00, 0x00, 0x02, 0x44, 0x31, 0x00, 0x00, 0x00,
    0x00, 0x00, 0x00, 0x03, 0xff, 0x40, 0x00, 0x00, 0x00, 0x00, 0x09, 0xff, 0xa0, 0x00, 0x00, 0x00,
    0x00, 0x1e, 0xdd, 0xf1, 0x00, 0x00, 0x00, 0x00, 0x5f, 0x88, 0xf6, 0x00, 0x00, 0x00, 0x00, 0xbf,
    0x23, 0xfc, 0x00, 0x00, 0x00, 0x02, 0xfc, 0x00, 0xcf, 0x30, 0x00, 0x00, 0x08, 0xf6, 0x00, 0x6f,
    0x90, 0x00, 0x00, 0x0d, 0xe1, 0x00, 0x1f, 0xe0, 0x00, 0x00, 0x4f, 0xa0, 0x00, 0x0a, 0xf5, 0x00,
    0x00, 0xaf, 0xff, 0xff, 0xff, 0xfb, 0x00, 0x01, 0xfe, 0xbb, 0xbb, 0xbb, 0xef, 0x20, 0x07, 0xf9,
    0x00, 0x00, 0x00, 0x9f, 0x70, 0x0c, 0xf4, 0x00, 0x00, 0x00, 0x3f, 0xd0, 0x3f, 0xd0, 0x00, 0x00,
    0x00, 0x0d, 0xf4, 0x9f, 0x80, 0x00, 0x00, 0x00, 0x07, 0xfa, 0x01, 0xff, 0xff, 0xfd, 0x92, 0x00,
    0x00, 0x1f, 0xfb, 0xbc, 0xef, 0xe3, 0x00, 0x01, 0xfe, 0x00, 0x01, 0xbf, 0xa0, 0x00, 0x1f, 0xe0,
    0x00, 0x05, 0xfb, 0x00, 0x01, 0xfe, 0x00, 0x00, 0x8f, 0x70, 0x00, 0x1f, 0xe0, 0x01, 0x6f, 0xc1,
    0x00, 0x01, 0xff, 0xff, 0xff, 0xa1, 0x00, 0x00, 0x1f, 0xfb, 0xbc, 0xef, 0xd3, 0x00, 0x01, 0xfe,
    0x00, 0x00, 0x7f, 0xe1, 0x00, 0x1f, 0xe0, 0x00, 0x00, 0xbf, 0x50, 0x01, 0xfe, 0x00, 0x00, 0x09,
    0xf7, 0x00, 0x1f, 0xe0, 0x00, 0x00, 0xbf, 0x60, 0x01, 0xfe, 0x00, 0x00, 0x7f, 0xe1, 0x00, 0x1f,
    0xfb, 0xbb, 0xdf, 0xf5, 0x00, 0x01, 0xff, 0xff, 0xfe, 0xa3, 0x00, 0x00, 0x00, 0x00, 0x06, 0xad,
    0xfe, 0xb5, 0x00, 0x00, 0x3d, 0xff, 0xec, 0xdf, 0xf4, 0x00, 0x3e, 0xfa, 0x30, 0x00, 0x2a, 0x50,
    0x0d, 0xf8, 0x00, 0x00, 0x00, 0x01, 0x06, 0xfc, 0x00, 0x00, 0x00, 0x00, 0x00, 0xbf, 0x50, 0x00,
    0x00, 0x00, 0x00, 0x0e, 0xf2, 0x00, 0x00, 0x00, 0x00, 0x00, 0xff, 0x10, 0x00, 0x00, 0x00, 0x00,
    0x0e, 0xf1, 0x00, 0x00, 0x00, 0x00, 0x00, 0xdf, 0x40, 0x00, 0x00, 0x00, 0x00, 0x09, 0xfa, 0x00,
    0x00, 0x00, 0x00, 0x00, 0x2f, 0xf5, 0x00, 0x00, 0x00, 0x01, 0x00, 0x7f, 0xf8, 0x10, 0x00, 0x2a,
    0x50, 0x00, 0x7f, 0xff, 0xcb, 0xdf, 0xf3, 0x00, 0x00, 0x29, 0xde, 0xfd, 0x93, 0x00, 0x01, 0xff,
    0xff, 0xfe, 0xb7, 0x10, 0x00, 0x00, 0x1f, 0xfb, 0xbb, 0xdf, 0xfe, 0x50, 0x00, 0x01, 0xfe, 0x00,
    0x00, 0x17, 0xef, 0x70, 0x00, 0x1f, 0xe0, 0x00, 0x00, 0x03, 0xef, 0x30, 0x01, 0xfe, 0x00, 0x00,
    0x00, 0x06, 0xfb, 0x00, 0x1f, 0xe0, 0x00, 0x00, 0x00, 0x1f, 0xf1, 0x01, 0xfe, 0x00, 0x00, 0x00,
    0x00, 0xdf, 0x30, 0x1f, 0xe0, 0x00, 0x00, 0x00, 0x0c, 0xf4, 0x01, 0xfe, 0x00, 0x00, 0x00, 0x00,
    0xdf, 0x20, 0x1f, 0xe0, 0x00, 0x00, 0x00, 0x1f, 0xe0, 0x01, 0xfe, 0x00, 0x00, 0x00, 0x08, 0xfa,
    0x00, 0x1f, 0xe0, 0x00, 0x00, 0x04, 0xff, 0x20, 0x01, 0xfe, 0x00, 0x00, 0x18, 0xff, 0x50, 0x00,
    0x1f, 0xfb, 0xbb, 0xdf, 0xfe, 0x40, 0x00, 0x01, 0xff, 0xff, 0xfd, 0xb6, 0x10, 0x00, 0x00, 0x01,
    0xff, 0xff, 0xff, 0xfb, 0x00, 0x1f, 0xfb, 0xbb, 0xbb, 0x80, 0x01, 0xfe, 0x00, 0x00, 0x00, 0x00,
    0x1f, 0xe0, 0x00, 0x00, 0x00, 0x01, 0xfe, 0x00, 0x00, 0x00, 0x00, 0x1f, 0xe0, 0x00, 0x00, 0x00,
    0x01, 0xfe, 0x00, 0x00, 0x00, 0x00, 0x1f, 0xff, 0xff, 0xff, 0x50, 0x01, 0xff, 0xbb, 0xbb, 0xb3,
    0x00, 0x1f, 0xe0, 0x00, 0x00, 0x00, 0x01, 0xfe, 0x00, 0x00, 0x00, 0x00, 0x1f, 0xe0, 0x00, 0x00,
    0x00, 0x01, 0xfe, 0x00, 0x00, 0x00, 0x00, 0x1f, 0xfb, 0xbb, 0xbb, 0xb1, 0x01, 0xff, 0xff, 0xff,
    0xff, 0x10, 0x01, 0xff, 0xff, 0xff, 0xfb, 0x00, 0x1f, 0xfb, 0xbb, 0xbb, 0x80, 0x01, 0xfe, 0x00,
    0x00, 0x00, 0x00, 0x1f, 0xe0, 0x00, 0x00, 0x00, 0x01, 0xfe, 0x00, 0x00, 0x00, 0x00, 0x1f, 0xe0,
    0x00, 0x00, 0x00, 0x01, 0xfe, 0x00, 0x00, 0x00, 0x00, 0x1f, 0xff, 0xff, 0xff, 0x50, 0x01, 0xff,
    0xbb, 0xbb, 0xb3, 0x00, 0x1f, 0xe0, 0x00, 0x00, 0x00, 0x01, 0xfe, 0x00, 0x00, 0x00, 0x00, 0x1f,
    0xe0, 0x00, 0x00, 0x00, 0x01, 0xfe, 0x00, 0x00, 0x00, 0x00, 0x1f, 0xe0, 0x00, 0x00, 0x00, 0x01,
    0xfe, 0x00, 0x00, 0x00, 0x00, 0x00, 0x00, 0x05, 0xad, 0xfe, 0xd9, 0x20, 0x00, 0x00, 0x2c, 0xff,
    0xdc, 0xce, 0xff, 0x00, 0x00, 0x2e, 0xfa, 0x20, 0x00, 0x05, 0xd0, 0x00, 0x0c, 0xf8, 0x00, 0x00,
    0x00, 0x01, 0x00, 0x06, 0xfc, 0x00, 0x00, 0x00, 0x00, 0x00, 0x00, 0xbf, 0x50, 0x00, 0x00, 0x00,
    0x00, 0x00, 0x0e, 0xf2, 0x00, 0x00, 0x00, 0x00, 0x00, 0x00, 0xff, 0x10, 0x00, 0x0d, 0xff, 0xff,
    0x60, 0x0e, 0xf1, 0x00, 0x00, 0x9b, 0xbd, 0xf6, 0x00, 0xcf, 0x40, 0x00, 0x00, 0x00, 0x9f, 0x60,
    0x08, 0xfa, 0x00, 0x00, 0x00, 0x09, 0xf6, 0x00, 0x2f, 0xf5, 0x00, 0x00, 0x00, 0x9f, 0x60, 0x00,
    0x7f, 0xf7, 0x10, 0x00, 0x1a, 0xf6, 0x00, 0x00, 0x6f, 0xff, 0xcb, 0xcf, 0xff, 0x50, 0x00, 0x00,
    0x28, 0xce, 0xfe, 0xc8, 0x20, 0x00, 0x01, 0xfe, 0x00, 0x00, 0x00, 0x07, 0xf8, 0x00, 0x1f, 0xe0,
    0x00, 0x00, 0x00, 0x7f, 0x80, 0x01, 0xfe, 0x00, 0x00, 0x00, 0x07, 0xf8, 0x00, 0x1f, 0xe0, 0x00,
    0x00, 0x00, 0x7f, 0x80, 0x01, 0xfe, 0x00, 0x00, 0x00, 0x07, 0xf8, 0x00, 0x1f, 0xe0, 0x00, 0x00,
    0x00, 0x7f, 0x80, 0x01, 0xff, 0xff, 0xff, 0xff, 0xff, 0xf8, 0x00, 0x1f, 0xfb, 0xbb, 0xbb, 0xbb,
    0xdf, 0x80, 0x01, 0xfe, 0x00, 0x00, 0x00, 0x07, 0xf8, 0x00, 0x1f, 0xe0, 0x00, 0x00, 0x00, 0x7f,
    0x80, 0x01, 0xfe, 0x00, 0x00, 0x00, 0x07, 0xf8, 0x00, 0x1f, 0xe0, 0x00, 0x00, 0x00, 0x7f, 0x80,
    0x01, 0xfe, 0x00, 0x00, 0x00, 0x07, 0xf8, 0x00, 0x1f, 0xe0, 0x00, 0x00, 0x00, 0x7f, 0x80, 0x01,
    0xfe, 0x00, 0x00, 0x00, 0x07, 0xf8, 0x00, 0x01, 0xfe, 0x00, 0x01, 0xfe, 0x00, 0x01, 0xfe, 0x00,
    0x01, 0xfe, 0x00, 0x01, 0xfe, 0x00, 0x01, 0xfe, 0x00, 0x01, 0xfe, 0x00, 0x01, 0xfe, 0x00, 0x01,
    0xfe, 0x00, 0x01, 0xfe, 0x00, 0x01, 0xfe, 0x00, 0x01, 0xfe, 0x00, 0x01, 0xfe, 0x00, 0x01, 0xfe,
    0x00, 0x01, 0xfe, 0x00, 0x00, 0x00, 0xdf, 0x10, 0x00, 0x00, 0xdf, 0x10, 0x00, 0x00, 0xdf, 0x10,
    0x00, 0x00, 0xdf, 0x10, 0x00, 0x00, 0xdf, 0x10, 0x00, 0x00, 0xdf, 0x10, 0x00, 0x00, 0xdf, 0x10,
    0x00, 0x00, 0xdf, 0x10, 0x00, 0x00, 0xdf, 0x10, 0x00, 0x00, 0xdf, 0x10, 0x00, 0x00, 0xef, 0x00,
    0x00, 0x02, 0xfd, 0x00, 0x00, 0x0a, 0xf8, 0x00, 0xab, 0xef, 0xd1, 0x00, 0xaf, 0xe9, 0x10, 0x00,
    0x01, 0xfe, 0x00, 0x00, 0x09, 0xfc, 0x00, 0x1f, 0xe0, 0x00, 0x06, 0xfd, 0x10, 0x01, 0xfe, 0x00,
    0x04, 0xfe, 0x20, 0x00, 0x1f, 0xe0, 0x02, 0xee, 0x30, 0x00, 0x01, 0xfe, 0x01, 0xdf, 0x40, 0x00,
    0x00, 0x1f, 0xe0, 0xbf, 0x60, 0x00, 0x00, 0x01, 0xfe, 0x9f, 0x80, 0x00, 0x00, 0x00, 0x1f, 0xee,
    0xf3, 0x00, 0x00, 0x00, 0x01, 0xfe, 0x5f, 0xe2, 0x00, 0x00, 0x00, 0x1f, 0xe0, 0x8f, 0xd1, 0x00,
    0x00, 0x01, 0xfe, 0x00, 0xaf, 0xb0, 0x00, 0x00, 0x1f, 0xe0, 0x01, 0xcf, 0xa0, 0x00, 0x01, 0xfe,
    0x00, 0x02, 0xef, 0x80, 0x00, 0x1f, 0xe0, 0x00, 0x03, 0xff, 0x60, 0x01, 0xfe, 0x00, 0x00, 0x06,
    0xff, 0x40, 0x01, 0xfe, 0x00, 0x00, 0x00, 0x01, 0xfe, 0x00, 0x00, 0x00, 0x01, 0xfe, 0x00, 0x00,
    0x00, 0x01, 0xfe, 0x00, 0x00, 0x00, 0x01, 0xfe, 0x00, 0x00, 0x00, 0x01, 0xfe, 0x00, 0x00, 0x00,
    0x01, 0xfe, 0x00, 0x00, 0x00, 0x01, 0xfe, 0x00, 0x00, 0x00, 0x01, 0xfe, 0x00, 0x00, 0x00, 0x01,
    0xfe, 0x00, 0x00, 0x00, 0x01, 0xfe, 0x00, 0x00, 0x00, 0x01, 0xfe, 0x00, 0x00, 0x00, 0x01, 0xfe,
    0x00, 0x00, 0x00, 0x01, 0xff, 0xbb, 0xbb, 0xba, 0x01, 0xff, 0xff, 0xff, 0xfe, 0x01, 0xff, 0xc0,
    0x00, 0x00, 0x00, 0x00, 0x2f, 0xf9, 0x00, 0x01, 0xff, 0xf4, 0x00, 0x00, 0x00, 0x00, 0x9f, 0xf9,
    0x00, 0x01, 0xfd, 0xfa, 0x00, 0x00, 0x00, 0x01, 0xfd, 0xf9, 0x00, 0x01, 0xfc, 0xdf, 0x20, 0x00,
    0x00, 0x08, 0xfa, 0xf9, 0x00, 0x01, 0xfc, 0x6f, 0x90, 0x00, 0x00, 0x0e, 0xd5, 0xf9, 0x00, 0x01,
    0xfc, 0x1e, 0xe1, 0x00, 0x00, 0x6f, 0x75, 0xf9, 0x00, 0x01, 0xfc, 0x08, 0xf7, 0x00, 0x00, 0xde,
    0x15, 0xf9, 0x00, 0x01, 0xfc, 0x02, 0xfd, 0x00, 0x04, 0xf9, 0x05, 0xf9, 0x00, 0x01, 0xfc, 0x00,
    0xaf, 0x50, 0x0b, 0xf2, 0x05, 0xf9, 0x00, 0x01, 0xfc, 0x00, 0x3f, 0xc0, 0x3f, 0xb0, 0x05, 0xf9,
    0x00, 0x01, 0xfc, 0x00, 0x0c, 0xf3, 0x9f, 0x40, 0x05, 0xf9, 0x00, 0x01, 0xfc, 0x00, 0x05, 0xf9,
    0xec, 0x00, 0x05, 0xf9, 0x00, 0x01, 0xfc, 0x00, 0x00, 0xdf, 0xf6, 0x00, 0x05, 0xf9, 0x00, 0x01,
    0xfc, 0x00, 0x00, 0x7f, 0xe0, 0x00, 0x05, 0xf9, 0x00, 0x01, 0xfc, 0x00, 0x00, 0x1e, 0x80, 0x00,
    0x05, 0xf9, 0x00, 0x01, 0xff, 0xb0, 0x00, 0x00, 0x00, 0x9f, 0x50, 0x01, 0xff, 0xf6, 0x00, 0x00,
    0x00, 0x9f, 0x50, 0x01, 0xfd, 0xde, 0x20, 0x00, 0x00, 0x9f, 0x50, 0x01, 0xfd, 0x4f, 0xb0, 0x00,
    0x00, 0x9f, 0x50, 0x01, 0xfd, 0x0a, 0xf7, 0x00, 0x00, 0x9f, 0x50, 0x01, 0xfd, 0x01, 0xee, 0x20,
    0x00, 0x9f, 0x50, 0x01, 0xfd, 0x00, 0x6f, 0xc0, 0x00, 0x9f, 0x50, 0x01, 0xfd, 0x00, 0x0b, 0xf7,
    0x00, 0x9f, 0x50, 0x01, 0xfd, 0x00, 0x02, 0xff, 0x20, 0x9f, 0x50, 0x01, 0xfd, 0x00, 0x00, 0x7f,
    0xc0, 0x9f, 0x50, 0x01, 0xfd, 0x00, 0x00, 0x0c, 0xf7, 0x9f, 0x50, 0x01, 0xfd, 0x00, 0x00, 0x03,
    0xff, 0xbf, 0x50, 0x01, 0xfd, 0x00, 0x00, 0x00, 0x9f, 0xff, 0x50, 0x01, 0xfd, 0x00, 0x00, 0x00,
    0x1d, 0xff, 0x50, 0x01, 0xfd, 0x00, 0x00, 0x00, 0x05, 0xff, 0x50, 0x00, 0x00, 0x18, 0xce, 0xfd,
    0xa5, 0x00, 0x00, 0x00, 0x06, 0xef, 0xfd, 0xce, 0xff, 0xb1, 0x00, 0x00, 0x5f, 0xf8, 0x10, 0x00,
    0x4d, 0xfb, 0x00, 0x01, 0xef, 0x60, 0x00, 0x00, 0x01, 0xdf, 0x60, 0x07, 0xfb, 0x00, 0x00, 0x00,
    0x00, 0x5f, 0xd0, 0x0c, 0xf5, 0x00, 0x00, 0x00, 0x00, 0x0f, 0xf2, 0x0e, 0xf2, 0x00, 0x00, 0x00,
    0x00, 0x0c, 0xf4, 0x0f, 0xf1, 0x00, 0x00, 0x00, 0x00, 0x0b, 0xf5, 0x0e, 0xf2, 0x00, 0x00, 0x00,
    0x00, 0x0c, 0xf4, 0x0c, 0xf4, 0x00, 0x00, 0x00, 0x00, 0x0e, 0xf1, 0x08, 0xfa, 0x00, 0x00, 0x00,
    0x00, 0x5f, 0xc0, 0x02, 0xff, 0x40, 0x00, 0x00, 0x01, 0xdf, 0x50, 0x00, 0x7f, 0xf7, 0x00, 0x00,
    0x4d, 0xfa, 0x00, 0x00, 0x07, 0xff, 0xec, 0xce, 0xff, 0xa0, 0x00, 0x00, 0x00, 0x29, 0xde, 0xfd,
    0xa4, 0x00, 0x00, 0x01, 0xff, 0xff, 0xfd, 0xa3, 0x00, 0x01, 0xff, 0xbb, 0xce, 0xff, 0x50, 0x01,
    0xfe, 0x00, 0x01, 0x9f, 0xe1, 0x01, 0xfe, 0x00, 0x00, 0x0d, 0xf4, 0x01, 0xfe, 0x00, 0x00, 0x0a,
    0xf6, 0x01, 0xfe, 0x00, 0x00, 0x0c, 0xf5, 0x01, 0xfe, 0x00, 0x00, 0x2f, 0xf1, 0x01, 0xfe, 0x00,
    0x25, 0xdf, 0x80, 0x01, 0xff, 0xff, 0xff, 0xf9, 0x00, 0x01, 0xff, 0xbb, 0xa8, 0x30, 0x00, 0x01,
    0xfe, 0x00, 0x00, 0x00, 0x00, 0x01, 0xfe, 0x00, 0x00, 0x00, 0x00, 0x01, 0xfe, 0x00, 0x00, 0x00,
    0x00, 0x01, 0xfe, 0x00, 0x00, 0x00, 0x00, 0x01, 0xfe, 0x00, 0x00, 0x00, 0x00, 0x00, 0x00, 0x18,
    0xce, 0xfd, 0xa5, 0x00, 0x00, 0x00, 0x00, 0x6e, 0xff, 0xdc, 0xef, 0xfb, 0x10, 0x00, 0x00, 0x5f,
    0xf8, 0x10, 0x00, 0x4d, 0xfb, 0x00, 0x00, 0x1e, 0xf6, 0x00, 0x00, 0x00, 0x1d, 0xf6, 0x00, 0x07,
    0xfb, 0x00, 0x00, 0x00, 0x00, 0x5f, 0xd0, 0x00, 0xcf, 0x50, 0x00, 0x00, 0x00, 0x00, 0xff, 0x20,
    0x0e, 0xf2, 0x00, 0x00, 0x00, 0x00, 0x0c, 0xf4, 0x00, 0xff, 0x10, 0x00, 0x00, 0x00, 0x00, 0xbf,
    0x50, 0x0e, 0xf2, 0x00, 0x00, 0x00, 0x00, 0x0c, 0xf4, 0x00, 0xcf, 0x40, 0x00, 0x00, 0x00, 0x00,
    0xef, 0x10, 0x08, 0xfa, 0x00, 0x00, 0x00, 0x00, 0x5f, 0xc0, 0x00, 0x2f, 0xf4, 0x00, 0x00, 0x00,
    0x1d, 0xf5, 0x00, 0x00, 0x7f, 0xf7, 0x00, 0x00, 0x4d, 0xfa, 0x00, 0x00, 0x00, 0x7f, 0xfe, 0xcc,
    0xef, 0xfb, 0x10, 0x00, 0x00, 0x00, 0x29, 0xde, 0xfd, 0xcf, 0xe5, 0x00, 0x00, 0x00, 0x00, 0x00,
    0x00, 0x00, 0x7f, 0xf9, 0x00, 0x00, 0x00, 0x00, 0x00, 0x00, 0x00, 0x4e, 0xfc, 0x20, 0x01, 0xff,
    0xff, 0xfe, 0xb4, 0x00, 0x00, 0x1f, 0xfb, 0xbb, 0xdf, 0xf6, 0x00, 0x01, 0xfe, 0x00, 0x00, 0x8f,
    0xe1, 0x00, 0x1f, 0xe0, 0x00, 0x00, 0xef, 0x30, 0x01, 0xfe, 0x00, 0x00, 0x0d, 0xf3, 0x00, 0x1f,
    0xe0, 0x00, 0x02, 0xfe, 0x10, 0x01, 0xfe, 0x00, 0x14, 0xdf, 0x60, 0x00, 0x1f, 0xff, 0xff, 0xfc,
    0x50, 0x00, 0x01, 0xff, 0xbb, 0xef, 0x70, 0x00, 0x00, 0x1f, 0xe0, 0x01, 0xcf, 0x70, 0x00, 0x01,
    0xfe, 0x00, 0x02, 0xef, 0x30, 0x00, 0x1f, 0xe0, 0x00, 0x06, 0xfc, 0x00, 0x01, 0xfe, 0x00, 0x00,
    0x0c, 0xf6, 0x00, 0x1f, 0xe0, 0x00, 0x00, 0x3f, 0xe2, 0x01, 0xfe, 0x00, 0x00, 0x00, 0x9f, 0xa0,
    0x00, 0x04, 0xae, 0xfe, 0xb3, 0x00, 0x00, 0x9f, 0xfd, 0xbd, 0xfd, 0x00, 0x05, 0xfe, 0x30, 0x00,
    0x3b, 0x00, 0x0a, 0xf6, 0x00, 0x00, 0x01, 0x00, 0x0a, 0xf6, 0x00, 0x00, 0x00, 0x00, 0x07, 0xfd,
    0x20, 0x00, 0x00, 0x00, 0x01, 0xdf, 0xe7, 0x00, 0x00, 0x00, 0x00, 0x1a, 0xff, 0xd6, 0x00, 0x00,
    0x00, 0x00, 0x4b, 0xff, 0xd2, 0x00, 0x00, 0x00, 0x00, 0x3c, 0xfd, 0x10, 0x00, 0x00, 0x00, 0x00,
    0xcf, 0x60, 0x01, 0x00, 0x00, 0x00, 0x8f, 0x80, 0x0a, 0x61, 0x00, 0x02, 0xdf, 0x50, 0x0b, 0xff,
    0xcb, 0xcf, 0xfa, 0x00, 0x02, 0x8c, 0xef, 0xeb, 0x50, 0x00, 0x9f, 0xff, 0xff, 0xff, 0xff, 0xf1,
    0x6b, 0xbb, 0xcf, 0xeb, 0xbb, 0xb1, 0x00, 0x00, 0x4f, 0xb0, 0x00, 0x00, 0x00, 0x00, 0x4f, 0xb0,
    0x00, 0x00, 0x00, 0x00, 0x4f, 0xb0, 0x00, 0x00, 0x00, 0x00, 0x4f, 0xb0, 0x00, 0x00, 0x00, 0x00,
    0x4f, 0xb0, 0x00, 0x00, 0x00, 0x00, 0x4f, 0xb0, 0x00, 0x00, 0x00, 0x00, 0x4f, 0xb0, 0x00, 0x00,
    0x00, 0x00, 0x4f, 0xb0, 0x00, 0x00, 0x00, 0x00, 0x4f, 0xb0, 0x00, 0x00, 0x00, 0x00, 0x4f, 0xb0,
    0x00, 0x00, 0x00, 0x00, 0x4f, 0xb0, 0x00, 0x00, 0x00, 0x00, 0x4f, 0xb0, 0x00, 0x00, 0x00, 0x00,
    0x4f, 0xb0, 0x00, 0x00, 0x04, 0xfb, 0x00, 0x00, 0x00, 0x0c, 0xf3, 0x00, 0x4f, 0xb0, 0x00, 0x00,
    0x00, 0xcf, 0x30, 0x04, 0xfb, 0x00, 0x00, 0x00, 0x0c, 0xf3, 0x00, 0x4f, 0xb0, 0x00, 0x00, 0x00,
    0xcf, 0x30, 0x04, 0xfb, 0x00, 0x00, 0x00, 0x0c, 0xf3, 0x00, 0x4f, 0xb0, 0x00, 0x00, 0x00, 0xcf,
    0x30, 0x04, 0xfb, 0x00, 0x00, 0x00, 0x0c, 0xf3, 0x00, 0x4f, 0xb0, 0x00, 0x00, 0x00, 0xcf, 0x30,
    0x04, 0xfb, 0x00, 0x00, 0x00, 0x0c, 0xf3, 0x00, 0x3f, 0xb0, 0x00, 0x00, 0x00, 0xcf, 0x20, 0x02,
    0xfe, 0x00, 0x00, 0x00, 0x0e, 0xf0, 0x00, 0x0d, 0xf4, 0x00, 0x00, 0x04, 0xfc, 0x00, 0x00, 0x7f,
    0xd3, 0x00, 0x03, 0xdf, 0x50, 0x00, 0x00, 0xbf, 0xfd, 0xbd, 0xff, 0x90, 0x00, 0x00, 0x00, 0x6c,
    0xef, 0xeb, 0x50, 0x00, 0x00, 0xaf, 0x80, 0x00, 0x00, 0x00, 0x0e, 0xf2, 0x4f, 0xd0, 0x00, 0x00,
    0x00, 0x4f, 0xc0, 0x0e, 0xf3, 0x00, 0x00, 0x00, 0x9f, 0x60, 0x08, 0xf9, 0x00, 0x00, 0x01, 0xef,
    0x10, 0x03, 0xfe, 0x00, 0x00, 0x05, 0xfa, 0x00, 0x00, 0xcf, 0x40, 0x00, 0x0b, 0xf5, 0x00, 0x00,
    0x7f, 0x90, 0x00, 0x1f, 0xe0, 0x00, 0x00, 0x2f, 0xe0, 0x00, 0x6f, 0x90, 0x00, 0x00, 0x0b, 0xf5,
    0x00, 0xcf, 0x30, 0x00, 0x00, 0x06, 0xfa, 0x02, 0xfc, 0x00, 0x00, 0x00, 0x01, 0xee, 0x17, 0xf7,
    0x00, 0x00, 0x00, 0x00, 0xaf, 0x5d, 0xf2, 0x00, 0x00, 0x00, 0x00, 0x4f, 0xbf, 0xb0, 0x00, 0x00,
    0x00, 0x00, 0x0e, 0xff, 0x50, 0x00, 0x00, 0x00, 0x00, 0x08, 0xfe, 0x10, 0x00, 0x00, 0x9f, 0x80,
    0x00, 0x00, 0x0b, 0xf7, 0x00, 0x00, 0x02, 0xfe, 0x04, 0xfc, 0x00, 0x00, 0x01, 0xff, 0xb0, 0x00,
    0x00, 0x6f, 0xa0, 0x1f, 0xf1, 0x00, 0x00, 0x5f, 0xff, 0x10, 0x00, 0x0a, 0xf6, 0x00, 0xbf, 0x50,
    0x00, 0x09, 0xfc, 0xf4, 0x00, 0x00, 0xef, 0x20, 0x06, 0xf9, 0x00, 0x00, 0xde, 0x7f, 0x80, 0x00,
    0x2f, 0xc0, 0x00, 0x2f, 0xd0, 0x00, 0x2f, 0xa3, 0xfc, 0x00, 0x06, 0xf8, 0x00, 0x00, 0xdf, 0x30,
    0x07, 0xf6, 0x0d, 0xf1, 0x00, 0xaf, 0x40, 0x00, 0x08, 0xf7, 0x00, 0xbf, 0x20, 0x9f, 0x50, 0x0e,
    0xe0, 0x00, 0x00, 0x4f, 0xb0, 0x1f, 0xc0, 0x05, 0xf9, 0x03, 0xfa, 0x00, 0x00, 0x00, 0xee, 0x05,
    0xf8, 0x00, 0x1f, 0xd0, 0x7f, 0x60, 0x00, 0x00, 0x0a, 0xf4, 0x9f, 0x30, 0x00, 0xbf, 0x3b, 0xf2,
    0x00, 0x00, 0x00, 0x6f, 0x7d, 0xe0, 0x00, 0x07, 0xf7, 0xed, 0x00, 0x00, 0x00, 0x01, 0xfc, 0xfa,
    0x00, 0x00, 0x2f, 0xcf, 0x80, 0x00, 0x00, 0x00, 0x0c, 0xff, 0x50, 0x00, 0x00, 0xdf, 0xf4, 0x00,
    0x00, 0x00, 0x00, 0x7f, 0xf1, 0x00, 0x00, 0x09, 0xff, 0x10, 0x00, 0x00, 0x1e, 0xf5, 0x00, 0x00,
    0x01, 0xef, 0x30, 0x6f, 0xd0, 0x00, 0x00, 0x9f, 0x90, 0x00, 0xcf, 0x70, 0x00, 0x3f, 0xd1, 0x00,
    0x03, 0xfe, 0x10, 0x0c, 0xf5, 0x00, 0x00, 0x08, 0xf9, 0x06, 0xfa, 0x00, 0x00, 0x00, 0x1d, 0xf3,
    0xee, 0x20, 0x00, 0x00, 0x00, 0x5f, 0xef, 0x60, 0x00, 0x00, 0x00, 0x00, 0xdf, 0xe0, 0x00, 0x00,
    0x00, 0x00, 0x6f, 0xdf, 0x70, 0x00, 0x00, 0x00, 0x2e, 0xe2, 0xef, 0x20, 0x00, 0x00, 0x0b, 0xf6,
    0x07, 0xfb, 0x00, 0x00, 0x06, 0xfc, 0x00, 0x0c, 0xf6, 0x00, 0x02, 0xef, 0x30, 0x00, 0x4f, 0xe1,
    0x00, 0xbf, 0x80, 0x00, 0x00, 0xaf, 0xa0, 0x6f, 0xd1, 0x00, 0x00, 0x02, 0xef, 0x40, 0x9f, 0xa0,
    0x00, 0x00, 0x06, 0xfa, 0x1e, 0xf3, 0x00, 0x00, 0x0d, 0xf3, 0x08, 0xfa, 0x00, 0x00, 0x7f, 0x90,
    0x01, 0xef, 0x30, 0x01, 0xef, 0x20, 0x00, 0x7f, 0xb0, 0x08, 0xf8, 0x00, 0x00, 0x1e, 0xf4, 0x2f,
    0xe1, 0x00, 0x00, 0x07, 0xfb, 0x9f, 0x70, 0x00, 0x00, 0x00, 0xdf, 0xfd, 0x10, 0x00, 0x00, 0x00,
    0x6f, 0xf6, 0x00, 0x00, 0x00, 0x00, 0x0f, 0xf0, 0x00, 0x00, 0x00, 0x00, 0x0f, 0xf0, 0x00, 0x00,
    0x00, 0x00, 0x0f, 0xf0, 0x00, 0x00, 0x00, 0x00, 0x0f, 0xf0, 0x00, 0x00, 0x00, 0x00, 0x0f, 0xf0,
    0x00, 0x00, 0x00, 0x00, 0x0f, 0xf0, 0x00, 0x00, 0x0e, 0xff, 0xff, 0xff, 0xff, 0xfd, 0x0b, 0xbb,
    0xbb, 0xbb, 0xbf, 0xf5, 0x00, 0x00, 0x00, 0x00, 0x7f, 0x90, 0x00, 0x00, 0x00, 0x03, 0xfd, 0x10,
    0x00, 0x00, 0x00, 0x0d, 0xf4, 0x00, 0x00, 0x00, 0x00, 0x8f, 0x80, 0x00, 0x00, 0x00, 0x04, 0xfd,
    0x00, 0x00, 0x00, 0x00, 0x1d, 0xf3, 0x00, 0x00, 0x00, 0x00, 0x9f, 0x70, 0x00, 0x00, 0x00, 0x05,
    0xfc, 0x00, 0x00, 0x00, 0x00, 0x1e, 0xe2, 0x00, 0x00, 0x00, 0x00, 0xaf, 0x60, 0x00, 0x00, 0x00,
    0x06, 0xfb, 0x00, 0x00, 0x00, 0x00, 0x2e, 0xfc, 0xbb, 0xbb, 0xbb, 0xb8, 0x9f, 0xff, 0xff, 0xff,
    0xff, 0xfb, 0x00, 0xdf, 0xff, 0x20, 0x0d, 0xd5, 0x51, 0x00, 0xdc, 0x00, 0x00, 0x0d, 0xc0, 0x00,
    0x00, 0xdc, 0x00, 0x00, 0x0d, 0xc0, 0x00, 0x00, 0xdc, 0x00, 0x00, 0x0d, 0xc0, 0x00, 0x00, 0xdc,
    0x00, 0x00, 0x0d, 0xc0, 0x00, 0x00, 0xdc, 0x00, 0x00, 0x0d, 0xc0, 0x00, 0x00, 0xdc, 0x00, 0x00,
    0x0d, 0xc0, 0x00, 0x00, 0xdc, 0x00, 0x00, 0x0d, 0xc0, 0x00, 0x00, 0xdd, 0x55, 0x10, 0x0d, 0xff,
    0xf2, 0x1f, 0xb0, 0x00, 0x00, 0x00, 0x0a, 0xf2, 0x00, 0x00, 0x00, 0x04, 0xf8, 0x00, 0x00, 0x00,
    0x00, 0xde, 0x00, 0x00, 0x00, 0x00, 0x7f, 0x50, 0x00, 0x00, 0x00, 0x1f, 0xb0, 0x00, 0x00, 0x00,
    0x0a, 0xf2, 0x00, 0x00, 0x00, 0x04, 0xf7, 0x00, 0x00, 0x00, 0x00, 0xdd, 0x00, 0x00, 0x00, 0x00,
    0x8f, 0x40, 0x00, 0x00, 0x00, 0x2f, 0xa0, 0x00, 0x00, 0x00, 0x0b, 0xf1, 0x00, 0x00, 0x00, 0x05,
    0xf7, 0x00, 0x00, 0x00, 0x00, 0xed, 0x00, 0x00, 0x00, 0x00, 0x8f, 0x40, 0x00, 0x00, 0x00, 0x2f,
    0x90, 0x00, 0x00, 0x00, 0x0b, 0xe1, 0x00, 0x00, 0x00, 0x05, 0xf6, 0x6f, 0xff, 0x90, 0x02, 0x56,
    0xf9, 0x00, 0x00, 0x1f, 0x90, 0x00, 0x01, 0xf9, 0x00, 0x00, 0x1f, 0x90, 0x00, 0x01, 0xf9, 0x00,
    0x00, 0x1f, 0x90, 0x00, 0x01, 0xf9, 0x00, 0x00, 0x1f, 0x90, 0x00, 0x01, 0xf9, 0x00, 0x00, 0x1f,
    0x90, 0x00, 0x01, 0xf9, 0x00, 0x00, 0x1f, 0x90, 0x00, 0x01, 0xf9, 0x00, 0x00, 0x1f, 0x90, 0x00,
    0x01, 0xf9, 0x00, 0x25, 0x6f, 0x90, 0x06, 0xff, 0xf9, 0x00, 0x00, 0x00, 0x00, 0x6d, 0x00, 0x00,
    0x00, 0x00, 0x00, 0x00, 0x0d, 0xf7, 0x00, 0x00, 0x00, 0x00, 0x00, 0x06, 0xfb, 0xe1, 0x00, 0x00,
    0x00, 0x00, 0x00, 0xdb, 0x2e, 0x80, 0x00, 0x00, 0x00, 0x00, 0x6f, 0x30, 0x8e, 0x10, 0x00, 0x00,
    0x00, 0x0d, 0xb0, 0x01, 0xe9, 0x00, 0x00, 0x00, 0x06, 0xf4, 0x00, 0x08, 0xf2, 0x00, 0x00, 0x00,
    0xdc, 0x00, 0x00, 0x1e, 0xa0, 0x00, 0x00, 0x5f, 0x40, 0x00, 0x00, 0x7f, 0x30, 0x00, 0x00, 0x00,
    0x00, 0x00, 0x00, 0x00, 0x00, 0x00, 0x00, 0x00, 0x00, 0x00, 0x00, 0x00, 0x00, 0x00, 0x00, 0x00,
    0x00, 0x00, 0x00, 0x00, 0x00, 0x00, 0x00, 0x00, 0x00, 0x00, 0x00, 0x00, 0x00, 0x00, 0x00, 0x00,
    0x00, 0x00, 0x00, 0x00, 0x00, 0x00, 0x00, 0x00, 0x00, 0x00, 0x00, 0x00, 0x00, 0x00, 0x00, 0x00,
    0x00, 0x00, 0x00, 0x00, 0x00, 0x00, 0x00, 0x00, 0x04, 0x44, 0x44, 0x44, 0x44, 0xff, 0xff, 0xff,
    0xff, 0xf0, 0x0a, 0xe3, 0x00, 0x00, 0xbd, 0x10, 0x00, 0x1c, 0xb0, 0x00, 0x00, 0x00, 0x00, 0x00,
    0x00, 0x00, 0x00, 0x00, 0x00, 0x00, 0x00, 0x00, 0x00, 0x00, 0x00, 0x00, 0x00, 0x00, 0x00, 0x00,
    0x00, 0x00, 0x00, 0x00, 0x00, 0x00, 0x00, 0x00, 0x00, 0x00, 0x00, 0x00, 0x00, 0x00, 0x00, 0x00,
    0x00, 0x00, 0x00, 0x39, 0xdf, 0xea, 0x20, 0x00, 0x0f, 0xea, 0x9c, 0xfd, 0x10, 0x00, 0x91, 0x00,
    0x0a, 0xf6, 0x00, 0x00, 0x00, 0x00, 0x6f, 0x80, 0x00, 0x03, 0x79, 0xbe, 0xf9, 0x00, 0x2c, 0xff,
    0xca, 0xaf, 0x90, 0x0b, 0xf7, 0x00, 0x05, 0xf9, 0x00, 0xfd, 0x00, 0x00, 0x7f, 0x90, 0x0f, 0xe1,
    0x00, 0x2e, 0xf9, 0x00, 0xaf, 0xd9, 0xae, 0xaf, 0x90, 0x01, 0x8d, 0xfc, 0x54, 0xf9, 0x00, 0x04,
    0xf9, 0x00, 0x00, 0x00, 0x00, 0x00, 0x4f, 0x90, 0x00, 0x00, 0x00, 0x00, 0x04, 0xf9, 0x00, 0x00,
    0x00, 0x00, 0x00, 0x4f, 0x90, 0x00, 0x00, 0x00, 0x00, 0x04, 0xf9, 0x00, 0x00, 0x00, 0x00, 0x00,
    0x4f, 0x91, 0x9d, 0xfd, 0x70, 0x00, 0x04, 0xfa, 0xcd, 0xab, 0xef, 0xa0, 0x00, 0x4f, 0xfa, 0x00,
    0x03, 0xef, 0x40, 0x04, 0xfe, 0x10, 0x00, 0x07, 0xf9, 0x00, 0x4f, 0xa0, 0x00, 0x00, 0x4f, 0xb0,
    0x04, 0xf9, 0x00, 0x00, 0x03, 0xfc, 0x00, 0x4f, 0xa0, 0x00, 0x00, 0x5f, 0xa0, 0x04, 0xfd, 0x00,
    0x00, 0x0a, 0xf7, 0x00, 0x4f, 0xf7, 0x00, 0x04, 0xfe, 0x10, 0x04, 0xfc, 0xec, 0x9b, 0xff, 0x50,
    0x00, 0x4f, 0x93, 0xbe, 0xeb, 0x40, 0x00, 0x00, 0x03, 0xad, 0xff, 0xe3, 0x00, 0x6f, 0xfb, 0x9a,
    0xc3, 0x03, 0xfe, 0x40, 0x00, 0x00, 0x0a, 0xf6, 0x00, 0x00, 0x00, 0x0d, 0xf1, 0x00, 0x00, 0x00,
    0x0f, 0xe0, 0x00, 0x00, 0x00, 0x0e, 0xf1, 0x00, 0x00, 0x00, 0x0b, 0xf6, 0x00, 0x00, 0x00, 0x05,
    0xfe, 0x20, 0x00, 0x62, 0x00, 0x9f, 0xfb, 0x9c, 0xf2, 0x00, 0x05, 0xbe, 0xfc, 0x40, 0x00, 0x00,
    0x00, 0x00, 0x0c, 0xf1, 0x00, 0x00, 0x00, 0x00, 0x00, 0xcf, 0x10, 0x00, 0x00, 0x00, 0x00, 0x0c,
    0xf1, 0x00, 0x00, 0x00, 0x00, 0x00, 0xcf, 0x10, 0x00, 0x00, 0x00, 0x00, 0x0c, 0xf1, 0x00, 0x00,
    0x5c, 0xee, 0xa2, 0xcf, 0x10, 0x00, 0x8f, 0xea, 0xad, 0xed, 0xf1, 0x00, 0x4f, 0xd2, 0x00, 0x0a,
    0xff, 0x10, 0x0a, 0xf6, 0x00, 0x00, 0x1f, 0xf1, 0x00, 0xef, 0x10, 0x00, 0x00, 0xdf, 0x10, 0x0f,
    0xf0, 0x00, 0x00, 0x0c, 0xf1, 0x00, 0xff, 0x10, 0x00, 0x00, 0xef, 0x10, 0x0c, 0xf5, 0x00, 0x00,
    0x3f, 0xf1, 0x00, 0x7f, 0xd2, 0x00, 0x1c, 0xff, 0x10, 0x00, 0xcf, 0xea, 0xae, 0xcd, 0xf1, 0x00,
    0x01, 0x8d, 0xfd, 0x91, 0xcf, 0x10, 0x00, 0x04, 0xbe, 0xec, 0x50, 0x00, 0x07, 0xfe, 0x99, 0xef,
    0x80, 0x03, 0xfb, 0x10, 0x01, 0xdf, 0x20, 0xaf, 0x20, 0x00, 0x07, 0xf6, 0x0e, 0xff, 0xff, 0xff,
    0xff, 0x70, 0xff, 0x88, 0x88, 0x88, 0x84, 0x0e, 0xf2, 0x00, 0x00, 0x00, 0x00, 0xbf, 0x60, 0x00,
    0x00, 0x00, 0x06, 0xfd, 0x20, 0x00, 0x39, 0x00, 0x0b, 0xfe, 0xa9, 0xbf, 0x80, 0x00, 0x07, 0xce,
    0xec, 0x60, 0x00, 0x00, 0x02, 0xbe, 0xd2, 0x00, 0x1e, 0xfa, 0xb4, 0x00, 0x7f, 0x80, 0x00, 0x00,
    0x9f, 0x50, 0x00, 0x00, 0x9f, 0x40, 0x00, 0x7f, 0xff, 0xff, 0xc0, 0x49, 0xdf, 0xa9, 0x70, 0x00,
    0x9f, 0x40, 0x00, 0x00, 0x9f, 0x40, 0x00, 0x00, 0x9f, 0x40, 0x00, 0x00, 0x9f, 0x40, 0x00, 0x00,
    0x9f, 0x40, 0x00, 0x00, 0x9f, 0x40, 0x00, 0x00, 0x9f, 0x40, 0x00, 0x00, 0x9f, 0x40, 0x00, 0x00,
    0x9f, 0x40, 0x00, 0x00, 0x06, 0xce, 0xea, 0x2c, 0xf1, 0x00, 0x08, 0xfe, 0xaa, 0xdd, 0xdf, 0x10,
    0x04, 0xfd, 0x20, 0x01, 0xaf, 0xf1, 0x00, 0xaf, 0x60, 0x00, 0x01, 0xff, 0x10, 0x0e, 0xf1, 0x00,
    0x00, 0x0d, 0xf1, 0x00, 0xff, 0x00, 0x00, 0x00, 0xcf, 0x10, 0x0f, 0xf1, 0x00, 0x00, 0x0e, 0xf1,
    0x00, 0xcf, 0x50, 0x00, 0x02, 0xff, 0x10, 0x07, 0xfd, 0x10, 0x01, 0xcf, 0xf1, 0x00, 0x0c, 0xfe,
    0xaa, 0xeb, 0xdf, 0x10, 0x00, 0x18, 0xdf, 0xd8, 0x0d, 0xf1, 0x00, 0x00, 0x00, 0x00, 0x00, 0xee,
    0x00, 0x01, 0x00, 0x00, 0x00, 0x4f, 0xb0, 0x00, 0x4a, 0x10, 0x00, 0x2d, 0xf5, 0x00, 0x02, 0xfe,
    0xb9, 0xbf, 0xf8, 0x00, 0x00, 0x03, 0xae, 0xfe, 0xa4, 0x00, 0x00, 0x04, 0xf9, 0x00, 0x00, 0x00,
    0x00, 0x04, 0xf9, 0x00, 0x00, 0x00, 0x00, 0x04, 0xf9, 0x00, 0x00, 0x00, 0x00, 0x04, 0xf9, 0x00,
    0x00, 0x00, 0x00, 0x04, 0xf9, 0x00, 0x00, 0x00, 0x00, 0x04, 0xf9, 0x19, 0xef, 0xc4, 0x00, 0x04,
    0xfa, 0xdc, 0x9c, 0xff, 0x30, 0x04, 0xff, 0x80, 0x00, 0xaf, 0x90, 0x04, 0xfd, 0x00, 0x00, 0x4f,
    0xc0, 0x04, 0xfa, 0x00, 0x00, 0x2f, 0xc0, 0x04, 0xf9, 0x00, 0x00, 0x1f, 0xc0, 0x04, 0xf9, 0x00,
    0x00, 0x1f, 0xc0, 0x04, 0xf9, 0x00, 0x00, 0x1f, 0xc0, 0x04, 0xf9, 0x00, 0x00, 0x1f, 0xc0, 0x04,
    0xf9, 0x00, 0x00, 0x1f, 0xc0, 0x04, 0xf9, 0x00, 0x00, 0x1f, 0xc0, 0x04, 0xe9, 0x00, 0x7f, 0xc0,
    0x00, 0x52, 0x00, 0x00, 0x00, 0x00, 0x00, 0x00, 0x4f, 0x90, 0x04, 0xf9, 0x00, 0x4f, 0x90, 0x04,
    0xf9, 0x00, 0x4f, 0x90, 0x04, 0xf9, 0x00, 0x4f, 0x90, 0x04, 0xf9, 0x00, 0x4f, 0x90, 0x04, 0xf9,
    0x00, 0x4f, 0x90, 0x00, 0x00, 0x4e, 0x90, 0x00, 0x00, 0x6f, 0xc0, 0x00, 0x00, 0x05, 0x20, 0x00,
    0x00, 0x00, 0x00, 0x00, 0x00, 0x00, 0x00, 0x00, 0x00, 0x4f, 0x90, 0x00, 0x00, 0x4f, 0x90, 0x00,
    0x00, 0x4f, 0x90, 0x00, 0x00, 0x4f, 0x90, 0x00, 0x00, 0x4f, 0x90, 0x00, 0x00, 0x4f, 0x90, 0x00,
    0x00, 0x4f, 0x90, 0x00, 0x00, 0x4f, 0x90, 0x00, 0x00, 0x4f, 0x90, 0x00, 0x00, 0x4f, 0x90, 0x00,
    0x00, 0x4f, 0x90, 0x00, 0x00, 0x6f, 0x80, 0x00, 0x00, 0x8f, 0x60, 0x01, 0x01, 0xdf, 0x20, 0x0d,
    0xad, 0xf8, 0x00, 0x0b, 0xfd, 0x70, 0x00, 0x04, 0xf9, 0x00, 0x00, 0x00, 0x00, 0x4f, 0x90, 0x00,
    0x00, 0x00, 0x04, 0xf9, 0x00, 0x00, 0x00, 0x00, 0x4f, 0x90, 0x00, 0x00, 0x00, 0x04, 0xf9, 0x00,
    0x00, 0x00, 0x00, 0x4f, 0x90, 0x00, 0x6f, 0xe2, 0x04, 0xf9, 0x00, 0x4f, 0xe3, 0x00, 0x4f, 0x90,
    0x3e, 0xe4, 0x00, 0x04, 0xf9, 0x2d, 0xf4, 0x00, 0x00, 0x4f, 0xac, 0xf5, 0x00, 0x00, 0x04, 0xfe,
    0xfd, 0x10, 0x00, 0x00, 0x4f, 0x9a, 0xfb, 0x00, 0x00, 0x04, 0xf9, 0x0b, 0xfa, 0x00, 0x00, 0x4f,
    0x90, 0x1d, 0xf9, 0x00, 0x04, 0xf9, 0x00, 0x2e, 0xf8, 0x00, 0x4f, 0x90, 0x00, 0x3e, 0xf6, 0x04,
    0xf9, 0x00, 0x4f, 0x90, 0x04, 0xf9, 0x00, 0x4f, 0x90, 0x04, 0xf9, 0x00, 0x4f, 0x90, 0x04, 0xf9,
    0x00, 0x4f, 0x90, 0x04, 0xf9, 0x00, 0x4f, 0x90, 0x04, 0xf9, 0x00, 0x4f, 0x90, 0x04, 0xf9, 0x00,
    0x4f, 0x90, 0x04, 0xf9, 0x00, 0x4f, 0x90, 0x04, 0xf9, 0x2a, 0xee, 0x91, 0x05, 0xcf, 0xe9, 0x00,
    0x00, 0x4f, 0xbe, 0xba, 0xef, 0xb6, 0xfb, 0xae, 0xf9, 0x00, 0x04, 0xff, 0x70, 0x02, 0xef, 0xf5,
    0x00, 0x3f, 0xf1, 0x00, 0x4f, 0xd0, 0x00, 0x09, 0xfb, 0x00, 0x00, 0xcf, 0x30, 0x04, 0xfa, 0x00,
    0x00, 0x7f, 0x70, 0x00, 0x0a, 0xf4, 0x00, 0x4f, 0x90, 0x00, 0x07, 0xf7, 0x00, 0x00, 0xaf, 0x40,
    0x04, 0xf9, 0x00, 0x00, 0x7f, 0x70, 0x00, 0x0a, 0xf4, 0x00, 0x4f, 0x90, 0x00, 0x07, 0xf7, 0x00,
    0x00, 0xaf, 0x40, 0x04, 0xf9, 0x00, 0x00, 0x7f, 0x70, 0x00, 0x0a, 0xf4, 0x00, 0x4f, 0x90, 0x00,
    0x07, 0xf7, 0x00, 0x00, 0xaf, 0x40, 0x04, 0xf9, 0x00, 0x00, 0x7f, 0x70, 0x00, 0x0a, 0xf4, 0x00,
    0x04, 0xf9, 0x19, 0xef, 0xc4, 0x00, 0x04, 0xfa, 0xdc, 0x9c, 0xff, 0x20, 0x04, 0xff, 0x80, 0x00,
    0xaf, 0x90, 0x04, 0xfd, 0x00, 0x00, 0x4f, 0xc0, 0x04, 0xfa, 0x00, 0x00, 0x2f, 0xd0, 0x04, 0xf9,
    0x00, 0x00, 0x1f, 0xd0, 0x04, 0xf9, 0x00, 0x00, 0x1f, 0xd0, 0x04, 0xf9, 0x00, 0x00, 0x1f, 0xd0,
    0x04, 0xf9, 0x00, 0x00, 0x1f, 0xd0, 0x04, 0xf9, 0x00, 0x00, 0x1f, 0xd0, 0x04, 0xf9, 0x00, 0x00,
    0x1f, 0xd0, 0x00, 0x04, 0xae, 0xfe, 0xa3, 0x00, 0x00, 0x07, 0xff, 0xb9, 0xbf, 0xf5, 0x00, 0x04,
    0xfe, 0x20, 0x00, 0x4f, 0xe1, 0x00, 0xaf, 0x60, 0x00, 0x00, 0x9f, 0x70, 0x0e, 0xf1, 0x00, 0x00,
    0x05, 0xfa, 0x00, 0xff, 0x00, 0x00, 0x00, 0x4f, 0xb0, 0x0e, 0xf1, 0x00, 0x00, 0x05, 0xfa, 0x00,
    0xbf, 0x60, 0x00, 0x00, 0x9f, 0x60, 0x05, 0xfe, 0x20, 0x00, 0x4f, 0xe1, 0x00, 0x08, 0xff, 0xa9,
    0xcf, 0xe3, 0x00, 0x00, 0x05, 0xbe, 0xfd, 0x92, 0x00, 0x00, 0x04, 0xf9, 0x19, 0xdf, 0xd7, 0x00,
    0x00, 0x4f, 0xac, 0xda, 0xbe, 0xf9, 0x00, 0x04, 0xff, 0xa0, 0x00, 0x3e, 0xf4, 0x00, 0x4f, 0xe1,
    0x00, 0x00, 0x7f, 0x90, 0x04, 0xfa, 0x00, 0x00, 0x04, 0xfb, 0x00, 0x4f, 0x90, 0x00, 0x00, 0x3f,
    0xc0, 0x04, 0xfa, 0x00, 0x00, 0x05, 0xfa, 0x00, 0x4f, 0xd0, 0x00, 0x00, 0xaf, 0x70, 0x04, 0xff,
    0x70, 0x00, 0x4f, 0xe1, 0x00, 0x4f, 0xce, 0xc9, 0xbf, 0xf5, 0x00, 0x04, 0xf9, 0x3b, 0xee, 0xb4,
    0x00, 0x00, 0x4f, 0x90, 0x00, 0x00, 0x00, 0x00, 0x04, 0xf9, 0x00, 0x00, 0x00, 0x00, 0x00, 0x4f,
    0x90, 0x00, 0x00, 0x00, 0x00, 0x04, 0xf9, 0x00, 0x00, 0x00, 0x00, 0x00, 0x4f, 0x90, 0x00, 0x00,
    0x00, 0x00, 0x00, 0x06, 0xce, 0xea, 0x2c, 0xf1, 0x00, 0x08, 0xfe, 0xaa, 0xdd, 0xdf, 0x10, 0x04,
    0xfd, 0x20, 0x00, 0xaf, 0xf1, 0x00, 0xaf, 0x60, 0x00, 0x01, 0xff, 0x10, 0x0e, 0xf1, 0x00, 0x00,
    0x0d, 0xf1, 0x00, 0xff, 0x00, 0x00, 0x00, 0xcf, 0x10, 0x0f, 0xf1, 0x00, 0x00, 0x0e, 0xf1, 0x00,
    0xcf, 0x40, 0x00, 0x02, 0xff, 0x10, 0x07, 0xfc, 0x10, 0x01, 0xcf, 0xf1, 0x00, 0x1c, 0xfe, 0xaa,
    0xed, 0xdf, 0x10, 0x00, 0x18, 0xdf, 0xd9, 0x1c, 0xf1, 0x00, 0x00, 0x00, 0x00, 0x00, 0xcf, 0x10,
    0x00, 0x00, 0x00, 0x00, 0x0c, 0xf1, 0x00, 0x00, 0x00, 0x00, 0x00, 0xcf, 0x10, 0x00, 0x00, 0x00,
    0x00, 0x0c, 0xf1, 0x00, 0x00, 0x00, 0x00, 0x00, 0xcf, 0x10, 0x04, 0xf9, 0x3c, 0xe6, 0x04, 0xfa,
    0xdd, 0xc7, 0x04, 0xfe, 0x90, 0x01, 0x04, 0xfe, 0x10, 0x00, 0x04, 0xfb, 0x00, 0x00, 0x04, 0xfa,
    0x00, 0x00, 0x04, 0xf9, 0x00, 0x00, 0x04, 0xf9, 0x00, 0x00, 0x04, 0xf9, 0x00, 0x00, 0x04, 0xf9,
    0x00, 0x00, 0x04, 0xf9, 0x00, 0x00, 0x00, 0x3a, 0xdf, 0xeb, 0x00, 0x5f, 0xea, 0x9a, 0xc0, 0x0c,
    0xf3, 0x00, 0x00, 0x00, 0xcf, 0x40, 0x00, 0x00, 0x07, 0xfe, 0x82, 0x00, 0x00, 0x07, 0xef, 0xfb,
    0x20, 0x00, 0x00, 0x5c, 0xfe, 0x10, 0x00, 0x00, 0x0b, 0xf5, 0x08, 0x10, 0x00, 0xaf, 0x50, 0xde,
    0xa9, 0xbf, 0xc0, 0x03, 0xbe, 0xec, 0x71, 0x00, 0x00, 0x6c, 0x30, 0x00, 0x0a, 0xf3, 0x00, 0x00,
    0xaf, 0x30, 0x08, 0xff, 0xff, 0xfd, 0x59, 0xdf, 0xa9, 0x80, 0x0a, 0xf3, 0x00, 0x00, 0xaf, 0x30,
    0x00, 0x0a, 0xf3, 0x00, 0x00, 0xaf, 0x30, 0x00, 0x0a, 0xf3, 0x00, 0x00, 0xaf, 0x30, 0x00, 0x09,
    0xf6, 0x00, 0x00, 0x5f, 0xe9, 0xb0, 0x00, 0x8d, 0xe8, 0x08, 0xf6, 0x00, 0x00, 0x4f, 0x90, 0x08,
    0xf6, 0x00, 0x00, 0x4f, 0x90, 0x08, 0xf6, 0x00, 0x00, 0x4f, 0x90, 0x08, 0xf6, 0x00, 0x00, 0x4f,
    0x90, 0x08, 0xf6, 0x00, 0x00, 0x4f, 0x90, 0x08, 0xf6, 0x00, 0x00, 0x4f, 0x90, 0x07, 0xf6, 0x00,
    0x00, 0x5f, 0x90, 0x06, 0xf9, 0x00, 0x00, 0x8f, 0x90, 0x03, 0xfe, 0x20, 0x03, 0xef, 0x90, 0x00,
    0xcf, 0xea, 0xaf, 0xaf, 0x90, 0x00, 0x19, 0xef, 0xc5, 0x4f, 0x90, 0xaf, 0x60, 0x00, 0x00, 0xcf,
    0x35, 0xfb, 0x00, 0x00, 0x2f, 0xc0, 0x0e, 0xf1, 0x00, 0x07, 0xf7, 0x00, 0x9f, 0x60, 0x00, 0xcf,
    0x10, 0x03, 0xfb, 0x00, 0x2f, 0xa0, 0x00, 0x0c, 0xf1, 0x08, 0xf4, 0x00, 0x00, 0x7f, 0x60, 0xdd,
    0x00, 0x00, 0x02, 0xfb, 0x3f, 0x70, 0x00, 0x00, 0x0b, 0xf8, 0xf2, 0x00, 0x00, 0x00, 0x5f, 0xeb,
    0x00, 0x00, 0x00, 0x01, 0xef, 0x50, 0x00, 0x00, 0x9f, 0x60, 0x00, 0x1f, 0xf1, 0x00, 0x07, 0xf6,
    0x5f, 0xa0, 0x00, 0x5f, 0xf5, 0x00, 0x0b, 0xf2, 0x1f, 0xe0, 0x00, 0x9d, 0xe9, 0x00, 0x0e, 0xc0,
    0x0b, 0xf3, 0x00, 0xd9, 0xbd, 0x00, 0x4f, 0x80, 0x06, 0xf7, 0x03, 0xf5, 0x6f, 0x20, 0x8f, 0x30,
    0x02, 0xfb, 0x07, 0xf1, 0x2f, 0x70, 0xce, 0x00, 0x00, 0xde, 0x0b, 0xb0, 0x0d, 0xb1, 0xfa, 0x00,
    0x00, 0x8f, 0x5f, 0x70, 0x09, 0xf5, 0xf5, 0x00, 0x00, 0x4f, 0xcf, 0x20, 0x05, 0xfb, 0xf1, 0x00,
    0x00, 0x0e, 0xfd, 0x00, 0x01, 0xff, 0xb0, 0x00, 0x00, 0x0a, 0xf9, 0x00, 0x00, 0xcf, 0x70, 0x00,
    0x4f, 0xd0, 0x00, 0x08, 0xf8, 0x0a, 0xf7, 0x00, 0x2e, 0xd1, 0x01, 0xee, 0x10, 0xaf, 0x40, 0x00,
    0x6f, 0x94, 0xf9, 0x00, 0x00, 0x0b, 0xfd, 0xd1, 0x00, 0x00, 0x04, 0xff, 0x60, 0x00, 0x00, 0x0a,
    0xfe, 0xd1, 0x00, 0x00, 0x6f, 0x87, 0xf8, 0x00, 0x02, 0xed, 0x10, 0xdf, 0x30, 0x0b, 0xf5, 0x00,
    0x4f, 0xc0, 0x6f, 0xb0, 0x00, 0x0a, 0xf8, 0xaf, 0x60, 0x00, 0x00, 0xaf, 0x54, 0xfb, 0x00, 0x00,
    0x1e, 0xd0, 0x0d, 0xf2, 0x00, 0x06, 0xf8, 0x00, 0x8f, 0x70, 0x00, 0xbf, 0x20, 0x02, 0xfc, 0x00,
    0x1f, 0xb0, 0x00, 0x0b, 0xf2, 0x07, 0xf5, 0x00, 0x00, 0x5f, 0x70, 0xce, 0x00, 0x00, 0x00, 0xec,
    0x3f, 0x80, 0x00, 0x00, 0x08, 0xfa, 0xf3, 0x00, 0x00, 0x00, 0x3f, 0xfc, 0x00, 0x00, 0x00, 0x00,
    0xcf, 0x60, 0x00, 0x00, 0x00, 0x0d, 0xe1, 0x00, 0x00, 0x00, 0x05, 0xf9, 0x00, 0x00, 0x01, 0x01,
    0xcf, 0x20, 0x00, 0x00, 0x7a, 0xdf, 0x70, 0x00, 0x00, 0x05, 0xed, 0x60, 0x00, 0x00, 0x00, 0x1f,
    0xff, 0xff, 0xff, 0xf4, 0x19, 0x99, 0x99, 0xcf, 0xb0, 0x00, 0x00, 0x02, 0xee, 0x10, 0x00, 0x00,
    0x0b, 0xf5, 0x00, 0x00, 0x00, 0x7f, 0x90, 0x00, 0x00, 0x03, 0xfd, 0x10, 0x00, 0x00, 0x1d, 0xf3,
    0x00, 0x00, 0x00, 0x9f, 0x70, 0x00, 0x00, 0x05, 0xfb, 0x00, 0x00, 0x00, 0x2e, 0xfa, 0x99, 0x99,
    0x93, 0x9f, 0xff, 0xff, 0xff, 0xf5, 0x00, 0x03, 0xbe, 0x00, 0x01, 0xee, 0x80, 0x00, 0x4f, 0x70,
    0x00, 0x06, 0xf5, 0x00, 0x00, 0x6f, 0x50, 0x00, 0x06, 0xf5, 0x00, 0x00, 0x7f, 0x40, 0x00, 0x2d,
    0xe1, 0x00, 0x0f, 0xe4, 0x00, 0x00, 0x7e, 0xc0, 0x00, 0x00, 0x8f, 0x30, 0x00, 0x06, 0xf5, 0x00,
    0x00, 0x6f, 0x50, 0x00, 0x06, 0xf5, 0x00, 0x00, 0x5f, 0x50, 0x00, 0x04, 0xf7, 0x00, 0x00, 0x1d,
    0xe7, 0x00, 0x00, 0x3b, 0xe0, 0x02, 0xf8, 0x00, 0x2f, 0x80, 0x02, 0xf8, 0x00, 0x2f, 0x80, 0x02,
    0xf8, 0x00, 0x2f, 0x80, 0x02, 0xf8, 0x00, 0x2f, 0x80, 0x02, 0xf8, 0x00, 0x2f, 0x80, 0x02, 0xf8,
    0x00, 0x2f, 0x80, 0x02, 0xf8, 0x00, 0x2f, 0x80, 0x02, 0xf8, 0x00, 0x2f, 0x80, 0x02, 0xf8, 0x00,
    0x2f, 0x80, 0x02, 0xf8, 0x00, 0x2f, 0x80, 0x02, 0xf8, 0x00, 0x2f, 0x80, 0x4d, 0x91, 0x00, 0x02,
    0xaf, 0xa0, 0x00, 0x00, 0xbf, 0x00, 0x00, 0x09, 0xf1, 0x00, 0x00, 0x9f, 0x10, 0x00, 0x09, 0xf1,
    0x00, 0x00, 0x8f, 0x20, 0x00, 0x04, 0xf9, 0x10, 0x00, 0x07, 0xfb, 0x00, 0x02, 0xed, 0x40, 0x00,
    0x7f, 0x40, 0x00, 0x09, 0xf1, 0x00, 0x00, 0x9f, 0x10, 0x00, 0x09, 0xf1, 0x00, 0x00, 0x9f, 0x10,
    0x00, 0x0b, 0xe0, 0x00, 0x29, 0xf9, 0x00, 0x04, 0xd9, 0x10, 0x00, 0x00, 0x07, 0xde, 0xa2, 0x00,
    0x0e, 0x90, 0x00, 0x06, 0xfa, 0x9e, 0xf7, 0x16, 0xf5, 0x00, 0x00, 0xbc, 0x00, 0x1a, 0xff, 0xfb,
    0x00, 0x00, 0x00, 0x00, 0x00, 0x03, 0x75, 0x00, 0x00, 0x00, 0x00, 0x00, 0x00, 0x00, 0x00, 0x00,
    0x00, 0x00, 0x00, 0x00, 0x00, 0x00, 0x00, 0x00, 0x00, 0x00, 0x00, 0x00, 0x00, 0x00, 0x00, 0x00,
    0x00, 0x00, 0x00, 0x00, 0x00, 0x00, 0x00, 0x00, 0x00, 0x00, 0x5a, 0xde, 0xeb, 0x71, 0x00, 0x00,
    0x00, 0x00, 0x02, 0xcb, 0x41, 0x01, 0x49, 0xd4, 0x00, 0x00, 0x00, 0x03, 0xe5, 0x00, 0x00, 0x00,
    0x03, 0xd5, 0x00, 0x00, 0x01, 0xd4, 0x00, 0x6c, 0xff, 0xd7, 0x02, 0xe3, 0x00, 0x00, 0x89, 0x00,
    0xbf, 0xc8, 0x8a, 0xb0, 0x06, 0xb0, 0x00, 0x0e, 0x20, 0x8f, 0x70, 0x00, 0x01, 0x00, 0x0e, 0x20,
    0x03, 0xc0, 0x0e, 0xb0, 0x00, 0x00, 0x00, 0x00, 0xa5, 0x00, 0x4a, 0x03, 0xf7, 0x00, 0x00, 0x00,
    0x00, 0x08, 0x70, 0x04, 0xb0, 0x3f, 0x70, 0x00, 0x00, 0x00, 0x00, 0x87, 0x00, 0x3c, 0x01, 0xfa,
    0x00, 0x00, 0x00, 0x00, 0x0a, 0x50, 0x00, 0xe2, 0x0a, 0xf6, 0x00, 0x00, 0x10, 0x00, 0xe2, 0x00,
    0x08, 0x90, 0x1c, 0xfc, 0x87, 0xab, 0x00, 0x6b, 0x00, 0x00, 0x1d, 0x50, 0x17, 0xdf, 0xec, 0x50,
    0x3e, 0x20, 0x00, 0x00, 0x3e, 0x50, 0x00, 0x00, 0x00, 0x4d, 0x50, 0x00, 0x00, 0x00, 0x2c, 0xb5,
    0x20, 0x14, 0xad, 0x40, 0x00, 0x00, 0x00, 0x00, 0x05, 0xad, 0xed, 0xb6, 0x00, 0x00, 0x00, 0x07,
    0xe5, 0x00, 0xcf, 0x90, 0x02, 0x71, 0x00, 0x00, 0x00, 0x00, 0x00, 0x00, 0x00, 0x00, 0x00, 0x00,
    0x00, 0x00, 0x00, 0x04, 0xff, 0xff, 0xff, 0xff, 0xff, 0x30, 0x04, 0xfb, 0x88, 0x88, 0x88, 0xbf,
    0x30, 0x04, 0xf5, 0x00, 0x00, 0x00, 0x5f, 0x30, 0x04, 0xf5, 0x00, 0x00, 0x00, 0x5f, 0x30, 0x04,
    0xf5, 0x00, 0x00, 0x00, 0x5f, 0x30, 0x04, 0xf5, 0x00, 0x00, 0x00, 0x5f, 0x30, 0x04, 0xf5, 0x00,
    0x00, 0x00, 0x5f, 0x30, 0x04, 0xf5, 0x00, 0x00, 0x00, 0x5f, 0x30, 0x04, 0xf5, 0x00, 0x00, 0x00,
    0x5f, 0x30, 0x04, 0xf5, 0x00, 0x00, 0x00, 0x5f, 0x30, 0x04, 0xf5, 0x00, 0x00, 0x00, 0x5f, 0x30,
    0x04, 0xf5, 0x00, 0x00, 0x00, 0x5f, 0x30, 0x04, 0xf5, 0x00, 0x00, 0x00, 0x5f, 0x30, 0x04, 0xfb,
    0x88, 0x88, 0x88, 0xbf, 0x30, 0x04, 0xff, 0xff, 0xff, 0xff, 0xff, 0x30, 0x05, 0xc2, 0x00, 0x00,
    0x00, 0x00, 0x00, 0x00, 0x00, 0x00, 0x02, 0xce, 0x40, 0x00, 0x00, 0x00, 0x00, 0x00, 0x00, 0x00,
    0x00, 0x1b, 0xf6, 0x00, 0x00, 0x00, 0x00, 0x00, 0x00, 0x00, 0x00, 0x00, 0xa7, 0x00, 0x00, 0x00,
    0x00, 0x00, 0x00, 0x00, 0xaf, 0xff, 0xff, 0xff, 0xff, 0xff, 0xff, 0xff, 0xff, 0xfb, 0x45, 0x55,
    0x55, 0x55, 0x55, 0x55, 0x55, 0x55, 0x55, 0x54, 0x00, 0x00, 0x00, 0x00, 0x00, 0x00, 0x00, 0x00,
    0x00, 0x00, 0x00, 0x00, 0x00, 0x00, 0x00, 0x00, 0x00, 0x00, 0x00, 0x00, 0x00, 0x00, 0x00, 0x00,
    0x00, 0x00, 0x00, 0x00, 0x00, 0x00, 0x00, 0x00, 0x00, 0x00, 0x00, 0x00, 0x00, 0x00, 0x00, 0x00,
    0x00, 0x00, 0x00, 0x00, 0x00, 0x00, 0x00, 0x00, 0x00, 0x00, 0x00, 0x00, 0x00, 0x00, 0x00, 0x00,
    0x00, 0x00, 0x00, 0x00, 0x00, 0x00, 0x00, 0x00, 0xce, 0x00, 0x00, 0x00, 0x00, 0x00, 0x00, 0x00,
    0x00, 0x00, 0xce, 0x00, 0x00, 0x00, 0x00, 0x00, 0x00, 0x00, 0x00, 0x00, 0xce, 0x00, 0x00, 0x00,
    0x00, 0x00, 0x00, 0x00, 0x00, 0x00, 0xce, 0x00, 0x00, 0x00, 0x00, 0x00, 0x00, 0x00, 0x00, 0x00,
    0xce, 0x00, 0x00, 0x00, 0x00, 0x00, 0x00, 0x00, 0x00, 0x00, 0xce, 0x00, 0x00, 0x00, 0x00, 0x00,
    0x00, 0x00, 0x00, 0x00, 0xcf, 0xff, 0xff, 0xff, 0xff, 0x00, 0x00, 0x00, 0x00, 0x00, 0xcf, 0x88,
    0x88, 0x88, 0x88, 0x00, 0x00, 0x00, 0x00, 0x00, 0xce, 0x00, 0x00, 0x00, 0x00, 0x00, 0x00, 0x00,
    0x00, 0x00, 0xce, 0x00, 0x00, 0x00, 0x00, 0x00, 0x00, 0x00, 0x00, 0x00, 0xce, 0x00, 0x00, 0x00,
    0x00, 0x00, 0x00, 0x00, 0x00, 0x00, 0xce, 0x00, 0x00, 0x00, 0x00, 0x00, 0x00, 0x00, 0x00, 0x00,
    0xce, 0x00, 0x00, 0x00, 0x00, 0x00, 0x00, 0x00, 0x00, 0x00, 0xce, 0x00, 0x00, 0x00, 0x00, 0x00,
    0x00, 0x00, 0x00, 0x00, 0xce, 0x00, 0x00, 0x00, 0x00, 0x00, 0x00, 0x00, 0x00, 0x00, 0xce, 0x00,
    0x00, 0x00, 0x00, 0x00, 0x7f, 0xff, 0xff, 0xff, 0xff, 0xff, 0xff, 0xff, 0xff, 0xf8, 0x48, 0x88,
    0x88, 0x88, 0x88, 0x88, 0x88, 0x88, 0x88, 0x84, 0x7f, 0xff, 0xff, 0xff, 0xff, 0xff, 0xff, 0xff,
    0xff, 0xf8, 0x49, 0x99, 0x99, 0x99, 0xef, 0x99, 0x99, 0x99, 0x99, 0x95, 0x00, 0x00, 0x00, 0x00,
    0xcf, 0x00, 0x00, 0x00, 0x00, 0x00, 0x00, 0x00, 0x00, 0x00, 0xcf, 0x00, 0x00, 0x00, 0x00, 0x00,
    0x00, 0x00, 0x00, 0x00, 0xcf, 0x10, 0x00, 0x00, 0x00, 0x00, 0x00, 0x00, 0x00, 0x00, 0xcf, 0xad,
    0x40, 0x00, 0x00, 0x00, 0x00, 0x00, 0x00, 0x00, 0xcf, 0x7e, 0xf9, 0x10, 0x00, 0x00, 0x00, 0x00,
    0x00, 0x00, 0xcf, 0x02, 0xbf, 0xe5, 0x00, 0x00, 0x00, 0x00, 0x00, 0x00, 0xcf, 0x00, 0x06, 0xef,
    0xa1, 0x00, 0x00, 0x00, 0x00, 0x00, 0xcf, 0x00, 0x00, 0x2b, 0xfd, 0x20, 0x00, 0x00, 0x00, 0x00,
    0xcf, 0x00, 0x00, 0x00, 0x7a, 0x00, 0x00, 0x00, 0x00, 0x00, 0xcf, 0x00, 0x00, 0x00, 0x00, 0x00,
    0x00, 0x00, 0x00, 0x00, 0xcf, 0x00, 0x00, 0x00, 0x00, 0x00, 0x00, 0x00, 0x00, 0x00, 0xcf, 0x00,
    0x00, 0x00, 0x00, 0x00, 0x00, 0x00, 0x00, 0x00, 0xcf, 0x00, 0x00, 0x00, 0x00, 0x00, 0x00, 0x00,
    0x00, 0x00, 0xcf, 0x00, 0x00, 0x00, 0x00, 0x00, 0x00, 0x00, 0x00, 0x00, 0xcf, 0x00, 0x00, 0x00,
    0x00, 0x00, 0x4f, 0xff, 0xff, 0xff, 0xff, 0xff, 0xff, 0xff, 0xff, 0xf5, 0x28, 0x88, 0x88, 0x88,
    0x89, 0xfe, 0x88, 0x88, 0x88, 0x82, 0x00, 0x00, 0x00, 0x00, 0x09, 0xe4, 0x00, 0x00, 0x00, 0x00,
    0x00, 0x00, 0x00, 0x00, 0x4e, 0x30, 0x00, 0x00, 0x00, 0x00, 0x00, 0x00, 0x00, 0x01, 0xdf, 0xc0,
    0x00, 0x00, 0x00, 0x00, 0x00, 0x00, 0x00, 0x0b, 0x6e, 0xc0, 0x00, 0x00, 0x00, 0x00, 0x00, 0x00,
    0x00, 0xaa, 0x0e, 0xc0, 0xa7, 0x00, 0x00, 0x00, 0x00, 0x00, 0x08, 0xc1, 0x0e, 0xc0, 0x8f, 0xc3,
    0x00, 0x00, 0x00, 0x00, 0x9e, 0x20, 0x0e, 0xc0, 0x04, 0xdf, 0x80, 0x00, 0x00, 0x1a, 0xe3, 0x00,
    0x0e, 0xc0, 0x00, 0x1a, 0xfc, 0x30, 0x03, 0xde, 0x30, 0x00, 0x0e, 0xc0, 0x00, 0x00, 0x6e, 0xf6,
    0x6f, 0xd2, 0x00, 0x00, 0x0e, 0xc0, 0x00, 0x00, 0x03, 0xc2, 0x4b, 0x10, 0x00, 0x00, 0x0e, 0xc0,
    0x00, 0x00, 0x00, 0x00, 0x00, 0x00, 0x00, 0x00, 0x0e, 0xc0, 0x00, 0x00, 0x00, 0x00, 0x00, 0x00,
    0x00, 0x00, 0x0e, 0xc0, 0x00, 0x00, 0x00, 0x00, 0x00, 0x00, 0x00, 0x00, 0x0e, 0xc0, 0x00, 0x00,
    0x00, 0x00, 0x00, 0x00, 0x00, 0x00, 0x0e, 0xc0, 0x00, 0x00, 0x00, 0x00, 0x00, 0x00, 0xae, 0x00,
    0x00, 0x00, 0x00, 0x00, 0x00, 0x00, 0x00, 0x00, 0xbc, 0x00, 0x00, 0x00, 0x00, 0x00, 0x00, 0x00,
    0x00, 0x00, 0xdf, 0xff, 0xff, 0xff, 0xff, 0xff, 0xff, 0xf9, 0x00, 0x00, 0xec, 0x77, 0x77, 0x77,
    0x77, 0x77, 0x77, 0x74, 0x00, 0x01, 0xf8, 0x00, 0x00, 0x00, 0x00, 0x00, 0x00, 0x00, 0x00, 0x03,
    0xf6, 0x00, 0x00, 0x00, 0x00, 0x00, 0x00, 0x00, 0x00, 0x04, 0xf5, 0x00, 0x00, 0x00, 0x00, 0x00,
    0x00, 0x00, 0x00, 0x05, 0xff, 0xff, 0xff, 0xff, 0xff, 0xff, 0xff, 0x20, 0x00, 0x03, 0x77, 0x77,
    0x77, 0x77, 0x77, 0x77, 0xcf, 0x10, 0x00, 0x00, 0x00, 0x00, 0x00, 0x00, 0x00, 0x00, 0x9f, 0x00,
    0x00, 0x00, 0x00, 0x00, 0x00, 0x00, 0x00, 0x00, 0xae, 0x00, 0xaf, 0xff, 0xff, 0xff, 0xff, 0xff,
    0xff, 0xc0, 0xbd, 0x00, 0x57, 0x77, 0x77, 0x77, 0x77, 0x77, 0x77, 0x60, 0xcc, 0x00, 0x00, 0x00,
    0x00, 0x00, 0x00, 0x00, 0x00, 0x00, 0xeb, 0x00, 0x00, 0x00, 0x00, 0x00, 0x00, 0x00, 0x00, 0x01,
    0xf9, 0x00, 0x00, 0x00, 0x00, 0x00, 0x00, 0x00, 0x00, 0x08, 0xf5, 0x00, 0x00, 0x00, 0x00, 0x00,
    0x2f, 0xfe, 0xdc, 0xef, 0xc0, 0x00, 0x00, 0x00, 0x00, 0x00, 0x0a, 0xa9, 0x98, 0x85, 0x00, 0x00,
    0x00, 0x00, 0x00, 0x5f, 0x40, 0x04, 0xf5, 0x00, 0x00, 0x00, 0x00, 0x00, 0x00, 0x5f, 0x40, 0x04,
    0xf5, 0x00, 0x00, 0x00, 0x00, 0x00, 0x00, 0x5f, 0x40, 0x04, 0xf5, 0x00, 0x00, 0x00, 0x00, 0x00,
    0x00, 0x5f, 0x40, 0x04, 0xf5, 0x00, 0x00, 0x00, 0x06, 0xb0, 0x00, 0x5f, 0x40, 0x04, 0xf5, 0x00,
    0x0b, 0x70, 0x06, 0xf5, 0x00, 0x5f, 0x40, 0x04, 0xf5, 0x00, 0x3f, 0x90, 0x01, 0xeb, 0x00, 0x5f,
    0x40, 0x04, 0xf5, 0x00, 0x9f, 0x30, 0x00, 0x9f, 0x30, 0x5f, 0x40, 0x04, 0xf5, 0x00, 0xec, 0x00,
    0x00, 0x2f, 0x90, 0x5f, 0x40, 0x04, 0xf5, 0x05, 0xf6, 0x00, 0x00, 0x0c, 0xe1, 0x5f, 0x40, 0x04,
    0xf5, 0x0b, 0xe1, 0x00, 0x00, 0x06, 0xf6, 0x5f, 0x40, 0x04, 0xf5, 0x3f, 0x80, 0x00, 0x00, 0x01,
    0xc5, 0x5f, 0x40, 0x04, 0xf5, 0x9f, 0x20, 0x00, 0x00, 0x00, 0x00, 0x5f, 0x40, 0x04, 0xf5, 0x89,
    0x00, 0x00, 0x00, 0x00, 0x00, 0x5f, 0x40, 0x04, 0xf5, 0x00, 0x00, 0x00, 0x00, 0x00, 0x00, 0x5f,
    0x40, 0x04, 0xf5, 0x00, 0x00, 0x00, 0x00, 0x00, 0x00, 0x5f, 0x40, 0x04, 0xf5, 0x00, 0x00, 0x00,
    0x9f, 0xff, 0xff, 0xff, 0xff, 0xff, 0xff, 0xff, 0xff, 0xfa, 0x47, 0x77, 0x77, 0x77, 0x77, 0x77,
    0x77, 0x77, 0x77, 0x75, 0x00, 0x00, 0x00, 0x00, 0x1e, 0xf2, 0x00, 0x00, 0x00, 0x00, 0x00, 0x00,
    0x00, 0x00, 0xaf, 0xfa, 0x00, 0x00, 0x00, 0x00, 0x00, 0x00, 0x00, 0x06, 0xf9, 0x9f, 0x50, 0x00,
    0x00, 0x00, 0x00, 0x00, 0x00, 0x4f, 0xc0, 0x1d, 0xe3, 0x00, 0x00, 0x00, 0x00, 0x00, 0x03, 0xed,
    0x20, 0x03, 0xed, 0x20, 0x00, 0x00, 0x00, 0x00, 0x5e, 0xe2, 0x00, 0x00, 0x3e, 0xd3, 0x00, 0x00,
    0x00, 0x07, 0xfd, 0x20, 0x00, 0x00, 0x04, 0xee, 0x60, 0x00, 0x02, 0xbf, 0xb1, 0x00, 0x00, 0x00,
    0x00, 0x2d, 0xfb, 0x30, 0x6e, 0xf8, 0x00, 0x00, 0x0d, 0xd0, 0x00, 0x01, 0x9f, 0xf7, 0x3c, 0x30,
    0x00, 0x00, 0x0d, 0xd0, 0x00, 0x00, 0x04, 0xc2, 0x00, 0x00, 0x00, 0x00, 0x0d, 0xd0, 0x00, 0x00,
    0x00, 0x00, 0x00, 0x00, 0x00, 0x00, 0x0d, 0xd0, 0x00, 0x00, 0x00, 0x00, 0x00, 0x00, 0x00, 0x00,
    0x0d, 0xd0, 0x00, 0x00, 0x00, 0x00, 0x00, 0x00, 0x00, 0x00, 0x0d, 0xd0, 0x00, 0x00, 0x00, 0x00,
    0x00, 0x00, 0x00, 0x00, 0x0d, 0xd0, 0x00, 0x00, 0x00, 0x00, 0x00, 0x00, 0x00, 0x00, 0x0d, 0xd0,
    0x00, 0x00, 0x00, 0x00, 0x00, 0x00, 0x00, 0x00, 0x0d, 0xd0, 0x00, 0x00, 0x00, 0x00, 0x00, 0x00,
    0x00, 0x00, 0x0d, 0xd0, 0x00, 0x00, 0x00, 0x00, 0x00, 0x00, 0x00, 0x00, 0x0d, 0xd0, 0x00, 0x00,
    0x00, 0x00, 0x00, 0x00, 0x00, 0x00, 0x0d, 0xd0, 0x00, 0x00, 0x00, 0x00, 0x00, 0x00, 0x00, 0x00,
    0x0d, 0xd0, 0x00, 0x00, 0x00, 0x00, 0x00, 0x00, 0x00, 0x00, 0x0d, 0xd0, 0x00, 0x00, 0x00, 0x00,
    0x05, 0xff, 0xff, 0xff, 0xff, 0xff, 0xff, 0xff, 0xff, 0x70, 0x05, 0xf9, 0x77, 0x77, 0x7e, 0xe7,
    0x77, 0x77, 0x8f, 0x70, 0x05, 0xf4, 0x00, 0x00, 0x0d, 0xd0, 0x00, 0x00, 0x2f, 0x70, 0x05, 0xf4,
    0x00, 0x00, 0x0d, 0xd0, 0x00, 0x00, 0x2f, 0x70, 0x05, 0xf4, 0x00, 0x00, 0x0d, 0xd0, 0x00, 0x00,
    0x2f, 0x70, 0x05, 0xf4, 0x00, 0x00, 0x0d, 0xd0, 0x00, 0x00, 0x2f, 0x70, 0x05, 0xff, 0xff, 0xff,
    0xff, 0xff, 0xff, 0xff, 0xff, 0x70, 0x05, 0xf9, 0x77, 0x77, 0x7e, 0xe7, 0x77, 0x77, 0x8f, 0x70,
    0x05, 0xf4, 0x00, 0x00, 0x0d, 0xd0, 0x00, 0x00, 0x2f, 0x70, 0x00, 0x00, 0x00, 0x00, 0x0d, 0xd0,
    0x00, 0x00, 0x00, 0x00, 0x00, 0x00, 0x00, 0x00, 0x0d, 0xd0, 0x00, 0x00, 0x00, 0x00, 0x00, 0x00,
    0x00, 0x00, 0x0d, 0xd0, 0x00, 0x00, 0x00, 0x00, 0x00, 0x00, 0x00, 0x00, 0x0d, 0xd0, 0x00, 0x00,
    0x00, 0x00, 0x00, 0x00, 0x00, 0x00, 0x0d, 0xd0, 0x00, 0x00, 0x00, 0x00, 0x00, 0x2c, 0x60, 0x00,
    0x4f, 0x60, 0x00, 0x00, 0x00, 0x00, 0x00, 0x1a, 0xfc, 0x30, 0x5f, 0x50, 0x00, 0x00, 0x00, 0x00,
    0x00, 0x00, 0x5c, 0x20, 0x6f, 0x40, 0x00, 0x00, 0x00, 0x00, 0x00, 0x00, 0x00, 0x00, 0x7f, 0x30,
    0x00, 0x00, 0x00, 0x00, 0x0d, 0xff, 0xff, 0xff, 0xff, 0xff, 0xff, 0xff, 0xff, 0x60, 0x07, 0x88,
    0x88, 0x88, 0xee, 0x88, 0x88, 0x88, 0xaf, 0x60, 0x00, 0x00, 0x00, 0x00, 0xfb, 0x00, 0x00, 0x00,
    0x4f, 0x60, 0x00, 0x00, 0x00, 0x04, 0xf7, 0x00, 0x00, 0x00, 0x5f, 0x50, 0x00, 0x00, 0x00, 0x09,
    0xf3, 0x3b, 0x10, 0x00, 0x5f, 0x50, 0x00, 0x00, 0x00, 0x1e, 0xd0, 0x3e, 0xc1, 0x00, 0x6f, 0x40,
    0x00, 0x00, 0x00, 0x6f, 0x60, 0x05, 0xfa, 0x00, 0x7f, 0x40, 0x00, 0x00, 0x01, 0xee, 0x10, 0x00,
    0x8f, 0x80, 0x7f, 0x30, 0x00, 0x00, 0x09, 0xf6, 0x00, 0x00, 0x0a, 0x40, 0x8f, 0x30, 0x00, 0x00,
    0x6f, 0xb0, 0x00, 0x00, 0x00, 0x00, 0x9f, 0x20, 0x00, 0x05, 0xfd, 0x10, 0x00, 0x00, 0x00, 0x00,
    0xcf, 0x00, 0x00, 0x7f, 0xd2, 0x00, 0x00, 0x22, 0x10, 0x17, 0xfb, 0x00, 0x1b, 0xfc, 0x20, 0x00,
    0x00, 0x8f, 0xff, 0xff, 0xe3, 0x00, 0x09, 0x91, 0x00, 0x00, 0x00, 0x49, 0x9a, 0x97, 0x10, 0x00,
    0x01, 0xff, 0xff, 0xff, 0xff, 0xff, 0xff, 0xff, 0xff, 0x20, 0x00, 0x88, 0x88, 0x88, 0x8c, 0xf9,
    0x88, 0x88, 0x88, 0x10, 0x00, 0x00, 0x00, 0x00, 0x08, 0xf2, 0x00, 0x00, 0x00, 0x00, 0x00, 0x00,
    0x00, 0x00, 0x08, 0xf2, 0x00, 0x00, 0x00, 0x00, 0x00, 0x00, 0x00, 0x00, 0x08, 0xf2, 0x00, 0x00,
    0x00, 0x00, 0x00, 0x00, 0x00, 0x00, 0x08, 0xf2, 0x00, 0x00, 0x00, 0x00, 0x9f, 0xff, 0xff, 0xff,
    0xff, 0xff, 0xff, 0xff, 0xff, 0xf9, 0x58, 0x88, 0x88, 0x88, 0x8c, 0xf9, 0x88, 0x88, 0x88, 0x85,
    0x00, 0x00, 0x00, 0x00, 0x08, 0xf2, 0x00, 0x00, 0x00, 0x00, 0x00, 0x00, 0x00, 0x00, 0x08, 0xf2,
    0x00, 0x00, 0x00, 0x00, 0x00, 0x00, 0x00, 0x00, 0x08, 0xf2, 0x00, 0x00, 0x00, 0x00, 0x00, 0x00,
    0x00, 0x00, 0x08, 0xf2, 0x00, 0x00, 0x00, 0x00, 0x00, 0x00, 0x00, 0x00, 0x08, 0xf2, 0x00, 0x00,
    0x00, 0x00, 0x00, 0x00, 0x00, 0x00, 0x08, 0xf2, 0x00, 0x00, 0x00, 0x00, 0x00, 0x00, 0x00, 0x00,
    0x1b, 0xf1, 0x00, 0x00, 0x00, 0x00, 0x00, 0x00, 0x0e, 0xff, 0xff, 0xc0, 0x00, 0x00, 0x00, 0x00,
    0x00, 0x00, 0x09, 0xba, 0x97, 0x10, 0x00, 0x00, 0x00, 0x00, 0x00, 0x00, 0x00, 0x00, 0x3d, 0x40,
    0x00, 0x00, 0x00, 0x00, 0x00, 0x00, 0x00, 0x00, 0x1e, 0xa0, 0x00, 0x00, 0x00, 0x00, 0x2f, 0xff,
    0xff, 0xff, 0xff, 0xff, 0xff, 0xff, 0xff, 0xf3, 0x15, 0x55, 0x55, 0x55, 0x55, 0x55, 0x55, 0x55,
    0x55, 0x51, 0x00, 0x00, 0x00, 0x00, 0x00, 0x00, 0x00, 0x00, 0x00, 0x00, 0x00, 0x03, 0xff, 0xff,
    0xff, 0xff, 0xff, 0xff, 0x10, 0x00, 0x00, 0x03, 0xf5, 0x44, 0x44, 0x44, 0x44, 0x6f, 0x10, 0x00,
    0x00, 0x03, 0xff, 0xff, 0xff, 0xff, 0xff, 0xff, 0x10, 0x00, 0x00, 0x03, 0xf5, 0x44, 0x44, 0x44,
    0x44, 0x6f, 0x10, 0x00, 0x00, 0x00, 0x00, 0x00, 0x00, 0x00, 0x00, 0x00, 0x00, 0x00, 0x0d, 0xff,
    0xff, 0xff, 0xff, 0xff, 0xff, 0xff, 0xff, 0xd0, 0x0d, 0xc5, 0x55, 0x55, 0x55, 0x55, 0x55, 0x55,
    0x5c, 0xd0, 0x0d, 0xa0, 0x05, 0xff, 0xff, 0xff, 0xff, 0x00, 0x0a, 0xd0, 0x00, 0x00, 0x06, 0xf5,
    0x44, 0x44, 0xaf, 0x00, 0x00, 0x00, 0x00, 0x00, 0x08, 0xf0, 0x00, 0x00, 0x8f, 0x00, 0x00, 0xa6,
    0x00, 0x00, 0x1e, 0xb0, 0x00, 0x00, 0x8f, 0x00, 0x00, 0xe9, 0x00, 0x03, 0xcf, 0x40, 0x00, 0x00,
    0x7f, 0x30, 0x04, 0xf6, 0x39, 0xcf, 0xe4, 0x00, 0x00, 0x00, 0x2e, 0xff, 0xff, 0xd1, 0x2e, 0xb6,
    0x10, 0x00, 0x00, 0x00, 0x02, 0x56, 0x65, 0x10, 0x00, 0x00, 0x00, 0x00, 0x2b, 0x70, 0x00, 0x00,
    0x00, 0x00, 0x00, 0x00, 0x00, 0x00, 0x0b, 0xe2, 0x00, 0x00, 0x00, 0x00, 0x09, 0xff, 0xff, 0xff,
    0xff, 0xff, 0xff, 0xff, 0xff, 0x90, 0x04, 0x66, 0x66, 0x66, 0x66, 0x66, 0x66, 0x66, 0x66, 0x40,
    0x00, 0x00, 0x2c, 0x30, 0x00, 0x00, 0x06, 0xb2, 0x00, 0x00, 0x00, 0x00, 0x1d, 0xd1, 0x00, 0x00,
    0x2e, 0xc0, 0x00, 0x00, 0x00, 0x00, 0x03, 0xe5, 0x00, 0x00, 0xcd, 0x10, 0x00, 0x00, 0x8f, 0xff,
    0xff, 0xff, 0xff, 0xff, 0xff, 0xff, 0xff, 0xf8, 0x36, 0x66, 0x66, 0x66, 0x6b, 0xf7, 0x66, 0x66,
    0x66, 0x63, 0x00, 0x00, 0x00, 0x00, 0x08, 0xf1, 0x00, 0x00, 0x00, 0x00, 0x00, 0x00, 0x00, 0x00,
    0x08, 0xf1, 0x00, 0x00, 0x00, 0x00, 0x0a, 0xff, 0xff, 0xff, 0xff, 0xff, 0xff, 0xff, 0xff, 0x90,
    0x04, 0x66, 0x66, 0x66, 0x6b, 0xf7, 0x66, 0x66, 0x66, 0x40, 0x00, 0x03, 0xba, 0x10, 0x08, 0xf1,
    0x06, 0xd7, 0x20, 0x00, 0x05, 0xbf, 0xc5, 0x00, 0x0a, 0xf1, 0x01, 0x7d, 0xfa, 0x40, 0x1b, 0xa4,
    0x06, 0xde, 0xff, 0xd0, 0x00, 0x00, 0x5c, 0x60, 0x00, 0x00, 0x06, 0xda, 0x87, 0x20, 0x00, 0x00,
    0x00, 0x00, 0x00, 0x00, 0x00, 0x00, 0x0b, 0xf0, 0x00, 0x00, 0x00, 0x00, 0x00, 0x00, 0x00, 0x00,
    0x0c, 0xd0, 0x00, 0x00, 0x00, 0x00, 0x00, 0x00, 0x00, 0x00, 0x0e, 0xc0, 0x00, 0x00, 0x00, 0x00,
    0x00, 0x00, 0x00, 0x00, 0x1f, 0xa0, 0x00, 0x00, 0x00, 0x00, 0x00, 0x00, 0x00, 0x00, 0x4f, 0xc0,
    0x00, 0x00, 0x00, 0x00, 0x00, 0x00, 0x00, 0x00, 0x7f, 0xf1, 0x00, 0x00, 0x00, 0x00, 0x00, 0x00,
    0x00, 0x00, 0xbf, 0xf6, 0x00, 0x00, 0x00, 0x00, 0x00, 0x00, 0x00, 0x01, 0xfb, 0xac, 0x00, 0x00,
    0x00, 0x00, 0x00, 0x00, 0x00, 0x06, 0xf6, 0x5f, 0x30, 0x00, 0x00, 0x00, 0x00, 0x00, 0x00, 0x0d,
    0xe1, 0x0e, 0xa0, 0x00, 0x00, 0x00, 0x00, 0x00, 0x00, 0x6f, 0x80, 0x07, 0xf4, 0x00, 0x00, 0x00,
    0x00, 0x00, 0x01, 0xee, 0x10, 0x01, 0xed, 0x00, 0x00, 0x00, 0x00, 0x00, 0x0b, 0xf6, 0x00, 0x00,
    0x6f, 0x90, 0x00, 0x00, 0x00, 0x00, 0x9f, 0xa0, 0x00, 0x00, 0x0b, 0xf7, 0x00, 0x00, 0x00, 0x09,
    0xfc, 0x10, 0x00, 0x00, 0x01, 0xdf, 0x80, 0x00, 0x01, 0xbf, 0xc1, 0x00, 0x00, 0x00, 0x00, 0x2d,
    0xfb, 0x20, 0x4e, 0xfa, 0x10, 0x00, 0x00, 0x00, 0x00, 0x02, 0xcf, 0xf6, 0x2c, 0x60, 0x00, 0x00,
    0x00, 0x00, 0x00, 0x00, 0x08, 0xb1, 0x00, 0x00, 0x89, 0x04, 0xb1, 0x00, 0x00, 0x00, 0x00, 0x00,
    0x00, 0x00, 0xdb, 0x03, 0xfb, 0x00, 0x00, 0x00, 0x00, 0x00, 0x00, 0x04, 0xf6, 0x00, 0x6f, 0x80,
    0xff, 0xff, 0xff, 0xa0, 0x00, 0x0a, 0xe1, 0x00, 0x0a, 0x50, 0x88, 0x88, 0x8e, 0xa0, 0x00, 0x2f,
    0x90, 0x00, 0x00, 0x00, 0x00, 0x00, 0x0e, 0xa0, 0x00, 0x9f, 0x70, 0x0b, 0xd0, 0x00, 0x00, 0x00,
    0x0e, 0xa0, 0x02, 0xff, 0x70, 0x0b, 0xd0, 0x00, 0x00, 0x00, 0x0e, 0xa0, 0x0a, 0xff, 0x70, 0x0b,
    0xd0, 0x00, 0x00, 0x00, 0x0e, 0xa0, 0x5f, 0x8f, 0x70, 0x0b, 0xd0, 0x00, 0x00, 0x00, 0x0e, 0xa0,
    0x9c, 0x2f, 0x70, 0x0b, 0xd0, 0x00, 0x00, 0x00, 0x0e, 0xa0, 0x43, 0x2f, 0x70, 0x0b, 0xd0, 0x00,
    0x00, 0x00, 0x0e, 0xa0, 0x00, 0x2f, 0x70, 0x0b, 0xd0, 0x00, 0x00, 0x00, 0x0e, 0xa0, 0x00, 0x2f,
    0x70, 0x0b, 0xd0, 0x00, 0x00, 0x00, 0x0e, 0xa0, 0x00, 0x2f, 0x70, 0x0b, 0xd0, 0x00, 0x00, 0x00,
    0x0e, 0xa0, 0x00, 0x2f, 0x70, 0x0b, 0xd0, 0x00, 0x00, 0x00, 0x0e, 0xa0, 0x00, 0x2f, 0x70, 0x0b,
    0xd0, 0x00, 0x00, 0x00, 0x0e, 0xa0, 0x00, 0x2f, 0x70, 0x0b, 0xd0, 0x00, 0x00, 0x00, 0x4f, 0x80,
    0x00, 0x2f, 0x70, 0x0b, 0xd0, 0x00, 0x4f, 0xff, 0xff, 0x30, 0x00, 0x2f, 0x70, 0x0b, 0xd0, 0x00,
    0x18, 0x88, 0x62, 0x00, 0x00, 0x00, 0x9b, 0x00, 0x00, 0x00, 0x2f, 0x70, 0x00, 0x00, 0x00, 0x00,
    0xeb, 0x00, 0x4c, 0x30, 0x2f, 0x70, 0x00, 0x00, 0x00, 0x05, 0xf6, 0x00, 0x9f, 0x20, 0x2f, 0x70,
    0x00, 0x00, 0x00, 0x0b, 0xe1, 0x00, 0xdc, 0x00, 0x2f, 0x70, 0x00, 0x00, 0x00, 0x2f, 0xa0, 0x03,
    0xff, 0xff, 0xff, 0xff, 0xff, 0xf2, 0x00, 0x9f, 0x90, 0x0a, 0xf6, 0x66, 0x7f, 0xa6, 0x66, 0x61,
    0x02, 0xff, 0x90, 0x2f, 0xa0, 0x00, 0x2f, 0x70, 0x00, 0x00, 0x0a, 0xff, 0x90, 0xaf, 0x30, 0x00,
    0x2f, 0x70, 0x00, 0x00, 0x4f, 0x8e, 0x90, 0x49, 0x00, 0x00, 0x2f, 0x70, 0x00, 0x00, 0xad, 0x1e,
    0x90, 0x00, 0x00, 0x00, 0x2f, 0x70, 0x00, 0x00, 0x44, 0x0e, 0x90, 0xef, 0xff, 0xff, 0xff, 0xff,
    0xff, 0xfb, 0x00, 0x0e, 0x90, 0x56, 0x66, 0x66, 0x7f, 0xa6, 0x66, 0x64, 0x00, 0x0e, 0x90, 0x00,
    0x00, 0x00, 0x2f, 0x70, 0x00, 0x00, 0x00, 0x0e, 0x90, 0x00, 0x00, 0x00, 0x2f, 0x70, 0x00, 0x00,
    0x00, 0x0e, 0x90, 0x00, 0x00, 0x00, 0x2f, 0x70, 0x00, 0x00, 0x00, 0x0e, 0x90, 0x00, 0x00, 0x00,
    0x2f, 0x70, 0x00, 0x00, 0x00, 0x0e, 0x90, 0x00, 0x00, 0x00, 0x2f, 0x70, 0x00, 0x00, 0x00, 0x0e,
    0x90, 0x00, 0x00, 0x00, 0x2f, 0x70, 0x00, 0x00, 0x00, 0x00, 0x3d, 0x40, 0x00, 0x01, 0xf8, 0x00,
    0x00, 0x00, 0x00, 0x00, 0x8f, 0x30, 0x00, 0x01, 0xf8, 0x00, 0x00, 0x00, 0x00, 0x00, 0xec, 0x1b,
    0x50, 0x01, 0xf8, 0x00, 0x0a, 0x70, 0x00, 0x05, 0xf5, 0x1d, 0xe3, 0x01, 0xf8, 0x00, 0x8f, 0xa0,
    0x00, 0x0c, 0xd0, 0x02, 0xee, 0x21, 0xf8, 0x07, 0xfb, 0x00, 0x00, 0x5f, 0xb0, 0x00, 0x5a, 0x11,
    0xf8, 0x06, 0xa0, 0x00, 0x00, 0xdf, 0xb0, 0x00, 0x00, 0x01, 0xf8, 0x00, 0x00, 0x00, 0x08, 0xff,
    0xb0, 0x6f, 0xff, 0xff, 0xff, 0xff, 0xff, 0xd0, 0x3f, 0xac, 0xb0, 0x37, 0x77, 0x78, 0xfb, 0x77,
    0x77, 0x60, 0x9e, 0x2c, 0xb0, 0x00, 0x00, 0x01, 0xf8, 0x00, 0x00, 0x00, 0x45, 0x0c, 0xb0, 0x00,
    0x00, 0x01, 0xf8, 0x00, 0x00, 0x00, 0x00, 0x0c, 0xb0, 0x00, 0x00, 0x01, 0xf8, 0x00, 0x00, 0x00,
    0x00, 0x0c, 0xb3, 0xff, 0xff, 0xff, 0xff, 0xff, 0xff, 0xfa, 0x00, 0x0c, 0xb1, 0x77, 0x77, 0x78,
    0xfb, 0x77, 0x77, 0x75, 0x00, 0x0c, 0xb0, 0x00, 0x00, 0x01, 0xf8, 0x00, 0x00, 0x00, 0x00, 0x0c,
    0xb0, 0x00, 0x00, 0x01, 0xf8, 0x00, 0x00, 0x00, 0x00, 0x0c, 0xb0, 0x00, 0x00, 0x01, 0xf8, 0x00,
    0x00, 0x00, 0x00, 0x0c, 0xb0, 0x00, 0x00, 0x01, 0xf8, 0x00, 0x00, 0x00, 0x00, 0x0c, 0xb0, 0x00,
    0x00, 0x01, 0xf8, 0x00, 0x00, 0x00, 0x00, 0x00, 0xab, 0x00, 0x00, 0x07, 0xb1, 0x00, 0x00, 0x00,
    0x00, 0x01, 0xfb, 0x00, 0x00, 0x08, 0xfb, 0x00, 0x00, 0x00, 0x00, 0x05, 0xf5, 0x00, 0x00, 0x00,
    0x9b, 0x20, 0x00, 0x00, 0x00, 0x0b, 0xd0, 0xff, 0xff, 0xff, 0xff, 0xff, 0xff, 0xf6, 0x00, 0x2f,
    0x70, 0x77, 0x77, 0x77, 0x77, 0x77, 0x77, 0x73, 0x00, 0x9f, 0x60, 0x00, 0x00, 0x00, 0x00, 0x00,
    0x00, 0x00, 0x02, 0xff, 0x60, 0x07, 0xc0, 0x00, 0x00, 0x00, 0xaa, 0x10, 0x0a, 0xff, 0x60, 0x07,
    0xf4, 0x00, 0x00, 0x00, 0xed, 0x00, 0x5f, 0x9f, 0x60, 0x01, 0xfa, 0x00, 0x00, 0x04, 0xf8, 0x00,
    0x9e, 0x2f, 0x60, 0x00, 0xaf, 0x10, 0x00, 0x08, 0xf2, 0x00, 0x35, 0x1f, 0x60, 0x00, 0x5f, 0x60,
    0x00, 0x0d, 0xc0, 0x00, 0x00, 0x1f, 0x60, 0x00, 0x1e, 0xb0, 0x00, 0x3f, 0x70, 0x00, 0x00, 0x1f,
    0x60, 0x00, 0x0a, 0xf2, 0x00, 0x8f, 0x20, 0x00, 0x00, 0x1f, 0x60, 0x00, 0x05, 0xc3, 0x00, 0xdb,
    0x00, 0x00, 0x00, 0x1f, 0x60, 0x00, 0x00, 0x00, 0x03, 0xf6, 0x00, 0x00, 0x00, 0x1f, 0x60, 0x00,
    0x00, 0x00, 0x09, 0xf1, 0x00, 0x00, 0x00, 0x1f, 0x66, 0xff, 0xff, 0xff, 0xff, 0xff, 0xff, 0xfb,
    0x00, 0x1f, 0x63, 0x77, 0x77, 0x77, 0x77, 0x77, 0x77, 0x75, 0x00, 0x1f, 0x60, 0x00, 0x00, 0x00,
    0x00, 0x00, 0x00, 0x00, 0x00, 0x00, 0xb8, 0x00, 0x00, 0x08, 0xe0, 0x00, 0x00, 0x00, 0x00, 0x02,
    0xf7, 0x00, 0x00, 0x08, 0xe0, 0x00, 0x00, 0x00, 0x00, 0x07, 0xf2, 0x00, 0x00, 0x08, 0xe0, 0x00,
    0x00, 0x00, 0x00, 0x0e, 0xa8, 0xff, 0xff, 0xff, 0xff, 0xff, 0xff, 0xf3, 0x00, 0x6f, 0x43, 0x66,
    0x67, 0xfe, 0xff, 0x96, 0x66, 0x61, 0x01, 0xef, 0x20, 0x00, 0x05, 0xf9, 0xeb, 0x90, 0x00, 0x00,
    0x08, 0xff, 0x20, 0x00, 0x0a, 0xc8, 0xe7, 0xe0, 0x00, 0x00, 0x3f, 0xcf, 0x20, 0x00, 0x2f, 0x68,
    0xe2, 0xf4, 0x00, 0x00, 0xad, 0x5f, 0x20, 0x00, 0x9e, 0x18, 0xe0, 0xbc, 0x00, 0x00, 0x53, 0x4f,
    0x20, 0x02, 0xf8, 0x08, 0xe0, 0x5f, 0x40, 0x00, 0x00, 0x4f, 0x20, 0x0b, 0xe1, 0x08, 0xe0, 0x0d,
    0xd1, 0x00, 0x00, 0x4f, 0x20, 0x6f, 0x50, 0x08, 0xe0, 0x04, 0xf9, 0x00, 0x00, 0x4f, 0x23, 0xea,
    0x00, 0x08, 0xe0, 0x00, 0x9f, 0x70, 0x00, 0x4f, 0x5e, 0xc1, 0x5f, 0xff, 0xff, 0xfc, 0x1c, 0xf7,
    0x00, 0x4f, 0x5b, 0x10, 0x26, 0x6b, 0xf6, 0x65, 0x01, 0xb3, 0x00, 0x4f, 0x20, 0x00, 0x00, 0x08,
    0xe0, 0x00, 0x00, 0x00, 0x00, 0x4f, 0x20, 0x00, 0x00, 0x08, 0xe0, 0x00, 0x00, 0x00, 0x00, 0x00,
    0xc7, 0x00, 0x00, 0x03, 0xf4, 0x00, 0x00, 0x00, 0x00, 0x03, 0xf5, 0x00, 0x00, 0x03, 0xf4, 0x00,
    0x00, 0x00, 0x00, 0x0a, 0xe7, 0xff, 0xff, 0xff, 0xff, 0xff, 0xff, 0xf9, 0x00, 0x2f, 0x72, 0x55,
    0x55, 0x57, 0xf8, 0x55, 0x55, 0x53, 0x00, 0xaf, 0x10, 0x00, 0x00, 0x03, 0xf4, 0x00, 0x00, 0x00,
    0x04, 0xff, 0x10, 0x7f, 0xff, 0xff, 0xff, 0xff, 0xff, 0x80, 0x1e, 0xef, 0x10, 0x7f, 0x55, 0x57,
    0xf8, 0x55, 0x5e, 0x80, 0x9e, 0x7f, 0x10, 0x7f, 0x00, 0x04, 0xf4, 0x00, 0x0e, 0x80, 0x44, 0x5f,
    0x10, 0x7f, 0xff, 0xff, 0xff, 0xff, 0xff, 0x80, 0x00, 0x5f, 0x10, 0x25, 0x55, 0x59, 0xf6, 0x55,
    0x5e, 0x80, 0x00, 0x5f, 0x10, 0x07, 0xb0, 0x09, 0xe0, 0x00, 0x00, 0x00, 0x00, 0x5f, 0x10, 0x05,
    0xfb, 0x1e, 0xa0, 0x00, 0x00, 0x00, 0x00, 0x5f, 0x10, 0x00, 0x7f, 0xef, 0x40, 0x00, 0x00, 0x00,
    0x00, 0x5f, 0x10, 0x00, 0x0a, 0xff, 0x93, 0x00, 0x00, 0x00, 0x00, 0x5f, 0x10, 0x02, 0xbf, 0xaa,
    0xff, 0xd9, 0x63, 0x20, 0x00, 0x5f, 0x14, 0xaf, 0xd5, 0x00, 0x28, 0xdf, 0xff, 0xf6, 0x00, 0x5f,
    0x19, 0xb6, 0x00, 0x00, 0x00, 0x01, 0x57, 0x80, 0x00, 0x00, 0x8a, 0x00, 0x00, 0x00, 0x00, 0x00,
    0x00, 0x00, 0x00, 0x00, 0xeb, 0x8f, 0xff, 0xff, 0xff, 0xff, 0xff, 0xf6, 0x00, 0x05, 0xf5, 0x35,
    0x55, 0x55, 0xf9, 0x55, 0x55, 0x52, 0x00, 0x0d, 0xd0, 0x00, 0x00, 0x01, 0xf5, 0x00, 0x00, 0x00,
    0x00, 0x5f, 0x60, 0x4f, 0xff, 0xff, 0xff, 0xff, 0xff, 0x90, 0x01, 0xdf, 0x40, 0x4f, 0x54, 0x44,
    0xf8, 0x44, 0x4c, 0x90, 0x08, 0xff, 0x40, 0x4f, 0x10, 0x01, 0xf5, 0x00, 0x0c, 0x90, 0x4f, 0xbf,
    0x40, 0x4f, 0xff, 0xff, 0xff, 0xff, 0xff, 0x90, 0xbd, 0x3f, 0x40, 0x4f, 0x43, 0x34, 0xf7, 0x33,
    0x3c, 0x90, 0x53, 0x2f, 0x40, 0x4f, 0x10, 0x01, 0xf5, 0x00, 0x0c, 0x90, 0x00, 0x2f, 0x40, 0x4f,
    0xff, 0xff, 0xff, 0xff, 0xff, 0x90, 0x00, 0x2f, 0x40, 0x14, 0x44, 0x47, 0xf5, 0x44, 0x4c, 0x90,
    0x00, 0x2f, 0x40, 0x08, 0x90, 0x08, 0xe0, 0x00, 0x00, 0x00, 0x00, 0x2f, 0x40, 0x05, 0xfd, 0x5e,
    0x90, 0x00, 0x00, 0x00, 0x00, 0x2f, 0x40, 0x00, 0x4d, 0xff, 0x60, 0x00, 0x00, 0x00, 0x00, 0x2f,
    0x40, 0x00, 0x3b, 0xff, 0xfe, 0xb7, 0x53, 0x20, 0x00, 0x2f, 0x43, 0x7c, 0xfd, 0x51, 0x6a, 0xef,
    0xff, 0xf6, 0x00, 0x2f, 0x47, 0xd9, 0x40, 0x00, 0x00, 0x02, 0x46, 0x70, 0x00, 0x00, 0x8b, 0x00,
    0x00, 0x07, 0x90, 0x00, 0x00, 0x00, 0x00, 0x00, 0xeb, 0x00, 0x00, 0x08, 0xf3, 0x00, 0x00, 0x00,
    0x00, 0x04, 0xf5, 0x00, 0x00, 0x01, 0xe7, 0x00, 0x00, 0x00, 0x00, 0x0a, 0xe2, 0xff, 0xff, 0xff,
    0xff, 0xff, 0xff, 0xfa, 0x00, 0x1f, 0x81, 0x66, 0x66, 0x66, 0x66, 0x66, 0x66, 0x64, 0x00, 0x8f,
    0x40, 0x00, 0x00, 0x00, 0x00, 0x00, 0x00, 0x00, 0x01, 0xef, 0x40, 0x0f, 0xff, 0xff, 0xff, 0xff,
    0xff, 0x80, 0x09, 0xff, 0x40, 0x05, 0x55, 0x55, 0x55, 0x55, 0x55, 0x20, 0x3f, 0xbf, 0x40, 0x00,
    0x00, 0x00, 0x00, 0x00, 0x00, 0x00, 0x9d, 0x4f, 0x40, 0x0f, 0xff, 0xff, 0xff, 0xff, 0xff, 0x80,
    0x44, 0x3f, 0x40, 0x05, 0x55, 0x55, 0x55, 0x55, 0x55, 0x20, 0x00, 0x3f, 0x40, 0x00, 0x00, 0x00,
    0x00, 0x00, 0x00, 0x00, 0x00, 0x3f, 0x40, 0x0c, 0xff, 0xff, 0xff, 0xff, 0xff, 0x40, 0x00, 0x3f,
    0x40, 0x0c, 0xc5, 0x55, 0x55, 0x55, 0x7f, 0x40, 0x00, 0x3f, 0x40, 0x0c, 0xa0, 0x00, 0x00, 0x00,
    0x3f, 0x40, 0x00, 0x3f, 0x40, 0x0c, 0xa0, 0x00, 0x00, 0x00, 0x3f, 0x40, 0x00, 0x3f, 0x40, 0x0c,
    0xa0, 0x00, 0x00, 0x00, 0x3f, 0x40, 0x00, 0x3f, 0x40, 0x0c, 0xff, 0xff, 0xff, 0xff, 0xff, 0x40,
    0x00, 0x3f, 0x40, 0x0c, 0xc5, 0x55, 0x55, 0x55, 0x7f, 0x40, 0x00, 0x3f, 0x40, 0x0c, 0xa0, 0x00,
    0x00, 0x00, 0x3f, 0x40, 0x00, 0x00, 0x0b, 0xf0, 0x00, 0x09, 0xf1, 0x00, 0x00, 0x00, 0x00, 0x00,
    0x0b, 0xf0, 0x00, 0x09, 0xf1, 0x00, 0x00, 0x00, 0x00, 0x00, 0x0b, 0xf0, 0x00, 0x09, 0xf1, 0x00,
    0x00, 0x00, 0x00, 0x00, 0x0b, 0xf0, 0x00, 0x09, 0xf1, 0x00, 0x00, 0x00, 0x00, 0x00, 0x0b, 0xf0,
    0x00, 0x09, 0xf1, 0x00, 0x00, 0x00, 0x00, 0x00, 0x0b, 0xf0, 0x00, 0x09, 0xf1, 0x00, 0x00, 0x00,
    0x00, 0x00, 0x0b, 0xe0, 0x00, 0x09, 0xf1, 0x00, 0x00, 0x00, 0x00, 0x00, 0x0b, 0xe0, 0x00, 0x09,
    0xf1, 0x00, 0x00, 0x00, 0x00, 0x00, 0x0c, 0xd0, 0x00, 0x09, 0xf1, 0x00, 0x00, 0x00, 0x00, 0x00,
    0x0d, 0xc0, 0x00, 0x09, 0xf1, 0x00, 0x00, 0x00, 0x00, 0x00, 0x1f, 0xa0, 0x00, 0x09, 0xf1, 0x00,
    0x00, 0x00, 0x00, 0x00, 0x5f, 0x70, 0x00, 0x09, 0xf1, 0x00, 0x01, 0xc5, 0x00, 0x00, 0xbf, 0x20,
    0x00, 0x09, 0xf1, 0x00, 0x02, 0xfa, 0x00, 0x05, 0xfa, 0x00, 0x00, 0x09, 0xf1, 0x00, 0x03, 0xf8,
    0x00, 0x3e, 0xe2, 0x00, 0x00, 0x09, 0xf1, 0x00, 0x05, 0xf6, 0x03, 0xef, 0x40, 0x00, 0x00, 0x08,
    0xf7, 0x00, 0x2b, 0xf3, 0x5f, 0xe4, 0x00, 0x00, 0x00, 0x03, 0xff, 0xff, 0xff, 0xb0, 0x2c, 0x30,
    0x00, 0x00, 0x00, 0x00, 0x27, 0x88, 0x85, 0x00, 0x00, 0x00, 0x01, 0xa9, 0x00, 0x00, 0x00, 0x00,
    0x00, 0x00, 0x00, 0x00, 0x00, 0x8f, 0x80, 0x00, 0x00, 0x00, 0x00, 0x00, 0x00, 0x00, 0x00, 0x09,
    0xf4, 0x00, 0x00, 0x00, 0x00, 0x00, 0x00, 0x00, 0x00, 0x00, 0xcd, 0x00, 0x00, 0x00, 0x00, 0x00,
    0x00, 0x00, 0x00, 0x00, 0x5f, 0x70, 0x00, 0x00, 0x00, 0x00, 0x00, 0x00, 0x00, 0x00, 0x7f, 0xe1,
    0x00, 0x00, 0x00, 0x00, 0x00, 0x00, 0x00, 0x00, 0xbe, 0xf7, 0x00, 0x00, 0x00, 0x00, 0x00, 0x00,
    0x00, 0x01, 0xf9, 0xbd, 0x00, 0x00, 0x00, 0x00, 0x00, 0x00, 0x00, 0x07, 0xf3, 0x4f, 0x60, 0x00,
    0x00, 0x00, 0x00, 0x00, 0x00, 0x0d, 0xd0, 0x0c, 0xd0, 0x00, 0x00, 0x00, 0x00, 0x00, 0x00, 0x5f,
    0x70, 0x05, 0xf6, 0x00, 0x00, 0x00, 0x00, 0x00, 0x01, 0xdd, 0x00, 0x00, 0xcd, 0x10, 0x00, 0x00,
    0x00, 0x00, 0x08, 0xf5, 0x00, 0x00, 0x4f, 0x80, 0x00, 0x00, 0x00, 0x00, 0x4f, 0xb0, 0x00, 0x00,
    0x0a, 0xf4, 0x00, 0x00, 0x00, 0x02, 0xed, 0x20, 0x00, 0x00, 0x01, 0xed, 0x20, 0x00, 0x00, 0x2d,
    0xf3, 0x00, 0x00, 0x00, 0x00, 0x5f, 0xc1, 0x00, 0x02, 0xdf, 0x50, 0x00, 0x00, 0x00, 0x00, 0x07,
    0xfd, 0x30, 0x5e, 0xe4, 0x00, 0x00, 0x00, 0x00, 0x00, 0x00, 0x8f, 0xf6, 0x2c, 0x30, 0x00, 0x00,
    0x00, 0x00, 0x00, 0x00, 0x06, 0xb1, 0x00, 0x00, 0x00, 0x8a, 0x10, 0x06, 0xc1, 0x00, 0x00, 0x00,
    0x00, 0x00, 0x01, 0xec, 0x00, 0x04, 0xf7, 0x00, 0x00, 0x00, 0x00, 0x00, 0x08, 0xf5, 0x00, 0x00,
    0xce, 0x20, 0x00, 0x00, 0x00, 0x00, 0x3f, 0xc0, 0x00, 0x00, 0x3f, 0xb0, 0x00, 0x00, 0x00, 0x00,
    0xcf, 0x20, 0x00, 0x00, 0x07, 0xf9, 0x00, 0x00, 0x00, 0x09, 0xf7, 0x00, 0x00, 0x00, 0x00, 0x9f,
    0xa0, 0x00, 0x00, 0x7f, 0xb0, 0x00, 0x00, 0x00, 0x00, 0x09, 0xfb, 0x20, 0x07, 0xfd, 0x10, 0x00,
    0xb8, 0x00, 0x00, 0x00, 0x7f, 0xe5, 0x7f, 0xd2, 0x00, 0x05, 0xfa, 0x00, 0x00, 0x00, 0x04, 0xc2,
    0x2b, 0x20, 0x00, 0x1d, 0xe1, 0x00, 0x00, 0x00, 0x00, 0x00, 0x00, 0x00, 0x00, 0x8f, 0x50, 0x00,
    0x00, 0x00, 0x00, 0x00, 0x00, 0x00, 0x03, 0xfa, 0x00, 0x01, 0xb5, 0x00, 0x00, 0x00, 0x00, 0x00,
    0x0c, 0xd1, 0x00, 0x00, 0xbf, 0x30, 0x00, 0x00, 0x00, 0x00, 0x9e, 0x30, 0x00, 0x00, 0x1c, 0xd2,
    0x00, 0x00, 0x00, 0x07, 0xf6, 0x11, 0x22, 0x34, 0x47, 0xfc, 0x00, 0x00, 0x00, 0xaf, 0xff, 0xff,
    0xff, 0xff, 0xff, 0xff, 0x80, 0x00, 0x00, 0x8d, 0xa9, 0x87, 0x65, 0x43, 0x21, 0x1a, 0xf5, 0x00,
    0x00, 0x00, 0x00, 0x00, 0x00, 0x00, 0x00, 0x02, 0xb3, 0x00, 0x00, 0x00, 0x08, 0xf0, 0x00, 0x00,
    0x1f, 0x80, 0x00, 0x00, 0x00, 0x00, 0x08, 0xf0, 0x00, 0x00, 0x1f, 0x80, 0x00, 0x00, 0x00, 0x00,
    0x08, 0xf0, 0x00, 0x00, 0x1f, 0x80, 0x00, 0x00, 0x0c, 0xff, 0xff, 0xff, 0xff, 0xff, 0xff, 0xff,
    0xff, 0xc0, 0x06, 0x77, 0x7c, 0xf8, 0x77, 0x77, 0x8f, 0xc7, 0x77, 0x60, 0x00, 0x00, 0x08, 0xf0,
    0x00, 0x00, 0x1f, 0x80, 0x00, 0x00, 0x00, 0x00, 0x08, 0xf0, 0x00, 0x00, 0x1f, 0x80, 0x00, 0x00,
    0x00, 0x00, 0x08, 0xf0, 0x00, 0x00, 0x1f, 0x80, 0x00, 0x00, 0x00, 0x00, 0x08, 0xf0, 0x00, 0x00,
    0x1f, 0x80, 0x00, 0x00, 0x00, 0x00, 0x08, 0xf0, 0x00, 0x00, 0x1f, 0x80, 0x00, 0x00, 0x9f, 0xff,
    0xff, 0xff, 0xff, 0xff, 0xff, 0xff, 0xff, 0xf9, 0x47, 0x77, 0x77, 0x77, 0x77, 0x77, 0x77, 0x77,
    0x77, 0x74, 0x00, 0x00, 0x01, 0xa6, 0x00, 0x00, 0xa7, 0x00, 0x00, 0x00, 0x00, 0x00, 0x3d, 0xfc,
    0x00, 0x01, 0xdf, 0xc2, 0x00, 0x00, 0x00, 0x06, 0xef, 0x80, 0x00, 0x00, 0x19, 0xff, 0x70, 0x00,
    0x03, 0xcf, 0xe4, 0x00, 0x00, 0x00, 0x00, 0x4e, 0xfb, 0x10, 0x5f, 0xfa, 0x10, 0x00, 0x00, 0x00,
    0x00, 0x02, 0xcf, 0xd0, 0x1c, 0x40, 0x00, 0x00, 0x00, 0x00, 0x00, 0x00, 0x09, 0x60, 0x00, 0x00,
    0x97, 0x00, 0x00, 0x00, 0x04, 0xb3, 0x00, 0x00, 0x00, 0x00, 0xbf, 0x80, 0x00, 0x00, 0x1d, 0xf3,
    0x00, 0x00, 0x00, 0x00, 0x0b, 0xf8, 0x00, 0x00, 0x9f, 0x60, 0x00, 0x00, 0x00, 0x00, 0x01, 0xb5,
    0x00, 0x04, 0xf9, 0x00, 0x00, 0x00, 0x01, 0xff, 0xff, 0xff, 0xff, 0xff, 0xff, 0xff, 0xff, 0x20,
    0x00, 0x77, 0x77, 0x77, 0x7e, 0xd7, 0x77, 0x77, 0x77, 0x10, 0x00, 0x00, 0x00, 0x00, 0x0e, 0xb0,
    0x00, 0x00, 0x00, 0x00, 0x00, 0x00, 0x00, 0x00, 0x0e, 0xb0, 0x00, 0x00, 0x00, 0x00, 0x00, 0x00,
    0x00, 0x00, 0x0e, 0xb0, 0x00, 0x00, 0x00, 0x00, 0x3f, 0xff, 0xff, 0xff, 0xff, 0xff, 0xff, 0xff,
    0xff, 0xf4, 0x17, 0x77, 0x77, 0x77, 0xaf, 0xf8, 0x77, 0x77, 0x77, 0x72, 0x00, 0x00, 0x00, 0x00,
    0xae, 0xea, 0x00, 0x00, 0x00, 0x00, 0x00, 0x00, 0x00, 0x05, 0xf8, 0x5f, 0x60, 0x00, 0x00, 0x00,
    0x00, 0x00, 0x00, 0x4f, 0xc0, 0x0a, 0xf6, 0x00, 0x00, 0x00, 0x00, 0x00, 0x08, 0xfc, 0x10, 0x00,
    0xaf, 0x91, 0x00, 0x00, 0x00, 0x05, 0xdf, 0x90, 0x00, 0x00, 0x08, 0xfe, 0x71, 0x00, 0x28, 0xef,
    0xb3, 0x00, 0x00, 0x00, 0x00, 0x3c, 0xff, 0xb3, 0x1c, 0xa3, 0x00, 0x00, 0x00, 0x00, 0x00, 0x00,
    0x4b, 0xa0, 0x00, 0xaf, 0xff, 0xff, 0xa0, 0x0d, 0xff, 0xff, 0xf8, 0x00, 0x00, 0xad, 0x66, 0x6e,
    0xa0, 0x0d, 0xb6, 0x66, 0xe8, 0x00, 0x00, 0xac, 0x00, 0x0d, 0xa0, 0x0d, 0x90, 0x00, 0xe8, 0x00,
    0x00, 0xac, 0x00, 0x0d, 0xa0, 0x0d, 0x90, 0x00, 0xe8, 0x00, 0x00, 0xac, 0x00, 0x0d, 0xa0, 0x0d,
    0x90, 0x00, 0xe8, 0x00, 0x00, 0xac, 0x00, 0x0d, 0xa0, 0x0d, 0x90, 0x00, 0xe8, 0x00, 0x9f, 0xff,
    0xff, 0xff, 0xff, 0xff, 0xff, 0xff, 0xff, 0xfa, 0x47, 0xcd, 0x77, 0x7e, 0xc7, 0x7e, 0xc7, 0x77,
    0xeb, 0x74, 0x00, 0xac, 0x00, 0x0d, 0xa0, 0x0e, 0x90, 0x00, 0xe8, 0x00, 0x00, 0xbb, 0x00, 0x0d,
    0xa0, 0x0e, 0x80, 0x00, 0xe8, 0x00, 0x00, 0xca, 0x00, 0x0d, 0xa0, 0x1f, 0x70, 0x00, 0xe8, 0x00,
    0x01, 0xf8, 0x00, 0x0d, 0xa0, 0x4f, 0x40, 0x00, 0xe8, 0x00, 0x05, 0xf5, 0x00, 0x0d, 0xa0, 0x8f,
    0x10, 0x00, 0xe8, 0x00, 0x0b, 0xe0, 0x00, 0x0d, 0xa1, 0xea, 0x00, 0x00, 0xe8, 0x00, 0x5f, 0x80,
    0x11, 0x1e, 0x98, 0xf4, 0x06, 0x56, 0xf8, 0x00, 0x2b, 0x10, 0x7f, 0xff, 0x63, 0x90, 0x0d, 0xff,
    0xd2, 0x00, 0x00, 0x00, 0x25, 0x63, 0x00, 0x00, 0x00, 0x01, 0x00, 0x00, 0x00, 0x00, 0x00, 0x00,
    0x4c, 0x20, 0x5c, 0x10, 0x00, 0x00, 0x2b, 0x20, 0x00, 0x00, 0xad, 0x00, 0x3f, 0xb0, 0x00, 0x00,
    0x3f, 0xd1, 0x00, 0x02, 0xf5, 0x00, 0x07, 0x91, 0x00, 0x00, 0x06, 0xfb, 0x00, 0x09, 0xff, 0xff,
    0xff, 0xff, 0xff, 0xf5, 0x00, 0x9f, 0x90, 0x3f, 0xc5, 0x55, 0x5e, 0xb5, 0x55, 0x52, 0x00, 0x0b,
    0x40, 0xbf, 0xa0, 0x00, 0x0e, 0x90, 0x00, 0x00, 0x00, 0x00, 0x06, 0xfe, 0xa0, 0x00, 0x0e, 0x90,
    0x00, 0x00, 0x00, 0x00, 0x3f, 0x7d, 0xff, 0xff, 0xff, 0xff, 0xff, 0xc0, 0x00, 0x00, 0x2a, 0x0d,
    0xc5, 0x55, 0x5e, 0xb5, 0x55, 0x40, 0x00, 0x0b, 0x70, 0x0d, 0xa0, 0x00, 0x0e, 0x90, 0x00, 0x00,
    0x00, 0x2f, 0x80, 0x0d, 0xa0, 0x00, 0x0e, 0x90, 0x00, 0x00, 0x00, 0x8f, 0x30, 0x0d, 0xff, 0xff,
    0xff, 0xff, 0xff, 0xd0, 0x00, 0xdc, 0x00, 0x0d, 0xc5, 0x55, 0x5e, 0xb5, 0x55, 0x50, 0x04, 0xf6,
    0x00, 0x0d, 0xa0, 0x00, 0x0e, 0x90, 0x00, 0x00, 0x0b, 0xf1, 0x00, 0x0d, 0xa0, 0x00, 0x0e, 0x90,
    0x00, 0x00, 0x2f, 0xa0, 0x00, 0x0d, 0xa0, 0x00, 0x0e, 0x90, 0x00, 0x00, 0x2b, 0x50, 0x00, 0x0d,
    0xff, 0xff, 0xff, 0xff, 0xff, 0xf9, 0x00, 0x00, 0x00, 0x0d, 0xb5, 0x55, 0x55, 0x55, 0x55, 0x53,
    0x00, 0xaf, 0x00, 0x00, 0x0d, 0xc0, 0x00, 0x01, 0xf9, 0x00, 0x00, 0xaf, 0x00, 0x00, 0x0d, 0xc0,
    0x00, 0x01, 0xf9, 0x00, 0x00, 0xaf, 0x00, 0x00, 0x0d, 0xc0, 0x00, 0x01, 0xf9, 0x00, 0x00, 0xaf,
    0x00, 0x00, 0x0d, 0xc0, 0x00, 0x01, 0xf9, 0x00, 0x00, 0xaf, 0x00, 0x00, 0x0d, 0xc0, 0x00, 0x01,
    0xf9, 0x00, 0x00, 0xaf, 0x00, 0x00, 0x0d, 0xc0, 0x00, 0x01, 0xf9, 0x00, 0x00, 0xaf, 0xff, 0xff,
    0xff, 0xff, 0xff, 0xff, 0xf9, 0x00, 0x00, 0x57, 0x77, 0x77, 0x7e, 0xd7, 0x77, 0x78, 0xf9, 0x00,
    0x00, 0x00, 0x00, 0x00, 0x0d, 0xc0, 0x00, 0x00, 0x00, 0x00, 0x00, 0x00, 0x00, 0x00, 0x0d, 0xc0,
    0x00, 0x00, 0x00, 0x00, 0x02, 0xf8, 0x00, 0x00, 0x0d, 0xc0, 0x00, 0x00, 0x7f, 0x30, 0x02, 0xf8,
    0x00, 0x00, 0x0d, 0xc0, 0x00, 0x00, 0x7f, 0x30, 0x02, 0xf8, 0x00, 0x00, 0x0d, 0xc0, 0x00, 0x00,
    0x7f, 0x30, 0x02, 0xf8, 0x00, 0x00, 0x0d, 0xc0, 0x00, 0x00, 0x7f, 0x30, 0x02, 0xf8, 0x00, 0x00,
    0x0d, 0xc0, 0x00, 0x00, 0x7f, 0x30, 0x02, 0xff, 0xff, 0xff, 0xff, 0xff, 0xff, 0xff, 0xff, 0x30,
    0x01, 0x77, 0x77, 0x77, 0x77, 0x77, 0x77, 0x77, 0xbf, 0x30, 0x00, 0x00, 0x00, 0x00, 0x0d, 0xd0,
    0x00, 0x00, 0x00, 0x00, 0x00, 0x00, 0x00, 0x00, 0x0d, 0xd0, 0x00, 0x00, 0x00, 0x00, 0x00, 0x00,
    0x00, 0x00, 0x0d, 0xd0, 0x00, 0x00, 0x00, 0x00, 0x02, 0xff, 0xff, 0xff, 0xff, 0xff, 0xff, 0xff,
    0xff, 0x30, 0x01, 0x77, 0x77, 0x77, 0x7e, 0xe7, 0x77, 0x77, 0x77, 0x20, 0x00, 0x00, 0x00, 0x00,
    0x0d, 0xd0, 0x00, 0x00, 0x00, 0x00, 0x00, 0x00, 0x00, 0x00, 0x0d, 0xd0, 0x00, 0x00, 0x00, 0x00,
    0x00, 0x00, 0x00, 0x00, 0x0d, 0xd0, 0x00, 0x00, 0x00, 0x00, 0x8f, 0xff, 0xff, 0xff, 0xff, 0xff,
    0xff, 0xff, 0xff, 0xf8, 0x47, 0x77, 0x77, 0x77, 0x7e, 0xe7, 0x77, 0x77, 0x77, 0x74, 0x00, 0x00,
    0x00, 0x00, 0x0d, 0xd0, 0x00, 0x00, 0x00, 0x00, 0x00, 0xaf, 0x00, 0x00, 0x0d, 0xd0, 0x00, 0x00,
    0xec, 0x00, 0x00, 0xaf, 0x00, 0x00, 0x0d, 0xd0, 0x00, 0x00, 0xec, 0x00, 0x00, 0xaf, 0x00, 0x00,
    0x0d, 0xd0, 0x00, 0x00, 0xec, 0x00, 0x00, 0xaf, 0x00, 0x00, 0x0d, 0xd0, 0x00, 0x00, 0xec, 0x00,
    0x00, 0xaf, 0x00, 0x00, 0x0d, 0xd0, 0x00, 0x00, 0xec, 0x00, 0x00, 0xaf, 0xff, 0xff, 0xff, 0xff,
    0xff, 0xff, 0xfc, 0x00, 0x00, 0x57, 0x77, 0x77, 0x77, 0x77, 0x77, 0x77, 0xec, 0x00, 0x00, 0x00,
    0x00, 0x4b, 0x20, 0x0a, 0x80, 0x00, 0x00, 0x00, 0x00, 0x00, 0x01, 0xdd, 0x10, 0x09, 0xf2, 0x00,
    0x00, 0x00, 0x00, 0x00, 0x09, 0xf5, 0x00, 0x02, 0xfa, 0x00, 0x00, 0x00, 0x00, 0x00, 0x5f, 0x90,
    0x00, 0x00, 0x7f, 0x70, 0x00, 0x00, 0x00, 0x03, 0xec, 0x10, 0x00, 0x00, 0x0b, 0xf4, 0x00, 0x00,
    0x00, 0x3e, 0xe2, 0x00, 0x00, 0x00, 0x01, 0xcf, 0x60, 0x00, 0x03, 0xee, 0x30, 0x00, 0x00, 0x00,
    0x00, 0x1c, 0xf9, 0x10, 0x5f, 0xd3, 0x00, 0x00, 0x00, 0x00, 0x00, 0x01, 0xaf, 0xe6, 0x4b, 0x10,
    0x00, 0x00, 0x00, 0x00, 0x00, 0x00, 0x04, 0xc2, 0x00, 0x3f, 0xff, 0xff, 0xff, 0xff, 0xff, 0xfc,
    0x00, 0x00, 0x00, 0x17, 0x77, 0xbf, 0x87, 0x77, 0x77, 0xeb, 0x00, 0x00, 0x00, 0x00, 0x00, 0x9f,
    0x00, 0x00, 0x00, 0xda, 0x00, 0x00, 0x00, 0x00, 0x00, 0xdc, 0x00, 0x00, 0x00, 0xe9, 0x00, 0x00,
    0x00, 0x00, 0x05, 0xf7, 0x00, 0x00, 0x00, 0xf8, 0x00, 0x00, 0x00, 0x00, 0x2d, 0xd1, 0x00, 0x00,
    0x02, 0xf7, 0x00, 0x00, 0x00, 0x04, 0xee, 0x30, 0x45, 0x21, 0x1a, 0xf2, 0x00, 0x00, 0x05, 0xbf,
    0xc2, 0x00, 0x6f, 0xff, 0xfd, 0x50, 0x00, 0x00, 0x0a, 0xb5, 0x00, 0x00, 0x02, 0x43, 0x10, 0x00,
    0x00, 0x00, 0x00, 0x2f, 0x60, 0x00, 0x00, 0x00, 0x00, 0x00, 0x00, 0x00, 0x00, 0x2f, 0x60, 0x0a,
    0xff, 0xff, 0xff, 0xff, 0xff, 0xa0, 0x00, 0x2f, 0x60, 0x04, 0x77, 0x8f, 0xa7, 0x77, 0x7f, 0xa0,
    0x00, 0x2f, 0x60, 0x00, 0x00, 0x3f, 0x60, 0x00, 0x0f, 0x90, 0x00, 0x2f, 0x60, 0x02, 0x10, 0x3f,
    0x50, 0x00, 0x0f, 0x90, 0x36, 0x9f, 0xdd, 0xff, 0x70, 0x4f, 0x40, 0x00, 0x1f, 0x80, 0x9f, 0xff,
    0xd9, 0x86, 0x20, 0x5f, 0x30, 0x00, 0x1f, 0x70, 0x22, 0x2f, 0x60, 0x00, 0x00, 0x5f, 0x30, 0x00,
    0x2f, 0x70, 0x00, 0x2f, 0x60, 0x00, 0x00, 0x6f, 0x20, 0x00, 0x2f, 0x60, 0x00, 0x2f, 0x60, 0x00,
    0x00, 0x8f, 0x00, 0x00, 0x3f, 0x60, 0x00, 0x2f, 0x60, 0x04, 0x60, 0xad, 0x00, 0x00, 0x3f, 0x50,
    0x00, 0x2f, 0x60, 0x7f, 0x80, 0xea, 0x00, 0x00, 0x4f, 0x50, 0x00, 0x2f, 0x69, 0xf9, 0x14, 0xf5,
    0x00, 0x00, 0x5f, 0x40, 0x00, 0x3f, 0xee, 0x60, 0x0c, 0xe0, 0x00, 0x00, 0x6f, 0x30, 0x00, 0x9f,
    0xd2, 0x00, 0x7f, 0x60, 0x00, 0x00, 0x8f, 0x20, 0x00, 0x3b, 0x10, 0x06, 0xfa, 0x00, 0x00, 0x02,
    0xdf, 0x10, 0x00, 0x00, 0x00, 0x8f, 0xb1, 0x06, 0xde, 0xff, 0xfb, 0x00, 0x00, 0x00, 0x00, 0x99,
    0x00, 0x04, 0xed, 0xff, 0xc2, 0x00, 0x00, 0x00, 0x00, 0x00, 0x00, 0x00, 0x00, 0x01, 0x00, 0x00,
    0x00, 0x00, 0x00, 0x00, 0x00, 0x00, 0x00, 0x00, 0x0b, 0xd0, 0x4f, 0xff, 0xff, 0xff, 0xff, 0xfe,
    0x00, 0x00, 0x0b, 0xd0, 0x27, 0x77, 0xdf, 0x77, 0x77, 0x76, 0x0f, 0x90, 0x0b, 0xd0, 0x00, 0x05,
    0xf7, 0x00, 0x00, 0x00, 0x0f, 0x90, 0x0b, 0xd0, 0x00, 0x1e, 0xb0, 0x02, 0xc4, 0x00, 0x0f, 0x90,
    0x0b, 0xd0, 0x01, 0xce, 0x10, 0x00, 0x8d, 0x10, 0x0f, 0x90, 0x0b, 0xd0, 0x0d, 0xfc, 0xab, 0xcd,
    0xff, 0xa0, 0x0f, 0x90, 0x0b, 0xd0, 0x08, 0xed, 0xba, 0x98, 0x67, 0xf5, 0x0f, 0x90, 0x0b, 0xd0,
    0x00, 0x00, 0x00, 0x00, 0x00, 0xb5, 0x0f, 0x90, 0x0b, 0xd0, 0x00, 0x00, 0x00, 0x00, 0x00, 0x00,
    0x0f, 0x90, 0x0b, 0xd0, 0x00, 0x00, 0x08, 0xf0, 0x00, 0x00, 0x0f, 0x90, 0x0b, 0xd0, 0x2f, 0xff,
    0xff, 0xff, 0xff, 0xf8, 0x0f, 0x90, 0x0b, 0xd0, 0x17, 0x77, 0x7b, 0xf7, 0x77, 0x73, 0x0f, 0x90,
    0x0b, 0xd0, 0x00, 0x00, 0x08, 0xf0, 0x00, 0x00, 0x0f, 0x90, 0x0b, 0xd0, 0x00, 0x00, 0x08, 0xf0,
    0x00, 0x00, 0x00, 0x00, 0x0b, 0xd0, 0x00, 0x00, 0x19, 0xf7, 0x9b, 0xdb, 0x00, 0x00, 0x0b, 0xd0,
    0x6c, 0xdf, 0xff, 0xff, 0xfd, 0xb7, 0x00, 0x00, 0x2e, 0xd0, 0x6e, 0xca, 0x86, 0x42, 0x00, 0x00,
    0x08, 0xff, 0xff, 0x90, 0x00, 0x00, 0x00, 0x00, 0x00, 0x00, 0x05, 0xba, 0x97, 0x00, 0x00, 0x00,
    0x06, 0xb1, 0x00, 0x00, 0x09, 0x80, 0x00, 0x00, 0x00, 0x00, 0x05, 0xfa, 0x00, 0x00, 0x4f, 0xa0,
    0x00, 0x00, 0x00, 0x00, 0x00, 0x9d, 0x20, 0x00, 0xcc, 0x00, 0x00, 0x00, 0x8f, 0xff, 0xff, 0xff,
    0xff, 0xff, 0xff, 0xff, 0xff, 0xf9, 0x36, 0x66, 0x66, 0x66, 0x66, 0x66, 0x66, 0x66, 0x66, 0x63,
    0x00, 0x00, 0x00, 0x00, 0x00, 0x00, 0x00, 0x00, 0x00, 0x00, 0x04, 0xff, 0xff, 0xff, 0xff, 0x50,
    0x5f, 0x20, 0x5f, 0x30, 0x04, 0xf7, 0x55, 0x55, 0x7f, 0x50, 0x5f, 0x20, 0x5f, 0x30, 0x04, 0xf4,
    0x00, 0x00, 0x3f, 0x50, 0x5f, 0x20, 0x5f, 0x30, 0x04, 0xff, 0xff, 0xff, 0xff, 0x50, 0x5f, 0x20,
    0x5f, 0x30, 0x04, 0xf7, 0x55, 0x55, 0x6f, 0x50, 0x5f, 0x20, 0x5f, 0x30, 0x04, 0xf4, 0x00, 0x00,
    0x3f, 0x50, 0x5f, 0x20, 0x5f, 0x30, 0x04, 0xff, 0xff, 0xff, 0xff, 0x50, 0x5f, 0x20, 0x5f, 0x30,
    0x04, 0xf7, 0x55, 0x55, 0x6f, 0x50, 0x5f, 0x20, 0x5f, 0x30, 0x04, 0xf4, 0x00, 0x00, 0x3f, 0x50,
    0x00, 0x00, 0x5f, 0x30, 0x04, 0xf4, 0x00, 0x00, 0x5f, 0x50, 0x00, 0x00, 0x9f, 0x20, 0x04, 0xf4,
    0x02, 0xff, 0xff, 0x20, 0x0d, 0xff, 0xfd, 0x00, 0x04, 0xf4, 0x00, 0x66, 0x62, 0x00, 0x05, 0x88,
    0x61, 0x00, 0x00, 0x00, 0x00, 0x00, 0x00, 0x1f, 0x70, 0x00, 0x00, 0x00, 0x00, 0x00, 0x00, 0x00,
    0x00, 0x1f, 0x70, 0x00, 0x00, 0x00, 0x7f, 0xff, 0xff, 0xff, 0x50, 0x2f, 0x70, 0x00, 0x00, 0x00,
    0x48, 0x8c, 0xf9, 0x88, 0x30, 0x2f, 0x60, 0x00, 0x00, 0x00, 0x00, 0x08, 0xf1, 0x03, 0xff, 0xff,
    0xff, 0xff, 0xff, 0xa0, 0x00, 0x08, 0xf1, 0x01, 0x88, 0x9f, 0xa8, 0x88, 0x8f, 0x90, 0x00, 0x08,
    0xf1, 0x00, 0x00, 0x3f, 0x50, 0x00, 0x0f, 0x90, 0x00, 0x08, 0xf1, 0x00, 0x00, 0x4f, 0x50, 0x00,
    0x0f, 0x80, 0x00, 0x08, 0xf1, 0x00, 0x00, 0x6f, 0x30, 0x00, 0x1f, 0x80, 0x00, 0x08, 0xf1, 0x00,
    0x00, 0x8f, 0x10, 0x00, 0x1f, 0x70, 0x00, 0x08, 0xf1, 0x00, 0x00, 0xbd, 0x00, 0x00, 0x2f, 0x70,
    0x00, 0x08, 0xf3, 0x6b, 0x51, 0xf9, 0x00, 0x00, 0x2f, 0x60, 0x00, 0x4b, 0xff, 0xfd, 0x48, 0xf3,
    0x00, 0x00, 0x3f, 0x60, 0x8e, 0xff, 0xc7, 0x20, 0x3f, 0xb0, 0x00, 0x00, 0x4f, 0x50, 0x6b, 0x61,
    0x00, 0x01, 0xde, 0x20, 0x00, 0x00, 0x5f, 0x40, 0x00, 0x00, 0x00, 0x2c, 0xf4, 0x00, 0x00, 0x01,
    0xbf, 0x30, 0x00, 0x00, 0x06, 0xee, 0x40, 0x06, 0xde, 0xff, 0xfd, 0x00, 0x00, 0x00, 0x07, 0xb2,
    0x00, 0x05, 0xed, 0xef, 0xd4, 0x00, 0x00, 0x00, 0x00, 0x00, 0x00, 0x00, 0x00, 0x01, 0x00, 0x00,
    0x00, 0x08, 0xf0, 0x00, 0x00, 0x00, 0x00, 0x00, 0x00, 0x00, 0x00, 0x08, 0xf0, 0x00, 0x00, 0x00,
    0x00, 0x00, 0x00, 0x00, 0x00, 0x08, 0xf0, 0x00, 0x00, 0x08, 0xff, 0xff, 0xff, 0xd0, 0x4f, 0xff,
    0xff, 0xff, 0xf8, 0x08, 0xf7, 0x77, 0x7c, 0xd0, 0x27, 0x7c, 0xf7, 0x78, 0xf8, 0x08, 0xf0, 0x00,
    0x0a, 0xd0, 0x00, 0x09, 0xe0, 0x01, 0xf7, 0x08, 0xf0, 0x00, 0x0a, 0xd0, 0x00, 0x09, 0xe0, 0x01,
    0xf7, 0x08, 0xf0, 0x00, 0x0a, 0xd0, 0x00, 0x0a, 0xd0, 0x01, 0xf7, 0x08, 0xf0, 0x00, 0x0a, 0xd0,
    0x00, 0x0b, 0xc0, 0x01, 0xf7, 0x08, 0xf0, 0x00, 0x0a, 0xd0, 0x00, 0x0c, 0xb0, 0x02, 0xf6, 0x08,
    0xf0, 0x00, 0x0a, 0xd0, 0x00, 0x0e, 0x90, 0x02, 0xf6, 0x08, 0xf0, 0x00, 0x0a, 0xd0, 0x00, 0x3f,
    0x50, 0x02, 0xf6, 0x08, 0xf0, 0x00, 0x0a, 0xd0, 0x00, 0x7f, 0x20, 0x03, 0xf5, 0x08, 0xf0, 0x00,
    0x0a, 0xd0, 0x00, 0xcd, 0x00, 0x03, 0xf5, 0x08, 0xf0, 0x00, 0x0a, 0xd0, 0x04, 0xf6, 0x00, 0x04,
    0xf4, 0x08, 0xf0, 0x00, 0x0a, 0xd0, 0x0c, 0xe1, 0x00, 0x05, 0xf3, 0x08, 0xff, 0xff, 0xff, 0xd0,
    0x9f, 0x50, 0x00, 0x1b, 0xf1, 0x08, 0xf6, 0x66, 0x6c, 0xd0, 0x59, 0x00, 0xdf, 0xff, 0xa0, 0x08,
    0xf0, 0x00, 0x0a, 0xd0, 0x00, 0x00, 0x68, 0x97, 0x00, 0x00, 0x00, 0x00, 0x00, 0x00, 0x00, 0x00,
    0x06, 0xb2, 0x00, 0x00, 0x00, 0x00, 0x00, 0x00, 0x00, 0x00, 0x1e, 0xc0, 0x00, 0x00, 0x00, 0x00,
    0x00, 0x00, 0x00, 0x00, 0xbf, 0xff, 0xff, 0xff, 0xff, 0xff, 0xf1, 0x00, 0x00, 0x0a, 0xff, 0xc5,
    0x44, 0x44, 0x44, 0xaf, 0xc0, 0x00, 0x00, 0xaf, 0x75, 0xea, 0x10, 0x00, 0x2b, 0xf8, 0x00, 0x00,
    0x1c, 0xf7, 0x00, 0x3b, 0xe8, 0x4b, 0xfb, 0x30, 0x00, 0x00, 0x1b, 0x50, 0x00, 0x03, 0xcf, 0xff,
    0xa2, 0x00, 0x00, 0x00, 0x00, 0x00, 0x27, 0xcf, 0xb5, 0x28, 0xef, 0xd9, 0x64, 0x21, 0x36, 0x9d,
    0xfd, 0x82, 0x00, 0x00, 0x15, 0xae, 0xff, 0xf9, 0x7d, 0xa6, 0x20, 0x06, 0xf3, 0x00, 0x00, 0x00,
    0x36, 0x81, 0x02, 0xff, 0xff, 0xff, 0xff, 0xff, 0xff, 0xff, 0xe0, 0x00, 0x01, 0x66, 0x66, 0x6e,
    0xd6, 0x66, 0x66, 0x6c, 0xd0, 0x00, 0x00, 0x00, 0x00, 0x3f, 0x70, 0x00, 0x00, 0x0b, 0xc0, 0x00,
    0x00, 0x00, 0x01, 0xce, 0x10, 0x00, 0x00, 0x0c, 0xb0, 0x00, 0x00, 0x00, 0x1b, 0xf4, 0x00, 0x00,
    0x00, 0x0e, 0x90, 0x00, 0x00, 0x05, 0xde, 0x50, 0x00, 0x00, 0x01, 0x7f, 0x60, 0x00, 0x16, 0xcf,
    0xb2, 0x00, 0x05, 0xff, 0xff, 0xfd, 0x10, 0x00, 0x1c, 0xa3, 0x00, 0x00, 0x02, 0x99, 0x9a, 0x81,
    0x00, 0x00, 0x00, 0x00, 0x00, 0x00, 0x00, 0x00, 0xcc, 0x00, 0x00, 0x00, 0x0b, 0xff, 0xff, 0xff,
    0xf2, 0x00, 0xcc, 0x00, 0x00, 0x00, 0x05, 0x77, 0x77, 0x77, 0x71, 0x00, 0xcc, 0x00, 0x00, 0x00,
    0x00, 0x00, 0x00, 0x00, 0x0b, 0xff, 0xff, 0xff, 0xff, 0xf0, 0x00, 0x00, 0x00, 0x00, 0x05, 0x77,
    0xed, 0x77, 0x7b, 0xf0, 0x00, 0x00, 0x00, 0x00, 0x00, 0x00, 0xdb, 0x00, 0x08, 0xf0, 0x8f, 0xff,
    0xff, 0xff, 0xfd, 0x00, 0xda, 0x00, 0x09, 0xf0, 0x47, 0x7a, 0xf9, 0x77, 0x76, 0x00, 0xf9, 0x00,
    0x09, 0xe0, 0x00, 0x09, 0xe1, 0x00, 0x00, 0x01, 0xf8, 0x00, 0x09, 0xe0, 0x00, 0x0e, 0x90, 0x00,
    0x00, 0x03, 0xf6, 0x00, 0x0a, 0xd0, 0x00, 0x5f, 0x30, 0x97, 0x00, 0x07, 0xf3, 0x00, 0x0b, 0xd0,
    0x00, 0xbc, 0x00, 0x8e, 0x00, 0x0b, 0xe0, 0x00, 0x0b, 0xc0, 0x02, 0xf6, 0x00, 0x1e, 0x60, 0x1f,
    0x90, 0x00, 0x0c, 0xc0, 0x0b, 0xe0, 0x26, 0xbf, 0xc0, 0x9f, 0x30, 0x00, 0x0d, 0xb0, 0x7f, 0xdd,
    0xfd, 0x97, 0xf5, 0xfb, 0x00, 0x00, 0x0e, 0xa0, 0x2d, 0x95, 0x20, 0x00, 0xdf, 0xf2, 0x00, 0x00,
    0x5f, 0x80, 0x00, 0x00, 0x00, 0x00, 0xbf, 0x60, 0x0b, 0xff, 0xff, 0x20, 0x00, 0x00, 0x00, 0x00,
    0x78, 0x00, 0x05, 0x89, 0x83, 0x00, 0x00, 0x00, 0x00, 0x00, 0x00, 0x00, 0xdb, 0x00, 0x00, 0x00,
    0x01, 0xff, 0xff, 0xff, 0xc0, 0x00, 0xdb, 0x00, 0x00, 0x00, 0x01, 0xf9, 0x55, 0x5b, 0xc0, 0x00,
    0xda, 0x00, 0x00, 0x00, 0x01, 0xf6, 0x00, 0x0a, 0xc0, 0x00, 0xda, 0x00, 0x00, 0x00, 0x01, 0xf6,
    0x00, 0x0a, 0xc2, 0xff, 0xff, 0xff, 0xff, 0xa0, 0x01, 0xff, 0xff, 0xff, 0xc1, 0x66, 0xec, 0x66,
    0x6e, 0x90, 0x01, 0xf9, 0x44, 0x4b, 0xc0, 0x00, 0xe9, 0x00, 0x0e, 0x90, 0x01, 0xf6, 0x00, 0x0a,
    0xc0, 0x00, 0xf9, 0x00, 0x0f, 0x80, 0x01, 0xf6, 0x00, 0x0a, 0xc0, 0x01, 0xf8, 0x00, 0x0f, 0x80,
    0x01, 0xff, 0xff, 0xff, 0xc0, 0x02, 0xf6, 0x00, 0x1f, 0x70, 0x01, 0xf9, 0x44, 0x4b, 0xc0, 0x04,
    0xf5, 0x00, 0x1f, 0x70, 0x01, 0xf6, 0x00, 0x0a, 0xc0, 0x06, 0xf2, 0x00, 0x2f, 0x60, 0x01, 0xf6,
    0x00, 0x0a, 0xc2, 0x1b, 0xd0, 0x00, 0x3f, 0x50, 0x01, 0xf7, 0x47, 0xae, 0xff, 0x4f, 0x80, 0x00,
    0x3f, 0x50, 0x6b, 0xff, 0xff, 0xda, 0x77, 0xbe, 0x10, 0x00, 0x4f, 0x40, 0x8c, 0x96, 0x31, 0x00,
    0x0c, 0xf7, 0x00, 0x01, 0xaf, 0x20, 0x00, 0x00, 0x00, 0x00, 0x9f, 0xa0, 0x4d, 0xef, 0xfb, 0x00,
    0x00, 0x00, 0x00, 0x00, 0x5a, 0x00, 0x2e, 0xb9, 0x71, 0x00, 0x02, 0xff, 0xff, 0xff, 0xff, 0xff,
    0xff, 0xff, 0xff, 0xa0, 0x02, 0xfc, 0x88, 0x88, 0x88, 0x88, 0x88, 0x88, 0x88, 0x50, 0x02, 0xf8,
    0x00, 0x00, 0x00, 0x00, 0x00, 0x3b, 0x20, 0x00, 0x02, 0xf8, 0x06, 0xa1, 0x00, 0x00, 0x01, 0xdf,
    0x30, 0x00, 0x02, 0xf8, 0x06, 0xfd, 0x30, 0x00, 0x0a, 0xf6, 0x00, 0x00, 0x02, 0xf8, 0x00, 0x5e,
    0xe5, 0x00, 0x7f, 0xa0, 0x00, 0x00, 0x02, 0xf8, 0x00, 0x03, 0xdf, 0x74, 0xfc, 0x10, 0x00, 0x00,
    0x02, 0xf8, 0x00, 0x00, 0x2c, 0xff, 0xe2, 0x00, 0x00, 0x00, 0x02, 0xf8, 0x00, 0x00, 0x03, 0xff,
    0xb1, 0x00, 0x00, 0x00, 0x02, 0xf8, 0x00, 0x00, 0x5e, 0xeb, 0xfc, 0x10, 0x00, 0x00, 0x02, 0xf8,
    0x00, 0x07, 0xfd, 0x20, 0x9f, 0xd2, 0x00, 0x00, 0x02, 0xf8, 0x01, 0xbf, 0xc1, 0x00, 0x08, 0xfe,
    0x30, 0x00, 0x02, 0xf8, 0x4e, 0xf8, 0x00, 0x00, 0x00, 0x7f, 0xe3, 0x00, 0x02, 0xf8, 0x2c, 0x40,
    0x00, 0x00, 0x00, 0x06, 0x90, 0x00, 0x02, 0xf8, 0x00, 0x00, 0x00, 0x00, 0x00, 0x00, 0x00, 0x00,
    0x02, 0xff, 0xff, 0xff, 0xff, 0xff, 0xff, 0xff, 0xff, 0xf0, 0x01, 0x77, 0x77, 0x77, 0x77, 0x77,
    0x77, 0x77, 0x77, 0x70, 0x00, 0x00, 0x3c, 0x20, 0x00, 0x00, 0x05, 0xb3, 0x00, 0x00, 0x00, 0x00,
    0x2e, 0xe3, 0x00, 0x00, 0x2e, 0xe2, 0x00, 0x00, 0x00, 0x00, 0x03, 0xeb, 0x00, 0x00, 0xbe, 0x30,
    0x00, 0x00, 0x00, 0xaf, 0xff, 0xff, 0xff, 0xff, 0xff, 0xff, 0xfa, 0x00, 0x00, 0xad, 0x66, 0x66,
    0x6d, 0xd6, 0x66, 0x66, 0xda, 0x00, 0x00, 0xac, 0x00, 0x00, 0x0c, 0xc0, 0x00, 0x00, 0xca, 0x00,
    0x00, 0xaf, 0xff, 0xff, 0xff, 0xff, 0xff, 0xff, 0xfa, 0x00, 0x00, 0xad, 0x55, 0x55, 0x5d, 0xd5,
    0x55, 0x55, 0xda, 0x00, 0x00, 0xac, 0x00, 0x00, 0x0c, 0xc0, 0x00, 0x00, 0xca, 0x00, 0x00, 0xac,
    0x00, 0x00, 0x0c, 0xc0, 0x00, 0x00, 0xca, 0x00, 0x00, 0xaf, 0xff, 0xff, 0xff, 0xff, 0xff, 0xff,
    0xfa, 0x00, 0x00, 0xad, 0x66, 0x66, 0x6d, 0xd6, 0x66, 0x66, 0xda, 0x00, 0x00, 0x00, 0x00, 0x00,
    0x0c, 0xc0, 0x00, 0x00, 0x00, 0x00, 0x9f, 0xff, 0xff, 0xff, 0xff, 0xff, 0xff, 0xff, 0xff, 0xf9,
    0x46, 0x66, 0x66, 0x66, 0x6d, 0xd6, 0x66, 0x66, 0x66, 0x64, 0x00, 0x00, 0x00, 0x00, 0x0c, 0xc0,
    0x00, 0x00, 0x00, 0x00, 0x00, 0x00, 0x00, 0x00, 0x0c, 0xc0, 0x00, 0x00, 0x00, 0x00, 0x00, 0x00,
    0x00, 0x00, 0x0c, 0xc0, 0x00, 0x00, 0x00, 0x00, 0x00, 0x00, 0x00, 0x00, 0x0b, 0xd0, 0x00, 0x00,
    0x00, 0x00, 0x00, 0x00, 0x00, 0x00, 0x0b, 0xd0, 0x00, 0x00, 0x00, 0x00, 0x7f, 0xff, 0xff, 0xff,
    0xff, 0xff, 0xff, 0xff, 0xff, 0xf7, 0x36, 0x66, 0x66, 0x66, 0x6c, 0xe6, 0x66, 0x66, 0x66, 0x63,
    0x00, 0x00, 0x00, 0x00, 0x0b, 0xd0, 0x00, 0x00, 0x00, 0x00, 0x04, 0xff, 0xff, 0xff, 0xff, 0xff,
    0xff, 0xff, 0xff, 0x50, 0x04, 0xf8, 0x66, 0x66, 0x66, 0x66, 0x66, 0x66, 0x7f, 0x50, 0x04, 0xf4,
    0x00, 0x88, 0x00, 0x00, 0x89, 0x00, 0x3f, 0x50, 0x04, 0xf4, 0x00, 0x7f, 0x60, 0x03, 0xf9, 0x00,
    0x3f, 0x50, 0x04, 0xf4, 0x00, 0x0a, 0x70, 0x0c, 0xc0, 0x00, 0x3f, 0x50, 0x04, 0xf4, 0x5f, 0xff,
    0xff, 0xff, 0xff, 0xf7, 0x3f, 0x50, 0x04, 0xf4, 0x14, 0x44, 0x4c, 0xd4, 0x44, 0x42, 0x3f, 0x50,
    0x04, 0xf4, 0x00, 0x00, 0x0b, 0xc0, 0x00, 0x00, 0x3f, 0x50, 0x04, 0xf4, 0xef, 0xff, 0xff, 0xff,
    0xff, 0xff, 0x4f, 0x50, 0x04, 0xf4, 0x44, 0x44, 0x4c, 0xd4, 0x44, 0x44, 0x3f, 0x50, 0x04, 0xf4,
    0x00, 0x00, 0x0b, 0xc0, 0x00, 0x00, 0x3f, 0x50, 0x04, 0xf4, 0x00, 0x00, 0x0b, 0xc0, 0x00, 0x00,
    0x7f, 0x50, 0x04, 0xf4, 0x00, 0x00, 0x0b, 0xc0, 0x5f, 0xff, 0xfe, 0x10, 0x04, 0xf4, 0x00, 0x00,
    0x00, 0x00, 0x29, 0x98, 0x72, 0x00, 0x00, 0x00, 0x00, 0x00, 0x9f, 0x10, 0x00, 0x00, 0x00, 0x00,
    0x00, 0x00, 0x00, 0x00, 0x9f, 0x10, 0x00, 0x00, 0x00, 0x00, 0x00, 0x00, 0x00, 0x00, 0x9f, 0xff,
    0xff, 0xff, 0xff, 0x40, 0x00, 0x00, 0x00, 0x00, 0x9f, 0x77, 0x77, 0x77, 0x77, 0x20, 0x00, 0x00,
    0x00, 0x00, 0x9f, 0x10, 0x00, 0x00, 0x00, 0x00, 0x00, 0x00, 0x00, 0x00, 0x9f, 0x10, 0x00, 0x00,
    0x00, 0x00, 0x00, 0x00, 0x00, 0x00, 0x9f, 0x10, 0x00, 0x00, 0x00, 0x00, 0x6f, 0xff, 0xff, 0xff,
    0xff, 0xff, 0xff, 0xff, 0xff, 0xf7, 0x37, 0x77, 0x77, 0x77, 0x77, 0x77, 0x77, 0x77, 0x77, 0x73,
    0x00, 0x00, 0x00, 0x00, 0x9f, 0x00, 0x00, 0x00, 0x00, 0x00, 0x00, 0x00, 0x00, 0x00, 0x9f, 0x99,
    0x10, 0x00, 0x00, 0x00, 0x00, 0x00, 0x00, 0x00, 0x9f, 0x9f, 0xe6, 0x00, 0x00, 0x00, 0x00, 0x00,
    0x00, 0x00, 0x9f, 0x03, 0xcf, 0xc2, 0x00, 0x00, 0x00, 0x00, 0x00, 0x00, 0x9f, 0x00, 0x06, 0xef,
    0x70, 0x00, 0x00, 0x00, 0x00, 0x00, 0x9f, 0x00, 0x00, 0x2b, 0xfc, 0x20, 0x00, 0x00, 0x00, 0x00,
    0x9f, 0x00, 0x00, 0x00, 0x6b, 0x00, 0x00, 0x00, 0x00, 0x00, 0x9f, 0x00, 0x00, 0x00, 0x00, 0x00,
    0x00, 0x00, 0x00, 0x00, 0x9f, 0x00, 0x00, 0x00, 0x00, 0x00, 0x02, 0xff, 0xff, 0xff, 0xff, 0xff,
    0xff, 0xff, 0xff, 0xf7, 0x02, 0xf9, 0x66, 0x66, 0x66, 0x66, 0x66, 0x66, 0x66, 0x63, 0x02, 0xf5,
    0x00, 0x00, 0x00, 0x00, 0x00, 0x00, 0x0c, 0x90, 0x02, 0xf5, 0x0f, 0xff, 0xff, 0xff, 0x60, 0xd7,
    0x0c, 0x90, 0x02, 0xf5, 0x0f, 0x96, 0x66, 0x6e, 0x60, 0xd7, 0x0c, 0x90, 0x02, 0xf5, 0x0f, 0x50,
    0xe6, 0x0e, 0x60, 0xd7, 0x0c, 0x90, 0x02, 0xf5, 0x0f, 0x50, 0xe6, 0x0e, 0x60, 0xd7, 0x0c, 0x90,
    0x02, 0xf5, 0x0f, 0x50, 0xe6, 0x0e, 0x60, 0xd7, 0x0c, 0x90, 0x02, 0xf5, 0x0f, 0x50, 0xe6, 0x0e,
    0x60, 0xd7, 0x0c, 0x90, 0x03, 0xf4, 0x0f, 0x50, 0xf5, 0x0e, 0x60, 0xd7, 0x0c, 0x90, 0x04, 0xf4,
    0x0f, 0x51, 0xf4, 0x0e, 0x60, 0xd7, 0x0c, 0x90, 0x05, 0xf2, 0x0f, 0x53, 0xf3, 0x0e, 0x60, 0xd7,
    0x0c, 0x90, 0x08, 0xf0, 0x00, 0x09, 0xfe, 0x30, 0x00, 0xd7, 0x0c, 0x90, 0x0c, 0xc0, 0x00, 0x3f,
    0x6a, 0xf5, 0x00, 0xd7, 0x0c, 0x90, 0x2f, 0x70, 0x03, 0xe9, 0x00, 0x9f, 0x70, 0x00, 0x0c, 0x90,
    0x9f, 0x20, 0x7f, 0x90, 0x00, 0x08, 0x90, 0x00, 0x2e, 0x80, 0x48, 0x02, 0xc5, 0x00, 0x00, 0x00,
    0x02, 0xff, 0xff, 0x40, 0x00, 0x00, 0x00, 0x00, 0x00, 0x00, 0x00, 0x56, 0x53, 0x00, 0x00, 0x00,
    0x00, 0x5e, 0x50, 0x00, 0x00, 0x00, 0x00, 0x00, 0x00, 0x00, 0x00, 0x8f, 0x20, 0x00, 0x00, 0x00,
    0x00, 0x00, 0x1f, 0xff, 0xff, 0xff, 0xff, 0xff, 0xff, 0xff, 0xff, 0xf6, 0x17, 0x77, 0x77, 0xfd,
    0x77, 0x77, 0x77, 0x77, 0x77, 0x73, 0x00, 0x00, 0x03, 0xf7, 0x00, 0x00, 0x00, 0x00, 0x00, 0x00,
    0x00, 0x00, 0x07, 0xf3, 0x00, 0x00, 0x00, 0x00, 0x00, 0x00, 0x00, 0x00, 0x0c, 0xff, 0xff, 0xff,
    0xff, 0xff, 0xf4, 0x00, 0x00, 0x00, 0x2f, 0xdf, 0x96, 0x66, 0x66, 0x6c, 0xf3, 0x00, 0x00, 0x00,
    0x8f, 0x4d, 0xa0, 0x00, 0x00, 0x1e, 0xb0, 0x00, 0x00, 0x01, 0xec, 0x06, 0xf4, 0x00, 0x00, 0x9f,
    0x30, 0x00, 0x00, 0x07, 0xf5, 0x00, 0xcd, 0x10, 0x06, 0xf9, 0x00, 0x00, 0x00, 0x2f, 0xc0, 0x00,
    0x2e, 0xc1, 0x6f, 0xb0, 0x00, 0x00, 0x00, 0xbf, 0x30, 0x00, 0x04, 0xee, 0xfb, 0x10, 0x00, 0x00,
    0x08, 0xf7, 0x00, 0x00, 0x06, 0xdf, 0xfa, 0x20, 0x00, 0x00, 0x7f, 0xa0, 0x00, 0x27, 0xdf, 0xc4,
    0x9f, 0xfa, 0x40, 0x00, 0x4a, 0x01, 0x8c, 0xff, 0xa4, 0x00, 0x02, 0x9e, 0xfe, 0xb4, 0x00, 0x00,
    0xbb, 0x61, 0x00, 0x00, 0x00, 0x01, 0x6b, 0xc1, 0x00, 0x00, 0x00, 0x03, 0xe6, 0x00, 0x2c, 0x60,
    0x00, 0x00, 0x00, 0x7c, 0x20, 0x06, 0xf4, 0x00, 0x07, 0xed, 0x50, 0x00, 0x01, 0xeb, 0x00, 0x09,
    0xf1, 0x00, 0x00, 0x2a, 0x80, 0x00, 0x07, 0xf3, 0x00, 0x0c, 0xd0, 0x00, 0x00, 0x00, 0x00, 0x00,
    0x0b, 0xff, 0xff, 0xff, 0xff, 0xff, 0xff, 0xff, 0xff, 0xf8, 0x05, 0x77, 0x77, 0xaf, 0x97, 0x77,
    0x77, 0x77, 0x77, 0x74, 0x00, 0x00, 0x00, 0xbd, 0x00, 0x00, 0x00, 0x00, 0x00, 0x00, 0x00, 0x00,
    0x02, 0xff, 0xff, 0xff, 0xff, 0xff, 0xf4, 0x00, 0x00, 0x00, 0x09, 0xed, 0xb5, 0x55, 0x55, 0x5b,
    0xf3, 0x00, 0x00, 0x00, 0x2f, 0x77, 0xe1, 0x00, 0x00, 0x1e, 0xb0, 0x00, 0x00, 0x00, 0xbe, 0x11,
    0xea, 0x00, 0x00, 0xbe, 0x20, 0x00, 0x00, 0x07, 0xf4, 0x00, 0x6f, 0x80, 0x09, 0xf6, 0x00, 0x00,
    0x00, 0x4f, 0x90, 0x00, 0x0a, 0xf9, 0xaf, 0x70, 0x00, 0x00, 0x04, 0xeb, 0x00, 0x00, 0x00, 0xbf,
    0xf9, 0x00, 0x00, 0x00, 0x5f, 0xc1, 0x00, 0x00, 0x05, 0xdf, 0xff, 0x81, 0x00, 0x00, 0x4b, 0x10,
    0x00, 0x27, 0xdf, 0xb3, 0x3b, 0xfe, 0x71, 0x00, 0x00, 0x01, 0x7c, 0xff, 0xa3, 0x00, 0x00, 0x5c,
    0xff, 0xb4, 0x00, 0x00, 0xbb, 0x61, 0x00, 0x00, 0x00, 0x00, 0x4a, 0xb0, 0x7f, 0xff, 0xff, 0xff,
    0xff, 0x20, 0x00, 0x00, 0x00, 0x00, 0x26, 0xfa, 0x66, 0x6c, 0xd6, 0xff, 0xff, 0xff, 0xff, 0xa0,
    0x00, 0xf8, 0x00, 0x0a, 0xc0, 0x8f, 0x65, 0x55, 0x5e, 0x90, 0x00, 0xf8, 0x00, 0x0a, 0xc0, 0x2f,
    0x40, 0x00, 0x1f, 0x60, 0x00, 0xff, 0xff, 0xff, 0xc0, 0x0f, 0x60, 0x00, 0x4f, 0x30, 0x00, 0xf9,
    0x44, 0x4c, 0xc0, 0x0d, 0x90, 0x00, 0x7e, 0x00, 0x00, 0xf8, 0x00, 0x0a, 0xc0, 0x09, 0xc0, 0x00,
    0xbb, 0x00, 0x00, 0xf8, 0x00, 0x0a, 0xc0, 0x05, 0xf2, 0x01, 0xf6, 0x00, 0x00, 0xff, 0xff, 0xff,
    0xc0, 0x01, 0xf7, 0x06, 0xf1, 0x00, 0x00, 0xf9, 0x44, 0x4c, 0xc0, 0x00, 0xad, 0x0d, 0xa0, 0x00,
    0x00, 0xf8, 0x00, 0x0a, 0xc0, 0x00, 0x3f, 0xbf, 0x30, 0x00, 0x00, 0xf8, 0x00, 0x0a, 0xc0, 0x20,
    0x0a, 0xfa, 0x00, 0x00, 0x00, 0xf8, 0x24, 0x7d, 0xee, 0xf0, 0x1d, 0xfb, 0x00, 0x00, 0x5a, 0xff,
    0xff, 0xde, 0xd5, 0x22, 0xde, 0x7f, 0x90, 0x00, 0x8c, 0x97, 0x41, 0x0a, 0xc0, 0x5e, 0xe3, 0x06,
    0xfb, 0x10, 0x00, 0x00, 0x00, 0x0a, 0xdb, 0xfc, 0x20, 0x00, 0x5f, 0xe5, 0x00, 0x00, 0x00, 0x0a,
    0xca, 0x80, 0x00, 0x00, 0x03, 0xc2, 0x00, 0x00, 0x00, 0x00, 0x00, 0x00, 0x00, 0x00, 0x00, 0x00,
    0x00, 0x01, 0x12, 0x23, 0x44, 0x56, 0x79, 0xab, 0xdc, 0x00, 0x03, 0xff, 0xff, 0xff, 0xff, 0xfe,
    0xdc, 0xba, 0x97, 0x00, 0x01, 0x66, 0x54, 0x33, 0x8c, 0x10, 0x00, 0x1c, 0x50, 0x00, 0x00, 0x09,
    0x80, 0x00, 0x4f, 0x60, 0x00, 0x8f, 0x60, 0x00, 0x00, 0x08, 0xf6, 0x00, 0x0b, 0xe1, 0x02, 0xfb,
    0x00, 0x00, 0x00, 0x00, 0xb7, 0x00, 0x02, 0x20, 0x0b, 0xd1, 0x00, 0x00, 0x0f, 0xff, 0xff, 0xff,
    0xff, 0xff, 0xff, 0xff, 0xff, 0xf0, 0x0f, 0xb6, 0x66, 0x66, 0x66, 0x66, 0x66, 0x66, 0x6b, 0xf0,
    0x0f, 0x90, 0x00, 0x00, 0x00, 0x00, 0x00, 0x00, 0x09, 0xf0, 0x00, 0x0a, 0xff, 0xff, 0xff, 0xff,
    0xff, 0xfb, 0x00, 0x00, 0x00, 0x03, 0x6f, 0xb5, 0x55, 0x55, 0x59, 0xf8, 0x00, 0x00, 0x00, 0x00,
    0x07, 0xf4, 0x00, 0x00, 0x4e, 0xb0, 0x00, 0x00, 0x00, 0x00, 0x00, 0xbe, 0x40, 0x05, 0xec, 0x10,
    0x00, 0x00, 0x00, 0x00, 0x00, 0x1b, 0xf7, 0x9f, 0x90, 0x00, 0x00, 0x00, 0x00, 0x00, 0x00, 0x02,
    0xdf, 0xfb, 0x00, 0x00, 0x00, 0x00, 0x00, 0x00, 0x26, 0xaf, 0xe9, 0xcf, 0xe9, 0x51, 0x00, 0x00,
    0x37, 0xad, 0xff, 0xb6, 0x10, 0x04, 0x9e, 0xff, 0xdb, 0x94, 0x3e, 0xb8, 0x41, 0x00, 0x00, 0x00,
    0x00, 0x37, 0xac, 0xd2, 0x00, 0x00, 0x00, 0x00, 0x00, 0x00, 0x00, 0x00, 0x7f, 0x20, 0x00, 0x00,
    0x00, 0x00, 0x00, 0x00, 0x00, 0x00, 0x7f, 0x20, 0x05, 0xff, 0xff, 0xff, 0x00, 0x6f, 0x30, 0x00,
    0x7f, 0x20, 0x05, 0xf8, 0x66, 0xbf, 0x00, 0x6f, 0x30, 0x00, 0x7f, 0x20, 0x05, 0xf3, 0x00, 0x8f,
    0x00, 0x6f, 0x30, 0x00, 0x7f, 0x20, 0x05, 0xf3, 0x00, 0x8f, 0x00, 0x6f, 0x30, 0x00, 0x7f, 0x20,
    0x05, 0xf3, 0x00, 0x8f, 0x00, 0x6f, 0x30, 0x00, 0x7f, 0x20, 0x05, 0xf3, 0x00, 0x8f, 0x00, 0x6f,
    0x30, 0x00, 0x7f, 0x20, 0x05, 0xf3, 0x00, 0x8f, 0x00, 0x6f, 0x30, 0x00, 0x7f, 0x20, 0x05, 0xf3,
    0x00, 0x8f, 0x00, 0x6f, 0x30, 0x00, 0x7f, 0x20, 0x05, 0xf3, 0x00, 0x8f, 0x00, 0x6f, 0x30, 0x01,
    0x9f, 0x20, 0x05, 0xf3, 0x00, 0x8f, 0x00, 0x6f, 0x9a, 0xdf, 0xff, 0x20, 0x05, 0xff, 0xff, 0xff,
    0x00, 0xbf, 0xff, 0xd9, 0xaf, 0x20, 0x05, 0xf8, 0x66, 0xbf, 0x00, 0x7c, 0x61, 0x00, 0x7f, 0x20,
    0x05, 0xf3, 0x00, 0x8f, 0x00, 0x00, 0x00, 0x00, 0x7f, 0x20, 0x00, 0x00, 0x00, 0x00, 0x00, 0x00,
    0x00, 0x00, 0x7f, 0x20, 0x00, 0x00, 0x00, 0x00, 0x00, 0x00, 0x00, 0x00, 0x7f, 0x20, 0x00, 0x00,
    0x00, 0x00, 0x00, 0x00, 0x00, 0x00, 0x7f, 0x20, 0x9f, 0xff, 0xff, 0xff, 0xff, 0xff, 0xff, 0xff,
    0xff, 0xfa, 0x57, 0x77, 0x77, 0x77, 0x77, 0x77, 0x77, 0x9f, 0xb7, 0x75, 0x00, 0x00, 0x00, 0x00,
    0x00, 0x00, 0x00, 0x3f, 0x60, 0x00, 0x00, 0x00, 0x00, 0x00, 0x00, 0x00, 0x00, 0x3f, 0x60, 0x00,
    0x00, 0x7f, 0xff, 0xff, 0xff, 0xf2, 0x00, 0x3f, 0x60, 0x00, 0x00, 0x7f, 0x76, 0x66, 0x69, 0xf2,
    0x00, 0x3f, 0x60, 0x00, 0x00, 0x7f, 0x10, 0x00, 0x06, 0xf2, 0x00, 0x3f, 0x60, 0x00, 0x00, 0x7f,
    0x10, 0x00, 0x06, 0xf2, 0x00, 0x3f, 0x60, 0x00, 0x00, 0x7f, 0x10, 0x00, 0x06, 0xf2, 0x00, 0x3f,
    0x60, 0x00, 0x00, 0x7f, 0x10, 0x00, 0x06, 0xf2, 0x00, 0x3f, 0x60, 0x00, 0x00, 0x7f, 0x10, 0x00,
    0x06, 0xf2, 0x00, 0x3f, 0x60, 0x00, 0x00, 0x7f, 0xff, 0xff, 0xff, 0xf2, 0x00, 0x3f, 0x60, 0x00,
    0x00, 0x7f, 0x76, 0x66, 0x66, 0x61, 0x00, 0x3f, 0x60, 0x00, 0x00, 0x7f, 0x10, 0x00, 0x00, 0x00,
    0x00, 0x3f, 0x60, 0x00, 0x00, 0x00, 0x00, 0x00, 0x00, 0x00, 0x00, 0x5f, 0x60, 0x00, 0x00, 0x00,
    0x00, 0x00, 0x00, 0xba, 0xaa, 0xef, 0x30, 0x00, 0x00, 0x00, 0x00, 0x00, 0x00, 0xcf, 0xff, 0xe7,
    0x00, 0x00, 0x00, 0x0a, 0xff, 0xff, 0xff, 0xff, 0xff, 0xff, 0x90, 0x00, 0x00, 0x0a, 0xe6, 0x66,
    0x66, 0x66, 0x66, 0x6e, 0x90, 0x00, 0x00, 0x0a, 0xe0, 0x00, 0x00, 0x00, 0x00, 0x0e, 0x90, 0x00,
    0x00, 0x0a, 0xe0, 0x00, 0x00, 0x00, 0x00, 0x0e, 0x90, 0x00, 0x00, 0x0a, 0xff, 0xff, 0xff, 0xff,
    0xff, 0xff, 0x90, 0x00, 0x00, 0x0a, 0xe6, 0x66, 0x66, 0x66, 0x66, 0x6e, 0x90, 0x00, 0x00, 0x00,
    0x00, 0x00, 0x00, 0x00, 0x00, 0x00, 0x00, 0x00, 0xaf, 0xff, 0xff, 0xff, 0xff, 0xff, 0xff, 0xff,
    0xff, 0xfa, 0x46, 0x66, 0xbf, 0x76, 0x66, 0x66, 0x66, 0x66, 0x66, 0x64, 0x00, 0x01, 0xe9, 0x00,
    0x00, 0x00, 0x00, 0x00, 0x00, 0x00, 0x00, 0x04, 0xff, 0xff, 0xff, 0xff, 0xff, 0xff, 0xe0, 0x00,
    0x00, 0x02, 0x66, 0x66, 0x66, 0x66, 0x66, 0x6d, 0xd0, 0x00, 0x00, 0x00, 0x00, 0x00, 0x00, 0x00,
    0x00, 0x0d, 0xb0, 0x00, 0x00, 0x00, 0x00, 0x00, 0x00, 0x00, 0x00, 0x1f, 0x90, 0x00, 0x00, 0x00,
    0x00, 0x00, 0x00, 0x00, 0x00, 0x8f, 0x50, 0x00, 0x00, 0x00, 0x00, 0x02, 0xfe, 0xed, 0xcd, 0xfc,
    0x00, 0x00, 0x00, 0x00, 0x00, 0x00, 0xaa, 0xab, 0xbb, 0x71, 0x00, 0x00, 0x00, 0x00, 0x12, 0x23,
    0x45, 0x57, 0x89, 0xac, 0xdd, 0x00, 0x00, 0x7f, 0xff, 0xff, 0xff, 0xff, 0xff, 0xed, 0xcb, 0x30,
    0x00, 0x7f, 0x87, 0x66, 0x54, 0x32, 0x10, 0x00, 0x00, 0x00, 0x00, 0x7f, 0x20, 0x00, 0x00, 0x00,
    0x00, 0x00, 0x00, 0x00, 0x00, 0x7f, 0x20, 0x00, 0x00, 0x00, 0x00, 0x00, 0x00, 0x00, 0x00, 0x7f,
    0xff, 0xff, 0xff, 0xff, 0xff, 0xff, 0xff, 0xf9, 0x00, 0x7f, 0x87, 0x77, 0x77, 0x77, 0x77, 0x77,
    0x77, 0x74, 0x00, 0x7f, 0x10, 0x00, 0x00, 0x00, 0x00, 0x00, 0x00, 0x00, 0x00, 0x8f, 0x10, 0x00,
    0x00, 0x00, 0x00, 0x00, 0x00, 0x00, 0x00, 0x8f, 0x10, 0x00, 0x00, 0x00, 0x00, 0x00, 0x00, 0x00,
    0x00, 0x9f, 0x01, 0xff, 0xff, 0xff, 0xff, 0xff, 0xfc, 0x00, 0x00, 0xbd, 0x01, 0xfa, 0x66, 0x66,
    0x66, 0x66, 0xdc, 0x00, 0x00, 0xdb, 0x01, 0xf7, 0x00, 0x00, 0x00, 0x00, 0xcc, 0x00, 0x02, 0xf8,
    0x01, 0xf7, 0x00, 0x00, 0x00, 0x00, 0xcc, 0x00, 0x08, 0xf3, 0x01, 0xf7, 0x00, 0x00, 0x00, 0x00,
    0xcc, 0x00, 0x1e, 0xb0, 0x01, 0xff, 0xff, 0xff, 0xff, 0xff, 0xfc, 0x00, 0x9f, 0x30, 0x01, 0xfa,
    0x66, 0x66, 0x66, 0x66, 0xdc, 0x00, 0x48, 0x00, 0x01, 0xf7, 0x00, 0x00, 0x00, 0x00, 0xcc, 0x00,
    0x00, 0x00, 0x00, 0x00, 0x1b, 0x70, 0x00, 0x00, 0x00, 0x00, 0x00, 0x00, 0x00, 0x00, 0x0a, 0xf3,
    0x00, 0x00, 0x00, 0x00, 0x00, 0x8f, 0xff, 0xff, 0xff, 0xff, 0xff, 0xff, 0xff, 0x80, 0x00, 0x8f,
    0x66, 0x66, 0x66, 0x66, 0x66, 0x66, 0x6f, 0x80, 0x00, 0x8f, 0x00, 0x00, 0x00, 0x00, 0x00, 0x00,
    0x0f, 0x80, 0x00, 0x8f, 0x00, 0x00, 0x00, 0x00, 0x00, 0x00, 0x0f, 0x80, 0x00, 0x8f, 0xff, 0xff,
    0xff, 0xff, 0xff, 0xff, 0xff, 0x80, 0x00, 0x8f, 0x66, 0x66, 0x66, 0x66, 0x66, 0x66, 0x6f, 0x80,
    0x00, 0x9f, 0x00, 0x00, 0x00, 0x00, 0x00, 0x00, 0x00, 0x00, 0x00, 0x9e, 0x00, 0x00, 0x00, 0x00,
    0x00, 0x00, 0x00, 0x00, 0x00, 0xad, 0x08, 0xff, 0xff, 0xff, 0xff, 0xff, 0xff, 0x50, 0x00, 0xcc,
    0x08, 0xf6, 0x66, 0x66, 0x66, 0x66, 0x7f, 0x50, 0x00, 0xf9, 0x08, 0xe0, 0x00, 0x00, 0x00, 0x00,
    0x3f, 0x50, 0x03, 0xf6, 0x08, 0xe0, 0x00, 0x00, 0x00, 0x00, 0x3f, 0x50, 0x08, 0xf2, 0x08, 0xe0,
    0x00, 0x00, 0x00, 0x00, 0x3f, 0x50, 0x1d, 0xb0, 0x08, 0xe0, 0x00, 0x00, 0x00, 0x00, 0x3f, 0x50,
    0x8f, 0x40, 0x08, 0xff, 0xff, 0xff, 0xff, 0xff, 0xff, 0x50, 0x59, 0x00, 0x08, 0xf5, 0x55, 0x55,
    0x55, 0x55, 0x7f, 0x50, 0x00, 0x00, 0x08, 0xe0, 0x00, 0x00, 0x00, 0x00, 0x3f, 0x50, 0x00, 0x00,
    0x00, 0x00, 0x12, 0x34, 0x56, 0x79, 0xbd, 0xb0, 0x00, 0x00, 0x00, 0x06, 0xff, 0xff, 0xff, 0xfd,
    0xb9, 0x70, 0x09, 0xff, 0xff, 0x81, 0x65, 0x43, 0x6f, 0x20, 0x00, 0x00, 0x09, 0xe6, 0x6e, 0x80,
    0x89, 0x00, 0x5f, 0x20, 0x0a, 0x70, 0x09, 0xd0, 0x0d, 0x80, 0x8f, 0x20, 0x5f, 0x20, 0x3f, 0x80,
    0x09, 0xd0, 0x0d, 0x80, 0x2f, 0xa0, 0x5f, 0x20, 0xbe, 0x10, 0x09, 0xd0, 0x0d, 0x80, 0x0a, 0xf2,
    0x5f, 0x25, 0xf6, 0x00, 0x09, 0xd0, 0x0d, 0x80, 0x04, 0xb2, 0x5f, 0x26, 0xb0, 0x00, 0x09, 0xd0,
    0x0d, 0x80, 0x00, 0x00, 0x5f, 0x20, 0x00, 0x00, 0x09, 0xd0, 0x0d, 0x8b, 0xff, 0xff, 0xff, 0xff,
    0xff, 0xf9, 0x09, 0xd0, 0x0d, 0x85, 0x66, 0x66, 0x9f, 0x86, 0x66, 0x64, 0x09, 0xd0, 0x0d, 0x80,
    0x00, 0x00, 0x5f, 0x20, 0x00, 0x00, 0x09, 0xff, 0xff, 0x80, 0x00, 0x00, 0x5f, 0x20, 0x00, 0x00,
    0x09, 0xe6, 0x6e, 0x80, 0x00, 0x00, 0x5f, 0x20, 0x00, 0x00, 0x09, 0xd0, 0x0d, 0x80, 0x00, 0x00,
    0x5f, 0x20, 0x00, 0x00, 0x00, 0x00, 0x00, 0x00, 0x00, 0x00, 0x8f, 0x20, 0x00, 0x00, 0x00, 0x00,
    0x00, 0x00, 0x3f, 0xff, 0xfd, 0x00, 0x00, 0x00, 0x00, 0x00, 0x00, 0x00, 0x1a, 0x98, 0x72, 0x00,
    0x00, 0x00, 0x00, 0xff, 0xff, 0xff, 0xd0, 0x1f, 0xff, 0xff, 0xfd, 0x00, 0x00, 0xf7, 0x33, 0x39,
    0xd0, 0x1f, 0x73, 0x33, 0x9d, 0x00, 0x00, 0xf5, 0x00, 0x08, 0xd0, 0x1f, 0x50, 0x00, 0x8d, 0x00,
    0x00, 0xf5, 0x00, 0x08, 0xd0, 0x1f, 0x50, 0x00, 0x8d, 0x00, 0x00, 0xff, 0xff, 0xff, 0xd0, 0x1f,
    0xff, 0xff, 0xfd, 0x00, 0x00, 0xf7, 0x33, 0x39, 0xd0, 0x1f, 0x7b, 0x83, 0x9d, 0x00, 0x00, 0x00,
    0x00, 0x00, 0x00, 0x00, 0x04, 0xea, 0x00, 0x00, 0x1f, 0xff, 0xff, 0xff, 0xff, 0xff, 0xff, 0xff,
    0xff, 0xf3, 0x04, 0x44, 0x44, 0x6b, 0xf9, 0xaf, 0xa5, 0x44, 0x44, 0x41, 0x24, 0x68, 0xad, 0xfd,
    0x50, 0x07, 0xef, 0xca, 0x98, 0x84, 0x6f, 0xfd, 0xa7, 0x30, 0x00, 0x00, 0x04, 0x8b, 0xdf, 0xe2,
    0x01, 0xff, 0xff, 0xff, 0xd0, 0x0f, 0xff, 0xff, 0xfd, 0x00, 0x00, 0xf8, 0x33, 0x39, 0xd0, 0x0f,
    0x73, 0x33, 0x9d, 0x00, 0x00, 0xf6, 0x00, 0x08, 0xd0, 0x0f, 0x50, 0x00, 0x7d, 0x00, 0x00, 0xf6,
    0x00, 0x08, 0xd0, 0x0f, 0x50, 0x00, 0x7d, 0x00, 0x00, 0xff, 0xff, 0xff, 0xd0, 0x0f, 0xff, 0xff,
    0xfd, 0x00, 0x00, 0xf8, 0x33, 0x39, 0xd0, 0x0f, 0x73, 0x33, 0x9d, 0x00, 0x08, 0xff, 0xff, 0xff,
    0xff, 0xff, 0xff, 0xff, 0xff, 0x80, 0x08, 0xf8, 0x77, 0x77, 0x77, 0x77, 0x77, 0x77, 0x7f, 0x80,
    0x08, 0xf2, 0x00, 0x00, 0x00, 0x00, 0x00, 0x00, 0x1f, 0x80, 0x08, 0xf2, 0x00, 0x00, 0x00, 0x00,
    0x00, 0x00, 0x1f, 0x80, 0x08, 0xf2, 0x00, 0x00, 0x00, 0x00, 0x00, 0x00, 0x1f, 0x80, 0x08, 0xf2,
    0x02, 0xff, 0xff, 0xff, 0xff, 0x20, 0x1f, 0x80, 0x08, 0xf2, 0x02, 0xf9, 0x66, 0x66, 0x9f, 0x20,
    0x1f, 0x80, 0x08, 0xf2, 0x02, 0xf6, 0x00, 0x00, 0x5f, 0x20, 0x1f, 0x80, 0x08, 0xf2, 0x02, 0xf6,
    0x00, 0x00, 0x5f, 0x20, 0x1f, 0x80, 0x08, 0xf2, 0x02, 0xf6, 0x00, 0x00, 0x5f, 0x20, 0x1f, 0x80,
    0x08, 0xf2, 0x02, 0xf6, 0x00, 0x00, 0x5f, 0x20, 0x1f, 0x80, 0x08, 0xf2, 0x02, 0xff, 0xff, 0xff,
    0xff, 0x20, 0x1f, 0x80, 0x08, 0xf2, 0x02, 0xf9, 0x66, 0x66, 0x9f, 0x20, 0x1f, 0x80, 0x08, 0xf2,
    0x02, 0xf6, 0x00, 0x00, 0x5f, 0x20, 0x1f, 0x80, 0x08, 0xf2, 0x00, 0x00, 0x00, 0x00, 0x00, 0x00,
    0x1f, 0x80, 0x08, 0xf2, 0x00, 0x00, 0x00, 0x00, 0x00, 0x00, 0x1f, 0x80, 0x08, 0xff, 0xff, 0xff,
    0xff, 0xff, 0xff, 0xff, 0xff, 0x80, 0x08, 0xf7, 0x66, 0x66, 0x66, 0x66, 0x66, 0x66, 0x7f, 0x80,
    0x08, 0xf2, 0x00, 0x00, 0x00, 0x00, 0x00, 0x00, 0x1f, 0x80, 0x08, 0xff, 0xff, 0xff, 0xff, 0xff,
    0xff, 0xff, 0xff, 0x80, 0x08, 0xe6, 0x66, 0x66, 0x66, 0x66, 0x66, 0x66, 0x6e, 0x80, 0x08, 0xe0,
    0x00, 0x00, 0x00, 0x00, 0x00, 0x00, 0x0e, 0x80, 0x08, 0xe0, 0xdf, 0xff, 0xff, 0xff, 0xff, 0xf8,
    0x0e, 0x80, 0x08, 0xe0, 0x44, 0x44, 0x7f, 0x64, 0x44, 0x42, 0x0e, 0x80, 0x08, 0xe0, 0x00, 0x00,
    0x4f, 0x20, 0x00, 0x00, 0x0e, 0x80, 0x08, 0xe0, 0x6f, 0xff, 0xff, 0xff, 0xff, 0xd0, 0x0e, 0x80,
    0x08, 0xe0, 0x24, 0x44, 0x7f, 0x64, 0x44, 0x40, 0x0e, 0x80, 0x08, 0xe0, 0x00, 0x00, 0x4f, 0x20,
    0x00, 0x00, 0x0e, 0x80, 0x08, 0xe4, 0xff, 0xff, 0xff, 0xff, 0xff, 0xf5, 0x0e, 0x80, 0x08, 0xe1,
    0x44, 0x44, 0x7f, 0x64, 0x46, 0xf4, 0x0e, 0x80, 0x08, 0xe0, 0x00, 0x00, 0x4f, 0x20, 0x03, 0xf4,
    0x0e, 0x80, 0x08, 0xe0, 0x00, 0x00, 0x4f, 0x32, 0x07, 0xf2, 0x0e, 0x80, 0x08, 0xe0, 0x00, 0x00,
    0x4f, 0x3f, 0xff, 0xb0, 0x0e, 0x80, 0x08, 0xe0, 0x00, 0x00, 0x4f, 0x25, 0x65, 0x00, 0x0e, 0x80,
    0x08, 0xe0, 0x00, 0x00, 0x00, 0x00, 0x00, 0x00, 0x0e, 0x80, 0x08, 0xff, 0xff, 0xff, 0xff, 0xff,
    0xff, 0xff, 0xff, 0x80, 0x08, 0xe6, 0x66, 0x66, 0x66, 0x66, 0x66, 0x66, 0x6e, 0x80, 0x0a, 0xff,
    0xff, 0xff, 0xff, 0xff, 0xff, 0xff, 0xff, 0x90, 0x0a, 0xd6, 0x66, 0x66, 0x66, 0x66, 0x66, 0x66,
    0x6e, 0x90, 0x0a, 0xc0, 0x00, 0x09, 0x90, 0x00, 0x00, 0x00, 0x0d, 0x90, 0x0a, 0xc0, 0x00, 0x7f,
    0xff, 0xff, 0xff, 0xf4, 0x0d, 0x90, 0x0a, 0xc0, 0x08, 0xfa, 0x33, 0x33, 0x5e, 0xd1, 0x0d, 0x90,
    0x0a, 0xc1, 0xbd, 0x6f, 0x60, 0x02, 0xcd, 0x20, 0x0d, 0x90, 0x0a, 0xc2, 0xb2, 0x05, 0xf9, 0x6e,
    0xb2, 0x00, 0x0d, 0x90, 0x0a, 0xc0, 0x00, 0x01, 0x9f, 0xfe, 0x51, 0x00, 0x0d, 0x90, 0x0a, 0xc1,
    0x48, 0xbf, 0xc8, 0x6b, 0xff, 0xda, 0x5d, 0x90, 0x0a, 0xc7, 0xd9, 0x62, 0x00, 0x00, 0x16, 0xad,
    0x4d, 0x90, 0x0a, 0xc0, 0x00, 0x0c, 0xdc, 0xa9, 0x72, 0x00, 0x0d, 0x90, 0x0a, 0xc0, 0x00, 0x06,
    0x79, 0xbc, 0xe2, 0x00, 0x0d, 0x90, 0x0a, 0xc0, 0x0c, 0xca, 0x86, 0x31, 0x00, 0x00, 0x0d, 0x90,
    0x0a, 0xc0, 0x07, 0x9b, 0xef, 0xff, 0xda, 0x50, 0x0d, 0x90, 0x0a, 0xc0, 0x00, 0x00, 0x01, 0x47,
    0xad, 0x50, 0x0d, 0x90, 0x0a, 0xc0, 0x00, 0x00, 0x00, 0x00, 0x00, 0x00, 0x0d, 0x90, 0x0a, 0xff,
    0xff, 0xff, 0xff, 0xff, 0xff, 0xff, 0xff, 0x90, 0x0a, 0xd6, 0x66, 0x66, 0x66, 0x66, 0x66, 0x66,
    0x6e, 0x90, 0x00, 0x00, 0x00, 0x0c, 0x90, 0x00, 0x00, 0x00, 0x00, 0x00, 0x00, 0x00, 0x00, 0x4f,
    0x70, 0x00, 0x00, 0x00, 0x00, 0x00, 0x3f, 0xff, 0xff, 0xff, 0xff, 0xff, 0xff, 0xff, 0xff, 0xf9,
    0x17, 0x77, 0x79, 0xfb, 0x77, 0x77, 0x77, 0x77, 0x77, 0x74, 0x00, 0x00, 0x0a, 0xf2, 0x00, 0x00,
    0x00, 0x00, 0x00, 0x00, 0x00, 0x00, 0x2f, 0xa0, 0x00, 0x04, 0xf5, 0x00, 0x00, 0x00, 0x00, 0x00,
    0xbe, 0x20, 0x00, 0x04, 0xf5, 0x00, 0x00, 0x00, 0x00, 0x05, 0xf7, 0x00, 0x00, 0x04, 0xf5, 0x00,
    0x00, 0x00, 0x00, 0x2e, 0xe0, 0x00, 0x00, 0x04, 0xf5, 0x00, 0x00, 0x00, 0x00, 0xcf, 0xe0, 0x5f,
    0xff, 0xff, 0xff, 0xff, 0xff, 0x80, 0x09, 0xfd, 0xe0, 0x26, 0x66, 0x68, 0xf9, 0x66, 0x66, 0x30,
    0x7f, 0x89, 0xe0, 0x00, 0x00, 0x04, 0xf5, 0x00, 0x00, 0x00, 0x49, 0x09, 0xe0, 0x00, 0x00, 0x04,
    0xf5, 0x00, 0x00, 0x00, 0x00, 0x09, 0xe0, 0x00, 0x00, 0x04, 0xf5, 0x00, 0x00, 0x00, 0x00, 0x09,
    0xe0, 0x00, 0x00, 0x04, 0xf5, 0x00, 0x00, 0x00, 0x00, 0x09, 0xe0, 0x00, 0x00, 0x04, 0xf5, 0x00,
    0x00, 0x00, 0x00, 0x09, 0xe6, 0xff, 0xff, 0xff, 0xff, 0xff, 0xff, 0xf9, 0x00, 0x09, 0xe2, 0x66,
    0x66, 0x66, 0x66, 0x66, 0x66, 0x63, 0x00, 0x09, 0xe0, 0x00, 0x00, 0x00, 0x00, 0x00, 0x00, 0x00,
    0x00, 0x1f, 0x60, 0x00, 0x00, 0x00, 0x9e, 0x00, 0x00, 0x10, 0x00, 0x1f, 0x60, 0x01, 0xf7, 0x00,
    0x9e, 0x04, 0x9d, 0xa0, 0x00, 0x1f, 0x60, 0x01, 0xf7, 0x01, 0xaf, 0xef, 0xff, 0x90, 0x8f, 0xff,
    0xff, 0xa1, 0xfb, 0xbf, 0xff, 0xeb, 0x7e, 0x90, 0x36, 0x6f, 0x96, 0xad, 0xff, 0xfc, 0xde, 0x00,
    0x0e, 0x80, 0x00, 0x1f, 0x60, 0x9c, 0xf8, 0x00, 0x9e, 0x00, 0x0e, 0x80, 0x00, 0x1f, 0x60, 0x01,
    0xf7, 0x00, 0x9e, 0x00, 0x0f, 0x70, 0x00, 0x1f, 0x60, 0x01, 0xf7, 0x00, 0x9e, 0x10, 0x4f, 0x50,
    0x00, 0x1f, 0x60, 0x01, 0xf7, 0x00, 0x9e, 0x9f, 0xfe, 0x10, 0x00, 0x1f, 0x60, 0x01, 0xf7, 0x00,
    0x9e, 0x38, 0x72, 0x00, 0x00, 0x1f, 0x77, 0xc1, 0xf7, 0x00, 0x9e, 0x00, 0x00, 0xa8, 0x01, 0x5f,
    0xff, 0xa1, 0xf7, 0x00, 0x9e, 0x00, 0x00, 0xdb, 0x8e, 0xfd, 0x71, 0x01, 0xf7, 0x00, 0x00, 0x00,
    0x01, 0xf9, 0x7a, 0x40, 0x00, 0x00, 0xec, 0x20, 0x00, 0x00, 0x19, 0xf5, 0x00, 0x00, 0x00, 0x00,
    0x8f, 0xff, 0xff, 0xff, 0xff, 0xc0, 0x00, 0x00, 0x00, 0x00, 0x04, 0x77, 0x77, 0x77, 0x75, 0x00,
    0x00, 0x0e, 0x80, 0x00, 0xda, 0x00, 0x00, 0x00, 0x1f, 0x70, 0x00, 0x0e, 0x80, 0x00, 0xda, 0x00,
    0x8f, 0x00, 0x1f, 0x70, 0x00, 0x0e, 0x80, 0x00, 0xda, 0x00, 0x8f, 0x00, 0x1f, 0x70, 0x00, 0x0e,
    0x80, 0x00, 0xda, 0x00, 0x8f, 0x00, 0x1f, 0x70, 0x00, 0x0e, 0x80, 0x00, 0xda, 0x00, 0x8f, 0x00,
    0x1f, 0x70, 0x7f, 0xff, 0xff, 0xe0, 0xda, 0x00, 0x8f, 0x00, 0x1f, 0x70, 0x36, 0x6f, 0xb6, 0x60,
    0xda, 0x00, 0x8f, 0x00, 0x1f, 0x70, 0x00, 0x0e, 0x80, 0x00, 0xda, 0x00, 0x8f, 0x00, 0x1f, 0x70,
    0x00, 0x0e, 0x80, 0x00, 0xe9, 0x00, 0x8f, 0x00, 0x1f, 0x70, 0x00, 0x0e, 0x80, 0x00, 0xe9, 0x00,
    0x8f, 0x00, 0x1f, 0x70, 0x00, 0x0e, 0x80, 0x00, 0xf8, 0x00, 0x8f, 0x00, 0x1f, 0x70, 0x00, 0x0e,
    0x80, 0x13, 0xf6, 0x00, 0x8f, 0x00, 0x1f, 0x70, 0x00, 0x2f, 0xdd, 0xf7, 0xf3, 0x00, 0x8f, 0x00,
    0x1f, 0x70, 0x7e, 0xff, 0xeb, 0x7b, 0xe0, 0x00, 0x8f, 0x00, 0x1f, 0x70, 0x7b, 0x73, 0x00, 0x3f,
    0x80, 0x00, 0x8f, 0x00, 0x1f, 0x70, 0x00, 0x00, 0x01, 0xde, 0x10, 0x00, 0x8f, 0x00, 0x1f, 0x70,
    0x00, 0x00, 0x1c, 0xf4, 0x00, 0x00, 0x00, 0x00, 0x1f, 0x70, 0x00, 0x00, 0x0a, 0x50, 0x00, 0x00,
    0x00, 0x00, 0x1f, 0x70, 0x00, 0x0d, 0x90, 0x00, 0x00, 0x0c, 0xb0, 0x00, 0x00, 0x00, 0x00, 0x0d,
    0x90, 0x00, 0x00, 0x0c, 0xb0, 0x00, 0x00, 0x00, 0x00, 0x0d, 0x90, 0x00, 0x00, 0x0d, 0xb0, 0x00,
    0x00, 0x00, 0x00, 0x0d, 0x90, 0x05, 0xff, 0xff, 0xff, 0xff, 0xf8, 0x00, 0x7f, 0xff, 0xff, 0xf5,
    0x66, 0x6e, 0xc6, 0x66, 0xf8, 0x00, 0x36, 0x6e, 0xb6, 0x61, 0x00, 0x0d, 0xa0, 0x00, 0xf8, 0x00,
    0x00, 0x0d, 0x90, 0x00, 0x00, 0x0d, 0xa0, 0x00, 0xf8, 0x00, 0x00, 0x0d, 0x90, 0x00, 0x00, 0x0e,
    0x90, 0x00, 0xf8, 0x00, 0x00, 0x0d, 0x90, 0x00, 0x00, 0x1f, 0x80, 0x00, 0xf8, 0x00, 0x00, 0x0d,
    0x90, 0x8f, 0xff, 0xff, 0xff, 0xff, 0xff, 0xf8, 0x00, 0x0d, 0x90, 0x47, 0x66, 0xbf, 0xf7, 0x66,
    0x66, 0x63, 0x00, 0x1e, 0xdc, 0xf5, 0x01, 0xeb, 0xe8, 0x00, 0x00, 0x00, 0x6d, 0xff, 0xfb, 0x82,
    0x0a, 0xf2, 0x6f, 0x40, 0x00, 0x00, 0x6c, 0x84, 0x00, 0x00, 0x9f, 0x60, 0x0a, 0xf5, 0x00, 0x00,
    0x00, 0x00, 0x00, 0x2c, 0xf7, 0x00, 0x01, 0xbf, 0x91, 0x00, 0x00, 0x00, 0x08, 0xfe, 0x50, 0x00,
    0x00, 0x08, 0xfe, 0x91, 0x00, 0x00, 0x09, 0xa1, 0x00, 0x00, 0x00, 0x00, 0x3c, 0x60, 0x00, 0x00,
    0x9d, 0x00, 0x00, 0x00, 0x00, 0xca, 0x00, 0x00, 0x00, 0x00, 0x9d, 0x00, 0x00, 0x00, 0x00, 0xca,
    0x00, 0x00, 0x0e, 0xff, 0xff, 0xff, 0xff, 0xff, 0xff, 0xff, 0xff, 0xf0, 0x04, 0x44, 0xbd, 0x44,
    0x44, 0x44, 0x44, 0xdc, 0x44, 0x40, 0x00, 0x00, 0x9f, 0xff, 0xff, 0xff, 0xff, 0xfa, 0x00, 0x00,
    0x00, 0x00, 0x9d, 0x33, 0x33, 0x33, 0x33, 0xca, 0x00, 0x00, 0x00, 0x00, 0x9f, 0xff, 0xff, 0xff,
    0xff, 0xfa, 0x00, 0x00, 0x00, 0x00, 0x9d, 0x33, 0x33, 0x33, 0x33, 0xca, 0x00, 0x00, 0x00, 0x00,
    0x9d, 0x00, 0x00, 0x00, 0x00, 0xca, 0x00, 0x00, 0x8f, 0xff, 0xff, 0xff, 0xff, 0xff, 0xff, 0xff,
    0xff, 0xf8, 0x24, 0x44, 0x5e, 0xe5, 0x44, 0x44, 0x5e, 0xc4, 0x44, 0x42, 0x00, 0x02, 0xce, 0x30,
    0x0b, 0xb0, 0x05, 0xfa, 0x10, 0x00, 0x00, 0x5e, 0xe4, 0x00, 0x0b, 0xb0, 0x00, 0x5f, 0xd4, 0x00,
    0x2b, 0xfc, 0xaf, 0xff, 0xff, 0xff, 0xff, 0xf9, 0xdf, 0xb3, 0x4c, 0x60, 0x24, 0x44, 0x4c, 0xc4,
    0x44, 0x41, 0x06, 0xc3, 0x00, 0x00, 0x00, 0x00, 0x0b, 0xb0, 0x00, 0x00, 0x00, 0x00, 0x06, 0xff,
    0xff, 0xff, 0xff, 0xff, 0xff, 0xff, 0xff, 0x50, 0x01, 0x44, 0x44, 0x44, 0x44, 0x44, 0x44, 0x44,
    0x44, 0x10, 0x00, 0x06, 0xd3, 0x00, 0x00, 0x00, 0xfa, 0x00, 0x00, 0x00, 0x00, 0x09, 0xf1, 0x00,
    0x00, 0x00, 0xfa, 0x00, 0x00, 0x00, 0x00, 0x0c, 0xc0, 0x00, 0x00, 0x00, 0xfa, 0x00, 0x00, 0x00,
    0x00, 0x1f, 0x80, 0x00, 0x00, 0x00, 0xfa, 0x00, 0x00, 0x00, 0x00, 0x5f, 0xff, 0xff, 0xf9, 0x00,
    0xfa, 0x00, 0x00, 0x00, 0x00, 0xae, 0x77, 0x77, 0xf9, 0x00, 0xfa, 0x00, 0x00, 0x00, 0x01, 0xe9,
    0x00, 0x01, 0xf7, 0x00, 0xfb, 0xb4, 0x00, 0x00, 0x05, 0xf9, 0x00, 0x03, 0xf5, 0x00, 0xfc, 0xdf,
    0x80, 0x00, 0x0b, 0xfd, 0x00, 0x07, 0xf2, 0x00, 0xfa, 0x1a, 0xfb, 0x10, 0x3f, 0xaf, 0x20, 0x0a,
    0xd0, 0x00, 0xfa, 0x00, 0x6f, 0xd2, 0xae, 0x1e, 0x70, 0x1e, 0x80, 0x00, 0xfa, 0x00, 0x04, 0xb1,
    0x47, 0x0a, 0xc0, 0x5f, 0x30, 0x00, 0xfa, 0x00, 0x00, 0x00, 0x00, 0x04, 0xf4, 0xcc, 0x00, 0x00,
    0xfa, 0x00, 0x00, 0x00, 0x00, 0x00, 0xbd, 0xf4, 0x00, 0x00, 0xfa, 0x00, 0x00, 0x00, 0x00, 0x00,
    0x6f, 0xd0, 0x00, 0x00, 0xfa, 0x00, 0x00, 0x00, 0x00, 0x02, 0xec, 0xea, 0x10, 0x00, 0xfa, 0x00,
    0x00, 0x00, 0x00, 0x1d, 0xe2, 0x4e, 0xd6, 0x10, 0x54, 0x00, 0x00, 0x00, 0x02, 0xde, 0x30, 0x02,
    0xaf, 0xfd, 0xba, 0x98, 0x88, 0x96, 0x3e, 0xe3, 0x00, 0x00, 0x02, 0x7a, 0xce, 0xff, 0xff, 0xf5,
    0x18, 0x20, 0x00, 0x00, 0x00, 0x00, 0x00, 0x00, 0x11, 0x00, 0x00, 0x00, 0x07, 0xb1, 0x00, 0x00,
    0x00, 0x00, 0x00, 0x00, 0x00, 0x00, 0x3f, 0xb0, 0x00, 0x00, 0x00, 0x00, 0x00, 0x00, 0x00, 0x01,
    0xdf, 0xff, 0xff, 0xff, 0xff, 0xff, 0xe0, 0x00, 0x00, 0x1c, 0xff, 0xa4, 0x44, 0x44, 0x44, 0xbf,
    0xb0, 0x00, 0x01, 0xcf, 0x58, 0xf7, 0x00, 0x00, 0x1b, 0xfa, 0x10, 0x00, 0x2d, 0xf5, 0x00, 0x8f,
    0xc4, 0x18, 0xef, 0x70, 0x00, 0x00, 0x1b, 0x30, 0x00, 0x04, 0xdf, 0xef, 0xa2, 0x00, 0x00, 0x00,
    0x00, 0x00, 0x03, 0x7c, 0xe9, 0x6d, 0xe9, 0x41, 0x00, 0x00, 0x36, 0x8b, 0xee, 0xa5, 0x10, 0x00,
    0x5b, 0xff, 0xca, 0x84, 0x7d, 0xa7, 0x30, 0x00, 0x00, 0x00, 0x00, 0x15, 0x9c, 0xe2, 0x00, 0x0e,
    0xff, 0xff, 0xff, 0xff, 0xff, 0xff, 0xe0, 0x00, 0x00, 0x0e, 0x83, 0x33, 0x3b, 0xb3, 0x33, 0x38,
    0xe0, 0x00, 0x00, 0x0e, 0x70, 0x00, 0x0b, 0xb0, 0x00, 0x07, 0xe0, 0x00, 0x00, 0x0e, 0xff, 0xff,
    0xff, 0xff, 0xff, 0xff, 0xe0, 0x00, 0x00, 0x0e, 0x82, 0x22, 0x2b, 0xb2, 0x22, 0x28, 0xe0, 0x00,
    0x00, 0x0e, 0x70, 0x00, 0x0b, 0xb0, 0x00, 0x07, 0xe0, 0x00, 0x00, 0x0e, 0xff, 0xff, 0xff, 0xff,
    0xff, 0xff, 0xe0, 0x00, 0x00, 0x0e, 0x83, 0x33, 0x33, 0x33, 0x33, 0x38, 0xe0, 0x00, 0x00, 0x00,
    0x9b, 0x00, 0x00, 0x00, 0x8f, 0x20, 0x00, 0x00, 0x00, 0x00, 0xec, 0x00, 0x00, 0x00, 0x8f, 0x20,
    0x00, 0x00, 0x00, 0x03, 0xf8, 0x00, 0x00, 0x00, 0x8f, 0x20, 0x00, 0x00, 0x00, 0x08, 0xf4, 0x00,
    0x00, 0x00, 0x8f, 0x20, 0x00, 0x00, 0x00, 0x0e, 0xff, 0xff, 0xff, 0x80, 0x8f, 0x20, 0x00, 0x00,
    0x00, 0x4f, 0xb7, 0x77, 0x8f, 0x80, 0x8f, 0x20, 0x00, 0x00, 0x00, 0xbf, 0x10, 0x00, 0x4f, 0x60,
    0x8f, 0x20, 0x00, 0x00, 0x03, 0xf9, 0x00, 0x00, 0x8f, 0x30, 0x8f, 0xa8, 0x00, 0x00, 0x0a, 0xf2,
    0x00, 0x00, 0xbe, 0x00, 0x8f, 0xaf, 0xc2, 0x00, 0x4f, 0x82, 0xc6, 0x02, 0xfa, 0x00, 0x8f, 0x26,
    0xfe, 0x40, 0xbd, 0x11, 0x9f, 0xca, 0xf5, 0x00, 0x8f, 0x20, 0x3d, 0xf7, 0x55, 0x00, 0x05, 0xef,
    0xd0, 0x00, 0x8f, 0x20, 0x01, 0xb4, 0x00, 0x00, 0x00, 0xaf, 0x60, 0x00, 0x8f, 0x20, 0x00, 0x00,
    0x00, 0x00, 0x05, 0xfc, 0x00, 0x00, 0x8f, 0x20, 0x00, 0x00, 0x00, 0x00, 0x3e, 0xe2, 0x00, 0x00,
    0x8f, 0x20, 0x00, 0x00, 0x00, 0x03, 0xef, 0x40, 0x00, 0x00, 0x8f, 0x20, 0x00, 0x00, 0x00, 0x5e,
    0xe4, 0x00, 0x00, 0x00, 0x8f, 0x20, 0x00, 0x00, 0x1a, 0xfd, 0x30, 0x00, 0x00, 0x00, 0x8f, 0x20,
    0x00, 0x00, 0x0a, 0x81, 0x00, 0x00, 0x00, 0x00, 0x8f, 0x20, 0x00, 0x00, 0x00, 0x00, 0x00, 0x01,
    0xce, 0x30, 0x00, 0x00, 0x00, 0x00, 0x00, 0x00, 0x00, 0x1b, 0xe3, 0x00, 0x00, 0x00, 0x00, 0x00,
    0x00, 0x00, 0x02, 0xcf, 0xff, 0xff, 0xff, 0xff, 0xfc, 0x00, 0x00, 0x00, 0x4d, 0xc6, 0x66, 0x66,
    0x66, 0x7e, 0xf8, 0x00, 0x00, 0x07, 0xfa, 0x10, 0x00, 0x00, 0x05, 0xed, 0x40, 0x00, 0x03, 0xcf,
    0x70, 0x89, 0x00, 0x03, 0xbf, 0x91, 0x00, 0x00, 0x05, 0xc2, 0x00, 0x5f, 0xa4, 0xbf, 0xa3, 0x00,
    0x00, 0x00, 0x00, 0x00, 0x00, 0x19, 0xff, 0xb3, 0x00, 0x00, 0x00, 0x00, 0x00, 0x00, 0x49, 0xee,
    0x93, 0x4d, 0x91, 0x00, 0x00, 0x00, 0x16, 0xae, 0xfc, 0x61, 0x19, 0xff, 0xff, 0xff, 0xff, 0xc0,
    0x1c, 0xa6, 0x10, 0x17, 0xea, 0x66, 0x66, 0x66, 0xcf, 0xa0, 0x00, 0x00, 0x28, 0xec, 0x40, 0x00,
    0x00, 0x08, 0xfb, 0x00, 0x00, 0x5b, 0xfc, 0x50, 0x78, 0x00, 0x00, 0x9f, 0xa0, 0x00, 0x00, 0xaa,
    0x40, 0x00, 0x7f, 0x40, 0x3d, 0xf7, 0x00, 0x00, 0x00, 0x00, 0x00, 0x00, 0x0c, 0xd9, 0xfd, 0x30,
    0x00, 0x00, 0x00, 0x00, 0x00, 0x00, 0x3b, 0xfe, 0x70, 0x00, 0x00, 0x00, 0x00, 0x00, 0x02, 0x7d,
    0xfe, 0x71, 0x00, 0x00, 0x00, 0x00, 0x04, 0x8b, 0xef, 0xea, 0x50, 0x00, 0x00, 0x00, 0x00, 0x00,
    0x05, 0xeb, 0x84, 0x00, 0x00, 0x00, 0x00, 0x00, 0x00, 0x00, 0x00, 0x00, 0x00, 0x00, 0x0e, 0xc0,
    0x00, 0x00, 0x00, 0x00, 0x00, 0x00, 0x00, 0x00, 0x0e, 0xc0, 0x00, 0x00, 0x00, 0x00, 0x00, 0x00,
    0x00, 0x00, 0x0e, 0xb0, 0x00, 0x00, 0x00, 0x00, 0x00, 0x00, 0x00, 0x00, 0x0e, 0xb0, 0x00, 0x00,
    0x00, 0x00, 0x00, 0x00, 0x00, 0x00, 0x0f, 0xb0, 0x00, 0x00, 0x00, 0x00, 0x6f, 0xff, 0xff, 0xff,
    0xff, 0xff, 0xff, 0xff, 0xff, 0xf6, 0x38, 0x88, 0x88, 0x88, 0x9f, 0xd8, 0x88, 0x88, 0x88, 0x83,
    0x00, 0x00, 0x00, 0x00, 0x3f, 0xe0, 0x00, 0x00, 0x00, 0x00, 0x00, 0x00, 0x00, 0x00, 0x7f, 0xf4,
    0x00, 0x00, 0x00, 0x00, 0x00, 0x00, 0x00, 0x00, 0xdc, 0xbb, 0x00, 0x00, 0x00, 0x00, 0x00, 0x00,
    0x00, 0x07, 0xf5, 0x5f, 0x40, 0x00, 0x00, 0x00, 0x00, 0x00, 0x00, 0x3f, 0xb0, 0x0b, 0xd2, 0x00,
    0x00, 0x00, 0x00, 0x00, 0x03, 0xed, 0x20, 0x02, 0xec, 0x20, 0x00, 0x00, 0x00, 0x00, 0x7f, 0xd2,
    0x00, 0x00, 0x4f, 0xd4, 0x00, 0x00, 0x00, 0x4c, 0xfb, 0x10, 0x00, 0x00, 0x04, 0xef, 0xa3, 0x00,
    0x4c, 0xfe, 0x60, 0x00, 0x00, 0x00, 0x00, 0x1a, 0xff, 0xc5, 0x2c, 0x81, 0x00, 0x00, 0x00, 0x00,
    0x00, 0x00, 0x3a, 0xb1, 0x00, 0x00, 0x00, 0x00, 0x07, 0xf2, 0x00, 0x00, 0x00, 0x00, 0x00, 0x00,
    0xaa, 0x00, 0x07, 0xf2, 0x00, 0x00, 0x00, 0x00, 0x00, 0x01, 0xf9, 0x00, 0x08, 0xf2, 0x00, 0x00,
    0x00, 0x00, 0x00, 0x08, 0xf4, 0x00, 0x08, 0xf2, 0x00, 0x00, 0x00, 0x00, 0x00, 0x2e, 0xff, 0xff,
    0xff, 0xff, 0xff, 0xff, 0xff, 0x60, 0x00, 0xbf, 0x87, 0x77, 0x7c, 0xf8, 0x77, 0x77, 0x77, 0x30,
    0x07, 0xf7, 0x00, 0x00, 0x09, 0xf0, 0x00, 0x00, 0x00, 0x00, 0x05, 0xa0, 0x00, 0x00, 0x0a, 0xf0,
    0x00, 0x00, 0x00, 0x00, 0x00, 0x00, 0x00, 0x00, 0x0a, 0xe0, 0x00, 0x00, 0x00, 0x00, 0x6f, 0xff,
    0xff, 0xff, 0xff, 0xff, 0xff, 0xff, 0xff, 0xf7, 0x37, 0x77, 0x77, 0x77, 0x8f, 0xf9, 0x77, 0x77,
    0x77, 0x73, 0x00, 0x00, 0x00, 0x00, 0x8f, 0xc9, 0x00, 0x00, 0x00, 0x00, 0x00, 0x00, 0x00, 0x03,
    0xf9, 0x4f, 0x40, 0x00, 0x00, 0x00, 0x00, 0x00, 0x00, 0x4e, 0xc1, 0x08, 0xe4, 0x00, 0x00, 0x00,
    0x00, 0x00, 0x08, 0xfc, 0x10, 0x00, 0xaf, 0x80, 0x00, 0x00, 0x00, 0x16, 0xdf, 0x80, 0x00, 0x00,
    0x07, 0xfd, 0x61, 0x00, 0x39, 0xef, 0xb3, 0x00, 0x00, 0x00, 0x00, 0x3b, 0xfe, 0xa4, 0x2c, 0x93,
    0x00, 0x00, 0x00, 0x00, 0x00, 0x00, 0x39, 0xd2, 0x00, 0x00, 0x00, 0x09, 0xc2, 0x00, 0x00, 0x00,
    0x00, 0x00, 0x00, 0x00, 0x00, 0x0d, 0xe0, 0x00, 0x00, 0x00, 0x00, 0x00, 0x00, 0x00, 0x00, 0x3f,
    0x90, 0x00, 0x00, 0x00, 0x00, 0x00, 0x00, 0x00, 0x00, 0x8f, 0x40, 0x00, 0x00, 0x00, 0x00, 0x00,
    0x00, 0x00, 0x00, 0xce, 0x00, 0x00, 0x00, 0x00, 0x00, 0x00, 0x7f, 0xff, 0xff, 0xff, 0xff, 0xff,
    0xff, 0xff, 0xff, 0xf7, 0x37, 0x77, 0x7c, 0xf8, 0x77, 0x77, 0x7a, 0xf9, 0x77, 0x73, 0x00, 0x00,
    0x0d, 0xd0, 0x00, 0x00, 0x08, 0xf2, 0x00, 0x00, 0x00, 0x00, 0x5f, 0x70, 0x00, 0x00, 0x0b, 0xd0,
    0x00, 0x00, 0x00, 0x00, 0xbe, 0x10, 0x00, 0x00, 0x2f, 0x90, 0x00, 0x00, 0x00, 0x03, 0xf9, 0x00,
    0x00, 0x00, 0x8f, 0x30, 0x00, 0x00, 0x00, 0x09, 0xf8, 0x10, 0x00, 0x02, 0xfb, 0x00, 0x00, 0x00,
    0x00, 0x02, 0x9e, 0xe8, 0x10, 0x0c, 0xf3, 0x00, 0x00, 0x00, 0x00, 0x00, 0x01, 0x7e, 0xf9, 0xaf,
    0x70, 0x00, 0x00, 0x00, 0x00, 0x00, 0x00, 0x01, 0xaf, 0xfe, 0x30, 0x00, 0x00, 0x00, 0x00, 0x00,
    0x00, 0x3a, 0xfe, 0x8d, 0xfa, 0x30, 0x00, 0x00, 0x00, 0x02, 0x7c, 0xfe, 0x81, 0x00, 0x6d, 0xfa,
    0x30, 0x00, 0x39, 0xdf, 0xfb, 0x61, 0x00, 0x00, 0x00, 0x7e, 0xfa, 0x20, 0x2d, 0xa6, 0x10, 0x00,
    0x00, 0x00, 0x00, 0x01, 0x8b, 0x00, 0x00, 0x0c, 0x90, 0x00, 0x00, 0x01, 0xd7, 0x00, 0x00, 0x00,
    0x00, 0x0f, 0x90, 0x00, 0x00, 0x07, 0xf5, 0x00, 0x00, 0x00, 0x00, 0x3f, 0x60, 0x00, 0x00, 0x1e,
    0xb0, 0x00, 0x00, 0x00, 0x00, 0x5f, 0x30, 0x00, 0x00, 0x8f, 0x30, 0x08, 0xa0, 0x00, 0xaf, 0xff,
    0xff, 0xfc, 0x02, 0xf8, 0x00, 0x05, 0xf6, 0x00, 0x47, 0xde, 0x77, 0xdb, 0x0b, 0xd1, 0x00, 0x00,
    0x9e, 0x20, 0x00, 0xda, 0x00, 0xda, 0x9f, 0xca, 0xbc, 0xde, 0xff, 0xa0, 0x01, 0xf6, 0x00, 0xe8,
    0xac, 0xba, 0x98, 0x76, 0x59, 0xf4, 0x04, 0xf3, 0x02, 0xf5, 0x00, 0x00, 0x00, 0x00, 0x01, 0xc5,
    0x08, 0xe0, 0x06, 0xf2, 0x00, 0x00, 0x00, 0x00, 0x00, 0x00, 0x0c, 0xd1, 0x0b, 0xc0, 0x2f, 0xff,
    0xff, 0xff, 0xff, 0x40, 0x03, 0xdd, 0x6f, 0x70, 0x2f, 0x96, 0x66, 0x66, 0x8f, 0x40, 0x00, 0x2c,
    0xfe, 0x10, 0x2f, 0x50, 0x00, 0x00, 0x3f, 0x40, 0x00, 0x06, 0xff, 0x80, 0x2f, 0x50, 0x00, 0x00,
    0x3f, 0x40, 0x00, 0x3f, 0xa9, 0xfa, 0x2f, 0x50, 0x00, 0x00, 0x3f, 0x40, 0x03, 0xdc, 0x10, 0x79,
    0x2f, 0x95, 0x55, 0x55, 0x7f, 0x40, 0x3e, 0xc1, 0x00, 0x00, 0x2f, 0xff, 0xff, 0xff, 0xff, 0x40,
    0x4a, 0x10, 0x00, 0x00, 0x2f, 0x50, 0x00, 0x00, 0x3f, 0x40, 0x00, 0x8f, 0xff, 0xff, 0xff, 0xff,
    0xff, 0xff, 0xfa, 0x00, 0x00, 0x47, 0x77, 0x77, 0x77, 0x77, 0x77, 0xaf, 0xf8, 0x00, 0x00, 0x00,
    0x00, 0x00, 0x00, 0x00, 0x18, 0xfd, 0x40, 0x00, 0x00, 0x00, 0x00, 0x00, 0x00, 0x04, 0xdf, 0x91,
    0x00, 0x00, 0x00, 0x00, 0x00, 0x00, 0x01, 0xaf, 0xd4, 0x00, 0x00, 0x00, 0x00, 0x00, 0x00, 0x00,
    0x08, 0xf8, 0x00, 0x00, 0x00, 0x00, 0x00, 0x00, 0x00, 0x00, 0x08, 0xf2, 0x00, 0x00, 0x00, 0x00,
    0x9f, 0xff, 0xff, 0xff, 0xff, 0xff, 0xff, 0xff, 0xff, 0xfa, 0x47, 0x77, 0x77, 0x77, 0x7b, 0xf8,
    0x77, 0x77, 0x77, 0x75, 0x00, 0x00, 0x00, 0x00, 0x08, 0xf2, 0x00, 0x00, 0x00, 0x00, 0x00, 0x00,
    0x00, 0x00, 0x08, 0xf2, 0x00, 0x00, 0x00, 0x00, 0x00, 0x00, 0x00, 0x00, 0x08, 0xf2, 0x00, 0x00,
    0x00, 0x00, 0x00, 0x00, 0x00, 0x00, 0x08, 0xf2, 0x00, 0x00, 0x00, 0x00, 0x00, 0x00, 0x00, 0x00,
    0x08, 0xf2, 0x00, 0x00, 0x00, 0x00, 0x00, 0x00, 0x00, 0x00, 0x1c, 0xf1, 0x00, 0x00, 0x00, 0x00,
    0x00, 0x00, 0x03, 0xad, 0xff, 0xc0, 0x00, 0x00, 0x00, 0x00, 0x00, 0x00, 0x07, 0x99, 0x97, 0x10,
    0x00, 0x00, 0x00, 0x00, 0x00, 0x00, 0x00, 0x00, 0x00, 0x00, 0x1f, 0x70, 0x00, 0x00, 0x6f, 0xff,
    0xff, 0xfd, 0x00, 0x00, 0x1f, 0x70, 0x00, 0x00, 0x26, 0x66, 0x69, 0xfc, 0x00, 0x00, 0x1f, 0x70,
    0x00, 0x00, 0x00, 0x00, 0x1c, 0xf3, 0x00, 0x00, 0x1f, 0x70, 0x00, 0x00, 0x00, 0x00, 0x9f, 0x70,
    0x05, 0xd3, 0x1f, 0x72, 0xd3, 0x00, 0x00, 0x05, 0xfc, 0x00, 0x08, 0xf1, 0x1f, 0x71, 0xf7, 0x00,
    0x00, 0x0b, 0xe2, 0x00, 0x0b, 0xc0, 0x1f, 0x70, 0xbc, 0x00, 0x00, 0x0b, 0xb0, 0x01, 0x0e, 0x90,
    0x1f, 0x70, 0x7f, 0x10, 0x00, 0x0b, 0xc7, 0xd8, 0x3f, 0x50, 0x1f, 0x70, 0x3f, 0x50, 0x01, 0x6e,
    0xff, 0xc4, 0x7f, 0x10, 0x1f, 0x70, 0x0e, 0xa0, 0x8f, 0xff, 0xd2, 0x00, 0xcc, 0x00, 0x1f, 0x70,
    0x0a, 0xe0, 0x79, 0x4b, 0xb0, 0x02, 0xf8, 0x00, 0x1f, 0x70, 0x07, 0xf3, 0x00, 0x0b, 0xb0, 0x06,
    0xf4, 0x00, 0x1f, 0x70, 0x03, 0xf7, 0x00, 0x0b, 0xb0, 0x06, 0xc0, 0x00, 0x1f, 0x70, 0x00, 0xc6,
    0x00, 0x0b, 0xb0, 0x00, 0x00, 0x00, 0x1f, 0x70, 0x00, 0x00, 0x00, 0x0b, 0xb0, 0x00, 0x00, 0x00,
    0x1f, 0x70, 0x00, 0x00, 0x11, 0x1d, 0xb0, 0x00, 0x00, 0x00, 0x5f, 0x60, 0x00, 0x00, 0x9f, 0xff,
    0x70, 0x00, 0x09, 0xff, 0xff, 0x20, 0x00, 0x00, 0x37, 0x74, 0x00, 0x00, 0x03, 0x88, 0x73, 0x00,
    0x00, 0x00, 0x00, 0x00, 0x00, 0x00, 0x2b, 0x50, 0x00, 0x00, 0x00, 0x00, 0x00, 0x00, 0x00, 0x00,
    0x0c, 0xe1, 0x00, 0x00, 0x00, 0x00, 0x08, 0xff, 0xff, 0xff, 0xff, 0xff, 0xff, 0xff, 0xff, 0x90,
    0x08, 0xf7, 0x66, 0x66, 0x66, 0x66, 0x66, 0x66, 0x6f, 0x90, 0x08, 0xf1, 0x00, 0x00, 0x00, 0x00,
    0x3f, 0x60, 0x0f, 0x90, 0x00, 0x00, 0x00, 0x00, 0x00, 0x00, 0x3f, 0x60, 0x00, 0x00, 0x00, 0x00,
    0x00, 0x00, 0x00, 0x00, 0x3f, 0x60, 0x00, 0x00, 0x3f, 0xff, 0xff, 0xff, 0xff, 0xff, 0xff, 0xff,
    0xff, 0xf5, 0x16, 0x66, 0x66, 0x66, 0x66, 0x66, 0x8f, 0xa6, 0x66, 0x62, 0x00, 0x03, 0xc2, 0x00,
    0x00, 0x00, 0x3f, 0x60, 0x00, 0x00, 0x00, 0x04, 0xee, 0x30, 0x00, 0x00, 0x3f, 0x60, 0x00, 0x00,
    0x00, 0x00, 0x3e, 0xe3, 0x00, 0x00, 0x3f, 0x60, 0x00, 0x00, 0x00, 0x00, 0x03, 0xee, 0x30, 0x00,
    0x3f, 0x60, 0x00, 0x00, 0x00, 0x00, 0x00, 0x4a, 0x00, 0x00, 0x3f, 0x60, 0x00, 0x00, 0x00, 0x00,
    0x00, 0x00, 0x00, 0x00, 0x3f, 0x60, 0x00, 0x00, 0x00, 0x00, 0x00, 0x00, 0x00, 0x01, 0x9f, 0x50,
    0x00, 0x00, 0x00, 0x00, 0x00, 0x00, 0x8f, 0xff, 0xfd, 0x10, 0x00, 0x00, 0x00, 0x00, 0x00, 0x00,
    0x38, 0x77, 0x51, 0x00, 0x00, 0x00, 0x00, 0x00, 0x00, 0x00, 0x3c, 0x30, 0x00, 0x00, 0x00, 0x00,
    0x00, 0x00, 0x00, 0x00, 0x3e, 0xe1, 0x00, 0x00, 0x00, 0x00, 0x00, 0x00, 0x00, 0x00, 0x05, 0xf6,
    0x00, 0x00, 0x00, 0x00, 0x0b, 0xff, 0xff, 0xff, 0xff, 0xff, 0xff, 0xff, 0xff, 0xc0, 0x0b, 0xe7,
    0x77, 0x77, 0x77, 0x77, 0x77, 0x77, 0x7d, 0xc0, 0x0b, 0xd0, 0x00, 0x00, 0x00, 0x00, 0x00, 0x00,
    0x0c, 0xc0, 0x00, 0x00, 0x00, 0x04, 0xd5, 0x00, 0x00, 0x00, 0x00, 0x00, 0x00, 0x00, 0x00, 0x4e,
    0xa1, 0x00, 0x00, 0x00, 0x00, 0x00, 0xaf, 0xff, 0xff, 0xff, 0xff, 0xff, 0xff, 0xff, 0xff, 0xfb,
    0x57, 0x77, 0x7d, 0xf8, 0x77, 0x77, 0x79, 0xfa, 0x77, 0x75, 0x00, 0x00, 0x3f, 0xa0, 0x00, 0x00,
    0x0a, 0xf2, 0x00, 0x00, 0x00, 0x00, 0xcf, 0x20, 0x00, 0x00, 0x3f, 0xa0, 0x00, 0x00, 0x00, 0x02,
    0xcf, 0xd6, 0x00, 0x01, 0xde, 0x20, 0x00, 0x00, 0x00, 0x00, 0x03, 0xaf, 0xe7, 0x2c, 0xf5, 0x00,
    0x00, 0x00, 0x00, 0x00, 0x00, 0x02, 0xaf, 0xff, 0x70, 0x00, 0x00, 0x00, 0x00, 0x00, 0x00, 0x05,
    0xcf, 0xdf, 0xf9, 0x20, 0x00, 0x00, 0x00, 0x00, 0x37, 0xdf, 0xe6, 0x01, 0x8e, 0xfa, 0x30, 0x00,
    0x06, 0xad, 0xff, 0xb6, 0x00, 0x00, 0x01, 0x8e, 0xfa, 0x10, 0x07, 0xd9, 0x61, 0x00, 0x00, 0x00,
    0x00, 0x01, 0x9a, 0x00, 0x00, 0x00, 0x00, 0x00, 0x2b, 0x80, 0x00, 0x00, 0x00, 0x00, 0x00, 0x00,
    0x00, 0x00, 0x1b, 0xf5, 0x00, 0x00, 0x00, 0x00, 0x09, 0xff, 0xff, 0xff, 0xff, 0xff, 0xff, 0xff,
    0xff, 0xa0, 0x09, 0xf7, 0x77, 0x77, 0x77, 0x77, 0x77, 0x77, 0x7e, 0xa0, 0x09, 0xe0, 0x00, 0x00,
    0x00, 0x00, 0x00, 0x00, 0x0d, 0xa0, 0x00, 0x00, 0x00, 0x00, 0x00, 0x00, 0x00, 0x00, 0x00, 0x00,
    0x4f, 0xff, 0xff, 0xff, 0xff, 0xff, 0xff, 0xff, 0xff, 0xf4, 0x27, 0x77, 0x77, 0x77, 0x7a, 0xf9,
    0x77, 0x77, 0x77, 0x72, 0x00, 0x00, 0x00, 0x00, 0x06, 0xf4, 0x00, 0x00, 0x00, 0x00, 0x00, 0x01,
    0xe7, 0x00, 0x06, 0xf4, 0x00, 0x00, 0x00, 0x00, 0x00, 0x04, 0xf5, 0x00, 0x06, 0xf4, 0x00, 0x00,
    0x00, 0x00, 0x00, 0x07, 0xf2, 0x00, 0x06, 0xff, 0xff, 0xff, 0xff, 0x10, 0x00, 0x0c, 0xf1, 0x00,
    0x06, 0xf9, 0x77, 0x77, 0x77, 0x00, 0x00, 0x3f, 0xfa, 0x00, 0x06, 0xf4, 0x00, 0x00, 0x00, 0x00,
    0x00, 0xce, 0x7f, 0x90, 0x06, 0xf4, 0x00, 0x00, 0x00, 0x00, 0x08, 0xf7, 0x08, 0xfd, 0x67, 0xf4,
    0x00, 0x00, 0x00, 0x11, 0x7f, 0xb0, 0x00, 0x5c, 0xff, 0xff, 0xff, 0xff, 0xff, 0xf8, 0x2a, 0x00,
    0x00, 0x00, 0x35, 0x78, 0x88, 0x89, 0x98, 0x82, 0x00, 0x00, 0x00, 0x00, 0x3c, 0x30, 0x00, 0x00,
    0x00, 0x00, 0x00, 0x00, 0x00, 0x00, 0x2f, 0xb0, 0x00, 0x00, 0x00, 0x00, 0x00, 0x00, 0x00, 0x00,
    0x09, 0xe2, 0x00, 0x00, 0x00, 0x00, 0x0d, 0xff, 0xff, 0xff, 0xff, 0xff, 0xff, 0xff, 0xff, 0xd0,
    0x0d, 0xd7, 0x77, 0x77, 0x77, 0x77, 0x77, 0x77, 0x7d, 0xd0, 0x0d, 0xb0, 0x00, 0x00, 0x00, 0x00,
    0x00, 0x00, 0x0b, 0xd0, 0x00, 0x00, 0x00, 0x00, 0x00, 0x00, 0x00, 0x00, 0x00, 0x00, 0x08, 0xff,
    0xff, 0xff, 0xff, 0xff, 0xff, 0xff, 0xff, 0x70, 0x04, 0x77, 0x77, 0x77, 0x7e, 0xd7, 0x77, 0x77,
    0x77, 0x30, 0x00, 0x00, 0x00, 0x00, 0x0d, 0xc0, 0x00, 0x00, 0x00, 0x00, 0x00, 0x00, 0x00, 0x00,
    0x0d, 0xc0, 0x00, 0x00, 0x00, 0x00, 0x00, 0xcf, 0xff, 0xff, 0xff, 0xff, 0xff, 0xff, 0xfc, 0x00,
    0x00, 0x67, 0x77, 0x77, 0x7e, 0xd7, 0x77, 0x77, 0x76, 0x00, 0x00, 0x00, 0x00, 0x00, 0x0d, 0xc0,
    0x00, 0x00, 0x00, 0x00, 0x00, 0x00, 0x00, 0x00, 0x0d, 0xc0, 0x07, 0xe5, 0x00, 0x00, 0x00, 0x00,
    0x00, 0x00, 0x0d, 0xc0, 0x02, 0xcf, 0x50, 0x00, 0x00, 0x00, 0x00, 0x00, 0x0d, 0xc0, 0x00, 0x04,
    0x00, 0x00, 0x7f, 0xff, 0xff, 0xff, 0xff, 0xff, 0xff, 0xff, 0xff, 0xf8, 0x37, 0x77, 0x77, 0x77,
    0x77, 0x77, 0x77, 0x77, 0x77, 0x74, 0x00, 0x00, 0x00, 0x00, 0x1a, 0x90, 0x00, 0x00, 0x00, 0x00,
    0x00, 0x00, 0x00, 0x00, 0x08, 0xf5, 0x00, 0x00, 0x00, 0x00, 0x0f, 0xff, 0xff, 0xff, 0xff, 0xff,
    0xff, 0xff, 0xff, 0xe0, 0x0f, 0xc7, 0x77, 0x77, 0x77, 0x77, 0x77, 0x77, 0x7c, 0xe0, 0x0f, 0x90,
    0x15, 0x00, 0x00, 0x1f, 0x90, 0x00, 0x09, 0xe0, 0x00, 0x00, 0x4e, 0xc3, 0x00, 0x1f, 0x90, 0x00,
    0x00, 0x00, 0x00, 0x00, 0x01, 0xaf, 0x91, 0x1f, 0x80, 0x00, 0x00, 0x00, 0x00, 0x1c, 0x82, 0x05,
    0xb1, 0x2f, 0x70, 0x00, 0x00, 0x00, 0x00, 0x06, 0xdf, 0xa2, 0x00, 0x3f, 0x60, 0x00, 0x00, 0x00,
    0x00, 0x00, 0x05, 0xc3, 0x00, 0x5f, 0x50, 0x00, 0x00, 0x00, 0x00, 0x00, 0x00, 0x00, 0x00, 0x8f,
    0x20, 0x00, 0x00, 0x00, 0x5f, 0xff, 0xff, 0xff, 0xff, 0xff, 0xff, 0xff, 0xff, 0xf7, 0x27, 0x77,
    0x77, 0x77, 0x7c, 0xfa, 0x77, 0x77, 0x77, 0x73, 0x00, 0x00, 0x00, 0x00, 0x6f, 0xfb, 0x40, 0x00,
    0x00, 0x00, 0x00, 0x00, 0x00, 0x2a, 0xfb, 0x6c, 0xfd, 0x60, 0x00, 0x00, 0x00, 0x01, 0x5b, 0xfe,
    0x70, 0x00, 0x4b, 0xfe, 0x71, 0x00, 0x38, 0xcf, 0xfc, 0x71, 0x00, 0x00, 0x00, 0x29, 0xfe, 0x91,
    0x2d, 0xb7, 0x20, 0x00, 0x00, 0x00, 0x00, 0x00, 0x28, 0xb0, 0x00, 0x00, 0x00, 0x00, 0x3c, 0x20,
    0x00, 0x00, 0x00, 0x00, 0x00, 0x00, 0x00, 0x00, 0x2f, 0xa0, 0x00, 0x00, 0x00, 0x00, 0x00, 0x00,
    0x00, 0x00, 0x09, 0xd1, 0x00, 0x00, 0x00, 0x00, 0x0d, 0xff, 0xff, 0xff, 0xff, 0xff, 0xff, 0xff,
    0xff, 0xf0, 0x0d, 0xc5, 0x55, 0x55, 0x55, 0x55, 0x55, 0x55, 0x5b, 0xf0, 0x0d, 0xa0, 0x00, 0x00,
    0x00, 0x00, 0x00, 0x00, 0x09, 0xf0, 0x00, 0x0c, 0xff, 0xff, 0xff, 0xff, 0xff, 0xff, 0xf0, 0x00,
    0x00, 0x04, 0x56, 0xdf, 0xb5, 0x55, 0x55, 0x55, 0x50, 0x00, 0x00, 0x01, 0x6e, 0xe6, 0x00, 0x00,
    0x08, 0x40, 0x00, 0x00, 0x00, 0x3e, 0xfe, 0x65, 0x56, 0x77, 0x9e, 0xfa, 0x20, 0x00, 0x00, 0x0e,
    0xff, 0xff, 0xff, 0xfe, 0xdd, 0xce, 0xe7, 0x00, 0x00, 0x00, 0x22, 0x21, 0x0c, 0xc0, 0x00, 0x01,
    0xb4, 0x00, 0x00, 0x00, 0x00, 0x00, 0x0c, 0xc0, 0x00, 0x00, 0x00, 0x00, 0x00, 0xcf, 0xff, 0xff,
    0xff, 0xff, 0xff, 0xff, 0xfc, 0x00, 0x00, 0x45, 0x55, 0x55, 0x5d, 0xd5, 0x55, 0x55, 0x54, 0x00,
    0x00, 0x00, 0x00, 0x00, 0x0c, 0xc0, 0x00, 0x00, 0x00, 0x00, 0x00, 0x00, 0x00, 0x00, 0x0c, 0xc0,
    0x00, 0x00, 0x00, 0x00, 0x9f, 0xff, 0xff, 0xff, 0xff, 0xff, 0xff, 0xff, 0xff, 0xf9, 0x35, 0x55,
    0x55, 0x55, 0x55, 0x55, 0x55, 0x55, 0x55, 0x53, 0x00, 0x00, 0x00, 0x00, 0x2b, 0x40, 0x00, 0x00,
    0x00, 0x00, 0x00, 0x00, 0x00, 0x00, 0x2e, 0xd1, 0x00, 0x00, 0x00, 0x00, 0x00, 0x00, 0x00, 0x00,
    0x07, 0xe3, 0x00, 0x00, 0x00, 0x00, 0x0f, 0xff, 0xff, 0xff, 0xff, 0xff, 0xff, 0xff, 0xff, 0xe0,
    0x0f, 0xc7, 0x77, 0x77, 0x77, 0x77, 0x77, 0x77, 0x7c, 0xe0, 0x0f, 0x90, 0x00, 0x00, 0x00, 0x00,
    0x00, 0x00, 0x09, 0xe0, 0x00, 0x0e, 0xff, 0xff, 0xff, 0xff, 0xff, 0xff, 0xf0, 0x00, 0x00, 0x06,
    0x66, 0x6a, 0xfb, 0x66, 0x66, 0x66, 0x60, 0x00, 0x00, 0x00, 0x01, 0x8f, 0xf2, 0x00, 0x00, 0x04,
    0xc3, 0x00, 0x00, 0x01, 0x7e, 0xd6, 0xdd, 0x10, 0x01, 0x9f, 0x91, 0x00, 0x16, 0xaf, 0xd7, 0x13,
    0xef, 0xb0, 0x7e, 0xc3, 0x00, 0x00, 0x1d, 0xa4, 0x00, 0x3e, 0xb6, 0xfe, 0xdf, 0x70, 0x00, 0x00,
    0x00, 0x00, 0x07, 0xfa, 0x16, 0xfd, 0x0a, 0xe1, 0x00, 0x00, 0x00, 0x04, 0xce, 0x60, 0x6f, 0xcf,
    0x12, 0xfa, 0x00, 0x00, 0x16, 0xcf, 0x92, 0x08, 0xf5, 0x5f, 0x30, 0x6f, 0x80, 0x00, 0x1c, 0x82,
    0x03, 0xcd, 0x30, 0x4f, 0x30, 0x09, 0xfa, 0x10, 0x00, 0x03, 0xaf, 0x91, 0x00, 0x6f, 0x20, 0x00,
    0x8f, 0xe5, 0x16, 0xcf, 0xa2, 0x00, 0x02, 0xde, 0x00, 0x00, 0x05, 0xc2, 0x1c, 0x82, 0x00, 0xef,
    0xff, 0xf7, 0x00, 0x00, 0x00, 0x00, 0x00, 0x00, 0x00, 0x57, 0x77, 0x30, 0x00, 0x00, 0x00, 0x00,
    0x00, 0xbf, 0xff, 0xff, 0xff, 0xff, 0xff, 0xff, 0xf7, 0x00, 0x00, 0x45, 0x55, 0x55, 0x55, 0x55,
    0x55, 0x55, 0xf7, 0x00, 0x00, 0x00, 0x00, 0x00, 0x00, 0x00, 0x00, 0x00, 0xf7, 0x00, 0x00, 0x3f,
    0xff, 0xff, 0xff, 0xff, 0xff, 0xff, 0xf7, 0x00, 0x00, 0x15, 0x55, 0x55, 0x55, 0x55, 0x55, 0x55,
    0xf7, 0x00, 0x00, 0x00, 0x00, 0x00, 0x00, 0x00, 0x00, 0x00, 0xf7, 0x00, 0x00, 0xef, 0xff, 0xff,
    0xff, 0xff, 0xff, 0xff, 0xf7, 0x00, 0x00, 0x55, 0x55, 0x55, 0x55, 0x55, 0x55, 0x55, 0xf7, 0x00,
    0x00, 0x00, 0x00, 0x00, 0x00, 0x00, 0x00, 0xdb, 0x00, 0x00, 0x00, 0x00, 0x00, 0x00, 0x00, 0x00,
    0x00, 0xdb, 0x00, 0x00, 0xaf, 0xff, 0xff, 0xff, 0xff, 0xff, 0xff, 0xff, 0xff, 0xfb, 0x46, 0x66,
    0x66, 0x66, 0x66, 0x66, 0x66, 0xed, 0x66, 0x65, 0x00, 0x00, 0x9a, 0x20, 0x00, 0x00, 0x00, 0xdb,
    0x00, 0x00, 0x00, 0x00, 0x2c, 0xe7, 0x00, 0x00, 0x00, 0xdb, 0x00, 0x00, 0x00, 0x00, 0x00, 0x8b,
    0x10, 0x00, 0x03, 0xfb, 0x00, 0x00, 0x00, 0x00, 0x00, 0x00, 0x02, 0xff, 0xff, 0xf7, 0x00, 0x00,
    0x00, 0x00, 0x00, 0x00, 0x00, 0xaa, 0x99, 0x60, 0x00, 0x00, 0x00, 0x7f, 0xff, 0xff, 0xff, 0xff,
    0xff, 0xff, 0x90, 0x00, 0x00, 0x7f, 0x65, 0x55, 0x55, 0x55, 0x55, 0x5e, 0x90, 0x00, 0x00, 0x7f,
    0x10, 0x00, 0x00, 0x00, 0x00, 0x0e, 0x90, 0x00, 0x00, 0x7f, 0xff, 0xff, 0xff, 0xff, 0xff, 0xff,
    0x90, 0x00, 0x00, 0x7f, 0x65, 0x55, 0x55, 0x55, 0x55, 0x5e, 0x92, 0xc3, 0x00, 0x7f, 0x10, 0x00,
    0x00, 0x00, 0x00, 0x00, 0x05, 0xf4, 0x00, 0x5f, 0x60, 0x00, 0x00, 0x00, 0x00, 0x00, 0x2b, 0xe1,
    0x00, 0x1d, 0xff, 0xff, 0xff, 0xff, 0xff, 0xff, 0xff, 0x70, 0x00, 0x01, 0x46, 0x66, 0x66, 0x66,
    0x66, 0x66, 0x52, 0x00, 0x00, 0x00, 0x00, 0x00, 0x00, 0x00, 0x01, 0xf8, 0x00, 0x00, 0xbf, 0xff,
    0xff, 0xff, 0xff, 0xff, 0xff, 0xff, 0xff, 0xfb, 0x46, 0x66, 0x66, 0x66, 0x66, 0x66, 0x67, 0xfb,
    0x66, 0x64, 0x00, 0x00, 0x9a, 0x10, 0x00, 0x00, 0x01, 0xf8, 0x00, 0x00, 0x00, 0x00, 0x3c, 0xe5,
    0x00, 0x00, 0x01, 0xf8, 0x00, 0x00, 0x00, 0x00, 0x01, 0x99, 0x00, 0x00, 0x05, 0xf7, 0x00, 0x00,
    0x00, 0x00, 0x00, 0x00, 0x06, 0xff, 0xff, 0xf3, 0x00, 0x00, 0x00, 0x00, 0x00, 0x00, 0x02, 0xa9,
    0x98, 0x30, 0x00, 0x00, 0x00, 0x04, 0xf4, 0x00, 0x00, 0x5c, 0x30, 0x00, 0x00, 0x00, 0x00, 0x04,
    0xf4, 0x00, 0x06, 0xf9, 0x00, 0x00, 0x00, 0x00, 0x00, 0x04, 0xf4, 0x00, 0x9f, 0xff, 0xff, 0xff,
    0xff, 0xc0, 0x5c, 0x14, 0xf4, 0x4d, 0xe7, 0x55, 0x55, 0x55, 0xaf, 0x90, 0x2e, 0xc5, 0xf4, 0xb9,
    0x26, 0xa1, 0x00, 0x1a, 0xf9, 0x00, 0x05, 0xb6, 0xf4, 0x00, 0x04, 0xec, 0x28, 0xee, 0x60, 0x00,
    0x00, 0x04, 0xf4, 0x00, 0x01, 0x6f, 0xfe, 0x71, 0x00, 0x00, 0x00, 0x04, 0xf4, 0x49, 0xcf, 0xfb,
    0x50, 0x00, 0x00, 0x00, 0x00, 0x04, 0xf4, 0x5d, 0x95, 0x10, 0x00, 0x0a, 0xd0, 0x00, 0x00, 0x1d,
    0xf4, 0x00, 0x00, 0x00, 0x00, 0x0a, 0xd0, 0x00, 0x00, 0xbf, 0xf4, 0xcf, 0xff, 0xff, 0xff, 0xff,
    0xff, 0xfb, 0x0a, 0xe7, 0xf4, 0x56, 0x66, 0x66, 0x66, 0x6c, 0xe6, 0x64, 0x9f, 0x54, 0xf4, 0x00,
    0x4c, 0x40, 0x00, 0x0a, 0xd0, 0x00, 0x57, 0x04, 0xf4, 0x00, 0x2c, 0xf7, 0x00, 0x0a, 0xd0, 0x00,
    0x00, 0x04, 0xf4, 0x00, 0x01, 0xa7, 0x00, 0x0a, 0xd0, 0x00, 0x00, 0x04, 0xf4, 0x00, 0x00, 0x00,
    0x00, 0x0b, 0xd0, 0x00, 0x00, 0x04, 0xf4, 0x00, 0x00, 0x06, 0xb9, 0x9f, 0xb0, 0x00, 0x00, 0x04,
    0xf4, 0x00, 0x00, 0x04, 0xff, 0xfc, 0x30, 0x00, 0x00, 0x01, 0x51, 0x00, 0x0c, 0xc0, 0x00, 0x15,
    0x10, 0x00, 0x00, 0x07, 0xef, 0x70, 0x0c, 0xc0, 0x08, 0xef, 0x70, 0x00, 0x00, 0x00, 0x15, 0x00,
    0x0c, 0xc0, 0x01, 0x61, 0x00, 0x00, 0x0d, 0xff, 0xff, 0xff, 0xff, 0xff, 0xff, 0xff, 0xff, 0xe0,
    0x0d, 0xc6, 0x66, 0x66, 0x66, 0x66, 0x66, 0x66, 0x6c, 0xe0, 0x00, 0x00, 0x00, 0x00, 0x00, 0x00,
    0x00, 0x00, 0x00, 0x00, 0x00, 0x0b, 0xff, 0xff, 0xff, 0xff, 0xff, 0xff, 0xc0, 0x00, 0x00, 0x04,
    0x66, 0x66, 0x66, 0x66, 0x66, 0x66, 0x50, 0x00, 0x00, 0x00, 0x00, 0x00, 0x00, 0x00, 0x00, 0x00,
    0x00, 0x00, 0x00, 0x00, 0x00, 0x00, 0x00, 0x00, 0x00, 0x00, 0x00, 0x00, 0x7f, 0xff, 0xff, 0xff,
    0xff, 0xff, 0xff, 0xff, 0xff, 0xf8, 0x36, 0x66, 0x66, 0xaf, 0xc6, 0x66, 0x66, 0x66, 0x66, 0x63,
    0x00, 0x00, 0x02, 0xed, 0x10, 0x00, 0x6b, 0x10, 0x00, 0x00, 0x00, 0x00, 0x1c, 0xd2, 0x00, 0x00,
    0x3e, 0xb0, 0x00, 0x00, 0x00, 0x01, 0xbd, 0x21, 0x12, 0x23, 0x37, 0xfb, 0x00, 0x00, 0x00, 0x5d,
    0xff, 0xff, 0xff, 0xff, 0xff, 0xff, 0x90, 0x00, 0x00, 0x5d, 0x98, 0x76, 0x54, 0x32, 0x21, 0x06,
    0xf8, 0x00, 0x00, 0x00, 0x00, 0x00, 0x00, 0x00, 0x00, 0x00, 0xa4, 0x00, 0x00, 0x00, 0x7b, 0x10,
    0x00, 0x00, 0xe8, 0x00, 0x00, 0x00, 0x00, 0x00, 0x2d, 0x50, 0x00, 0x00, 0xe7, 0x2c, 0x40, 0x00,
    0x7f, 0xff, 0xff, 0xff, 0xff, 0x80, 0xe7, 0x07, 0xf9, 0x10, 0x25, 0x55, 0x55, 0x55, 0x55, 0x30,
    0xe7, 0x00, 0x3c, 0x20, 0x00, 0x00, 0x00, 0x00, 0x00, 0x00, 0xf7, 0x00, 0x00, 0x00, 0x04, 0xff,
    0xff, 0xff, 0xf7, 0xff, 0xff, 0xff, 0xff, 0xf2, 0x04, 0xf5, 0x44, 0x44, 0xe7, 0x67, 0xf9, 0xdc,
    0x66, 0x61, 0x04, 0xf1, 0x00, 0x00, 0xe7, 0x02, 0xf5, 0xca, 0x00, 0x00, 0x04, 0xf1, 0x00, 0x00,
    0xe7, 0x03, 0xf3, 0xca, 0x00, 0x00, 0x04, 0xff, 0xff, 0xff, 0xf7, 0x05, 0xf1, 0xca, 0x00, 0x00,
    0x04, 0xf5, 0x5f, 0x74, 0xe7, 0x09, 0xe0, 0xca, 0x00, 0x00, 0x00, 0xb7, 0x1f, 0x4a, 0x70, 0x0d,
    0xa0, 0xca, 0x00, 0x00, 0x05, 0xf4, 0x1f, 0x47, 0xf5, 0x3f, 0x50, 0xca, 0x00, 0xa6, 0x2e, 0xa0,
    0x1f, 0x40, 0xa6, 0xae, 0x10, 0xca, 0x00, 0xca, 0x4c, 0x10, 0x1f, 0x40, 0x03, 0xf7, 0x00, 0xca,
    0x00, 0xe8, 0x00, 0x11, 0x4f, 0x40, 0x1c, 0xd1, 0x00, 0xbc, 0x03, 0xf6, 0x00, 0x9f, 0xfe, 0x10,
    0xaf, 0x40, 0x00, 0x8f, 0xff, 0xe1, 0x00, 0x36, 0x62, 0x00, 0xa6, 0x00, 0x00, 0x05, 0x65, 0x10,
    0x00, 0x9f, 0xff, 0xff, 0xff, 0xff, 0xff, 0xff, 0xfc, 0x00, 0x00, 0x9f, 0x66, 0x66, 0x66, 0x66,
    0x66, 0x66, 0xcc, 0x00, 0x00, 0x9e, 0x00, 0x00, 0x00, 0x00, 0x00, 0x00, 0xac, 0x00, 0x00, 0x9e,
    0x00, 0x00, 0x00, 0x00, 0x00, 0x00, 0xac, 0x00, 0x00, 0x9f, 0xff, 0xff, 0xff, 0xff, 0xff, 0xff,
    0xfc, 0x00, 0x00, 0x9f, 0x66, 0x66, 0x66, 0x66, 0x66, 0x66, 0xcc, 0x00, 0x00, 0x9e, 0x00, 0x00,
    0x00, 0x00, 0x00, 0x00, 0x00, 0x00, 0x00, 0x9e, 0x00, 0x00, 0x00, 0x7f, 0x10, 0x00, 0x00, 0x00,
    0x00, 0x9f, 0xff, 0xff, 0xff, 0xff, 0xff, 0xff, 0xff, 0xf4, 0x00, 0xae, 0x66, 0x66, 0x66, 0xaf,
    0x66, 0x66, 0x66, 0x62, 0x00, 0xbd, 0x00, 0x00, 0x00, 0x7f, 0x10, 0x00, 0x00, 0x00, 0x00, 0xec,
    0x0a, 0xff, 0xff, 0xff, 0xff, 0xff, 0xf6, 0x00, 0x02, 0xf9, 0x0a, 0xd5, 0x55, 0x55, 0x55, 0x56,
    0xf6, 0x00, 0x07, 0xf5, 0x0a, 0xc0, 0x00, 0x00, 0x00, 0x01, 0xf6, 0x00, 0x0d, 0xe0, 0x0a, 0xc0,
    0x00, 0x00, 0x00, 0x01, 0xf6, 0x00, 0x7f, 0x70, 0x0a, 0xff, 0xff, 0xff, 0xff, 0xff, 0xf6, 0x00,
    0x3a, 0x00, 0x0a, 0xd5, 0x55, 0x55, 0x55, 0x56, 0xf6, 0x00, 0x00, 0x8f, 0xff, 0xff, 0xff, 0xff,
    0xff, 0xff, 0xff, 0xa0, 0x00, 0x8f, 0x55, 0x55, 0x55, 0x55, 0x55, 0x55, 0x5d, 0xa0, 0x00, 0x8e,
    0x00, 0x00, 0x00, 0x00, 0x00, 0x00, 0x0c, 0xa0, 0x00, 0x8f, 0xff, 0xff, 0xff, 0xff, 0xff, 0xff,
    0xff, 0xa0, 0x00, 0x8f, 0x55, 0x58, 0xd5, 0x55, 0x55, 0xd9, 0x5d, 0xa0, 0x00, 0x8e, 0x00, 0x04,
    0xfa, 0x00, 0x05, 0xf8, 0x00, 0x00, 0x00, 0x8e, 0x00, 0x00, 0x7c, 0x10, 0x1d, 0xb0, 0x00, 0x00,
    0x00, 0x8e, 0x4f, 0xff, 0xff, 0xff, 0xff, 0xff, 0xff, 0x80, 0x00, 0x8e, 0x25, 0x55, 0xea, 0x55,
    0x57, 0xf7, 0x55, 0x30, 0x00, 0x9d, 0x00, 0x00, 0xe7, 0x00, 0x03, 0xf4, 0x00, 0x00, 0x00, 0xac,
    0x00, 0x00, 0xf7, 0x00, 0x03, 0xf4, 0x00, 0x00, 0x00, 0xdf, 0xff, 0xff, 0xff, 0xff, 0xff, 0xff,
    0xff, 0xfa, 0x01, 0xfa, 0x55, 0x59, 0xf7, 0x55, 0x57, 0xf7, 0x55, 0x53, 0x07, 0xf3, 0x00, 0x0a,
    0xe0, 0x00, 0x03, 0xf4, 0x00, 0x00, 0x1d, 0xc0, 0x00, 0x6f, 0x70, 0x00, 0x03, 0xf4, 0x00, 0x00,
    0x9f, 0x40, 0x06, 0xfa, 0x00, 0x00, 0x03, 0xf4, 0x00, 0x00, 0x58, 0x00, 0x09, 0x80, 0x00, 0x00,
    0x03, 0xf4, 0x00, 0x00, 0x06, 0xff, 0xff, 0xff, 0xff, 0xff, 0xff, 0xff, 0xf5, 0x00, 0x03, 0x77,
    0x77, 0x77, 0x77, 0x77, 0x77, 0x79, 0xf5, 0x00, 0x00, 0x00, 0x00, 0x00, 0x00, 0x00, 0x00, 0x05,
    0xf5, 0x00, 0x00, 0x00, 0x00, 0x00, 0x00, 0x00, 0x00, 0x05, 0xf5, 0x00, 0x00, 0xaf, 0x00, 0x00,
    0x00, 0x00, 0x00, 0x05, 0xf5, 0x00, 0x00, 0xaf, 0x00, 0x00, 0x00, 0x00, 0x00, 0x05, 0xf5, 0x00,
    0x00, 0xaf, 0xff, 0xff, 0xff, 0xff, 0xff, 0xff, 0xf5, 0x00, 0x00, 0xaf, 0x77, 0x77, 0x77, 0x77,
    0x77, 0x79, 0xf5, 0x00, 0x00, 0xaf, 0x00, 0x00, 0x00, 0x00, 0x00, 0x02, 0x72, 0x00, 0x00, 0xaf,
    0x00, 0x00, 0x00, 0x00, 0x00, 0x00, 0x00, 0x00, 0x00, 0xaf, 0x00, 0x00, 0x00, 0x00, 0x00, 0x00,
    0x00, 0x00, 0x00, 0xaf, 0x00, 0x00, 0x00, 0x00, 0x00, 0x00, 0x03, 0xc4, 0x00, 0xaf, 0x00, 0x00,
    0x00, 0x00, 0x00, 0x00, 0x05, 0xf6, 0x00, 0xaf, 0x00, 0x00, 0x00, 0x00, 0x00, 0x00, 0x08, 0xf3,
    0x00, 0x9f, 0x70, 0x00, 0x00, 0x00, 0x00, 0x00, 0x4e, 0xe0, 0x00, 0x3f, 0xff, 0xff, 0xff, 0xff,
    0xff, 0xff, 0xff, 0x70, 0x00, 0x03, 0x8a, 0xaa, 0xaa, 0xaa, 0xaa, 0xaa, 0x84, 0x00, 0x00, 0x00,
    0x00, 0x00, 0x5c, 0x20, 0x00, 0x00, 0x00, 0x00, 0x00, 0x00, 0x00, 0x00, 0x3f, 0xb0, 0x00, 0x00,
    0x00, 0x00, 0x00, 0x00, 0x00, 0x00, 0x09, 0xc2, 0x00, 0x00, 0x00, 0x00, 0x6f, 0xff, 0xff, 0xff,
    0xff, 0xff, 0xff, 0xff, 0xff, 0xf8, 0x37, 0x77, 0x77, 0x77, 0x7d, 0xd7, 0x77, 0x77, 0x77, 0x74,
    0x00, 0x00, 0x00, 0x00, 0x0c, 0xc0, 0x00, 0x00, 0x00, 0x00, 0x00, 0x00, 0x00, 0x00, 0x0c, 0xc0,
    0x00, 0x00, 0x00, 0x00, 0x00, 0xbf, 0xff, 0xff, 0xff, 0xff, 0xff, 0xff, 0xfd, 0x00, 0x00, 0xbd,
    0x77, 0x77, 0x7d, 0xd7, 0x77, 0x77, 0xcd, 0x00, 0x00, 0xbc, 0x00, 0x00, 0x0c, 0xc0, 0x00, 0x00,
    0xad, 0x00, 0x00, 0xbc, 0x00, 0x00, 0x0c, 0xc0, 0x00, 0x00, 0xad, 0x00, 0x00, 0xbc, 0x00, 0x00,
    0x0c, 0xc0, 0x00, 0x00, 0xad, 0x00, 0x00, 0xbc, 0x00, 0x00, 0x0c, 0xc0, 0x00, 0x00, 0xad, 0x00,
    0x00, 0xbc, 0x00, 0x00, 0x0c, 0xc0, 0x00, 0x00, 0xad, 0x00, 0x00, 0xbc, 0x00, 0x00, 0x0c, 0xc0,
    0x00, 0x00, 0xad, 0x00, 0x00, 0xbc, 0x00, 0x00, 0x0c, 0xc0, 0x00, 0x02, 0xdc, 0x00, 0x00, 0xbc,
    0x00, 0x00, 0x0c, 0xc0, 0x6f, 0xff, 0xf7, 0x00, 0x00, 0xbc, 0x00, 0x00, 0x0c, 0xc0, 0x28, 0x87,
    0x40, 0x00, 0x00, 0x00, 0x00, 0x00, 0x0c, 0xc0, 0x00, 0x00, 0x00, 0x00, 0x00, 0x00, 0x00, 0x00,
    0x0c, 0xc0, 0x00, 0x00, 0x00, 0x00, 0x00, 0x00, 0x0e, 0x70, 0x00, 0x00, 0x00, 0x00, 0x00, 0x00,
    0x00, 0x00, 0x0e, 0x70, 0x00, 0x04, 0xff, 0xff, 0xff, 0x70, 0x0f, 0xff, 0xff, 0xff, 0xff, 0x84,
    0xf6, 0x44, 0x9f, 0x40, 0x04, 0x44, 0x4e, 0x94, 0x44, 0x24, 0xf3, 0x02, 0xe9, 0x00, 0x08, 0xff,
    0xff, 0xff, 0xff, 0x04, 0xf3, 0x0b, 0xf2, 0x00, 0x02, 0x44, 0x5f, 0x74, 0x44, 0x04, 0xf3, 0x02,
    0xcd, 0x20, 0x00, 0x00, 0x5f, 0x30, 0x00, 0x04, 0xf3, 0x00, 0x1c, 0xa0, 0x4f, 0xff, 0xff, 0xff,
    0xff, 0xb4, 0xf3, 0x20, 0x1a, 0xd0, 0x14, 0x4a, 0xf8, 0x44, 0x44, 0x34, 0xf3, 0xef, 0xff, 0x90,
    0x04, 0xbe, 0x60, 0x00, 0x09, 0xd4, 0xf3, 0x45, 0x54, 0x00, 0x0a, 0xa2, 0x00, 0x00, 0x09, 0xd0,
    0x00, 0x00, 0x00, 0x00, 0x00, 0x09, 0xff, 0xff, 0xff, 0xff, 0xff, 0xff, 0xf1, 0x00, 0x00, 0x09,
    0xe4, 0x44, 0x4b, 0xe4, 0x44, 0x49, 0xf1, 0x00, 0x00, 0x09, 0xd0, 0x00, 0x09, 0xd0, 0x00, 0x06,
    0xf1, 0x00, 0x00, 0x09, 0xd0, 0x00, 0x09, 0xd0, 0x00, 0x06, 0xf1, 0x00, 0x00, 0x09, 0xd0, 0x00,
    0x09, 0xd0, 0x10, 0x09, 0xf0, 0x00, 0x00, 0x09, 0xd0, 0x00, 0x09, 0xd0, 0xbf, 0xff, 0xa0, 0x00,
    0x00, 0x03, 0x50, 0x00, 0x09, 0xd0, 0x36, 0x64, 0x00, 0x00, 0x00, 0x00, 0x00, 0x00, 0x09, 0xd0,
    0x00, 0x00, 0x00, 0x00, 0x00, 0x09, 0x91, 0x00, 0x0c, 0xc0, 0x00, 0x07, 0xc2, 0x00, 0x00, 0x03,
    0xed, 0x40, 0x0c, 0xc0, 0x02, 0xbf, 0x80, 0x00, 0x00, 0x00, 0x2c, 0x50, 0x0c, 0xc0, 0x06, 0xe4,
    0x00, 0x00, 0x0d, 0xff, 0xff, 0xff, 0xff, 0xff, 0xff, 0xff, 0xff, 0xe0, 0x0d, 0xb5, 0x55, 0x55,
    0x55, 0x55, 0x55, 0x55, 0x5b, 0xe0, 0x0d, 0xa0, 0x00, 0x00, 0x00, 0x00, 0x00, 0x00, 0x09, 0xe0,
    0x0d, 0xa1, 0xff, 0xff, 0xff, 0xff, 0xff, 0xff, 0x39, 0xe0, 0x00, 0x01, 0xf9, 0x44, 0x44, 0x44,
    0x44, 0x7f, 0x30, 0x00, 0x00, 0x01, 0xf7, 0x00, 0x00, 0x00, 0x00, 0x5f, 0x30, 0x00, 0x00, 0x01,
    0xff, 0xff, 0xff, 0xff, 0xff, 0xff, 0x30, 0x00, 0x00, 0x01, 0xf9, 0x44, 0x4c, 0xd4, 0x44, 0x7f,
    0x30, 0x00, 0x00, 0x00, 0x00, 0x00, 0x0b, 0xc0, 0x00, 0x00, 0x00, 0x00, 0x00, 0xbf, 0xff, 0xff,
    0xff, 0xff, 0xff, 0xff, 0xff, 0x00, 0x00, 0xbd, 0x44, 0x44, 0x4c, 0xd4, 0x44, 0x44, 0xaf, 0x00,
    0x00, 0xbc, 0x00, 0x00, 0x0b, 0xc0, 0x00, 0x00, 0x8f, 0x00, 0x00, 0xbc, 0x00, 0x00, 0x0b, 0xc0,
    0x00, 0x01, 0xbe, 0x00, 0x00, 0xbc, 0x00, 0x00, 0x0b, 0xc0, 0x0d, 0xff, 0xf9, 0x00, 0x00, 0xbc,
    0x00, 0x00, 0x0b, 0xc0, 0x04, 0x66, 0x40, 0x00, 0x00, 0x00, 0x00, 0x00, 0x0b, 0xc0, 0x00, 0x00,
    0x00, 0x00, 0x00, 0x00, 0x00, 0x9c, 0x00, 0x00, 0xc9, 0x00, 0x00, 0x00, 0x4f, 0xff, 0xff, 0xff,
    0xff, 0xff, 0xff, 0xff, 0xff, 0xf4, 0x12, 0x22, 0x22, 0xac, 0x22, 0x22, 0xca, 0x22, 0x22, 0x21,
    0x00, 0x00, 0x00, 0x9c, 0x00, 0x00, 0xc9, 0x00, 0x00, 0x00, 0x00, 0x0e, 0xff, 0xff, 0xff, 0xff,
    0xff, 0xff, 0xe0, 0x00, 0x00, 0x0e, 0x71, 0x11, 0x11, 0x11, 0x11, 0x17, 0xe0, 0x00, 0x00, 0x0e,
    0xff, 0xff, 0xff, 0xff, 0xff, 0xff, 0xe0, 0x00, 0x00, 0x0e, 0x71, 0x11, 0x11, 0x11, 0x11, 0x17,
    0xe0, 0x00, 0x00, 0x0e, 0xff, 0xff, 0xff, 0xff, 0xff, 0xff, 0xe0, 0x00, 0x00, 0x0e, 0x71, 0x3e,
    0x91, 0x11, 0x11, 0x17, 0xe0, 0x00, 0x00, 0x00, 0x00, 0xae, 0x10, 0x00, 0x00, 0x00, 0x00, 0x00,
    0x1f, 0xff, 0xff, 0xff, 0xff, 0xff, 0xff, 0xff, 0xff, 0xf2, 0x02, 0x26, 0xd9, 0x32, 0x2c, 0xa2,
    0x24, 0xaa, 0x32, 0x20, 0x16, 0xcf, 0xff, 0xff, 0xff, 0xff, 0xff, 0xff, 0xfa, 0x62, 0x6c, 0x72,
    0xf5, 0x11, 0x1b, 0x91, 0x11, 0x3f, 0x68, 0xd6, 0x00, 0x00, 0xf4, 0x00, 0x0b, 0x90, 0x00, 0x5f,
    0x20, 0x00, 0x00, 0x00, 0xf4, 0x00, 0x0b, 0x90, 0xff, 0xfd, 0x10, 0x00, 0x00, 0x00, 0x00, 0x00,
    0x0b, 0x90, 0x33, 0x31, 0x00, 0x00, 0x00, 0x00, 0x00, 0x00, 0x03, 0xc3, 0x00, 0x00, 0x00, 0x00,
    0x00, 0x00, 0x00, 0x00, 0x01, 0xdd, 0x10, 0x00, 0x00, 0x00, 0x00, 0xaf, 0xff, 0xff, 0xff, 0xff,
    0xff, 0xff, 0xff, 0xf6, 0x00, 0xad, 0x66, 0x66, 0x66, 0x66, 0x66, 0x66, 0x66, 0x62, 0x00, 0xac,
    0x00, 0x00, 0x00, 0x00, 0x00, 0xca, 0x00, 0x00, 0x00, 0xac, 0xbf, 0xff, 0xff, 0xff, 0xff, 0xff,
    0xff, 0xf3, 0x00, 0xac, 0x34, 0x4d, 0xb4, 0x44, 0x44, 0xdc, 0x44, 0x41, 0x00, 0xac, 0x00, 0x0c,
    0xa0, 0x00, 0x00, 0xca, 0x00, 0x00, 0x00, 0xac, 0x00, 0x0c, 0xff, 0xff, 0xff, 0xfa, 0x00, 0x00,
    0x00, 0xbc, 0x00, 0x0c, 0xb4, 0x44, 0x44, 0xda, 0x00, 0x00, 0x00, 0xcb, 0x00, 0x00, 0x00, 0x00,
    0x00, 0x00, 0x00, 0x00, 0x00, 0xda, 0x2f, 0xff, 0xff, 0xff, 0xff, 0xff, 0xf1, 0x00, 0x01, 0xf8,
    0x14, 0x7f, 0xa4, 0x44, 0x44, 0x9f, 0xb0, 0x00, 0x04, 0xf5, 0x00, 0x05, 0xf9, 0x10, 0x19, 0xf8,
    0x00, 0x00, 0x09, 0xf1, 0x00, 0x00, 0x2c, 0xe9, 0xeb, 0x20, 0x00, 0x00, 0x1e, 0xa0, 0x00, 0x03,
    0x8d, 0xeb, 0xfc, 0x61, 0x00, 0x00, 0x9f, 0x33, 0x7a, 0xdf, 0xc6, 0x00, 0x39, 0xef, 0xca, 0x72,
    0x58, 0x07, 0xd9, 0x52, 0x00, 0x00, 0x00, 0x04, 0x8b, 0xe2, 0x00, 0x00, 0x00, 0x00, 0x04, 0xc1,
    0x00, 0x00, 0x00, 0x00, 0x00, 0x00, 0x00, 0x00, 0x02, 0xea, 0x00, 0x00, 0x00, 0x00, 0x01, 0xff,
    0xff, 0xff, 0xff, 0xff, 0xff, 0xff, 0xff, 0xf5, 0x01, 0xf9, 0x66, 0x66, 0x66, 0x66, 0x66, 0x66,
    0x66, 0x62, 0x01, 0xf6, 0x00, 0x00, 0x00, 0x02, 0x45, 0x79, 0xce, 0x30, 0x01, 0xf6, 0xaf, 0xff,
    0xf0, 0x9f, 0xff, 0xfc, 0x97, 0x20, 0x01, 0xf6, 0x34, 0x5e, 0xc0, 0x23, 0x24, 0xf3, 0x00, 0x00,
    0x01, 0xf6, 0x00, 0xbd, 0x10, 0x00, 0x04, 0xf3, 0x00, 0x00, 0x01, 0xf6, 0x0a, 0xd2, 0x00, 0xaf,
    0xff, 0xff, 0xff, 0x90, 0x01, 0xf6, 0x5f, 0xff, 0xf3, 0x35, 0x57, 0xf7, 0x55, 0x30, 0x02, 0xf6,
    0x14, 0x47, 0xf1, 0x00, 0x04, 0xf3, 0x00, 0x00, 0x03, 0xf5, 0x3d, 0x39, 0xc0, 0x00, 0x04, 0xf3,
    0x00, 0x00, 0x05, 0xf3, 0x0d, 0xef, 0x60, 0xff, 0xff, 0xff, 0xff, 0xe0, 0x08, 0xf0, 0x04, 0xff,
    0x20, 0x55, 0x55, 0x55, 0x55, 0x40, 0x0d, 0xb0, 0x09, 0xff, 0xe9, 0x53, 0x11, 0x11, 0x11, 0x22,
    0x6f, 0x53, 0xcf, 0x73, 0xae, 0xff, 0xff, 0xff, 0xff, 0xf8, 0x5a, 0x04, 0xc4, 0x00, 0x00, 0x24,
    0x55, 0x55, 0x55, 0x51, 0x0b, 0xff, 0xff, 0xff, 0xff, 0xff, 0xff, 0xff, 0xff, 0xc0, 0x06, 0x88,
    0x8c, 0xf9, 0x88, 0x88, 0x8e, 0xe8, 0x88, 0x60, 0x00, 0x00, 0x08, 0xf1, 0x00, 0x00, 0x0c, 0xc0,
    0x00, 0x00, 0x00, 0x00, 0x08, 0xf1, 0x00, 0x00, 0x0c, 0xc0, 0x00, 0x00, 0x00, 0x00, 0x08, 0xf1,
    0x00, 0x00, 0x0c, 0xc0, 0x00, 0x00, 0x00, 0x00, 0x08, 0xf1, 0x00, 0x00, 0x0c, 0xc0, 0x00, 0x00,
    0x00, 0x00, 0x08, 0xf1, 0x00, 0x00, 0x0c, 0xc0, 0x00, 0x00, 0x9f, 0xff, 0xff, 0xff, 0xff, 0xff,
    0xff, 0xff, 0xff, 0xf9, 0x58, 0x88, 0x8c, 0xf9, 0x88, 0x88, 0x8e, 0xe8, 0x88, 0x85, 0x00, 0x00,
    0x09, 0xf0, 0x00, 0x00, 0x0c, 0xc0, 0x00, 0x00, 0x00, 0x00, 0x0a, 0xe0, 0x00, 0x00, 0x0c, 0xc0,
    0x00, 0x00, 0x00, 0x00, 0x0d, 0xb0, 0x00, 0x00, 0x0c, 0xc0, 0x00, 0x00, 0x00, 0x00, 0x4f, 0x70,
    0x00, 0x00, 0x0c, 0xc0, 0x00, 0x00, 0x00, 0x02, 0xde, 0x10, 0x00, 0x00, 0x0c, 0xc0, 0x00, 0x00,
    0x00, 0x4d, 0xe4, 0x00, 0x00, 0x00, 0x0c, 0xc0, 0x00, 0x00, 0x29, 0xfd, 0x30, 0x00, 0x00, 0x00,
    0x0c, 0xc0, 0x00, 0x00, 0x1b, 0x81, 0x00, 0x00, 0x00, 0x00, 0x0c, 0xc0, 0x00, 0x00, 0x00, 0x00,
    0x00, 0x00, 0x00, 0x00, 0x00, 0x00, 0xcc, 0x00, 0x08, 0xff, 0xff, 0xff, 0xff, 0xf4, 0x00, 0x00,
    0xcc, 0x00, 0x04, 0x77, 0x77, 0x77, 0x7a, 0xf4, 0x00, 0x00, 0xcc, 0x00, 0x00, 0x00, 0x00, 0x00,
    0x06, 0xf4, 0x00, 0x00, 0xcc, 0x00, 0x00, 0x00, 0x00, 0x00, 0x06, 0xf4, 0x00, 0x00, 0xcc, 0x00,
    0x00, 0x8f, 0xff, 0xff, 0xff, 0xf4, 0x00, 0x00, 0xcc, 0x00, 0x00, 0xbe, 0x77, 0x77, 0x7a, 0xf4,
    0x00, 0x00, 0xcc, 0x00, 0x00, 0xea, 0x00, 0x00, 0x00, 0x00, 0x00, 0x00, 0xcc, 0x00, 0x02, 0xf7,
    0x00, 0x00, 0x00, 0x00, 0x00, 0x00, 0xcc, 0x00, 0x05, 0xff, 0xff, 0xff, 0xff, 0xf6, 0x00, 0x00,
    0xcc, 0x00, 0x03, 0x77, 0x77, 0x77, 0x79, 0xf5, 0x00, 0x00, 0xcc, 0x00, 0x00, 0x00, 0x00, 0x00,
    0x05, 0xf4, 0x00, 0x00, 0xcc, 0x00, 0x00, 0x00, 0x00, 0x00, 0x07, 0xf3, 0x00, 0x00, 0xcc, 0x00,
    0x00, 0x00, 0x00, 0x00, 0x08, 0xf1, 0x00, 0x00, 0xcc, 0x00, 0x00, 0x00, 0x00, 0x00, 0x0b, 0xe0,
    0x00, 0x00, 0xcc, 0x00, 0x00, 0x00, 0x00, 0x00, 0x5f, 0xb0, 0x00, 0x00, 0xcc, 0x00, 0x00, 0x0b,
    0xff, 0xff, 0xff, 0x40, 0x00, 0x00, 0xcc, 0x00, 0x00, 0x04, 0x9a, 0xaa, 0x83, 0x00, 0x00, 0x00,
    0xcc, 0x00, 0x00, 0x00, 0x00, 0x00, 0x00, 0x00, 0x00, 0x00, 0x98, 0x00, 0x00, 0x00, 0x3c, 0x20,
    0x00, 0x00, 0x08, 0x80, 0x00, 0x00, 0x00, 0x00, 0x3e, 0xe3, 0x00, 0x00, 0x7f, 0xb0, 0x00, 0x00,
    0x00, 0x00, 0x02, 0xd7, 0x00, 0x01, 0xeb, 0x00, 0x00, 0x00, 0x0b, 0xff, 0xff, 0xff, 0xff, 0xff,
    0xff, 0xff, 0xff, 0x00, 0x04, 0x66, 0x66, 0x66, 0x6e, 0xd6, 0x66, 0x66, 0xbf, 0x00, 0x00, 0x00,
    0x00, 0x00, 0x0d, 0xc0, 0x00, 0x00, 0x9f, 0x00, 0x00, 0x00, 0x00, 0x00, 0x0d, 0xc0, 0x00, 0x00,
    0x9f, 0x00, 0x00, 0xdf, 0xff, 0xff, 0xff, 0xff, 0xff, 0xff, 0xff, 0x00, 0x01, 0xfb, 0x66, 0x66,
    0x6e, 0xd6, 0x66, 0x66, 0xbf, 0x00, 0x03, 0xf5, 0x00, 0x00, 0x0d, 0xc0, 0x00, 0x00, 0x00, 0x00,
    0x06, 0xff, 0xff, 0xff, 0xff, 0xff, 0xff, 0xff, 0xff, 0xf1, 0x03, 0x66, 0x66, 0x6e, 0xee, 0xd6,
    0x66, 0x66, 0x6c, 0xf0, 0x00, 0x00, 0x00, 0x9f, 0x5d, 0xc0, 0x00, 0x00, 0x0a, 0xe0, 0x00, 0x00,
    0x08, 0xf8, 0x0d, 0xc0, 0x00, 0x00, 0x0b, 0xd0, 0x00, 0x01, 0xaf, 0x70, 0x0d, 0xc0, 0x00, 0x00,
    0x3e, 0xb0, 0x00, 0x4d, 0xe5, 0x00, 0x0d, 0xc0, 0x0b, 0xff, 0xff, 0x60, 0x3b, 0xfb, 0x20, 0x00,
    0x0d, 0xc0, 0x05, 0x88, 0x74, 0x00, 0x5c, 0x40, 0x00, 0x00, 0x0d, 0xc0, 0x00, 0x00, 0x00, 0x00,
    0x00, 0x00, 0x00, 0x00, 0x0c, 0xc0, 0x00, 0x00, 0x00, 0x00, 0x00, 0x4b, 0x10, 0x00, 0x0c, 0xc0,
    0x00, 0x01, 0xb4, 0x00, 0x00, 0x4e, 0xd2, 0x00, 0x0c, 0xc0, 0x00, 0x1c, 0xf7, 0x00, 0x00, 0x04,
    0xfd, 0x10, 0x0c, 0xc0, 0x01, 0xcf, 0x70, 0x00, 0x00, 0x00, 0x5f, 0xc1, 0x0c, 0xc0, 0x2d, 0xf6,
    0x00, 0x00, 0x00, 0x00, 0x07, 0x80, 0x0c, 0xc0, 0x1b, 0x50, 0x00, 0x00, 0x00, 0x00, 0x00, 0x00,
    0x0c, 0xc0, 0x00, 0x00, 0x00, 0x00, 0x05, 0xff, 0xff, 0xff, 0xff, 0xff, 0xff, 0xff, 0xff, 0x30,
    0x02, 0x66, 0x66, 0x66, 0x66, 0x66, 0x66, 0x66, 0xaf, 0x30, 0x00, 0x00, 0x00, 0x00, 0x00, 0x00,
    0x00, 0x00, 0x7f, 0x30, 0x00, 0x00, 0x00, 0x00, 0x00, 0x00, 0x00, 0x00, 0x7f, 0x30, 0x00, 0xbf,
    0xff, 0xff, 0xff, 0xff, 0xff, 0xff, 0xff, 0x30, 0x00, 0x46, 0x66, 0x66, 0x66, 0x66, 0x66, 0x66,
    0xaf, 0x30, 0x00, 0x00, 0x00, 0x00, 0x00, 0x00, 0x00, 0x00, 0x7f, 0x30, 0x00, 0x00, 0x00, 0x00,
    0x00, 0x00, 0x00, 0x00, 0x7f, 0x30, 0x00, 0x00, 0x00, 0x00, 0x00, 0x00, 0x00, 0x00, 0x7f, 0x30,
    0x0e, 0xff, 0xff, 0xff, 0xff, 0xff, 0xff, 0xff, 0xff, 0x30, 0x05, 0x66, 0x66, 0x66, 0x66, 0x66,
    0x66, 0x66, 0xaf, 0x30, 0x00, 0x00, 0x00, 0x00, 0x00, 0x00, 0x00, 0x00, 0x7f, 0x30, 0x00, 0x00,
    0x5b, 0x20, 0x00, 0x00, 0xda, 0x00, 0x00, 0x00, 0x00, 0x01, 0xdd, 0x10, 0x00, 0x00, 0xda, 0x00,
    0x00, 0x00, 0x00, 0x0a, 0xf3, 0x00, 0x00, 0x00, 0xda, 0x00, 0x00, 0x00, 0x00, 0x8f, 0x60, 0x0d,
    0xff, 0xff, 0xff, 0xff, 0xff, 0xb0, 0x07, 0xf8, 0x00, 0x04, 0x55, 0x55, 0xec, 0x55, 0x55, 0x40,
    0x7f, 0xa0, 0x4b, 0x20, 0x00, 0x00, 0xda, 0x00, 0x00, 0x00, 0x39, 0x00, 0xdd, 0x00, 0x00, 0x00,
    0xda, 0x00, 0x00, 0x00, 0x00, 0x08, 0xf4, 0xbf, 0xff, 0xff, 0xff, 0xff, 0xff, 0xf8, 0x00, 0x3f,
    0xa0, 0x46, 0x66, 0x66, 0x66, 0x66, 0x66, 0x63, 0x01, 0xdf, 0x90, 0x00, 0x00, 0x00, 0x00, 0x0e,
    0x90, 0x00, 0x1c, 0xee, 0x90, 0x00, 0x00, 0x00, 0x00, 0x0e, 0x90, 0x00, 0x9f, 0x5d, 0x90, 0xaf,
    0xff, 0xff, 0xff, 0xff, 0xff, 0xfa, 0x46, 0x0d, 0x90, 0x46, 0x66, 0x66, 0x66, 0x6f, 0xb6, 0x64,
    0x00, 0x0d, 0x90, 0x01, 0xa7, 0x00, 0x00, 0x0e, 0x90, 0x00, 0x00, 0x0d, 0x90, 0x00, 0x9f, 0xa1,
    0x00, 0x0e, 0x90, 0x00, 0x00, 0x0d, 0x90, 0x00, 0x07, 0xa1, 0x00, 0x0e, 0x90, 0x00, 0x00, 0x0d,
    0x90, 0x00, 0x00, 0x00, 0x00, 0x3f, 0x90, 0x00, 0x00, 0x0d, 0x90, 0x00, 0x00, 0x2f, 0xff, 0xff,
    0x50, 0x00, 0x00, 0x0d, 0x90, 0x00, 0x00, 0x09, 0x98, 0x74, 0x00, 0x00, 0x00, 0x00, 0x00, 0x00,
    0x5c, 0x10, 0x00, 0x00, 0x00, 0x00, 0x00, 0x00, 0x00, 0x00, 0x4f, 0x90, 0x00, 0x00, 0x00, 0x00,
    0x00, 0x00, 0x00, 0x00, 0x0a, 0xf3, 0x00, 0x00, 0x00, 0x00, 0x00, 0x00, 0x00, 0x00, 0x02, 0xfc,
    0x00, 0x00, 0x00, 0x00, 0x00, 0x00, 0x00, 0x00, 0x00, 0x9f, 0x60, 0x00, 0x00, 0x00, 0x00, 0x00,
    0x0a, 0xe0, 0x00, 0x1c, 0x40, 0x09, 0x80, 0x00, 0x00, 0x00, 0x0a, 0xe0, 0x00, 0x00, 0x00, 0x0b,
    0xf2, 0x00, 0x00, 0xaa, 0x0a, 0xe0, 0x00, 0x00, 0x00, 0x04, 0xf9, 0x00, 0x00, 0xeb, 0x0a, 0xe0,
    0x00, 0x00, 0x00, 0x00, 0xbf, 0x20, 0x04, 0xf6, 0x0a, 0xe0, 0x00, 0x00, 0x00, 0x00, 0x4f, 0x90,
    0x09, 0xf2, 0x0a, 0xe0, 0x00, 0x00, 0x00, 0x00, 0x0d, 0xe1, 0x0e, 0xc0, 0x0a, 0xe0, 0x00, 0x00,
    0x00, 0x00, 0x07, 0xf7, 0x5f, 0x60, 0x0a, 0xe0, 0x00, 0x00, 0x00, 0x1c, 0x51, 0xc5, 0x5c, 0x10,
    0x0a, 0xe0, 0x00, 0x00, 0x00, 0x3f, 0x80, 0x00, 0x00, 0x00, 0x0a, 0xf0, 0x00, 0x00, 0x00, 0x5f,
    0x50, 0x00, 0x00, 0x00, 0x09, 0xf5, 0x00, 0x00, 0x02, 0xcf, 0x20, 0x00, 0x00, 0x00, 0x04, 0xff,
    0xff, 0xff, 0xff, 0xf9, 0x00, 0x00, 0x00, 0x00, 0x00, 0x37, 0x88, 0x88, 0x87, 0x40, 0x00, 0x00,
    0x00, 0x00, 0x00, 0x00, 0x0b, 0xb0, 0x00, 0x00, 0x00, 0x00, 0x00, 0x00, 0x00, 0x00, 0x0c, 0xa0,
    0x00, 0x00, 0x00, 0x00, 0x00, 0x00, 0x00, 0x00, 0x0e, 0x90, 0x00, 0x00, 0x00, 0x00, 0x0f, 0xff,
    0xff, 0xff, 0xff, 0xff, 0xff, 0xff, 0xff, 0xf0, 0x06, 0x66, 0x66, 0x66, 0xbf, 0xf9, 0x66, 0x66,
    0x66, 0x60, 0x00, 0x00, 0x00, 0x02, 0xe8, 0x7e, 0x40, 0x00, 0x00, 0x00, 0x00, 0x00, 0x00, 0x3d,
    0xb0, 0x07, 0xf8, 0x10, 0x00, 0x00, 0x00, 0x00, 0x07, 0xef, 0x80, 0x00, 0x4d, 0xe8, 0x20, 0x00,
    0x00, 0x16, 0xdf, 0x86, 0xed, 0x40, 0x01, 0x7e, 0xfc, 0x82, 0x39, 0xef, 0xa2, 0x00, 0x19, 0x90,
    0x00, 0x01, 0x5b, 0xb1, 0x2d, 0x82, 0x00, 0x00, 0x00, 0x00, 0x00, 0x00, 0x00, 0x00, 0x00, 0x00,
    0x00, 0x00, 0x6b, 0x20, 0x00, 0x04, 0xc2, 0x00, 0x00, 0xa9, 0x0a, 0xd0, 0x4d, 0xe7, 0x00, 0x03,
    0xee, 0x30, 0x03, 0xf7, 0x0a, 0xd0, 0x01, 0xa6, 0x05, 0xa1, 0x3e, 0xe3, 0x0c, 0xe1, 0x0a, 0xd0,
    0x00, 0x00, 0x08, 0xf1, 0x03, 0xc3, 0x2c, 0x60, 0x09, 0xe2, 0x00, 0x00, 0x2d, 0xc0, 0x00, 0x00,
    0x00, 0x00, 0x05, 0xff, 0xff, 0xff, 0xff, 0x50, 0x00, 0x00, 0x00, 0x00, 0x00, 0x25, 0x66, 0x66,
    0x52, 0x00, 0x00, 0x00, 0x00, 0x00, 0x01, 0xd9, 0x00, 0x00, 0x00, 0x00, 0x00, 0x00, 0x00, 0x00,
    0x0a, 0xf4, 0x00, 0x00, 0x00, 0x00, 0x00, 0x00, 0x00, 0x00, 0x8f, 0xff, 0xff, 0xff, 0xff, 0x40,
    0x00, 0x00, 0x00, 0x08, 0xf9, 0x44, 0x44, 0x45, 0xee, 0x20, 0x00, 0x00, 0x00, 0x9f, 0x70, 0x00,
    0x00, 0x1c, 0xd2, 0x00, 0x00, 0x00, 0x2c, 0xfe, 0xff, 0xff, 0xff, 0xff, 0xff, 0xff, 0xfa, 0x00,
    0x2c, 0x43, 0x44, 0x44, 0x44, 0x44, 0x44, 0x44, 0xda, 0x00, 0x00, 0x0f, 0xff, 0xff, 0xff, 0xff,
    0xff, 0xff, 0xfa, 0x00, 0x00, 0x04, 0x44, 0x44, 0x44, 0x44, 0x44, 0x44, 0xda, 0x00, 0x00, 0x00,
    0x00, 0x00, 0x00, 0x00, 0x00, 0x00, 0xca, 0x00, 0x00, 0x7f, 0xff, 0xff, 0xff, 0xff, 0xff, 0xff,
    0xfa, 0x00, 0x00, 0x24, 0x44, 0x44, 0x7e, 0x74, 0x44, 0x44, 0xda, 0x00, 0x00, 0xd6, 0x0b, 0xc0,
    0x1c, 0xe5, 0x00, 0x00, 0x7a, 0x00, 0x05, 0xf5, 0x0b, 0xc0, 0x01, 0xb5, 0x00, 0xb6, 0x5f, 0x90,
    0x0a, 0xe0, 0x0b, 0xc0, 0x00, 0x00, 0x01, 0xf8, 0x09, 0xf6, 0x2f, 0x80, 0x0a, 0xe2, 0x00, 0x00,
    0x18, 0xf4, 0x00, 0xb5, 0x3c, 0x20, 0x04, 0xff, 0xff, 0xff, 0xff, 0xb0, 0x00, 0x00, 0x00, 0x00,
    0x00, 0x25, 0x66, 0x66, 0x54, 0x00, 0x00, 0x00, 0x00, 0x0e, 0x90, 0x00, 0x00, 0x00, 0x8f, 0x00,
    0x00, 0x00, 0x00, 0x0e, 0x90, 0x00, 0x1d, 0x50, 0x8f, 0x00, 0x00, 0x00, 0x00, 0x0e, 0x90, 0x00,
    0x5f, 0x40, 0x8f, 0x00, 0x00, 0x00, 0x00, 0x0e, 0xdb, 0x00, 0xae, 0x00, 0x8f, 0x00, 0x00, 0x00,
    0x0c, 0x6e, 0xbf, 0x61, 0xef, 0xff, 0xff, 0xff, 0xff, 0xf2, 0x1f, 0x5e, 0x9a, 0xe7, 0xf7, 0x66,
    0xbf, 0x66, 0x66, 0x61, 0x3f, 0x2e, 0x94, 0x7d, 0xc0, 0x00, 0x8f, 0x00, 0x00, 0x00, 0x7e, 0x0e,
    0x90, 0x6f, 0x50, 0x00, 0x8f, 0x00, 0x00, 0x00, 0x8a, 0x0e, 0x90, 0x3b, 0x00, 0x00, 0x8f, 0x00,
    0x00, 0x00, 0x00, 0x0e, 0x90, 0x00, 0x00, 0x00, 0x8f, 0x00, 0x00, 0x00, 0x00, 0x0e, 0x90, 0x09,
    0xff, 0xff, 0xff, 0xff, 0xff, 0xb0, 0x00, 0x0e, 0x90, 0x03, 0x66, 0x66, 0xbf, 0x66, 0x66, 0x40,
    0x00, 0x0e, 0x90, 0x00, 0x00, 0x00, 0x8f, 0x00, 0x00, 0x00, 0x00, 0x0e, 0x90, 0x00, 0x00, 0x00,
    0x8f, 0x00, 0x00, 0x00, 0x00, 0x0e, 0x90, 0x00, 0x00, 0x00, 0x8f, 0x00, 0x00, 0x00, 0x00, 0x0e,
    0x90, 0x00, 0x00, 0x00, 0x8f, 0x00, 0x00, 0x00, 0x00, 0x0e, 0x90, 0xdf, 0xff, 0xff, 0xff, 0xff,
    0xff, 0xfb, 0x00, 0x0e, 0x90, 0x56, 0x66, 0x66, 0x66, 0x66, 0x66, 0x64, 0x00, 0x1f, 0x40, 0x00,
    0x00, 0x00, 0xf7, 0x00, 0x00, 0x00, 0x00, 0x1f, 0x40, 0x00, 0x00, 0x00, 0xf7, 0x00, 0x00, 0x00,
    0x00, 0x1f, 0x40, 0x7f, 0xff, 0xff, 0xff, 0xff, 0xff, 0xf5, 0x00, 0x1f, 0x40, 0x24, 0x44, 0x44,
    0xf9, 0x44, 0x44, 0x41, 0x00, 0x1f, 0xe6, 0x0e, 0xff, 0xff, 0xff, 0xff, 0xff, 0xc0, 0x1e, 0x4f,
    0x7e, 0x43, 0x44, 0x44, 0xf9, 0x44, 0x44, 0x30, 0x3f, 0x3f, 0x48, 0x60, 0x00, 0x00, 0xf7, 0x00,
    0x00, 0x00, 0x5e, 0x1f, 0x40, 0xff, 0xff, 0xff, 0xff, 0xff, 0xff, 0xfb, 0x7c, 0x1f, 0x40, 0x34,
    0x44, 0x44, 0x44, 0x44, 0x44, 0x43, 0x89, 0x1f, 0x40, 0x0b, 0xff, 0xff, 0xff, 0xff, 0xff, 0x40,
    0x00, 0x1f, 0x40, 0x0b, 0xc4, 0x44, 0x44, 0x44, 0x6f, 0x40, 0x00, 0x1f, 0x40, 0x0b, 0xc0, 0x00,
    0x00, 0x00, 0x3f, 0x40, 0x00, 0x1f, 0x40, 0x0b, 0xff, 0xff, 0xff, 0xff, 0xff, 0x40, 0x00, 0x1f,
    0x40, 0x0b, 0xc3, 0x33, 0x33, 0x33, 0x6f, 0x40, 0x00, 0x1f, 0x40, 0x0b, 0xff, 0xff, 0xff, 0xff,
    0xff, 0x40, 0x00, 0x1f, 0x40, 0x0b, 0xc3, 0x33, 0x33, 0x33, 0x6f, 0x40, 0x00, 0x1f, 0x40, 0x0b,
    0xc0, 0x00, 0x00, 0x00, 0x6f, 0x30, 0x00, 0x1f, 0x40, 0x0b, 0xc0, 0x00, 0x3f, 0xff, 0xfe, 0x10,
    0x00, 0x1f, 0x40, 0x0b, 0xc0, 0x00, 0x06, 0x66, 0x51, 0x00, 0x00, 0x00, 0x00, 0x00, 0x00, 0x0d,
    0xb0, 0x7b, 0x20, 0x00, 0x00, 0x00, 0x00, 0x00, 0x00, 0x0d, 0xb0, 0x1a, 0xf8, 0x00, 0x00, 0x00,
    0x00, 0x00, 0x00, 0x0c, 0xb0, 0x00, 0x56, 0x00, 0x00, 0xaf, 0xff, 0xff, 0xff, 0xff, 0xff, 0xff,
    0xff, 0xf8, 0x00, 0xae, 0x77, 0x77, 0x77, 0x7d, 0xe7, 0x77, 0x77, 0x73, 0x00, 0xae, 0x00, 0x00,
    0x00, 0x0a, 0xd0, 0x00, 0x00, 0x00, 0x00, 0xae, 0x00, 0x00, 0x00, 0x09, 0xe0, 0x00, 0x5b, 0x20,
    0x00, 0xaf, 0xff, 0xff, 0xf8, 0x08, 0xf1, 0x00, 0xde, 0x10, 0x00, 0xbe, 0x77, 0x77, 0xf7, 0x06,
    0xf2, 0x05, 0xf6, 0x00, 0x00, 0xbc, 0x00, 0x01, 0xf6, 0x04, 0xf5, 0x1d, 0xd0, 0x00, 0x00, 0xdb,
    0x00, 0x02, 0xf6, 0x01, 0xf8, 0xaf, 0x40, 0x00, 0x00, 0xf9, 0x00, 0x03, 0xf5, 0x00, 0xce, 0xf8,
    0x00, 0x00, 0x03, 0xf5, 0x00, 0x04, 0xf4, 0x00, 0x8f, 0xb0, 0x00, 0x98, 0x08, 0xf2, 0x52, 0x1a,
    0xf1, 0x03, 0xef, 0xb0, 0x00, 0xdb, 0x1e, 0xa0, 0x9f, 0xff, 0xa0, 0x4e, 0xd9, 0xf9, 0x01, 0xf8,
    0x9f, 0x30, 0x15, 0x75, 0x19, 0xfb, 0x10, 0xaf, 0xdc, 0xf4, 0x58, 0x00, 0x00, 0x00, 0x1b, 0x70,
    0x00, 0x06, 0xde, 0xa0, 0x00, 0x00, 0x00, 0x00, 0x00, 0x00, 0x00, 0x00, 0x00, 0x00, 0x00, 0x00,
    0x00, 0x00, 0x00, 0x3f, 0x60, 0x00, 0x00, 0x00, 0x00, 0x00, 0x14, 0x7a, 0xd2, 0x3f, 0x70, 0x89,
    0x00, 0x00, 0x2a, 0xce, 0xff, 0xfe, 0xb3, 0x2f, 0x70, 0x7f, 0xc2, 0x00, 0x1e, 0xca, 0xcf, 0x30,
    0x00, 0x1f, 0x80, 0x06, 0xfe, 0x30, 0x00, 0x00, 0x8f, 0x10, 0x00, 0x0f, 0x80, 0x00, 0x4b, 0x10,
    0x00, 0x00, 0x8f, 0x10, 0x00, 0x0f, 0x90, 0x00, 0x00, 0x00, 0xbf, 0xff, 0xff, 0xff, 0xff, 0xff,
    0xff, 0xff, 0xff, 0xfb, 0x57, 0x77, 0xbf, 0x77, 0x77, 0x7e, 0xd7, 0x77, 0x77, 0x75, 0x00, 0x00,
    0x8f, 0x10, 0x02, 0x0b, 0xd0, 0x00, 0x4c, 0x30, 0x00, 0x13, 0xaf, 0xbd, 0xff, 0x19, 0xf0, 0x04,
    0xee, 0x20, 0x8d, 0xff, 0xff, 0xeb, 0x96, 0x16, 0xf4, 0x6f, 0xd2, 0x00, 0x7d, 0xa7, 0xbf, 0x10,
    0x00, 0x01, 0xfd, 0xfc, 0x20, 0x00, 0x00, 0x00, 0x8f, 0x10, 0x00, 0x02, 0xef, 0x80, 0x00, 0xb6,
    0x00, 0x00, 0x8f, 0x10, 0x01, 0x9f, 0xff, 0x50, 0x00, 0xf8, 0x00, 0x00, 0x8f, 0x12, 0x9e, 0xe8,
    0x2d, 0xd1, 0x02, 0xf6, 0x00, 0x00, 0xbf, 0x16, 0xd7, 0x10, 0x04, 0xfc, 0x37, 0xf2, 0x0e, 0xff,
    0xfc, 0x00, 0x00, 0x00, 0x00, 0x5f, 0xff, 0xc0, 0x05, 0x88, 0x71, 0x00, 0x00, 0x00, 0x00, 0x02,
    0x88, 0x20, 0x00, 0x12, 0x35, 0x8b, 0xd0, 0x01, 0x24, 0x57, 0x9c, 0xe1, 0x00, 0xff, 0xff, 0xec,
    0x91, 0x9f, 0xff, 0xff, 0xdb, 0x92, 0x00, 0xf9, 0x31, 0x00, 0x00, 0x9d, 0x43, 0x10, 0x00, 0x00,
    0x00, 0xf6, 0x00, 0x00, 0x00, 0x9d, 0x00, 0x00, 0x00, 0x00, 0x00, 0xf6, 0x00, 0x00, 0x00, 0x9d,
    0x00, 0x00, 0x00, 0x00, 0x00, 0xff, 0xff, 0xff, 0x80, 0x9d, 0x00, 0x00, 0x00, 0x00, 0x00, 0xf9,
    0x44, 0x4d, 0x80, 0x9d, 0x00, 0x00, 0x00, 0x00, 0x00, 0xf6, 0x00, 0x0d, 0x80, 0x9f, 0xff, 0xff,
    0xff, 0xfb, 0x00, 0xf6, 0x00, 0x0d, 0x80, 0x9d, 0x55, 0x5d, 0xc5, 0x54, 0x00, 0xf6, 0x00, 0x0d,
    0x80, 0xac, 0x00, 0x0b, 0xb0, 0x00, 0x01, 0xff, 0xff, 0xff, 0x80, 0xbb, 0x00, 0x0b, 0xb0, 0x00,
    0x02, 0xf7, 0x44, 0x4d, 0x80, 0xda, 0x00, 0x0b, 0xb0, 0x00, 0x03, 0xf3, 0x00, 0x00, 0x02, 0xf7,
    0x00, 0x0b, 0xb0, 0x00, 0x06, 0xf1, 0x00, 0x00, 0x07, 0xf3, 0x00, 0x0b, 0xb0, 0x00, 0x0a, 0xc0,
    0x00, 0x00, 0x1e, 0xd0, 0x00, 0x0b, 0xb0, 0x00, 0x0e, 0x70, 0x00, 0x00, 0x8f, 0x50, 0x00, 0x0b,
    0xb0, 0x00, 0x7f, 0x20, 0x00, 0x05, 0xfb, 0x00, 0x00, 0x0b, 0xb0, 0x00, 0x58, 0x00, 0x00, 0x03,
    0xb1, 0x00, 0x00, 0x0b, 0xb0, 0x00, 0x00, 0x04, 0xf3, 0x00, 0x00, 0x2f, 0x61, 0xc6, 0x00, 0x00,
    0x00, 0x04, 0xf3, 0x00, 0x00, 0x1f, 0x70, 0x4d, 0xb2, 0x00, 0x00, 0x04, 0xf3, 0x00, 0x00, 0x1f,
    0x70, 0x01, 0xa7, 0x00, 0x7f, 0xff, 0xff, 0xff, 0x10, 0x0f, 0x80, 0x00, 0x00, 0x00, 0x26, 0x68,
    0xf8, 0x66, 0x00, 0x2e, 0xb8, 0x9a, 0xbd, 0xe3, 0x00, 0x04, 0xf3, 0x06, 0xbe, 0xff, 0xfe, 0xdc,
    0xa9, 0x72, 0x00, 0x04, 0xf3, 0x09, 0xc8, 0x5d, 0xa0, 0x00, 0x00, 0x00, 0x00, 0x04, 0xf3, 0x02,
    0x00, 0x0b, 0xc0, 0x00, 0x3b, 0x20, 0x00, 0x06, 0xfb, 0xdf, 0x20, 0x09, 0xd0, 0x02, 0xed, 0x20,
    0x6c, 0xff, 0xfd, 0x95, 0x00, 0x07, 0xf0, 0x2d, 0xe2, 0x00, 0x7c, 0x87, 0xf3, 0x00, 0x00, 0x05,
    0xf6, 0xed, 0x20, 0x00, 0x00, 0x04, 0xf3, 0x00, 0x00, 0x02, 0xff, 0xb1, 0x00, 0x00, 0x00, 0x04,
    0xf3, 0x00, 0x00, 0x2b, 0xfd, 0x00, 0x00, 0xb6, 0x00, 0x04, 0xf3, 0x00, 0x18, 0xfd, 0xaf, 0x40,
    0x00, 0xf9, 0x00, 0x04, 0xf3, 0x18, 0xee, 0x81, 0x1e, 0xd1, 0x02, 0xf6, 0x00, 0x07, 0xf3, 0x1c,
    0x81, 0x00, 0x05, 0xfc, 0x37, 0xf2, 0x2f, 0xff, 0xe1, 0x00, 0x00, 0x00, 0x00, 0x6f, 0xff, 0xc0,
    0x07, 0x87, 0x30, 0x00, 0x00, 0x00, 0x00, 0x02, 0x78, 0x20, 0x00, 0x0c, 0xa0, 0x00, 0x00, 0x01,
    0xb5, 0x00, 0x00, 0x00, 0x00, 0x0c, 0xa0, 0x00, 0x00, 0x01, 0xce, 0x30, 0x00, 0x00, 0x00, 0x0c,
    0xa0, 0x00, 0x00, 0x00, 0x3d, 0x40, 0x00, 0x00, 0x00, 0x0c, 0xa0, 0x00, 0xcf, 0xff, 0xff, 0xff,
    0xff, 0xb0, 0x7f, 0xff, 0xff, 0xf2, 0xcd, 0x66, 0x66, 0x66, 0x6d, 0xb0, 0x25, 0x5d, 0xc5, 0x51,
    0xcb, 0x00, 0x00, 0x00, 0x0c, 0xb0, 0x00, 0x0c, 0xa0, 0x00, 0xcb, 0x00, 0x00, 0x00, 0x0c, 0xb0,
    0x00, 0x0c, 0xa0, 0x20, 0xcb, 0x00, 0x00, 0x00, 0x0c, 0xb0, 0x00, 0x2d, 0xee, 0xf2, 0xcb, 0x00,
    0x00, 0x00, 0x0c, 0xb0, 0x8e, 0xff, 0xeb, 0x71, 0xdf, 0xff, 0xff, 0xff, 0xff, 0xb0, 0x8c, 0x8d,
    0xa0, 0x00, 0xec, 0x66, 0x66, 0x66, 0x6d, 0xb0, 0x00, 0x0c, 0xa0, 0x01, 0xf8, 0x00, 0x00, 0x00,
    0x00, 0x00, 0x00, 0x0c, 0xa0, 0x04, 0xf6, 0x00, 0x00, 0x00, 0x00, 0x00, 0x00, 0x0c, 0xa0, 0x08,
    0xf2, 0x00, 0x00, 0x00, 0x00, 0x00, 0x00, 0x0c, 0xa0, 0x0e, 0xd0, 0x00, 0x00, 0x00, 0x00, 0x00,
    0x00, 0x1e, 0xa0, 0x6f, 0x70, 0x00, 0x00, 0x00, 0x00, 0x00, 0x6f, 0xff, 0x72, 0xed, 0x10, 0x00,
    0x00, 0x00, 0x00, 0x00, 0x29, 0x85, 0x00, 0x94, 0x00, 0x00, 0x00, 0x00, 0x00, 0x00, 0x00, 0x0d,
    0xa0, 0x00, 0x00, 0x00, 0x00, 0x00, 0x00, 0x00, 0x00, 0x0d, 0xa0, 0x04, 0xff, 0xff, 0xff, 0xff,
    0xff, 0x70, 0x00, 0x0d, 0xa0, 0x04, 0xf8, 0x66, 0x66, 0x66, 0x6f, 0x70, 0x00, 0x0d, 0xa0, 0x04,
    0xf4, 0x00, 0x00, 0x00, 0x2f, 0x60, 0x7f, 0xff, 0xff, 0xf4, 0xf4, 0x00, 0x21, 0x00, 0x7f, 0x30,
    0x25, 0x5e, 0xc5, 0x54, 0xf4, 0x00, 0xff, 0xff, 0xfb, 0x00, 0x00, 0x0d, 0xa0, 0x04, 0xf4, 0x00,
    0x56, 0x66, 0x40, 0x00, 0x00, 0x0d, 0xa0, 0x24, 0xff, 0xff, 0xff, 0xff, 0xff, 0xa0, 0x00, 0x2d,
    0xee, 0xe4, 0xf8, 0xae, 0x66, 0x66, 0x6f, 0x80, 0x7e, 0xff, 0xea, 0x64, 0xf4, 0x3f, 0x30, 0x00,
    0x6f, 0x30, 0x8c, 0x8e, 0xa0, 0x04, 0xf4, 0x0c, 0xa0, 0x01, 0xdb, 0x00, 0x00, 0x0d, 0xa0, 0x04,
    0xf4, 0x05, 0xf5, 0x0a, 0xf3, 0x00, 0x00, 0x0d, 0xa0, 0x04, 0xf4, 0x00, 0xaf, 0xaf, 0x60, 0x00,
    0x00, 0x0d, 0xa0, 0x04, 0xf4, 0x00, 0x1e, 0xfb, 0x00, 0x00, 0x00, 0x0d, 0xa0, 0x04, 0xf4, 0x04,
    0xdf, 0xbf, 0xc3, 0x00, 0x11, 0x1e, 0xa0, 0x04, 0xf6, 0xbf, 0xb2, 0x05, 0xef, 0xb4, 0x5f, 0xff,
    0x70, 0x04, 0xf8, 0xc4, 0x00, 0x00, 0x17, 0xc3, 0x28, 0x86, 0x00, 0x00, 0x00, 0x00, 0x00, 0x00,
    0x00, 0x00, 0x00, 0x2f, 0x60, 0x00, 0x00, 0x89, 0x00, 0x06, 0xf1, 0x00, 0x00, 0x2f, 0x60, 0x00,
    0x00, 0x7f, 0x40, 0x06, 0xf1, 0x00, 0x00, 0x2f, 0x60, 0x06, 0xf1, 0x0d, 0xc0, 0x06, 0xf1, 0x00,
    0x00, 0x2f, 0x60, 0x06, 0xf1, 0x05, 0xf6, 0x07, 0xf1, 0x00, 0x8f, 0xff, 0xff, 0xa6, 0xf1, 0x00,
    0xb6, 0x07, 0xf1, 0x00, 0x25, 0x6f, 0x95, 0x36, 0xf1, 0x00, 0x00, 0x07, 0xf0, 0x00, 0x00, 0x2f,
    0x60, 0x06, 0xf1, 0x00, 0x00, 0x08, 0xe0, 0x00, 0x00, 0x2f, 0x60, 0x26, 0xf1, 0x00, 0x00, 0x09,
    0xe0, 0x00, 0x00, 0x3f, 0xde, 0xb6, 0xf1, 0x00, 0x00, 0x0a, 0xc0, 0x00, 0x8e, 0xff, 0xd9, 0x46,
    0xf1, 0x00, 0x00, 0x0c, 0xa0, 0x00, 0x8b, 0x8f, 0x60, 0x06, 0xf1, 0x07, 0x20, 0x0f, 0x70, 0x00,
    0x00, 0x2f, 0x60, 0x06, 0xf1, 0x7f, 0x50, 0x5f, 0x40, 0x00, 0x00, 0x2f, 0x60, 0x06, 0xf9, 0xf7,
    0x00, 0xbf, 0x30, 0x00, 0x00, 0x2f, 0x60, 0x07, 0xff, 0x60, 0x06, 0xfe, 0xd1, 0x00, 0x00, 0x2f,
    0x60, 0x0b, 0xf5, 0x00, 0x3f, 0xb3, 0xec, 0x00, 0x10, 0x4f, 0x50, 0x07, 0x60, 0x05, 0xec, 0x10,
    0x6f, 0x90, 0x7f, 0xff, 0x30, 0x00, 0x01, 0x9f, 0xa1, 0x00, 0x0a, 0xf6, 0x28, 0x74, 0x00, 0x00,
    0x02, 0xc6, 0x00, 0x00, 0x01, 0xb3, 0x00, 0x0e, 0x80, 0x00, 0x00, 0x08, 0xd0, 0x2c, 0x60, 0x00,
    0x00, 0x0e, 0x80, 0x02, 0xd4, 0x0b, 0xc0, 0x05, 0xec, 0x30, 0x00, 0x0e, 0x80, 0x07, 0xf1, 0x0d,
    0x90, 0x00, 0x1a, 0x80, 0x6f, 0xff, 0xff, 0x9c, 0xb0, 0x1f, 0x70, 0x00, 0x00, 0x00, 0x26, 0x6e,
    0xb6, 0x4f, 0xff, 0xff, 0xff, 0xff, 0xff, 0xf8, 0x00, 0x0e, 0x80, 0x07, 0x77, 0xbe, 0x77, 0x77,
    0x77, 0x74, 0x00, 0x0e, 0x80, 0x00, 0x00, 0xc9, 0x00, 0x00, 0x00, 0x00, 0x00, 0x0e, 0x80, 0x00,
    0x02, 0xff, 0xff, 0xff, 0xff, 0x90, 0x00, 0x2e, 0xdc, 0xc0, 0x07, 0xfe, 0x66, 0x66, 0x6f, 0x80,
    0x8e, 0xff, 0xfd, 0x90, 0x0d, 0x8f, 0x30, 0x00, 0x6f, 0x20, 0x8d, 0xaf, 0x80, 0x00, 0x5e, 0x0c,
    0x90, 0x00, 0xda, 0x00, 0x00, 0x0e, 0x80, 0x00, 0xc7, 0x06, 0xe2, 0x07, 0xf2, 0x00, 0x00, 0x0e,
    0x80, 0x06, 0xe1, 0x00, 0xdc, 0x4f, 0x70, 0x00, 0x00, 0x0e, 0x80, 0x1e, 0x60, 0x00, 0x4f, 0xf9,
    0x00, 0x00, 0x00, 0x0e, 0x80, 0xbc, 0x00, 0x00, 0x7f, 0xfb, 0x10, 0x00, 0x11, 0x2f, 0x79, 0xe2,
    0x00, 0x5d, 0xe5, 0x5e, 0xe5, 0x00, 0x5f, 0xff, 0x59, 0x53, 0x8d, 0xf9, 0x10, 0x02, 0xcf, 0xd6,
    0x28, 0x85, 0x00, 0x04, 0xd7, 0x10, 0x00, 0x00, 0x05, 0xc3, 0x00, 0x0f, 0x80, 0x00, 0x00, 0x00,
    0x00, 0x00, 0x00, 0x00, 0x00, 0x0f, 0x80, 0x0b, 0xff, 0xff, 0xff, 0xff, 0xff, 0x60, 0x00, 0x0f,
    0x80, 0x04, 0x9f, 0x65, 0x55, 0x55, 0xbf, 0x40, 0x00, 0x0f, 0x80, 0x00, 0x1d, 0xb0, 0x00, 0x05,
    0xf8, 0x00, 0x8f, 0xff, 0xff, 0xf0, 0x03, 0xeb, 0x21, 0x8f, 0x90, 0x00, 0x36, 0x6f, 0xa6, 0x60,
    0x00, 0x2d, 0xed, 0xe6, 0x00, 0x00, 0x00, 0x0f, 0x80, 0x00, 0x03, 0x9e, 0xff, 0xe9, 0x20, 0x00,
    0x00, 0x0f, 0x80, 0x2a, 0xef, 0xe9, 0x32, 0x9e, 0xfd, 0x94, 0x00, 0x0f, 0x80, 0x1d, 0xa5, 0x10,
    0xac, 0x01, 0x5a, 0xd4, 0x00, 0x1f, 0xcc, 0x80, 0x00, 0x00, 0xac, 0x00, 0x00, 0x00, 0x7d, 0xff,
    0xeb, 0x58, 0xff, 0xff, 0xff, 0xff, 0xff, 0xc0, 0x8b, 0x8f, 0x80, 0x03, 0x66, 0x66, 0xcd, 0x66,
    0x66, 0x50, 0x00, 0x0f, 0x80, 0x00, 0x00, 0x00, 0xac, 0x00, 0x00, 0x00, 0x00, 0x0f, 0x80, 0x00,
    0x00, 0x00, 0xac, 0x00, 0x00, 0x00, 0x00, 0x0f, 0x80, 0xbf, 0xff, 0xff, 0xff, 0xff, 0xff, 0xfb,
    0x00, 0x0f, 0x80, 0x46, 0x66, 0x66, 0xcd, 0x66, 0x66, 0x65, 0x11, 0x3f, 0x70, 0x00, 0x00, 0x00,
    0xac, 0x00, 0x00, 0x00, 0x7f, 0xff, 0x40, 0x00, 0x00, 0x00, 0xac, 0x00, 0x00, 0x00, 0x27, 0x74,
    0x00, 0x00, 0x00, 0x00, 0xac, 0x00, 0x00, 0x00, 0x00, 0x1f, 0x60, 0x00, 0x00, 0x03, 0xc3, 0x00,
    0x00, 0x00, 0x00, 0x1f, 0x60, 0x00, 0x00, 0x02, 0xfb, 0x00, 0x00, 0x00, 0x00, 0x1f, 0x60, 0x00,
    0x00, 0x00, 0x9c, 0x10, 0x00, 0x00, 0x00, 0x1f, 0x60, 0x0c, 0xff, 0xff, 0xff, 0xff, 0xff, 0xf2,
    0x7f, 0xff, 0xff, 0x8c, 0xd6, 0x66, 0x66, 0x66, 0x6a, 0xf2, 0x36, 0x7f, 0xa6, 0x3c, 0xb0, 0x1d,
    0x70, 0x00, 0x07, 0xf2, 0x00, 0x1f, 0x60, 0x00, 0x00, 0x7f, 0x50, 0x00, 0x00, 0x00, 0x00, 0x1f,
    0x60, 0x00, 0x00, 0xdc, 0x00, 0x00, 0x00, 0x00, 0x00, 0x1f, 0x9b, 0x5f, 0xff, 0xff, 0xff, 0xff,
    0xff, 0xf9, 0x02, 0x8f, 0xfd, 0x46, 0x6e, 0xd6, 0x66, 0x6c, 0xe6, 0x64, 0x9f, 0xff, 0x80, 0x00,
    0x5f, 0x50, 0x00, 0x1e, 0xa0, 0x00, 0x88, 0x3f, 0x60, 0x00, 0xdd, 0x00, 0x00, 0x7f, 0x40, 0x00,
    0x00, 0x1f, 0x60, 0x02, 0xbf, 0xc5, 0x03, 0xeb, 0x00, 0x00, 0x00, 0x1f, 0x60, 0x00, 0x02, 0x9f,
    0xde, 0xe2, 0x00, 0x00, 0x00, 0x1f, 0x60, 0x00, 0x00, 0x08, 0xff, 0xd6, 0x00, 0x00, 0x00, 0x1f,
    0x60, 0x00, 0x17, 0xdf, 0xa4, 0xaf, 0xd5, 0x00, 0x11, 0x4f, 0x62, 0x7b, 0xff, 0xa3, 0x00, 0x03,
    0xbf, 0xc2, 0x8f, 0xff, 0x31, 0xda, 0x61, 0x00, 0x00, 0x00, 0x05, 0xc1, 0x38, 0x84, 0x00, 0x00,
    0x00, 0x00, 0x00, 0x00, 0x00, 0x00, 0x00, 0x4f, 0x30, 0x00, 0x00, 0xba, 0x00, 0x00, 0x00, 0x00,
    0x00, 0x4f, 0x30, 0x00, 0x04, 0xf5, 0x00, 0x00, 0x00, 0x00, 0x00, 0x4f, 0x30, 0x00, 0x0d, 0xff,
    0xff, 0xff, 0xe0, 0x00, 0x00, 0x4f, 0x30, 0x00, 0x8e, 0x65, 0x55, 0x6f, 0xb0, 0x00, 0x8f, 0xff,
    0xff, 0x64, 0xf5, 0x00, 0x00, 0xbd, 0x10, 0x00, 0x35, 0x8f, 0x75, 0x5e, 0x80, 0x00, 0x09, 0xe2,
    0x00, 0x00, 0x00, 0x4f, 0x30, 0x3e, 0xff, 0xff, 0xff, 0xff, 0xff, 0x20, 0x00, 0x4f, 0x31, 0x18,
    0xe5, 0x55, 0xea, 0x55, 0x7f, 0x20, 0x00, 0x6f, 0xdf, 0x48, 0xd0, 0x00, 0xe7, 0x00, 0x4f, 0x20,
    0x7e, 0xff, 0xd8, 0x18, 0xd0, 0x00, 0xe6, 0x00, 0x4f, 0x20, 0x8b, 0xaf, 0x30, 0x08, 0xd0, 0x00,
    0xf6, 0x00, 0x4f, 0x20, 0x00, 0x4f, 0x33, 0xff, 0xff, 0xff, 0xff, 0xff, 0xff, 0xfb, 0x00, 0x4f,
    0x31, 0x55, 0x55, 0x5a, 0xfe, 0x55, 0x55, 0x54, 0x00, 0x4f, 0x30, 0x00, 0x00, 0x1e, 0xae, 0x60,
    0x00, 0x00, 0x00, 0x4f, 0x30, 0x00, 0x02, 0xcd, 0x16, 0xe4, 0x00, 0x00, 0x00, 0x4f, 0x30, 0x01,
    0x7e, 0xc2, 0x00, 0x8f, 0x81, 0x00, 0x10, 0x6f, 0x34, 0x9e, 0xe8, 0x00, 0x00, 0x06, 0xee, 0xa3,
    0xaf, 0xfe, 0x14, 0xd8, 0x10, 0x00, 0x00, 0x00, 0x29, 0xc1, 0x47, 0x72, 0x00, 0x00, 0x00, 0x00,
    0x00, 0x00, 0x00, 0x00, 0x00, 0x0f, 0x70, 0x00, 0x00, 0x00, 0x00, 0x00, 0x00, 0x00, 0x00, 0x0f,
    0x70, 0x0d, 0xff, 0xff, 0xff, 0xff, 0xff, 0xa0, 0x00, 0x0f, 0x70, 0x0d, 0xa4, 0x44, 0x44, 0x44,
    0x4c, 0xa0, 0x00, 0x0f, 0x70, 0x0d, 0x80, 0x00, 0x00, 0x00, 0x0b, 0xa0, 0x7f, 0xff, 0xff, 0x9d,
    0x80, 0x00, 0x00, 0x00, 0x0b, 0xa0, 0x36, 0x6f, 0xa6, 0x4d, 0xff, 0xff, 0xff, 0xff, 0xff, 0xa0,
    0x00, 0x0f, 0x70, 0x0d, 0xa4, 0x44, 0x44, 0x44, 0x4c, 0xa0, 0x00, 0x0f, 0x70, 0x0d, 0x80, 0x00,
    0x0e, 0x80, 0x0b, 0xa0, 0x00, 0x2f, 0xdd, 0x4d, 0xff, 0xff, 0xff, 0xff, 0xff, 0xfa, 0x7e, 0xff,
    0xeb, 0x3e, 0xa5, 0x55, 0x5e, 0xa5, 0x55, 0x53, 0x8c, 0x9f, 0x70, 0x0f, 0x60, 0x00, 0x0e, 0x80,
    0x00, 0x00, 0x00, 0x0f, 0x70, 0x1f, 0x50, 0x00, 0x0e, 0x80, 0x00, 0x00, 0x00, 0x0f, 0x70, 0x4f,
    0x2e, 0xff, 0xff, 0xff, 0xff, 0x80, 0x00, 0x0f, 0x70, 0x8e, 0x0e, 0x94, 0x44, 0x44, 0x4d, 0x80,
    0x00, 0x0f, 0x70, 0xda, 0x0e, 0x70, 0x00, 0x00, 0x0d, 0x80, 0x10, 0x3f, 0x65, 0xf3, 0x0e, 0x70,
    0x00, 0x00, 0x0d, 0x80, 0x6f, 0xff, 0x4d, 0xb0, 0x0e, 0xff, 0xff, 0xff, 0xff, 0x80, 0x28, 0x84,
    0x1a, 0x20, 0x0e, 0x94, 0x44, 0x44, 0x4d, 0x80, 0x00, 0x0f, 0x70, 0x00, 0x00, 0x02, 0xc4, 0x00,
    0x00, 0x00, 0x00, 0x0f, 0x70, 0x00, 0x00, 0x00, 0xbd, 0x00, 0x00, 0x00, 0x00, 0x0f, 0x70, 0x0e,
    0xff, 0xff, 0xff, 0xff, 0xff, 0xf2, 0x7f, 0xff, 0xff, 0xb4, 0x55, 0x55, 0x55, 0x55, 0x55, 0x51,
    0x36, 0x6f, 0xa6, 0x40, 0x0a, 0x60, 0x00, 0x04, 0xc3, 0x00, 0x00, 0x0f, 0x70, 0x00, 0x09, 0xf3,
    0x00, 0x1d, 0xd1, 0x00, 0x00, 0x0f, 0x70, 0x00, 0x01, 0xb4, 0x00, 0xad, 0x20, 0x00, 0x00, 0x0f,
    0x70, 0xaf, 0xff, 0xff, 0xff, 0xff, 0xff, 0xf9, 0x00, 0x2f, 0xdd, 0x85, 0x55, 0x55, 0x55, 0x55,
    0x55, 0x53, 0x7e, 0xff, 0xeb, 0x30, 0x00, 0x3d, 0x50, 0x00, 0x00, 0x00, 0x8c, 0x9f, 0x70, 0xbf,
    0xff, 0xff, 0xff, 0xff, 0xff, 0xf7, 0x00, 0x0f, 0x70, 0x45, 0x5d, 0xd5, 0x55, 0x5e, 0xc5, 0x52,
    0x00, 0x0f, 0x70, 0x00, 0x7f, 0x40, 0x00, 0x5f, 0x40, 0x00, 0x00, 0x0f, 0x70, 0x00, 0x9e, 0xd7,
    0x24, 0xea, 0x00, 0x00, 0x00, 0x0f, 0x70, 0x00, 0x01, 0x6d, 0xff, 0xd1, 0x00, 0x00, 0x00, 0x0f,
    0x70, 0x00, 0x01, 0x7d, 0xfc, 0xfd, 0x71, 0x00, 0x10, 0x2f, 0x61, 0x69, 0xcf, 0xe9, 0x30, 0x29,
    0xee, 0x92, 0x6f, 0xff, 0x31, 0xdc, 0x84, 0x10, 0x00, 0x00, 0x18, 0xc1, 0x28, 0x84, 0x00, 0x00,
    0x00, 0x00, 0x00, 0x00, 0x00, 0x00, 0x00, 0x3f, 0x40, 0x00, 0x00, 0x00, 0x00, 0x00, 0x00, 0x00,
    0x00, 0x3f, 0x40, 0x00, 0xff, 0xff, 0xff, 0xff, 0xfc, 0x00, 0x00, 0x3f, 0x40, 0x00, 0xf9, 0x44,
    0x44, 0x44, 0xbc, 0x00, 0x00, 0x3f, 0x40, 0x00, 0xf7, 0x00, 0x00, 0x00, 0x9c, 0x00, 0x9f, 0xff,
    0xff, 0xc0, 0xff, 0xff, 0xff, 0xff, 0xfc, 0x00, 0x35, 0x7f, 0x85, 0x40, 0xf9, 0x44, 0x44, 0x44,
    0xbc, 0x00, 0x00, 0x3f, 0x40, 0x00, 0xf7, 0x00, 0x00, 0x00, 0x9c, 0x00, 0x00, 0x3f, 0x46, 0x70,
    0xff, 0xff, 0xff, 0xff, 0xfc, 0x00, 0x00, 0x3f, 0xef, 0x70, 0xf9, 0x44, 0x44, 0x44, 0xbc, 0x00,
    0x05, 0xcf, 0xb3, 0x00, 0x42, 0x00, 0x00, 0x00, 0x23, 0x00, 0xaf, 0xdf, 0x40, 0xaf, 0xff, 0xff,
    0xff, 0xff, 0xff, 0xf8, 0x86, 0x3f, 0x40, 0x34, 0x44, 0x44, 0xbd, 0x44, 0x44, 0x42, 0x00, 0x3f,
    0x40, 0x00, 0xf7, 0x00, 0xac, 0x00, 0x00, 0x00, 0x00, 0x3f, 0x40, 0x03, 0xf4, 0x00, 0xae, 0xbb,
    0xbb, 0x80, 0x00, 0x3f, 0x40, 0x07, 0xf5, 0x00, 0xae, 0x88, 0x88, 0x60, 0x00, 0x3f, 0x40, 0x0d,
    0xff, 0x71, 0xac, 0x00, 0x00, 0x00, 0x10, 0x5f, 0x40, 0x8f, 0x49, 0xfe, 0xee, 0x65, 0x55, 0x64,
    0x9f, 0xff, 0x16, 0xfa, 0x00, 0x28, 0xcd, 0xef, 0xff, 0xf7, 0x48, 0x73, 0x07, 0xa0, 0x00, 0x00,
    0x00, 0x00, 0x00, 0x00, 0x00, 0x2f, 0x40, 0x01, 0x12, 0x34, 0x57, 0x8a, 0xbd, 0x70, 0x00, 0x2f,
    0x40, 0x4f, 0xff, 0xff, 0xff, 0xdb, 0x97, 0x30, 0x00, 0x2f, 0x40, 0x18, 0xf4, 0x21, 0xf6, 0x00,
    0x8a, 0x00, 0x9f, 0xff, 0xff, 0x52, 0xdd, 0x20, 0xf6, 0x0a, 0xf7, 0x00, 0x46, 0x7f, 0x96, 0x20,
    0x2b, 0x20, 0xf6, 0x1c, 0x40, 0x00, 0x00, 0x2f, 0x40, 0xcf, 0xff, 0xff, 0xff, 0xff, 0xff, 0xf8,
    0x00, 0x2f, 0x40, 0x34, 0x45, 0xeb, 0xfb, 0xf8, 0x44, 0x42, 0x00, 0x2f, 0x59, 0x10, 0x1c, 0xc1,
    0xf6, 0x5e, 0x91, 0x00, 0x00, 0x2f, 0xed, 0x23, 0xdb, 0x10, 0xf6, 0x03, 0xcf, 0xa5, 0x05, 0xdf,
    0x92, 0x9e, 0x70, 0x00, 0xf6, 0x00, 0x05, 0xc5, 0x9f, 0xaf, 0x45, 0x9c, 0xff, 0xff, 0xff, 0xff,
    0xff, 0x40, 0x75, 0x2f, 0x40, 0x0c, 0xa3, 0x33, 0xe8, 0x33, 0x4f, 0x40, 0x00, 0x2f, 0x40, 0x0c,
    0x80, 0x00, 0xe6, 0x00, 0x1f, 0x40, 0x00, 0x2f, 0x40, 0x0c, 0xdc, 0xcc, 0xfd, 0xcc, 0xcf, 0x40,
    0x00, 0x2f, 0x40, 0x0c, 0xb6, 0x66, 0xf9, 0x66, 0x7f, 0x40, 0x00, 0x2f, 0x40, 0x0c, 0x80, 0x00,
    0xe6, 0x00, 0x1f, 0x40, 0x10, 0x5f, 0x40, 0x0c, 0xff, 0xff, 0xff, 0xff, 0xff, 0x40, 0x9f, 0xff,
    0x10, 0x0c, 0xa3, 0x33, 0x33, 0x33, 0x4f, 0x40, 0x48, 0x83, 0x00, 0x00, 0x00, 0x00, 0x00, 0x00,
    0x00, 0x00, 0x00, 0x01, 0xa6, 0x00, 0x00, 0x00, 0xba, 0x00, 0x00, 0x00, 0x00, 0x00, 0xbe, 0x10,
    0x00, 0x01, 0xf8, 0x00, 0x00, 0x00, 0x00, 0x00, 0x3f, 0x70, 0x00, 0x05, 0xf4, 0x00, 0x00, 0x00,
    0x00, 0x00, 0x04, 0x00, 0x00, 0x0a, 0xe0, 0x00, 0x00, 0x00, 0x8f, 0xff, 0xff, 0xff, 0xfe, 0x2f,
    0xff, 0xff, 0xff, 0xf9, 0x37, 0x8f, 0xa7, 0x77, 0x76, 0x9f, 0x97, 0x77, 0xcf, 0x74, 0x00, 0x3f,
    0x50, 0x00, 0x02, 0xff, 0x60, 0x00, 0xad, 0x00, 0x00, 0x3f, 0x50, 0x00, 0x0b, 0xed, 0x80, 0x00,
    0xbb, 0x00, 0x00, 0x3f, 0xff, 0xff, 0xc9, 0x4a, 0xb0, 0x00, 0xe9, 0x00, 0x00, 0x3f, 0x97, 0x7d,
    0xb0, 0x08, 0xe0, 0x03, 0xf5, 0x00, 0x00, 0x4f, 0x30, 0x0d, 0xa0, 0x04, 0xf4, 0x08, 0xf1, 0x00,
    0x00, 0x5f, 0x20, 0x0d, 0xa0, 0x00, 0xe9, 0x0d, 0xa0, 0x00, 0x00, 0x6f, 0x10, 0x0e, 0x90, 0x00,
    0x9f, 0x9f, 0x40, 0x00, 0x00, 0x8d, 0x00, 0x0e, 0x90, 0x00, 0x2f, 0xfa, 0x00, 0x00, 0x00, 0xba,
    0x00, 0x0f, 0x80, 0x00, 0x1d, 0xf9, 0x00, 0x00, 0x00, 0xe6, 0x00, 0x1f, 0x70, 0x02, 0xce, 0xbf,
    0x70, 0x00, 0x05, 0xf1, 0x00, 0x2f, 0x60, 0x4e, 0xd3, 0x0a, 0xfa, 0x10, 0x0d, 0xa1, 0x10, 0x8f,
    0x59, 0xfb, 0x20, 0x00, 0x8f, 0xe6, 0x9f, 0x24, 0xff, 0xfd, 0x2b, 0x70, 0x00, 0x00, 0x03, 0xc3,
    0x57, 0x01, 0x88, 0x71, 0x00, 0x00, 0x00, 0x00, 0x00, 0x00, 0x00, 0x00, 0x7b, 0x00, 0x00, 0x00,
    0x5d, 0x20, 0x00, 0x00, 0x00, 0x00, 0x4f, 0x90, 0x00, 0x00, 0x9e, 0x00, 0x00, 0x00, 0x00, 0x00,
    0x04, 0x10, 0x00, 0x00, 0xdb, 0x00, 0x00, 0x00, 0x7f, 0xff, 0xff, 0xff, 0xff, 0x64, 0xf7, 0x00,
    0x00, 0x00, 0x25, 0x55, 0x55, 0x55, 0x55, 0x2b, 0xff, 0xff, 0xff, 0xf9, 0x00, 0x3c, 0x30, 0x5b,
    0x10, 0x4f, 0xe5, 0x55, 0x8f, 0x73, 0x03, 0xec, 0x10, 0x3e, 0xb1, 0xde, 0xf1, 0x00, 0x7f, 0x10,
    0x4e, 0xc1, 0x00, 0x04, 0xfb, 0xb4, 0xf3, 0x00, 0x9e, 0x00, 0x6b, 0x10, 0x00, 0x00, 0x69, 0x00,
    0xe7, 0x00, 0xcb, 0x00, 0x00, 0x5b, 0x10, 0x1c, 0x50, 0x00, 0xbc, 0x02, 0xf7, 0x00, 0x00, 0x4e,
    0xd2, 0xaf, 0x30, 0x00, 0x6f, 0x38, 0xf2, 0x00, 0x00, 0x03, 0xee, 0xf7, 0x00, 0x00, 0x1e, 0xbe,
    0xb0, 0x00, 0x00, 0x00, 0x4f, 0xf3, 0x00, 0x00, 0x08, 0xff, 0x30, 0x00, 0x00, 0x00, 0xce, 0xee,
    0x40, 0x00, 0x07, 0xfe, 0x20, 0x00, 0x00, 0x0b, 0xe4, 0x3e, 0xe4, 0x00, 0x6f, 0xdf, 0xd2, 0x00,
    0x01, 0xbf, 0x40, 0x03, 0xb2, 0x08, 0xfb, 0x15, 0xfe, 0x40, 0x5e, 0xd4, 0x00, 0x00, 0x03, 0xcf,
    0x90, 0x00, 0x5e, 0xf9, 0x6b, 0x10, 0x00, 0x00, 0x04, 0xc4, 0x00, 0x00, 0x02, 0xb5, 0x00, 0x00,
    0x0c, 0x90, 0x00, 0x00, 0x1e, 0x60, 0x00, 0x00, 0x06, 0xa0, 0x0c, 0x90, 0x1c, 0x40, 0x4f, 0x50,
    0x00, 0x00, 0x04, 0xf9, 0x0c, 0x91, 0xcd, 0x20, 0x6f, 0x10, 0x00, 0x00, 0x00, 0x79, 0x0c, 0x93,
    0xc2, 0x00, 0xbc, 0x00, 0x00, 0x00, 0x00, 0x00, 0x0c, 0x90, 0x00, 0x00, 0xef, 0xff, 0xff, 0xf9,
    0x5f, 0xff, 0xff, 0xff, 0xff, 0x65, 0xf6, 0x55, 0x7f, 0x93, 0x14, 0x45, 0xcf, 0xb5, 0x44, 0x2b,
    0xf1, 0x00, 0x4f, 0x40, 0x00, 0x3c, 0xde, 0xee, 0x40, 0x3f, 0xf3, 0x00, 0x6f, 0x20, 0x29, 0xf9,
    0x1c, 0xa8, 0xf7, 0xbb, 0xf5, 0x00, 0x9e, 0x00, 0x6b, 0x30, 0x0c, 0x90, 0x5b, 0x83, 0xd8, 0x00,
    0xbc, 0x00, 0x00, 0x00, 0xc6, 0x00, 0x00, 0x00, 0xad, 0x01, 0xf8, 0x00, 0x00, 0x05, 0xf4, 0x00,
    0x00, 0x00, 0x6f, 0x25, 0xf3, 0x00, 0x8f, 0xff, 0xff, 0xff, 0xfd, 0x00, 0x1f, 0x9b, 0xd0, 0x00,
    0x24, 0xaf, 0x54, 0x44, 0xdb, 0x00, 0x0a, 0xff, 0x70, 0x00, 0x02, 0xea, 0x00, 0x05, 0xf4, 0x00,
    0x03, 0xff, 0x10, 0x00, 0x02, 0xaf, 0xb3, 0x3e, 0x90, 0x00, 0x09, 0xff, 0x90, 0x00, 0x00, 0x03,
    0xaf, 0xed, 0x00, 0x00, 0x8f, 0x7a, 0xf6, 0x00, 0x00, 0x16, 0xdf, 0xcf, 0xb3, 0x08, 0xf8, 0x01,
    0xcf, 0x70, 0x6b, 0xff, 0xb3, 0x03, 0xc6, 0xbf, 0x80, 0x00, 0x2c, 0xf9, 0x6c, 0x82, 0x00, 0x00,
    0x02, 0xb5, 0x00, 0x00, 0x01, 0xa4, 0x00, 0x00, 0x00, 0x00, 0x3c, 0x40, 0x00, 0x00, 0x00, 0x00,
    0x00, 0x00, 0x00, 0x00, 0x1e, 0xe1, 0x00, 0x00, 0x00, 0x00, 0x00, 0x00, 0x00, 0x00, 0x05, 0xd4,
    0x00, 0x00, 0x00, 0x00, 0x6f, 0xff, 0xff, 0xff, 0xff, 0xff, 0xff, 0xff, 0xff, 0xf5, 0x37, 0x77,
    0xce, 0x77, 0x77, 0x77, 0x77, 0xfc, 0x77, 0x72, 0x00, 0x00, 0x7f, 0x20, 0x00, 0x00, 0x03, 0xf7,
    0x00, 0x00, 0x00, 0x00, 0x3f, 0x60, 0x00, 0x00, 0x07, 0xf3, 0x00, 0x00, 0x00, 0x00, 0x0c, 0xc0,
    0x00, 0x00, 0x0c, 0xd0, 0x00, 0x00, 0x00, 0x00, 0x05, 0xf4, 0x00, 0x00, 0x4f, 0x60, 0x00, 0x00,
    0x00, 0x00, 0x00, 0xdd, 0x00, 0x00, 0xcd, 0x10, 0x00, 0x00, 0x00, 0x00, 0x00, 0x4f, 0x90, 0x08,
    0xf5, 0x00, 0x00, 0x00, 0x00, 0x00, 0x00, 0x08, 0xf7, 0x6f, 0x90, 0x00, 0x00, 0x00, 0x00, 0x00,
    0x00, 0x00, 0xaf, 0xfb, 0x00, 0x00, 0x00, 0x00, 0x00, 0x00, 0x00, 0x02, 0xbf, 0xfc, 0x30, 0x00,
    0x00, 0x00, 0x00, 0x00, 0x02, 0x9e, 0xe7, 0x7e, 0xfa, 0x30, 0x00, 0x00, 0x00, 0x04, 0xaf, 0xf9,
    0x20, 0x02, 0xaf, 0xfc, 0x61, 0x00, 0x39, 0xef, 0xe8, 0x10, 0x00, 0x00, 0x02, 0x9e, 0xff, 0xb3,
    0x1c, 0xa5, 0x00, 0x00, 0x00, 0x00, 0x00, 0x01, 0x6c, 0x90, 0x00, 0x00, 0x00, 0x00, 0x3c, 0x50,
    0x00, 0x00, 0x00, 0x00, 0x00, 0x00, 0x00, 0x00, 0x1e, 0xe1, 0x00, 0x00, 0x00, 0x00, 0x00, 0x00,
    0x00, 0x00, 0x05, 0xd4, 0x00, 0x00, 0x00, 0x00, 0x6f, 0xff, 0xff, 0xff, 0xff, 0xff, 0xff, 0xff,
    0xff, 0xf7, 0x37, 0x77, 0x78, 0xfc, 0x77, 0x77, 0x77, 0x77, 0x77, 0x73, 0x00, 0x00, 0x02, 0xf8,
    0x00, 0x00, 0x00, 0x00, 0x00, 0x00, 0x00, 0x00, 0x02, 0xf8, 0x00, 0x00, 0x00, 0x00, 0x00, 0x00,
    0x00, 0x00, 0x03, 0xf7, 0x00, 0x00, 0x00, 0x00, 0x00, 0x00, 0x00, 0x00, 0x04, 0xff, 0xff, 0xff,
    0xff, 0xff, 0xd0, 0x00, 0x00, 0x00, 0x05, 0xf9, 0x77, 0x77, 0x77, 0x7e, 0xc0, 0x00, 0x00, 0x00,
    0x07, 0xf3, 0x00, 0x00, 0x00, 0x0e, 0xb0, 0x00, 0x00, 0x00, 0x0a, 0xf1, 0x00, 0x00, 0x00, 0x0f,
    0xa0, 0x00, 0x00, 0x00, 0x1e, 0xc0, 0x00, 0x00, 0x00, 0x1f, 0x90, 0x00, 0x00, 0x00, 0x6f, 0x70,
    0x00, 0x00, 0x00, 0x2f, 0x80, 0x00, 0x00, 0x00, 0xde, 0x10, 0x00, 0x00, 0x00, 0x3f, 0x70, 0x00,
    0x00, 0x07, 0xf8, 0x00, 0x00, 0x00, 0x00, 0x4f, 0x60, 0x00, 0x00, 0x4f, 0xd1, 0x00, 0x00, 0x00,
    0x00, 0x7f, 0x40, 0x00, 0x03, 0xee, 0x30, 0x00, 0x39, 0x52, 0x03, 0xee, 0x10, 0x00, 0x5e, 0xe4,
    0x00, 0x00, 0x2f, 0xff, 0xff, 0xf7, 0x00, 0x00, 0x4c, 0x30, 0x00, 0x00, 0x02, 0x57, 0x98, 0x40,
    0x00, 0x00, 0x00, 0xdf, 0xff, 0xff, 0xff, 0xff, 0xff, 0xff, 0xff, 0x00, 0x00, 0x78, 0x88, 0x88,
    0xaf, 0xb8, 0x88, 0x88, 0x88, 0x00, 0x00, 0x00, 0x00, 0x00, 0x5f, 0x50, 0x00, 0x00, 0x00, 0x00,
    0x00, 0x00, 0x00, 0x00, 0x6f, 0x40, 0x00, 0x00, 0x00, 0x00, 0x00, 0x00, 0x00, 0x00, 0x7f, 0x20,
    0x00, 0x00, 0x00, 0x00, 0x00, 0x00, 0x00, 0x00, 0xaf, 0x00, 0x00, 0x00, 0x00, 0x00, 0x6f, 0xff,
    0xff, 0xff, 0xff, 0xff, 0xff, 0xff, 0xff, 0xf7, 0x38, 0x88, 0x88, 0x89, 0xfc, 0x88, 0x88, 0x88,
    0x88, 0x84, 0x00, 0x00, 0x00, 0x06, 0xf5, 0x00, 0x00, 0x00, 0x00, 0x00, 0x00, 0x00, 0x00, 0x0c,
    0xe1, 0x6f, 0x30, 0x00, 0x00, 0x00, 0x00, 0x00, 0x00, 0x3f, 0x90, 0x6f, 0x30, 0x00, 0x00, 0x00,
    0x00, 0x00, 0x00, 0xcf, 0x20, 0x6f, 0x30, 0x00, 0x00, 0x00, 0x00, 0x00, 0x07, 0xf7, 0x00, 0x6f,
    0x30, 0x00, 0x00, 0xc6, 0x00, 0x00, 0x5f, 0xc0, 0x00, 0x6f, 0x30, 0x00, 0x01, 0xf9, 0x00, 0x05,
    0xfd, 0x10, 0x00, 0x5f, 0x30, 0x00, 0x02, 0xf7, 0x00, 0x7f, 0xc1, 0x00, 0x00, 0x4f, 0x90, 0x00,
    0x08, 0xf5, 0x3c, 0xfa, 0x10, 0x00, 0x00, 0x0c, 0xff, 0xff, 0xff, 0xc1, 0x2c, 0x50, 0x00, 0x00,
    0x00, 0x00, 0x46, 0x66, 0x64, 0x00, 0x00, 0x00, 0x00, 0x00, 0x00, 0x00, 0x00, 0x09, 0xe0, 0x00,
    0x00, 0x00, 0x00, 0x00, 0x00, 0x00, 0x00, 0x09, 0xe0, 0x00, 0x0e, 0xff, 0xff, 0xfc, 0x00, 0x00,
    0x00, 0x09, 0xe0, 0x00, 0x0e, 0xc7, 0x77, 0xdc, 0x00, 0x00, 0x00, 0x09, 0xe0, 0x00, 0x0e, 0x90,
    0x00, 0xbc, 0x8f, 0xff, 0xff, 0xff, 0xff, 0xfb, 0x0e, 0x90, 0x00, 0xbc, 0x47, 0x77, 0x77, 0x7c,
    0xf7, 0x75, 0x0e, 0x90, 0x00, 0xbc, 0x00, 0x00, 0x00, 0x09, 0xe0, 0x00, 0x0e, 0x90, 0x00, 0xbc,
    0x05, 0xb0, 0x00, 0x09, 0xe0, 0x00, 0x0e, 0xff, 0xff, 0xfc, 0x06, 0xf5, 0x00, 0x09, 0xe0, 0x00,
    0x0e, 0xc6, 0x66, 0xdc, 0x00, 0xec, 0x00, 0x09, 0xe0, 0x00, 0x0e, 0x90, 0x00, 0xbc, 0x00, 0x8f,
    0x40, 0x09, 0xe0, 0x00, 0x0e, 0x90, 0x00, 0xbc, 0x00, 0x2f, 0xb0, 0x09, 0xe0, 0x00, 0x0e, 0x90,
    0x00, 0xbc, 0x00, 0x0a, 0x70, 0x09, 0xe0, 0x00, 0x0e, 0x90, 0x00, 0xbc, 0x00, 0x00, 0x00, 0x09,
    0xe0, 0x00, 0x0e, 0x90, 0x00, 0xbc, 0x00, 0x00, 0x00, 0x09, 0xe0, 0x00, 0x0e, 0xff, 0xff, 0xfc,
    0x00, 0x00, 0x00, 0x09, 0xe0, 0x00, 0x0e, 0xc7, 0x77, 0xdc, 0x00, 0x00, 0x00, 0x1d, 0xd0, 0x00,
    0x0e, 0x90, 0x00, 0xbc, 0x00, 0x1f, 0xff, 0xff, 0x80, 0x00, 0x00, 0x00, 0x00, 0x00, 0x00, 0x09,
    0x98, 0x85, 0x00, 0x00, 0x00, 0x3f, 0xff, 0xff, 0xff, 0xff, 0xff, 0xff, 0xf8, 0x00, 0x00, 0x3f,
    0x86, 0x66, 0x66, 0x66, 0x66, 0x66, 0xf8, 0x00, 0x00, 0x3f, 0x40, 0x00, 0x00, 0x00, 0x00, 0x00,
    0xf8, 0x00, 0x00, 0x3f, 0xff, 0xff, 0xff, 0xff, 0xff, 0xff, 0xf8, 0x00, 0x00, 0x3f, 0x85, 0x55,
    0x55, 0x55, 0x55, 0x55, 0xf8, 0x00, 0x00, 0x3f, 0x40, 0x00, 0x00, 0x00, 0x00, 0x00, 0xf8, 0x00,
    0x00, 0x3f, 0xff, 0xff, 0xff, 0xff, 0xff, 0xff, 0xf8, 0x00, 0x00, 0x16, 0x66, 0x66, 0x66, 0x66,
    0x66, 0x66, 0xf8, 0x00, 0x00, 0x03, 0xd3, 0x00, 0x02, 0x93, 0x00, 0x00, 0x00, 0x00, 0x00, 0x1d,
    0xff, 0xff, 0xff, 0xff, 0xff, 0xff, 0xff, 0xa0, 0x01, 0xbd, 0x66, 0x66, 0x68, 0xf9, 0x66, 0x66,
    0x66, 0x40, 0x1c, 0xd2, 0x00, 0x00, 0x04, 0xf4, 0x00, 0x00, 0x00, 0x00, 0x2c, 0x2a, 0xff, 0xff,
    0xff, 0xff, 0xff, 0xff, 0xff, 0x20, 0x00, 0x04, 0x66, 0x66, 0x68, 0xf9, 0x66, 0x66, 0x66, 0x10,
    0x00, 0x00, 0x00, 0x00, 0x04, 0xf4, 0x00, 0x00, 0x00, 0x00, 0x2f, 0xff, 0xff, 0xff, 0xff, 0xff,
    0xff, 0xff, 0xff, 0xf8, 0x16, 0x66, 0x66, 0x66, 0x66, 0x66, 0x66, 0x66, 0x66, 0x63, 0x00, 0x00,
    0x06, 0xb1, 0x00, 0x00, 0x0a, 0x80, 0x00, 0x00, 0x00, 0x00, 0x03, 0xe9, 0x00, 0x00, 0x8f, 0x60,
    0x00, 0x00, 0x0e, 0xff, 0xff, 0xff, 0xff, 0xff, 0xff, 0xff, 0xff, 0xe0, 0x04, 0x55, 0x55, 0x5f,
    0xa5, 0x5a, 0xf5, 0x55, 0x55, 0x40, 0x00, 0x00, 0x00, 0x0e, 0x70, 0x07, 0xe0, 0x00, 0x00, 0x00,
    0x00, 0x2d, 0xe4, 0x0e, 0x70, 0x07, 0xe0, 0x5e, 0xa1, 0x00, 0x00, 0x00, 0x00, 0x0e, 0x70, 0x07,
    0xe0, 0x00, 0x00, 0x00, 0x8f, 0xff, 0xff, 0xff, 0xff, 0xff, 0xff, 0xff, 0xff, 0xf8, 0x35, 0x55,
    0x55, 0x55, 0x55, 0x55, 0x55, 0x55, 0x55, 0x53, 0x00, 0x00, 0x00, 0x00, 0x00, 0x00, 0x00, 0x00,
    0x00, 0x00, 0x00, 0x0c, 0xff, 0xff, 0xff, 0xff, 0xff, 0xff, 0xc0, 0x00, 0x00, 0x0c, 0xc5, 0x55,
    0x55, 0x55, 0x55, 0x5c, 0xc0, 0x00, 0x00, 0x0c, 0xa0, 0x00, 0x00, 0x00, 0x00, 0x0a, 0xc0, 0x00,
    0x00, 0x0c, 0xff, 0xff, 0xff, 0xff, 0xff, 0xff, 0xc0, 0x00, 0x00, 0x0c, 0xc4, 0x44, 0x44, 0x44,
    0x44, 0x4c, 0xc0, 0x00, 0x00, 0x0c, 0xa0, 0x00, 0x00, 0x00, 0x00, 0x0a, 0xc0, 0x00, 0x00, 0x0c,
    0xa0, 0x00, 0x00, 0x00, 0x00, 0x0a, 0xc0, 0x00, 0x00, 0x0c, 0xff, 0xff, 0xff, 0xff, 0xff, 0xff,
    0xc0, 0x00, 0x00, 0x0c, 0xc5, 0x55, 0x55, 0x55, 0x55, 0x5c, 0xc0, 0x00, 0x00, 0x03, 0xd2, 0x00,
    0x00, 0x00, 0x00, 0x00, 0x00, 0x00, 0x00, 0x0a, 0xd0, 0x00, 0x00, 0x01, 0x23, 0x46, 0x9c, 0xc0,
    0x8f, 0xff, 0xff, 0xff, 0xfd, 0x1f, 0xff, 0xed, 0xb8, 0x60, 0x13, 0xcc, 0x33, 0x33, 0x32, 0x1f,
    0x51, 0x00, 0x00, 0x00, 0x07, 0xe2, 0x0c, 0x80, 0x00, 0x1f, 0x40, 0x00, 0x00, 0x00, 0x0c, 0xff,
    0xff, 0xff, 0xfa, 0x2f, 0xff, 0xff, 0xff, 0xf7, 0x02, 0x33, 0x3d, 0x93, 0x32, 0x3f, 0x43, 0x3b,
    0xb3, 0x31, 0x01, 0x34, 0x6e, 0xcb, 0xd8, 0x6e, 0x00, 0x0a, 0xa0, 0x00, 0x9f, 0xfc, 0xae, 0xa4,
    0x20, 0xc9, 0x00, 0x0a, 0xa0, 0x00, 0x22, 0x00, 0x0c, 0x80, 0x07, 0xf3, 0x00, 0x0a, 0xa0, 0x00,
    0x00, 0x00, 0x0c, 0x80, 0x05, 0x80, 0x00, 0x00, 0x00, 0x00, 0x00, 0x0a, 0xff, 0xff, 0xff, 0xff,
    0xff, 0xff, 0xa0, 0x00, 0x00, 0x0a, 0xc3, 0x33, 0x33, 0x33, 0x33, 0x3c, 0xa0, 0x00, 0x00, 0x0a,
    0xb0, 0x00, 0x00, 0x00, 0x00, 0x0b, 0xa0, 0x00, 0x00, 0x0a, 0xff, 0xff, 0xff, 0xff, 0xff, 0xff,
    0xa0, 0x00, 0x00, 0x0a, 0xc2, 0x22, 0x22, 0x22, 0x22, 0x2c, 0xa0, 0x00, 0x00, 0x0a, 0xb0, 0x00,
    0x00, 0x00, 0x00, 0x0b, 0xa0, 0x00, 0x00, 0x0a, 0xff, 0xff, 0xff, 0xff, 0xff, 0xff, 0xa0, 0x00,
    0x00, 0x0a, 0xc3, 0x33, 0x33, 0x33, 0x33, 0x3c, 0xa0, 0x00, 0x0f, 0xff, 0xff, 0xff, 0xff, 0xff,
    0xff, 0xff, 0xff, 0xf0, 0x05, 0x66, 0x66, 0x66, 0x6b, 0xf6, 0x66, 0x66, 0x66, 0x50, 0x00, 0x00,
    0x00, 0x00, 0x08, 0xe0, 0x00, 0x00, 0x00, 0x00, 0x00, 0x6f, 0xff, 0xff, 0xff, 0xff, 0xff, 0xff,
    0xf6, 0x00, 0x00, 0x6f, 0x65, 0x55, 0x5b, 0xe5, 0x55, 0x56, 0xf6, 0x00, 0x00, 0x6f, 0x10, 0x00,
    0x09, 0xe0, 0x00, 0x01, 0xf6, 0x00, 0x00, 0x6f, 0xff, 0xff, 0xff, 0xff, 0xff, 0xff, 0xf6, 0x00,
    0x00, 0x6f, 0x55, 0x55, 0x5c, 0xd5, 0x55, 0x55, 0xf6, 0x00, 0x00, 0x6f, 0x10, 0x00, 0x0b, 0xb0,
    0x00, 0x01, 0xf6, 0x00, 0x00, 0x6f, 0xff, 0xff, 0xff, 0xff, 0xff, 0xff, 0xf6, 0x00, 0x00, 0x29,
    0xa5, 0x55, 0x7f, 0x85, 0x55, 0x56, 0xf6, 0x00, 0x00, 0x08, 0xf5, 0x00, 0x8f, 0x10, 0x00, 0x00,
    0x00, 0x00, 0x00, 0x00, 0xaf, 0x94, 0xea, 0x00, 0x00, 0x00, 0x00, 0x00, 0x00, 0x00, 0x07, 0xff,
    0xf3, 0x00, 0x00, 0x00, 0x00, 0x00, 0x00, 0x00, 0x4b, 0xfd, 0xff, 0xda, 0x75, 0x42, 0x11, 0x00,
    0x26, 0x9e, 0xfc, 0x50, 0x27, 0xad, 0xff, 0xff, 0xff, 0xf8, 0x3d, 0xb7, 0x20, 0x00, 0x00, 0x00,
    0x13, 0x46, 0x78, 0x81, 0x00, 0x0b, 0xff, 0xff, 0xff, 0xff, 0xff, 0xff, 0xc0, 0x00, 0x00, 0x0b,
    0xa2, 0x22, 0x22, 0x22, 0x22, 0x2a, 0xc0, 0x00, 0x00, 0x0b, 0xff, 0xff, 0xff, 0xff, 0xff, 0xff,
    0xc0, 0x00, 0x00, 0x0b, 0xa1, 0x11, 0x11, 0x11, 0x11, 0x1a, 0xc0, 0x00, 0x00, 0x0b, 0xff, 0xff,
    0xff, 0xff, 0xff, 0xff, 0xc0, 0x00, 0x00, 0x0b, 0xa2, 0x22, 0x22, 0x22, 0x22, 0x2a, 0xc0, 0x00,
    0x00, 0x00, 0x00, 0x00, 0x00, 0x00, 0x00, 0x00, 0x00, 0x00, 0xbf, 0xff, 0xff, 0xff, 0xff, 0xff,
    0xff, 0xff, 0xff, 0xfa, 0x23, 0xac, 0x33, 0x33, 0xd8, 0x33, 0x33, 0x33, 0x33, 0x32, 0x00, 0x8f,
    0xff, 0xff, 0xf7, 0x8f, 0xff, 0xff, 0xff, 0x30, 0x00, 0x8c, 0x22, 0x22, 0xd7, 0x19, 0xc2, 0x22,
    0x9e, 0x10, 0x00, 0x8f, 0xff, 0xff, 0xf7, 0x02, 0xf3, 0x02, 0xe7, 0x00, 0x00, 0x8c, 0x22, 0x22,
    0xd7, 0x00, 0x9d, 0x2c, 0xc0, 0x00, 0x00, 0x8c, 0x00, 0x00, 0xd8, 0x31, 0x1c, 0xee, 0x20, 0x00,
    0x37, 0xce, 0xab, 0xce, 0xff, 0xf5, 0x4d, 0xfe, 0x60, 0x00, 0x4e, 0xdb, 0xa8, 0x75, 0xe8, 0x6b,
    0xfa, 0x28, 0xfd, 0x82, 0x00, 0x00, 0x00, 0x00, 0xd7, 0xba, 0x30, 0x00, 0x27, 0xd4, 0x05, 0xff,
    0xff, 0xf3, 0x3f, 0xff, 0xff, 0xff, 0xff, 0x60, 0x05, 0xf5, 0x46, 0xf3, 0x3f, 0x85, 0x55, 0x55,
    0x6f, 0x50, 0x05, 0xf1, 0x03, 0xf3, 0x3f, 0x40, 0x00, 0x00, 0x3f, 0x40, 0x05, 0xf1, 0x03, 0xf3,
    0x3f, 0x40, 0x44, 0x11, 0x9f, 0x10, 0x05, 0xf1, 0x03, 0xf3, 0x3f, 0x40, 0x6f, 0xff, 0xf8, 0x00,
    0x05, 0xfb, 0xbc, 0xf3, 0x3f, 0x40, 0x02, 0x45, 0x30, 0x00, 0x05, 0xf8, 0x79, 0xf3, 0x3f, 0x40,
    0x00, 0x00, 0x00, 0x00, 0x05, 0xf1, 0x03, 0xf3, 0x3f, 0xff, 0xff, 0xff, 0xff, 0x80, 0x05, 0xf1,
    0x03, 0xf3, 0x3f, 0x7c, 0xb4, 0x44, 0x5f, 0x60, 0x05, 0xf1, 0x03, 0xf3, 0x3f, 0x47, 0xe0, 0x00,
    0x6f, 0x20, 0x05, 0xff, 0xff, 0xf3, 0x3f, 0x43, 0xf4, 0x00, 0xbc, 0x00, 0x05, 0xf4, 0x36, 0xf3,
    0x3f, 0x40, 0xcb, 0x04, 0xf6, 0x00, 0x06, 0xf0, 0x03, 0xf3, 0x3f, 0x40, 0x5f, 0x5d, 0xd0, 0x00,
    0x07, 0xe0, 0x03, 0xf3, 0x3f, 0x40, 0x0b, 0xff, 0x30, 0x00, 0x09, 0xc0, 0x03, 0xf3, 0x3f, 0x40,
    0x0a, 0xfd, 0x20, 0x00, 0x0d, 0x90, 0x03, 0xf3, 0x3f, 0x40, 0xaf, 0x7d, 0xe5, 0x00, 0x4f, 0x31,
    0x06, 0xf2, 0x3f, 0x7c, 0xe4, 0x01, 0xaf, 0xc4, 0x4a, 0x09, 0xff, 0xd0, 0x3f, 0x8b, 0x20, 0x00,
    0x05, 0xc4, 0x00, 0x02, 0x44, 0x10, 0x00, 0x00, 0x00, 0x00, 0x00, 0x00, 0x00, 0x00, 0x00, 0x00,
    0x0c, 0xc0, 0x00, 0x00, 0x00, 0x00, 0x00, 0x00, 0x00, 0x00, 0x0c, 0xc0, 0x00, 0x00, 0x00, 0x00,
    0x00, 0x00, 0x00, 0x00, 0x0c, 0xc0, 0x00, 0x00, 0x00, 0x00, 0x04, 0xff, 0xff, 0xff, 0xff, 0xff,
    0xff, 0xff, 0xff, 0x50, 0x02, 0x77, 0x77, 0x77, 0x7d, 0xd7, 0x77, 0x77, 0x77, 0x20, 0x00, 0x00,
    0x00, 0x00, 0x0c, 0xc0, 0x00, 0x00, 0x00, 0x00, 0x00, 0x00, 0x00, 0x00, 0x0c, 0xc0, 0x00, 0x00,
    0x00, 0x00, 0x00, 0x00, 0x00, 0x00, 0x0c, 0xc0, 0x00, 0x00, 0x00, 0x00, 0x7f, 0xff, 0xff, 0xff,
    0xff, 0xff, 0xff, 0xff, 0xff, 0xf7, 0x37, 0x77, 0x77, 0x77, 0xcf, 0xfb, 0x77, 0x77, 0x77, 0x73,
    0x00, 0x00, 0x00, 0x05, 0xed, 0xde, 0x40, 0x00, 0x00, 0x00, 0x00, 0x00, 0x00, 0x5e, 0x4c, 0xc5,
    0xe3, 0x00, 0x00, 0x00, 0x00, 0x00, 0x07, 0xf5, 0x0c, 0xc0, 0x7e, 0x40, 0x00, 0x00, 0x00, 0x01,
    0xae, 0x40, 0x0c, 0xc0, 0x07, 0xf8, 0x00, 0x00, 0x00, 0x5e, 0xd3, 0x00, 0x0c, 0xc0, 0x00, 0x5e,
    0xd4, 0x00, 0x3b, 0xf9, 0x10, 0x00, 0x0c, 0xc0, 0x00, 0x02, 0xbf, 0xc4, 0x3c, 0x40, 0x00, 0x00,
    0x0c, 0xc0, 0x00, 0x00, 0x05, 0xc3, 0x00, 0x00, 0x00, 0x00, 0x0c, 0xc0, 0x00, 0x00, 0x00, 0x00,
    0x00, 0x00, 0x00, 0x00, 0x0c, 0xc0, 0x00, 0x00, 0x00, 0x00, 0x00, 0x00, 0x00, 0x00, 0x0b, 0xc0,
    0x00, 0x00, 0x00, 0x00, 0x00, 0x00, 0x00, 0x00, 0x0b, 0xc0, 0x00, 0x00, 0x00, 0x00, 0x7f, 0xff,
    0xff, 0xff, 0xff, 0xff, 0xff, 0xff, 0xff, 0xf7, 0x36, 0x66, 0x66, 0x66, 0x6c, 0xd6, 0x66, 0x66,
    0x66, 0x62, 0x00, 0x00, 0x00, 0x00, 0x0b, 0xc0, 0x00, 0x00, 0x00, 0x00, 0x00, 0x00, 0x00, 0x00,
    0x0b, 0xc0, 0x00, 0x00, 0x00, 0x00, 0x00, 0x8f, 0xff, 0xff, 0xff, 0xff, 0xff, 0xff, 0xf9, 0x00,
    0x00, 0x8f, 0x55, 0x55, 0x5c, 0xd5, 0x55, 0x55, 0xe9, 0x00, 0x00, 0x8e, 0x00, 0x00, 0x0b, 0xc0,
    0x00, 0x00, 0xd9, 0x00, 0x00, 0x8e, 0x00, 0x00, 0x0b, 0xc0, 0x00, 0x00, 0xd9, 0x00, 0x00, 0x8e,
    0x00, 0x00, 0x0b, 0xc0, 0x00, 0x00, 0xd9, 0x00, 0x00, 0x8f, 0xff, 0xff, 0xff, 0xff, 0xff, 0xff,
    0xf9, 0x00, 0x00, 0x8f, 0x55, 0x55, 0xcf, 0xfc, 0x55, 0x55, 0xe9, 0x00, 0x00, 0x00, 0x00, 0x09,
    0xcc, 0xcc, 0x80, 0x00, 0x00, 0x00, 0x00, 0x00, 0x02, 0xcc, 0x1b, 0xc1, 0xda, 0x10, 0x00, 0x00,
    0x00, 0x00, 0x5e, 0x90, 0x0b, 0xc0, 0x1b, 0xd4, 0x00, 0x00, 0x00, 0x3b, 0xe6, 0x00, 0x0b, 0xc0,
    0x00, 0x8f, 0xa2, 0x00, 0x2a, 0xfb, 0x20, 0x00, 0x0b, 0xc0, 0x00, 0x04, 0xdf, 0xa3, 0x4c, 0x50,
    0x00, 0x00, 0x0b, 0xc0, 0x00, 0x00, 0x06, 0xc2, 0x00, 0x00, 0x00, 0x00, 0x0b, 0xc0, 0x00, 0x00,
    0x00, 0x00, 0x00, 0x00, 0x00, 0x00, 0x0b, 0xb0, 0x00, 0x00, 0x00, 0x00, 0x00, 0x00, 0x00, 0x00,
    0x0b, 0xb0, 0x00, 0x00, 0x00, 0x00, 0x00, 0x00, 0x00, 0x00, 0x0b, 0xb0, 0x00, 0x00, 0x00, 0x00,
    0x04, 0xff, 0xff, 0xff, 0xff, 0xff, 0xff, 0xff, 0xff, 0x70, 0x02, 0x66, 0x66, 0x66, 0x6d, 0xd6,
    0x66, 0x66, 0x66, 0x20, 0x00, 0x03, 0xb1, 0x00, 0x0b, 0xb0, 0x00, 0x1b, 0x30, 0x00, 0x00, 0x03,
    0xec, 0x10, 0x0b, 0xb0, 0x01, 0xcf, 0x50, 0x00, 0x00, 0x00, 0x4f, 0xc1, 0x0b, 0xb0, 0x1b, 0xf5,
    0x00, 0x00, 0x00, 0x00, 0x07, 0x80, 0x0b, 0xb0, 0x1b, 0x50, 0x00, 0x00, 0x00, 0x00, 0x00, 0x00,
    0x0b, 0xb0, 0x00, 0x00, 0x00, 0x00, 0x7f, 0xff, 0xff, 0xff, 0xff, 0xff, 0xff, 0xff, 0xff, 0xf7,
    0x26, 0x66, 0x66, 0x66, 0xbf, 0xfa, 0x66, 0x66, 0x66, 0x63, 0x00, 0x00, 0x00, 0x09, 0xdc, 0xdd,
    0x50, 0x00, 0x00, 0x00, 0x00, 0x00, 0x02, 0xcc, 0x1b, 0xb3, 0xe8, 0x00, 0x00, 0x00, 0x00, 0x00,
    0x6e, 0xa1, 0x0b, 0xb0, 0x2d, 0xc3, 0x00, 0x00, 0x00, 0x4c, 0xe6, 0x00, 0x0b, 0xb0, 0x01, 0xaf,
    0xa3, 0x00, 0x3b, 0xfb, 0x20, 0x00, 0x0b, 0xb0, 0x00, 0x05, 0xdf, 0xb4, 0x4c, 0x50, 0x00, 0x00,
    0x0b, 0xb0, 0x00, 0x00, 0x06, 0xc3, 0x00, 0x00, 0x00, 0x00, 0x0b, 0xb0, 0x00, 0x00, 0x00, 0x00,
    0x00, 0x00, 0x00, 0x00, 0x0b, 0xb0, 0x00, 0x00, 0x00, 0x00, 0x00, 0x00, 0x00, 0x00, 0x0b, 0xa0,
    0x00, 0x00, 0x00, 0x00, 0x00, 0x00, 0x00, 0x00, 0x0b, 0xa0, 0x00, 0x00, 0x00, 0x00, 0x1f, 0xff,
    0xff, 0xff, 0xff, 0xff, 0xff, 0xff, 0xff, 0xf2, 0x05, 0x55, 0x55, 0x5a, 0xfe, 0xef, 0x95, 0x55,
    0x55, 0x51, 0x00, 0x00, 0x02, 0xad, 0x4b, 0xa4, 0xd9, 0x20, 0x00, 0x00, 0x00, 0x02, 0x9e, 0x81,
    0x0b, 0xa0, 0x18, 0xe9, 0x30, 0x00, 0x16, 0xbe, 0x82, 0x00, 0x0b, 0xa0, 0x00, 0x17, 0xdc, 0x72,
    0x4d, 0x7b, 0xff, 0xff, 0xff, 0xff, 0xff, 0xff, 0xd9, 0xd3, 0x00, 0x0b, 0xd5, 0x55, 0x55, 0x55,
    0x55, 0x5c, 0xc0, 0x00, 0x00, 0x0b, 0xc0, 0x00, 0x00, 0x00, 0x00, 0x0b, 0xc0, 0x00, 0x00, 0x0b,
    0xea, 0xaa, 0xaa, 0xaa, 0xaa, 0xad, 0xc0, 0x00, 0x00, 0x0b, 0xea, 0xaa, 0xaa, 0xaa, 0xaa, 0xae,
    0xc0, 0x00, 0x00, 0x0b, 0xc0, 0x00, 0x00, 0x00, 0x00, 0x0b, 0xc0, 0x00, 0x00, 0x0b, 0xff, 0xff,
    0xff, 0xff, 0xff, 0xff, 0xc0, 0x00, 0x00, 0x0b, 0xd5, 0x55, 0x55, 0x55, 0x55, 0x5c, 0xc0, 0x00,
    0x00, 0x0b, 0xc0, 0x00, 0x00, 0x00, 0x00, 0x0b, 0xc0, 0x00, 0x00, 0x00, 0x00, 0x00, 0x00, 0x00,
    0x00, 0x00, 0x00, 0x00, 0x8f, 0xff, 0xff, 0xff, 0xff, 0xff, 0xff, 0xff, 0xff, 0xf8, 0x36, 0x66,
    0x66, 0x66, 0x66, 0x66, 0x66, 0x66, 0x66, 0x63, 0x00, 0x0a, 0xb0, 0x00, 0x00, 0x00, 0x00, 0x00,
    0x00, 0x00, 0x00, 0x0a, 0xb0, 0x00, 0xbf, 0xff, 0xff, 0xff, 0xff, 0xa0, 0x00, 0x0a, 0xb0, 0x00,
    0x46, 0x66, 0x66, 0x66, 0x66, 0x40, 0x00, 0x0a, 0xb0, 0x00, 0x00, 0x00, 0x00, 0x00, 0x00, 0x00,
    0x9f, 0xff, 0xff, 0xf5, 0x00, 0x00, 0x00, 0x00, 0x00, 0x00, 0x35, 0x5e, 0xc5, 0x52, 0x00, 0x00,
    0x00, 0x00, 0x00, 0x00, 0x00, 0x2f, 0xb1, 0x00, 0x00, 0x00, 0x00, 0x00, 0x00, 0x00, 0x00, 0x6e,
    0xdd, 0x2a, 0xff, 0xff, 0xff, 0xff, 0xff, 0xf8, 0x00, 0xcb, 0xbc, 0xb4, 0x66, 0x66, 0x9f, 0x76,
    0x66, 0x63, 0x04, 0xba, 0xb3, 0xf5, 0x00, 0x00, 0x5f, 0x20, 0x00, 0x00, 0x0b, 0x6a, 0xb0, 0x85,
    0x1c, 0x40, 0x5f, 0x24, 0xc1, 0x00, 0x5f, 0x1a, 0xb0, 0x00, 0x7f, 0x30, 0x5f, 0x22, 0xf8, 0x00,
    0xa9, 0x0a, 0xb0, 0x01, 0xeb, 0x00, 0x5f, 0x20, 0xaf, 0x20, 0x42, 0x0a, 0xb0, 0x07, 0xf4, 0x00,
    0x5f, 0x20, 0x3f, 0x90, 0x00, 0x0a, 0xb0, 0x1e, 0xb0, 0x00, 0x5f, 0x20, 0x0b, 0xe1, 0x00, 0x0a,
    0xb0, 0x8f, 0x30, 0x00, 0x5f, 0x20, 0x05, 0xf8, 0x00, 0x0a, 0xb0, 0x8a, 0x00, 0x00, 0x9f, 0x10,
    0x00, 0xc7, 0x00, 0x0a, 0xb0, 0x00, 0x0d, 0xff, 0xfc, 0x00, 0x00, 0x00, 0x00, 0x0a, 0xb0, 0x00,
    0x05, 0x77, 0x61, 0x00, 0x00, 0x00, 0x00, 0x07, 0xe0, 0x00, 0x09, 0x70, 0x00, 0x01, 0xb5, 0x00,
    0x00, 0x07, 0xe0, 0x00, 0x0a, 0xf3, 0x00, 0x08, 0xf8, 0x00, 0x00, 0x07, 0xe0, 0x00, 0x01, 0xdd,
    0x10, 0x4f, 0xa0, 0x00, 0x00, 0x07, 0xe0, 0x00, 0x00, 0x4a, 0x11, 0xdc, 0x00, 0x00, 0x7f, 0xff,
    0xff, 0xf4, 0xff, 0xff, 0xff, 0xff, 0xff, 0xf6, 0x25, 0x5b, 0xe5, 0x51, 0x66, 0x66, 0x66, 0x66,
    0x66, 0x62, 0x00, 0x0d, 0xe0, 0x00, 0x00, 0x00, 0x00, 0x00, 0x00, 0x00, 0x00, 0x3f, 0xe1, 0x00,
    0x00, 0x00, 0x00, 0x00, 0x00, 0x00, 0x00, 0x9f, 0xfe, 0x70, 0x00, 0x00, 0x00, 0x00, 0x00, 0x00,
    0x02, 0xfd, 0xe7, 0xf7, 0x00, 0x00, 0x00, 0x00, 0x00, 0x00, 0x09, 0xe8, 0xe0, 0xab, 0x7f, 0xff,
    0xff, 0xff, 0xff, 0x90, 0x3f, 0x77, 0xe0, 0x00, 0x36, 0x66, 0x66, 0x66, 0x66, 0x40, 0x9d, 0x17,
    0xe0, 0x00, 0x00, 0x00, 0x00, 0x00, 0x00, 0x00, 0x35, 0x07, 0xe0, 0x00, 0x00, 0x00, 0x00, 0x00,
    0x00, 0x00, 0x00, 0x07, 0xe0, 0x00, 0x00, 0x00, 0x00, 0x00, 0x00, 0x00, 0x00, 0x07, 0xe0, 0x00,
    0x00, 0x00, 0x00, 0x00, 0x00, 0x00, 0x00, 0x07, 0xe0, 0x00, 0x00, 0x00, 0x00, 0x00, 0x00, 0x00,
    0x00, 0x07, 0xe0, 0x2f, 0xff, 0xff, 0xff, 0xff, 0xff, 0xfa, 0x00, 0x07, 0xe0, 0x16, 0x66, 0x66,
    0x66, 0x66, 0x66, 0x64, 0x00, 0x07, 0xe0, 0x00, 0x00, 0x00, 0x00, 0x00, 0x00, 0x00, 0x00, 0x0b,
    0x90, 0x00, 0x00, 0x01, 0xef, 0x10, 0x00, 0x00, 0x00, 0x0b, 0x90, 0x00, 0x00, 0x08, 0xfe, 0x90,
    0x00, 0x00, 0x00, 0x0b, 0x90, 0x00, 0x00, 0x3f, 0x87, 0xf3, 0x00, 0x00, 0x00, 0x0b, 0x90, 0x00,
    0x01, 0xdc, 0x00, 0xcd, 0x10, 0x00, 0x8f, 0xff, 0xff, 0xf4, 0x0b, 0xe2, 0x00, 0x1e, 0xc1, 0x00,
    0x24, 0x5f, 0xb4, 0x41, 0xaf, 0x40, 0x00, 0x03, 0xec, 0x20, 0x00, 0x4f, 0x90, 0x1b, 0xf5, 0x00,
    0x00, 0x00, 0x3d, 0xe5, 0x00, 0x8f, 0x91, 0x1b, 0x5e, 0xff, 0xff, 0xff, 0xf3, 0xb4, 0x00, 0xed,
    0xde, 0x20, 0x05, 0x66, 0x66, 0x66, 0x60, 0x00, 0x05, 0xcb, 0xac, 0xb0, 0x00, 0x06, 0xd0, 0x00,
    0xa9, 0x00, 0x0c, 0x7b, 0x93, 0xe4, 0xd3, 0x05, 0xf3, 0x00, 0xea, 0x00, 0x5f, 0x2b, 0x90, 0x10,
    0xe8, 0x01, 0xf6, 0x03, 0xf6, 0x00, 0xaa, 0x0b, 0x90, 0x00, 0xac, 0x00, 0xda, 0x07, 0xf1, 0x00,
    0x42, 0x0b, 0x90, 0x00, 0x7f, 0x10, 0xad, 0x0b, 0xc0, 0x00, 0x00, 0x0b, 0x90, 0x00, 0x3f, 0x50,
    0x7b, 0x1f, 0x70, 0x00, 0x00, 0x0b, 0x90, 0x00, 0x0d, 0x50, 0x00, 0x5f, 0x20, 0x00, 0x00, 0x0b,
    0x90, 0x00, 0x00, 0x00, 0x00, 0xad, 0x00, 0x00, 0x00, 0x0b, 0x90, 0x4f, 0xff, 0xff, 0xff, 0xff,
    0xff, 0xf5, 0x00, 0x0b, 0x90, 0x16, 0x66, 0x66, 0x66, 0x66, 0x66, 0x62, 0x00, 0x0d, 0x80, 0x00,
    0x02, 0xf4, 0x00, 0x4f, 0x10, 0x00, 0x00, 0x0d, 0x80, 0x00, 0x02, 0xf4, 0x00, 0x4f, 0x10, 0x00,
    0x00, 0x0d, 0x80, 0x3f, 0xff, 0xff, 0xff, 0xff, 0xff, 0xf7, 0x00, 0x0d, 0x80, 0x14, 0x45, 0xf7,
    0x44, 0x7f, 0x54, 0x42, 0x8f, 0xff, 0xff, 0xf1, 0x02, 0xf4, 0x00, 0x4f, 0x10, 0x00, 0x24, 0x7f,
    0xa4, 0x43, 0xff, 0xff, 0xff, 0xff, 0xff, 0x40, 0x00, 0x8f, 0x80, 0x03, 0xf6, 0x33, 0x33, 0x33,
    0x5f, 0x40, 0x00, 0xcf, 0x98, 0x03, 0xf3, 0x00, 0x00, 0x00, 0x2f, 0x40, 0x02, 0xfe, 0xef, 0x43,
    0xff, 0xff, 0xff, 0xff, 0xff, 0x40, 0x08, 0xcd, 0x8b, 0xd4, 0xf5, 0x33, 0x33, 0x33, 0x4f, 0x40,
    0x1e, 0x7d, 0x82, 0xb4, 0xf3, 0x00, 0x00, 0x00, 0x2f, 0x40, 0x7f, 0x2d, 0x80, 0x03, 0xff, 0xff,
    0xff, 0xff, 0xff, 0x40, 0xaa, 0x0d, 0x80, 0x03, 0xf6, 0x33, 0xda, 0x33, 0x5f, 0x40, 0x52, 0x0d,
    0x80, 0x00, 0x00, 0x00, 0xd7, 0x00, 0x00, 0x00, 0x00, 0x0d, 0x80, 0x9f, 0xff, 0xff, 0xff, 0xff,
    0xff, 0xf8, 0x00, 0x0d, 0x80, 0x24, 0x44, 0x4c, 0xee, 0xa4, 0x44, 0x42, 0x00, 0x0d, 0x80, 0x00,
    0x03, 0xbe, 0x34, 0xeb, 0x20, 0x00, 0x00, 0x0d, 0x80, 0x48, 0xcf, 0xa1, 0x00, 0x2b, 0xfb, 0x73,
    0x00, 0x0d, 0x80, 0xcb, 0x72, 0x00, 0x00, 0x00, 0x39, 0xd3, 0x0c, 0xff, 0xff, 0xff, 0xff, 0xff,
    0xff, 0xff, 0xff, 0xe0, 0x07, 0x88, 0x88, 0x88, 0x88, 0xed, 0x88, 0x88, 0x88, 0x80, 0x00, 0x00,
    0x00, 0x00, 0x00, 0xec, 0x00, 0x00, 0x00, 0x00, 0x00, 0x00, 0x00, 0x00, 0x00, 0xec, 0x00, 0x00,
    0x00, 0x00, 0x00, 0x08, 0xf2, 0x00, 0x00, 0xec, 0x00, 0x00, 0x00, 0x00, 0x00, 0x08, 0xf2, 0x00,
    0x00, 0xec, 0x00, 0x00, 0x00, 0x00, 0x00, 0x08, 0xf2, 0x00, 0x00, 0xec, 0x00, 0x00, 0x00, 0x00,
    0x00, 0x08, 0xf2, 0x00, 0x00, 0xef, 0xff, 0xff, 0xff, 0x40, 0x00, 0x08, 0xf2, 0x00, 0x00, 0xed,
    0x88, 0x88, 0x88, 0x20, 0x00, 0x08, 0xf2, 0x00, 0x00, 0xec, 0x00, 0x00, 0x00, 0x00, 0x00, 0x08,
    0xf2, 0x00, 0x00, 0xec, 0x00, 0x00, 0x00, 0x00, 0x00, 0x08, 0xf2, 0x00, 0x00, 0xec, 0x00, 0x00,
    0x00, 0x00, 0x00, 0x08, 0xf2, 0x00, 0x00, 0xec, 0x00, 0x00, 0x00, 0x00, 0x00, 0x08, 0xf2, 0x00,
    0x00, 0xec, 0x00, 0x00, 0x00, 0x00, 0x00, 0x08, 0xf2, 0x00, 0x00, 0xec, 0x00, 0x00, 0x00, 0x00,
    0xbf, 0xff, 0xff, 0xff, 0xff, 0xff, 0xff, 0xff, 0xff, 0xfb, 0x68, 0x88, 0x88, 0x88, 0x88, 0x88,
    0x88, 0x88, 0x88, 0x86, 0x00, 0xbf, 0xff, 0xff, 0xff, 0xff, 0xff, 0xff, 0xfe, 0x00, 0x00, 0xbd,
    0x66, 0x66, 0x66, 0x66, 0x66, 0x66, 0xce, 0x00, 0x00, 0xbc, 0x00, 0x00, 0x00, 0x00, 0x00, 0x00,
    0x9e, 0x00, 0x00, 0xbf, 0xff, 0xff, 0xff, 0xff, 0xff, 0xff, 0xfe, 0x00, 0x00, 0xbd, 0x66, 0x66,
    0x66, 0xbf, 0x66, 0x66, 0xce, 0x00, 0x00, 0xbc, 0x00, 0x00, 0x00, 0x7f, 0x10, 0x00, 0x00, 0x00,
    0x00, 0xbc, 0x00, 0x00, 0x00, 0x6f, 0x20, 0x00, 0x00, 0x00, 0x00, 0xbc, 0x00, 0x00, 0x00, 0x4f,
    0x40, 0x00, 0x00, 0x00, 0x00, 0xbc, 0x00, 0x00, 0x00, 0x2f, 0x60, 0x00, 0x00, 0x00, 0x00, 0xbf,
    0xff, 0xff, 0xff, 0xff, 0xff, 0xff, 0xff, 0xf7, 0x00, 0xbd, 0x66, 0x66, 0x66, 0x6c, 0xe6, 0x66,
    0x66, 0x63, 0x00, 0xbc, 0x00, 0x00, 0x00, 0x06, 0xf4, 0x00, 0x00, 0x00, 0x00, 0xbc, 0x00, 0x00,
    0x10, 0x01, 0xeb, 0x00, 0x01, 0xc4, 0x00, 0xbc, 0x00, 0x3b, 0x90, 0x00, 0x8f, 0x50, 0x03, 0xf5,
    0x00, 0xbc, 0x4b, 0xfd, 0x50, 0x00, 0x1d, 0xe4, 0x08, 0xf1, 0x01, 0xef, 0xfa, 0x40, 0x00, 0x00,
    0x03, 0xef, 0xbf, 0xb0, 0x00, 0xb8, 0x10, 0x00, 0x00, 0x00, 0x00, 0x2a, 0xec, 0x20, 0x00, 0x00,
    0x00, 0x00, 0x0b, 0xe0, 0x1c, 0x70, 0x00, 0x00, 0x00, 0x00, 0x00, 0x00, 0x0b, 0xe0, 0x06, 0xeb,
    0x10, 0x00, 0x00, 0x00, 0x00, 0x00, 0x0b, 0xe0, 0x00, 0x3c, 0x30, 0x00, 0x00, 0x00, 0x00, 0x00,
    0x0b, 0xe0, 0x00, 0x00, 0x00, 0x00, 0x4f, 0xff, 0xff, 0xff, 0xff, 0xff, 0xff, 0xff, 0xff, 0xf7,
    0x26, 0x66, 0x66, 0x66, 0x6d, 0xf6, 0x66, 0x66, 0x66, 0x63, 0x00, 0x00, 0x00, 0x00, 0x0b, 0xf3,
    0x00, 0x00, 0x00, 0x00, 0x00, 0x2c, 0x30, 0x00, 0x0b, 0xf9, 0x00, 0x00, 0x00, 0x00, 0x00, 0x2d,
    0xf5, 0x00, 0x0b, 0xfe, 0x10, 0x00, 0x8c, 0x10, 0x00, 0x02, 0xdf, 0x50, 0x0b, 0xea, 0x70, 0x1b,
    0xd3, 0x00, 0x00, 0x00, 0x2c, 0x30, 0x0c, 0xe2, 0xd4, 0xda, 0x10, 0x00, 0x00, 0x00, 0x00, 0x03,
    0xcf, 0xe0, 0x9f, 0x80, 0x00, 0x00, 0x00, 0x00, 0x02, 0xaf, 0xed, 0xe0, 0x1d, 0xc0, 0x00, 0x00,
    0x00, 0x01, 0x8e, 0xe8, 0x1b, 0xe0, 0x03, 0xfa, 0x00, 0x00, 0x01, 0x7e, 0xf9, 0x10, 0x0b, 0xe0,
    0x00, 0x5f, 0xa1, 0x00, 0x4e, 0xfb, 0x20, 0x00, 0x0b, 0xe0, 0x00, 0x06, 0xfc, 0x20, 0x2c, 0x40,
    0x00, 0x00, 0x0b, 0xe0, 0x00, 0x00, 0x5e, 0xe5, 0x00, 0x00, 0x01, 0x10, 0x2e, 0xc0, 0x00, 0x00,
    0x03, 0xb2, 0x00, 0x00, 0x08, 0xff, 0xff, 0x70, 0x00, 0x00, 0x00, 0x00, 0x00, 0x00, 0x03, 0x99,
    0x95, 0x00, 0x00, 0x00, 0x00, 0x00, 0x07, 0x90, 0x00, 0x00, 0x00, 0x04, 0xf5, 0x00, 0x00, 0x00,
    0x07, 0xfb, 0x10, 0x00, 0x00, 0x04, 0xf5, 0x00, 0x00, 0x00, 0x00, 0x6f, 0xd2, 0x00, 0x00, 0x04,
    0xf5, 0x00, 0x00, 0x00, 0x00, 0x05, 0xa0, 0x6f, 0xff, 0xff, 0xff, 0xff, 0xff, 0xb0, 0x00, 0x00,
    0x00, 0x36, 0x66, 0x68, 0xf9, 0x66, 0x66, 0x40, 0x2a, 0x10, 0x00, 0x00, 0x00, 0x04, 0xf5, 0x00,
    0x00, 0x00, 0x7f, 0xc1, 0x00, 0x00, 0x00, 0x04, 0xf5, 0x00, 0x00, 0x00, 0x0a, 0xfc, 0x10, 0x00,
    0x00, 0x04, 0xf5, 0x00, 0x00, 0x00, 0x00, 0xbf, 0x70, 0x00, 0x00, 0x04, 0xf5, 0x00, 0x00, 0x00,
    0x00, 0x1a, 0x16, 0xff, 0xff, 0xff, 0xff, 0xff, 0xff, 0xfa, 0x00, 0x00, 0x02, 0x66, 0x66, 0xaf,
    0xb6, 0x66, 0x66, 0x64, 0x00, 0x1c, 0x50, 0x00, 0x01, 0xed, 0x10, 0x00, 0x00, 0x00, 0x00, 0x6f,
    0x60, 0x00, 0x0a, 0xf3, 0x00, 0x79, 0x00, 0x00, 0x00, 0xce, 0x10, 0x00, 0x5f, 0x70, 0x00, 0x6f,
    0x50, 0x00, 0x02, 0xf9, 0x00, 0x02, 0xea, 0x00, 0x00, 0x08, 0xe1, 0x00, 0x09, 0xf3, 0x00, 0x3d,
    0xd2, 0x45, 0x7a, 0xce, 0xfa, 0x00, 0x1e, 0xd0, 0x00, 0xdf, 0xff, 0xff, 0xff, 0xfd, 0xdf, 0x40,
    0x2b, 0x70, 0x00, 0x59, 0x76, 0x53, 0x21, 0x00, 0x0e, 0xd1, 0x00, 0x00, 0x00, 0x00, 0x00, 0x00,
    0x00, 0x00, 0x07, 0x91, 0x00, 0x00, 0x00, 0x00, 0x00, 0x3c, 0x30, 0x00, 0x00, 0x00, 0x07, 0x90,
    0x00, 0x00, 0x00, 0x2e, 0xe2, 0x00, 0x00, 0x00, 0x08, 0xfc, 0x10, 0x00, 0x00, 0x03, 0xe5, 0x00,
    0x00, 0x00, 0x00, 0x6f, 0xd2, 0xff, 0xff, 0xff, 0xff, 0xff, 0xff, 0xf1, 0x00, 0x05, 0xa0, 0x77,
    0x77, 0x7a, 0xf9, 0x77, 0x77, 0x70, 0x00, 0x00, 0x00, 0x00, 0x00, 0x05, 0xf4, 0x00, 0x00, 0x00,
    0x3b, 0x20, 0x00, 0x00, 0x00, 0x05, 0xf4, 0x00, 0x00, 0x00, 0x5f, 0xe4, 0x00, 0x00, 0x00, 0x05,
    0xf4, 0x00, 0x00, 0x00, 0x03, 0xef, 0x50, 0x00, 0x00, 0x05, 0xf4, 0x00, 0x00, 0x00, 0x00, 0x2b,
    0x20, 0x00, 0x00, 0x05, 0xf4, 0x00, 0x00, 0x00, 0x00, 0x00, 0x00, 0x7f, 0xff, 0xff, 0xff, 0xff,
    0xff, 0x50, 0x00, 0x00, 0x00, 0x37, 0x77, 0x7a, 0xf9, 0x77, 0x77, 0x30, 0x00, 0x2c, 0x30, 0x00,
    0x00, 0x05, 0xf4, 0x00, 0x00, 0x00, 0x00, 0x7f, 0x40, 0x00, 0x00, 0x05, 0xf4, 0x00, 0x00, 0x00,
    0x00, 0xbe, 0x00, 0x00, 0x00, 0x05, 0xf4, 0x00, 0x00, 0x00, 0x01, 0xfa, 0x00, 0x00, 0x00, 0x05,
    0xf4, 0x00, 0x00, 0x00, 0x06, 0xf5, 0x00, 0x00, 0x00, 0x05, 0xf4, 0x00, 0x00, 0x00, 0x0b, 0xf1,
    0x0e, 0xff, 0xff, 0xff, 0xff, 0xff, 0xff, 0xf9, 0x1f, 0xb0, 0x07, 0x77, 0x77, 0x77, 0x77, 0x77,
    0x77, 0x74, 0x2b, 0x60, 0x00, 0x00, 0x00, 0x00, 0x00, 0x00, 0x00, 0x00, 0x06, 0xb1, 0x00, 0x00,
    0x00, 0x00, 0x00, 0x00, 0x00, 0x00, 0x06, 0xee, 0x50, 0x9f, 0xff, 0xff, 0xff, 0xff, 0xff, 0xe0,
    0x00, 0x3d, 0xf8, 0x9f, 0x77, 0x77, 0x77, 0x77, 0x7c, 0xe0, 0x00, 0x01, 0xb4, 0x9e, 0x00, 0x00,
    0x00, 0x00, 0x09, 0xe0, 0x00, 0x00, 0x00, 0x00, 0x03, 0xc4, 0x03, 0xc4, 0x00, 0x00, 0x3c, 0x30,
    0x00, 0x00, 0x7f, 0xb2, 0x01, 0x9f, 0xa1, 0x00, 0x4e, 0xf7, 0x00, 0x4d, 0xe7, 0x00, 0x00, 0x04,
    0xde, 0x60, 0x01, 0xbf, 0xb0, 0x6b, 0x20, 0x04, 0xf4, 0x00, 0x1a, 0x70, 0x00, 0x09, 0x60, 0x00,
    0x00, 0x04, 0xf4, 0x00, 0x00, 0x00, 0x00, 0x00, 0x02, 0xff, 0xff, 0xff, 0xff, 0xff, 0xff, 0xf5,
    0x00, 0x1c, 0x41, 0x66, 0x66, 0x7e, 0xfe, 0x66, 0x66, 0x62, 0x00, 0x6f, 0x60, 0x00, 0x00, 0x9c,
    0xfc, 0x70, 0x00, 0x00, 0x00, 0xaf, 0x20, 0x00, 0x09, 0xc4, 0xf5, 0xd7, 0x00, 0x00, 0x00, 0xec,
    0x00, 0x01, 0xad, 0x14, 0xf4, 0x3e, 0x80, 0x00, 0x04, 0xf8, 0x00, 0x3d, 0xd2, 0x04, 0xf4, 0x05,
    0xfb, 0x20, 0x09, 0xf3, 0x19, 0xfc, 0x10, 0x04, 0xf4, 0x00, 0x4e, 0xf6, 0x0e, 0xd0, 0x08, 0x90,
    0x00, 0x04, 0xf4, 0x00, 0x03, 0xc2, 0x1a, 0x80, 0x00, 0x00, 0x00, 0x04, 0xf4, 0x00, 0x00, 0x00,
    0x07, 0xb2, 0x00, 0x00, 0x00, 0x00, 0x00, 0x00, 0x00, 0x00, 0x02, 0xce, 0x70, 0xdf, 0xff, 0xff,
    0xff, 0xff, 0xff, 0xfa, 0x00, 0x08, 0xa1, 0xdb, 0x55, 0x55, 0xdb, 0x55, 0x55, 0x53, 0x00, 0x00,
    0x00, 0xd9, 0x0d, 0xff, 0xff, 0xff, 0xff, 0x40, 0x00, 0x00, 0x00, 0xd9, 0x0d, 0xa4, 0x44, 0x44,
    0x6f, 0x40, 0x5c, 0x40, 0x00, 0xd9, 0x0d, 0x80, 0x00, 0x00, 0x2f, 0x40, 0x19, 0xfb, 0x20, 0xd9,
    0x0d, 0xff, 0xff, 0xff, 0xff, 0x40, 0x00, 0x4c, 0x30, 0xd9, 0x0d, 0xa4, 0x44, 0x44, 0x5f, 0x40,
    0x00, 0x00, 0x00, 0xe8, 0x0d, 0x80, 0x00, 0x00, 0x2f, 0x40, 0x00, 0x00, 0x00, 0xf8, 0x0d, 0xff,
    0xff, 0xff, 0xff, 0x40, 0x00, 0x78, 0x01, 0xf6, 0x0d, 0xa4, 0x5f, 0x84, 0x6f, 0x40, 0x00, 0xbc,
    0x03, 0xf5, 0x00, 0x00, 0x1f, 0x50, 0x00, 0x00, 0x00, 0xf8, 0x06, 0xf2, 0x00, 0x00, 0x1f, 0x53,
    0xc1, 0x00, 0x03, 0xf4, 0x0b, 0xe0, 0x02, 0xc3, 0x1f, 0x52, 0xeb, 0x00, 0x07, 0xf1, 0x2f, 0x90,
    0x1d, 0xd1, 0x1f, 0x50, 0x6f, 0x80, 0x0c, 0xc0, 0xaf, 0x32, 0xde, 0x20, 0x1f, 0x50, 0x0a, 0xf4,
    0x1f, 0x85, 0xfa, 0x03, 0xc2, 0x00, 0x4f, 0x40, 0x01, 0xb3, 0x2c, 0x51, 0xb1, 0x00, 0x00, 0x8f,
    0xfd, 0x00, 0x00, 0x00, 0x00, 0x00, 0x00, 0x00, 0x00, 0x24, 0x41, 0x00, 0x00, 0x00, 0x06, 0xb1,
    0x00, 0x00, 0x00, 0x00, 0x00, 0x00, 0x00, 0x00, 0x02, 0xeb, 0x10, 0x0c, 0xff, 0xff, 0xff, 0xff,
    0xf2, 0x00, 0x00, 0x2e, 0xc1, 0x0c, 0xb4, 0x44, 0x44, 0x47, 0xf2, 0x00, 0x00, 0x03, 0xb2, 0x0c,
    0xff, 0xff, 0xf4, 0x04, 0xf2, 0x00, 0x00, 0x00, 0x00, 0x0c, 0xa3, 0x35, 0xf4, 0x04, 0xf2, 0x00,
    0x5a, 0x10, 0x00, 0x0c, 0x90, 0x02, 0xf4, 0x04, 0xf2, 0x00, 0x3e, 0xc1, 0x0a, 0xff, 0xff, 0xff,
    0xff, 0xff, 0xff, 0xe0, 0x03, 0xec, 0x1a, 0xd4, 0x44, 0x44, 0x44, 0x44, 0x4a, 0xe0, 0x00, 0x4b,
    0x1a, 0xc0, 0x00, 0x00, 0x00, 0x00, 0x08, 0xe0, 0x00, 0x00, 0x00, 0x0e, 0xff, 0xff, 0xff, 0xff,
    0xf3, 0x00, 0x00, 0x00, 0x00, 0x0e, 0xa4, 0x44, 0x44, 0x47, 0xf3, 0x00, 0x00, 0x7a, 0x10, 0x0e,
    0xff, 0xff, 0xff, 0xff, 0xf3, 0x00, 0x00, 0xbf, 0x10, 0x0e, 0xa3, 0x33, 0x33, 0x37, 0xf3, 0x00,
    0x01, 0xfb, 0x00, 0x0e, 0x80, 0x00, 0x00, 0x05, 0xf3, 0x00, 0x04, 0xf7, 0x00, 0x0e, 0xff, 0xff,
    0xff, 0xff, 0xf3, 0x00, 0x09, 0xf2, 0x00, 0x0e, 0xa3, 0x33, 0x33, 0x37, 0xf3, 0x00, 0x0e, 0xd0,
    0x00, 0x0e, 0x80, 0x00, 0x00, 0x08, 0xf2, 0x00, 0x1b, 0x90, 0x00, 0x0e, 0x80, 0x00, 0x9f, 0xff,
    0xc0, 0x00, 0x00, 0x00, 0x00, 0x00, 0x00, 0x00, 0x25, 0x54, 0x00, 0x00, 0x04, 0xb1, 0x00, 0x00,
    0x00, 0x2b, 0x60, 0x00, 0x00, 0x00, 0x06, 0xfd, 0x20, 0x00, 0x00, 0x0b, 0xe2, 0x00, 0x00, 0x00,
    0x00, 0x5f, 0xe8, 0xff, 0xff, 0xff, 0xff, 0xff, 0xff, 0xe0, 0x00, 0x05, 0xa6, 0xf4, 0x44, 0x44,
    0x44, 0x44, 0x49, 0xe0, 0x00, 0x00, 0x06, 0xf0, 0x00, 0x00, 0x00, 0x00, 0x07, 0xe0, 0x3b, 0x20,
    0x00, 0x08, 0xff, 0xff, 0xff, 0xff, 0xf0, 0x00, 0x5f, 0xe4, 0x00, 0x02, 0x44, 0x49, 0xe4, 0x44,
    0x40, 0x00, 0x04, 0xef, 0x50, 0x5f, 0xff, 0xff, 0xff, 0xff, 0xfc, 0x00, 0x00, 0x3b, 0x10, 0x5f,
    0x33, 0x39, 0xe3, 0x33, 0xac, 0x00, 0x00, 0x00, 0x00, 0x5f, 0x00, 0x07, 0xd0, 0x00, 0x9c, 0x00,
    0x00, 0x0c, 0x50, 0x5f, 0xff, 0xff, 0xff, 0xff, 0xfc, 0x00, 0x00, 0x4f, 0x60, 0x5f, 0x32, 0x28,
    0xe2, 0x22, 0xac, 0x00, 0x00, 0x8f, 0x20, 0x5f, 0x00, 0x07, 0xd0, 0x00, 0x9c, 0x00, 0x00, 0xcc,
    0x00, 0x5f, 0xff, 0xff, 0xff, 0xff, 0xfc, 0x00, 0x02, 0xf8, 0x00, 0x5f, 0x33, 0x33, 0x33, 0x33,
    0xac, 0x00, 0x08, 0xf3, 0x00, 0x00, 0x3a, 0xa0, 0x06, 0xc7, 0x10, 0x00, 0x0d, 0xe0, 0x01, 0x6c,
    0xf9, 0x30, 0x01, 0x7d, 0xfa, 0x40, 0x09, 0x90, 0x04, 0xd7, 0x10, 0x00, 0x00, 0x00, 0x5b, 0x80,
    0x00, 0x00, 0xf7, 0x00, 0x01, 0xd5, 0x00, 0x00, 0x00, 0x00, 0x00, 0x00, 0xf7, 0x00, 0x06, 0xf2,
    0x00, 0x00, 0x00, 0x00, 0x09, 0xa0, 0xf7, 0x00, 0x0c, 0xb0, 0x00, 0x00, 0x00, 0x00, 0x0b, 0x90,
    0xf7, 0x00, 0x4f, 0xff, 0xff, 0xff, 0xff, 0xe0, 0x0e, 0xff, 0xff, 0xf6, 0xbd, 0x6d, 0xc6, 0xbe,
    0x6b, 0xe0, 0x2f, 0x65, 0xfa, 0x56, 0xf5, 0x0e, 0x80, 0xac, 0x0a, 0xd0, 0x6e, 0x00, 0xf7, 0x0d,
    0xc0, 0x1f, 0x50, 0xba, 0x0a, 0xc0, 0xbb, 0x00, 0xf7, 0x2b, 0x30, 0x5f, 0x10, 0xe7, 0x0b, 0xb0,
    0x76, 0x00, 0xf7, 0x00, 0x00, 0xbb, 0x02, 0xf4, 0x0c, 0xa0, 0x00, 0x00, 0xfb, 0xa7, 0x03, 0xf5,
    0x05, 0xf1, 0x0d, 0x90, 0x01, 0x5a, 0xff, 0xd6, 0x0c, 0xb0, 0x0a, 0xc0, 0x0e, 0x90, 0x8f, 0xfe,
    0xf8, 0x00, 0xae, 0x10, 0x2f, 0x60, 0x0f, 0x80, 0x7a, 0x50, 0xf7, 0x0a, 0xe3, 0x00, 0x9e, 0x10,
    0x1f, 0x70, 0x00, 0x00, 0xf7, 0x1b, 0x30, 0x04, 0xf6, 0x00, 0x2f, 0x60, 0x00, 0x00, 0xf7, 0x00,
    0x00, 0x2e, 0xa0, 0x00, 0x4f, 0x50, 0x00, 0x00, 0xf7, 0x00, 0x03, 0xec, 0x10, 0x01, 0xbf, 0x20,
    0x00, 0x00, 0xf7, 0x00, 0x5e, 0xc1, 0x8f, 0xff, 0xf9, 0x00, 0x00, 0x00, 0xf7, 0x00, 0x89, 0x00,
    0x38, 0x87, 0x40, 0x00, 0x00, 0x00, 0x5f, 0x40, 0x00, 0x01, 0xf8, 0x0b, 0x40, 0x00, 0x00, 0x00,
    0x5f, 0x40, 0x00, 0x01, 0xf8, 0x2d, 0xf6, 0x00, 0x00, 0x00, 0x5f, 0x40, 0x00, 0x02, 0xf7, 0x02,
    0xdf, 0x50, 0x1b, 0x50, 0x5f, 0x40, 0x00, 0x02, 0xf7, 0x00, 0x2b, 0x10, 0x0b, 0xe2, 0x5f, 0x40,
    0x00, 0x02, 0xf7, 0x00, 0x00, 0x00, 0x03, 0xf9, 0x5f, 0x5f, 0xff, 0xff, 0xff, 0xff, 0xff, 0xf4,
    0x00, 0x99, 0x5f, 0x47, 0x77, 0x79, 0xfb, 0x77, 0x77, 0x72, 0x00, 0x00, 0x5f, 0x40, 0x00, 0x05,
    0xfb, 0x00, 0x00, 0x00, 0x00, 0x00, 0x5f, 0x40, 0x00, 0x08, 0xff, 0x10, 0x00, 0x00, 0x00, 0x03,
    0xef, 0x40, 0x00, 0x0b, 0xdf, 0x60, 0x00, 0x00, 0x00, 0x3e, 0xef, 0x40, 0x00, 0x1f, 0x7a, 0xb0,
    0x00, 0x00, 0x04, 0xec, 0x6f, 0x40, 0x00, 0x7f, 0x35, 0xf3, 0x00, 0x00, 0x5f, 0xb1, 0x5f, 0x40,
    0x00, 0xdb, 0x00, 0xdb, 0x00, 0x00, 0x4a, 0x10, 0x5f, 0x40, 0x08, 0xf3, 0x00, 0x5f, 0x60, 0x00,
    0x00, 0x00, 0x5f, 0x40, 0x4f, 0x80, 0x00, 0x0b, 0xe3, 0x00, 0x00, 0x00, 0x5f, 0x43, 0xec, 0x00,
    0x00, 0x01, 0xee, 0x30, 0x00, 0x00, 0x5f, 0x7e, 0xd1, 0x00, 0x00, 0x00, 0x3e, 0xe5, 0x00, 0x00,
    0x5f, 0x6b, 0x10, 0x00, 0x00, 0x00, 0x03, 0xb2, 0x9f, 0xff, 0xff, 0xf4, 0xff, 0xff, 0xff, 0xff,
    0xff, 0x70, 0x36, 0x6f, 0xa6, 0x62, 0xf8, 0x55, 0xae, 0x55, 0x5f, 0x70, 0x00, 0x0e, 0x80, 0x02,
    0xf5, 0x00, 0x8e, 0x00, 0x0f, 0x70, 0x00, 0x0e, 0x80, 0x02, 0xf5, 0x00, 0x8e, 0x00, 0x0f, 0x70,
    0x00, 0x0e, 0x80, 0x02, 0xff, 0xff, 0xff, 0xff, 0xff, 0x70, 0x00, 0x0e, 0x80, 0x02, 0xf8, 0x44,
    0xae, 0x44, 0x4f, 0x70, 0x6f, 0xff, 0xff, 0xf2, 0xf5, 0x00, 0x8e, 0x00, 0x0f, 0x70, 0x26, 0x6f,
    0xa6, 0x52, 0xf5, 0x00, 0x8e, 0x00, 0x0f, 0x70, 0x00, 0x0e, 0x80, 0x02, 0xff, 0xff, 0xff, 0xff,
    0xff, 0x70, 0x00, 0x0e, 0x80, 0x02, 0xf8, 0x55, 0xae, 0x55, 0x5f, 0x70, 0x00, 0x0e, 0x80, 0x00,
    0x00, 0x00, 0x8e, 0x00, 0x00, 0x00, 0x00, 0x0e, 0x80, 0x08, 0xff, 0xff, 0xff, 0xff, 0xff, 0xd0,
    0x00, 0x0e, 0x96, 0xc4, 0x66, 0x66, 0xbe, 0x66, 0x66, 0x50, 0x01, 0x5f, 0xff, 0xc1, 0x00, 0x00,
    0x8e, 0x00, 0x00, 0x00, 0x8f, 0xfe, 0x83, 0x00, 0x00, 0x00, 0x8e, 0x00, 0x00, 0x00, 0x7a, 0x50,
    0x00, 0xaf, 0xff, 0xff, 0xff, 0xff, 0xff, 0xfb, 0x00, 0x00, 0x00, 0x46, 0x66, 0x66, 0x66, 0x66,
    0x66, 0x64, 0x00, 0x6f, 0xff, 0xff, 0xff, 0xff, 0xff, 0xff, 0xff, 0x80, 0x00, 0x6f, 0x87, 0x77,
    0x7a, 0xf9, 0x77, 0x77, 0x7f, 0x80, 0x00, 0x6f, 0x20, 0x00, 0x05, 0xf3, 0x00, 0x00, 0x1f, 0x80,
    0x00, 0x6f, 0x20, 0x00, 0x05, 0xf3, 0x00, 0x00, 0x1f, 0x80, 0x00, 0x6f, 0x20, 0x00, 0x05, 0xf3,
    0x00, 0x00, 0x1f, 0x80, 0x00, 0x6f, 0xff, 0xff, 0xff, 0xff, 0xff, 0xff, 0xff, 0x80, 0x00, 0x6f,
    0x76, 0x66, 0x69, 0xf8, 0x66, 0x66, 0x7f, 0x80, 0x00, 0x6f, 0x20, 0x00, 0x05, 0xf3, 0x00, 0x00,
    0x1f, 0x80, 0x00, 0x7f, 0x20, 0x00, 0x05, 0xf3, 0x00, 0x00, 0x1f, 0x80, 0x00, 0x7f, 0x10, 0x00,
    0x05, 0xf3, 0x00, 0x00, 0x1f, 0x80, 0x00, 0x9f, 0xff, 0xff, 0xff, 0xff, 0xff, 0xff, 0xff, 0x80,
    0x00, 0xbe, 0x66, 0x66, 0x69, 0xf8, 0x66, 0x66, 0x7f, 0x80, 0x00, 0xec, 0x00, 0x00, 0x05, 0xf3,
    0x00, 0x00, 0x1f, 0x80, 0x04, 0xf8, 0x00, 0x00, 0x05, 0xf3, 0x00, 0x00, 0x1f, 0x80, 0x0b, 0xf3,
    0x00, 0x00, 0x05, 0xf3, 0x00, 0x00, 0x1f, 0x80, 0x4f, 0xa0, 0x00, 0x00, 0x05, 0xf3, 0x00, 0x00,
    0x4f, 0x70, 0x1b, 0x10, 0x00, 0x00, 0x05, 0xf3, 0x0e, 0xff, 0xff, 0x30, 0x00, 0x00, 0x00, 0x00,
    0x03, 0x82, 0x07, 0x99, 0x84, 0x00, 0x01, 0xff, 0xff, 0xff, 0xff, 0xff, 0xff, 0xff, 0xff, 0x20,
    0x01, 0xfb, 0x77, 0x77, 0x7d, 0xd7, 0x77, 0x77, 0xaf, 0x20, 0x01, 0xf7, 0x00, 0x00, 0x0b, 0xc0,
    0x00, 0x00, 0x6f, 0x20, 0x01, 0xf7, 0x00, 0x00, 0x0b, 0xc0, 0x00, 0x00, 0x6f, 0x20, 0x01, 0xf7,
    0x00, 0x00, 0x0b, 0xc0, 0x00, 0x00, 0x6f, 0x20, 0x01, 0xf7, 0x00, 0x00, 0x0b, 0xc0, 0x00, 0x00,
    0x6f, 0x20, 0x01, 0xf7, 0x00, 0x00, 0x0b, 0xc0, 0x00, 0x00, 0x6f, 0x20, 0x01, 0xff, 0xff, 0xff,
    0xff, 0xff, 0xff, 0xff, 0xff, 0x20, 0x01, 0xfb, 0x77, 0x77, 0x7d, 0xd7, 0x77, 0x77, 0xaf, 0x20,
    0x01, 0xf7, 0x00, 0x00, 0x0b, 0xc0, 0x00, 0x00, 0x6f, 0x20, 0x01, 0xf7, 0x00, 0x00, 0x0b, 0xc0,
    0x00, 0x00, 0x6f, 0x20, 0x01, 0xf7, 0x00, 0x00, 0x0b, 0xc0, 0x00, 0x00, 0x6f, 0x20, 0x01, 0xf7,
    0x00, 0x00, 0x0b, 0xc0, 0x00, 0x00, 0x6f, 0x20, 0x01, 0xf7, 0x00, 0x00, 0x0b, 0xc0, 0x00, 0x00,
    0x6f, 0x20, 0x01, 0xf7, 0x00, 0x00, 0x0b, 0xc0, 0x00, 0x00, 0x6f, 0x20, 0x01, 0xff, 0xff, 0xff,
    0xff, 0xff, 0xff, 0xff, 0xff, 0x20, 0x01, 0xfb, 0x77, 0x77, 0x77, 0x77, 0x77, 0x77, 0xaf, 0x20,
    0x01, 0xf7, 0x00, 0x00, 0x00, 0x00, 0x00, 0x00, 0x6f, 0x20, 0x00, 0x00, 0x00, 0x00, 0x8f, 0x10,
    0x00, 0x00, 0x00, 0x00, 0x00, 0x00, 0x00, 0x00, 0x8f, 0x10, 0x00, 0x00, 0x00, 0x00, 0x0b, 0xff,
    0xff, 0xff, 0xff, 0xff, 0xff, 0xff, 0xf5, 0x00, 0x0b, 0xe7, 0x77, 0x77, 0xbf, 0x87, 0x77, 0x79,
    0xf5, 0x00, 0x0b, 0xd0, 0x00, 0x00, 0x8f, 0x10, 0x00, 0x04, 0xf5, 0x00, 0x0b, 0xd0, 0x00, 0x00,
    0x8f, 0x10, 0x00, 0x04, 0xf5, 0x00, 0x0b, 0xd0, 0x00, 0x00, 0x8f, 0x10, 0x00, 0x04, 0xf5, 0x00,
    0x0b, 0xff, 0xff, 0xff, 0xff, 0xff, 0xff, 0xff, 0xf5, 0x00, 0x0b, 0xe6, 0x66, 0x66, 0xbf, 0x76,
    0x66, 0x69, 0xf5, 0x00, 0x0b, 0xd0, 0x00, 0x00, 0x8f, 0x10, 0x00, 0x04, 0xf5, 0x00, 0x0b, 0xd0,
    0x00, 0x00, 0x8f, 0x10, 0x00, 0x04, 0xf5, 0x00, 0x0b, 0xd0, 0x00, 0x00, 0x8f, 0x10, 0x00, 0x04,
    0xf5, 0x00, 0x0b, 0xff, 0xff, 0xff, 0xff, 0xff, 0xff, 0xff, 0xf5, 0x00, 0x0b, 0xe7, 0x77, 0x77,
    0xbf, 0x87, 0x77, 0x77, 0x74, 0xc4, 0x0b, 0xd0, 0x00, 0x00, 0x8f, 0x10, 0x00, 0x00, 0x04, 0xf6,
    0x00, 0x00, 0x00, 0x00, 0x7f, 0x40, 0x00, 0x00, 0x1a, 0xf3, 0x00, 0x00, 0x00, 0x00, 0x3f, 0xff,
    0xff, 0xff, 0xff, 0xb0, 0x00, 0x00, 0x00, 0x00, 0x02, 0x67, 0x77, 0x77, 0x75, 0x00, 0x00, 0x00,
    0x97, 0x00, 0x00, 0x00, 0x00, 0x89, 0x10, 0x00, 0x00, 0x00, 0x9f, 0x90, 0x00, 0x00, 0x05, 0xfb,
    0x00, 0x00, 0x00, 0x00, 0x09, 0xf9, 0x00, 0x00, 0x3e, 0xc1, 0x00, 0x00, 0x00, 0x00, 0x00, 0xa4,
    0x00, 0x02, 0xed, 0x10, 0x00, 0x00, 0x3f, 0xff, 0xff, 0xff, 0xff, 0xff, 0xff, 0xff, 0xff, 0xf4,
    0x16, 0x66, 0x66, 0x66, 0x66, 0x66, 0x66, 0x66, 0x66, 0x62, 0x00, 0x00, 0x01, 0x8a, 0x00, 0x00,
    0xa9, 0x20, 0x00, 0x00, 0x00, 0x00, 0x5d, 0xfb, 0x10, 0x00, 0x9f, 0xf9, 0x20, 0x00, 0x00, 0x5c,
    0xfc, 0x40, 0x00, 0x00, 0x02, 0xaf, 0xe8, 0x10, 0x2c, 0xfd, 0x60, 0x00, 0x00, 0x00, 0x00, 0x03,
    0xcf, 0xe3, 0x0b, 0x70, 0x00, 0x00, 0x00, 0x00, 0x00, 0x00, 0x06, 0xb0, 0x00, 0x00, 0x00, 0x00,
    0x00, 0x00, 0x00, 0x00, 0x00, 0x00, 0x00, 0x0c, 0xff, 0xff, 0xff, 0xff, 0xff, 0xff, 0xd0, 0x00,
    0x00, 0x0c, 0xb5, 0x5c, 0xc5, 0x5b, 0xd5, 0x5a, 0xd0, 0x00, 0x00, 0x0c, 0x90, 0x0a, 0xa0, 0x09,
    0xb0, 0x08, 0xd0, 0x00, 0x00, 0x0c, 0x90, 0x0a, 0xa0, 0x09, 0xb0, 0x08, 0xd0, 0x00, 0x00, 0x0c,
    0x90, 0x0a, 0xa0, 0x09, 0xb0, 0x08, 0xd0, 0x00, 0xaf, 0xff, 0xff, 0xff, 0xff, 0xff, 0xff, 0xff,
    0xff, 0xf9, 0x46, 0x66, 0x66, 0x66, 0x66, 0x66, 0x66, 0x66, 0x66, 0x63, 0x00, 0x1f, 0xff, 0xff,
    0xff, 0xff, 0xff, 0xff, 0xf1, 0x00, 0x00, 0x1f, 0xc7, 0x77, 0x77, 0x77, 0x77, 0x7b, 0xf1, 0x00,
    0x00, 0x1f, 0x90, 0x00, 0x00, 0x00, 0x00, 0x08, 0xf1, 0x00, 0x00, 0x1f, 0x90, 0x00, 0x00, 0x00,
    0x00, 0x08, 0xf1, 0x00, 0x00, 0x1f, 0xff, 0xff, 0xff, 0xff, 0xff, 0xff, 0xf1, 0x00, 0x00, 0x1f,
    0xb6, 0x66, 0x66, 0x66, 0x66, 0x6b, 0xf1, 0x00, 0x00, 0x1f, 0x90, 0x00, 0x00, 0x00, 0x00, 0x08,
    0xf1, 0x00, 0x00, 0x1f, 0x90, 0x00, 0x00, 0x00, 0x00, 0x08, 0xf1, 0x00, 0x00, 0x1f, 0x90, 0x00,
    0x00, 0x00, 0x00, 0x08, 0xf1, 0x00, 0x00, 0x1f, 0x90, 0x00, 0x00, 0x00, 0x00, 0x08, 0xf1, 0x00,
    0x00, 0x1f, 0xff, 0xff, 0xff, 0xff, 0xff, 0xff, 0xf1, 0x00, 0x00, 0x1f, 0xb6, 0x66, 0x66, 0x66,
    0x66, 0x6b, 0xf1, 0x00, 0x00, 0x1f, 0x90, 0x00, 0x00, 0x00, 0x00, 0x08, 0xf1, 0x00, 0x00, 0x1f,
    0x90, 0x00, 0x00, 0x00, 0x00, 0x08, 0xf1, 0x00, 0x00, 0x1f, 0x90, 0x00, 0x00, 0x00, 0x00, 0x08,
    0xf1, 0x00, 0x00, 0x1f, 0xff, 0xff, 0xff, 0xff, 0xff, 0xff, 0xf1, 0x00, 0x00, 0x1f, 0xc7, 0x77,
    0x77, 0x77, 0x77, 0x7b, 0xf1, 0x00, 0x00, 0x1f, 0x90, 0x00, 0x00, 0x00, 0x00, 0x08, 0xf1, 0x00,
    0x00, 0x00, 0x00, 0x00, 0x0e, 0x90, 0x00, 0x00, 0x00, 0x00, 0x00, 0x00, 0x00, 0x00, 0x0e, 0x90,
    0x00, 0x00, 0x00, 0x00, 0x4f, 0xff, 0xff, 0xff, 0xff, 0xff, 0xff, 0xff, 0xff, 0xf4, 0x16, 0x66,
    0x66, 0x66, 0x6e, 0xc6, 0x66, 0x66, 0x66, 0x62, 0x00, 0x00, 0x00, 0x00, 0x0e, 0x90, 0x00, 0x00,
    0x00, 0x00, 0x00, 0x0f, 0xff, 0xff, 0xff, 0xff, 0xff, 0xff, 0xd0, 0x00, 0x00, 0x0f, 0xa4, 0x44,
    0x44, 0x44, 0x44, 0x4b, 0xd0, 0x00, 0x00, 0x0f, 0x80, 0x00, 0x00, 0x00, 0x00, 0x09, 0xd0, 0x00,
    0x00, 0x0f, 0xff, 0xff, 0xff, 0xff, 0xff, 0xff, 0xd0, 0x00, 0x00, 0x0f, 0xa4, 0x44, 0x44, 0x44,
    0x44, 0x4b, 0xd0, 0x00, 0x00, 0x0f, 0x80, 0x00, 0x00, 0x00, 0x00, 0x09, 0xd0, 0x00, 0x00, 0x0f,
    0xff, 0xff, 0xff, 0xff, 0xff, 0xff, 0xd0, 0x00, 0x00, 0x0f, 0xa4, 0x44, 0x44, 0x44, 0x44, 0x4b,
    0xd0, 0x00, 0x00, 0x0f, 0x80, 0x00, 0x00, 0x00, 0x00, 0x09, 0xd0, 0x00, 0x00, 0x0f, 0xff, 0xff,
    0xff, 0xff, 0xff, 0xff, 0xd0, 0x00, 0x00, 0x0f, 0xa4, 0x44, 0x44, 0x44, 0x44, 0x4b, 0xd0, 0x00,
    0x46, 0x6f, 0xb6, 0x66, 0x66, 0x66, 0x66, 0x6c, 0xe6, 0x64, 0x9f, 0xff, 0xff, 0xff, 0xff, 0xff,
    0xff, 0xff, 0xff, 0xfa, 0x00, 0x01, 0x12, 0x33, 0x45, 0x67, 0x89, 0xab, 0xde, 0x10, 0x05, 0xff,
    0xff, 0xff, 0xff, 0xec, 0xba, 0x98, 0x76, 0x10, 0x01, 0x44, 0x32, 0x21, 0xbd, 0x00, 0x00, 0x00,
    0x00, 0x00, 0x02, 0xff, 0xff, 0xff, 0xff, 0xff, 0xff, 0xff, 0xff, 0x20, 0x00, 0x44, 0x44, 0x4c,
    0xe4, 0x44, 0x44, 0x44, 0x44, 0x00, 0x00, 0x00, 0x00, 0x3f, 0x70, 0x00, 0x00, 0x00, 0x00, 0x00,
    0x6f, 0xff, 0xff, 0xff, 0xff, 0xff, 0xff, 0xff, 0xff, 0xf9, 0x24, 0x44, 0x4b, 0xd5, 0x44, 0x44,
    0x44, 0x44, 0x44, 0x42, 0x00, 0x00, 0x7f, 0xff, 0xff, 0xff, 0xff, 0xff, 0xf3, 0x00, 0x00, 0x08,
    0xff, 0x44, 0x44, 0x44, 0x44, 0x46, 0xf3, 0x00, 0x01, 0xac, 0x7f, 0xff, 0xff, 0xff, 0xff, 0xff,
    0xf3, 0x00, 0x4d, 0xc1, 0x6f, 0x33, 0x33, 0x33, 0x33, 0x36, 0xf3, 0x00, 0x4a, 0x10, 0x6f, 0x00,
    0x00, 0x00, 0x00, 0x03, 0xf3, 0x00, 0x00, 0x00, 0x6f, 0xff, 0xff, 0xff, 0xff, 0xff, 0xf3, 0x00,
    0x00, 0x00, 0x6f, 0x33, 0x33, 0x33, 0x33, 0x36, 0xf3, 0x00, 0x00, 0x00, 0x6f, 0x00, 0x00, 0x00,
    0x00, 0x03, 0xf3, 0x00, 0x00, 0x00, 0x6f, 0xff, 0xff, 0xff, 0xff, 0xff, 0xf3, 0x00, 0x00, 0x00,
    0x6f, 0x44, 0x44, 0x44, 0x44, 0x46, 0xf3, 0x00, 0x00, 0x00, 0x00, 0x00, 0x0e, 0x80, 0x00, 0x00,
    0x00, 0x00, 0x00, 0x00, 0x00, 0x00, 0x0e, 0x80, 0x00, 0x00, 0x00, 0x00, 0x3f, 0xff, 0xff, 0xff,
    0xff, 0xff, 0xff, 0xff, 0xff, 0xf3, 0x14, 0x44, 0x44, 0x44, 0x4f, 0xa4, 0x44, 0x44, 0x44, 0x41,
    0x00, 0x00, 0x00, 0x00, 0x0e, 0x80, 0x00, 0x00, 0x00, 0x00, 0x00, 0x0b, 0xff, 0xff, 0xff, 0xff,
    0xff, 0xff, 0xb0, 0x00, 0x00, 0x0b, 0xc3, 0x33, 0x33, 0x33, 0x33, 0x3c, 0xb0, 0x00, 0x00, 0x0b,
    0xc0, 0x00, 0x00, 0x00, 0x00, 0x0c, 0xb0, 0x00, 0x00, 0x0b, 0xff, 0xff, 0xff, 0xff, 0xff, 0xff,
    0xb0, 0x00, 0x00, 0x0b, 0xc2, 0x22, 0x22, 0x22, 0x22, 0x2c, 0xb0, 0x00, 0x00, 0x0b, 0xff, 0xff,
    0xff, 0xff, 0xff, 0xff, 0xb0, 0x00, 0x00, 0x0b, 0xc2, 0x22, 0x22, 0x22, 0x22, 0x2c, 0xb0, 0x00,
    0x00, 0x0b, 0xff, 0xff, 0xff, 0xff, 0xff, 0xff, 0xb0, 0x00, 0x00, 0x0b, 0xc2, 0x22, 0x22, 0x22,
    0x22, 0x2c, 0xb0, 0x00, 0x00, 0x0b, 0xc0, 0x00, 0x00, 0x00, 0x00, 0x0c, 0xb0, 0x00, 0x8f, 0xff,
    0xff, 0xff, 0xff, 0xff, 0xff, 0xff, 0xff, 0xf9, 0x24, 0x44, 0x46, 0xdf, 0x44, 0x44, 0xfd, 0x74,
    0x44, 0x42, 0x00, 0x05, 0xbf, 0xe8, 0x10, 0x01, 0x8e, 0xfd, 0x72, 0x00, 0x19, 0xef, 0xd7, 0x10,
    0x00, 0x00, 0x00, 0x5b, 0xff, 0xa1, 0x0b, 0x94, 0x00, 0x00, 0x00, 0x00, 0x00, 0x00, 0x28, 0xb0,
    0x00, 0xc7, 0x00, 0x00, 0x00, 0x00, 0x00, 0x00, 0x00, 0x00, 0x02, 0xf6, 0x00, 0x06, 0xff, 0xff,
    0xff, 0xff, 0xff, 0xf5, 0x06, 0xf2, 0x00, 0x02, 0x66, 0x66, 0x66, 0x66, 0x66, 0x62, 0x0a, 0xff,
    0xff, 0xf7, 0x00, 0x00, 0x00, 0x00, 0x00, 0x00, 0x1f, 0xaa, 0xe5, 0x52, 0x00, 0x00, 0x00, 0x00,
    0x00, 0x00, 0x6f, 0x27, 0xe0, 0x00, 0x8f, 0xff, 0xff, 0xff, 0xff, 0x40, 0x7b, 0x07, 0xe0, 0x00,
    0x8e, 0x55, 0x55, 0x55, 0x7f, 0x40, 0x00, 0x07, 0xe0, 0x00, 0x8e, 0x00, 0x00, 0x00, 0x2f, 0x40,
    0xbf, 0xff, 0xff, 0xfb, 0x8e, 0x00, 0x00, 0x00, 0x2f, 0x40, 0x45, 0x5b, 0xe5, 0x54, 0x8f, 0xff,
    0xff, 0xff, 0xff, 0x40, 0x00, 0x0a, 0xc0, 0x00, 0x8e, 0x55, 0x55, 0x55, 0x7f, 0x40, 0x00, 0x0c,
    0xdc, 0x20, 0x07, 0x90, 0x00, 0x01, 0xc6, 0x00, 0x00, 0x1f, 0x9e, 0xc0, 0x08, 0xf2, 0x00, 0x06,
    0xf7, 0x00, 0x00, 0x6f, 0x35, 0xf8, 0x02, 0xf9, 0x00, 0x0c, 0xd0, 0x00, 0x00, 0xdc, 0x00, 0xa8,
    0x00, 0xaf, 0x20, 0x5f, 0x60, 0x00, 0x07, 0xf4, 0x00, 0x00, 0x00, 0x3b, 0x20, 0xcc, 0x00, 0x00,
    0x4f, 0x90, 0x00, 0x0f, 0xff, 0xff, 0xff, 0xff, 0xff, 0xf9, 0x4a, 0x00, 0x00, 0x06, 0x66, 0x66,
    0x66, 0x66, 0x66, 0x63, 0x00, 0x00, 0x00, 0x02, 0xff, 0xff, 0xff, 0xff, 0xff, 0xf9, 0x4f, 0xff,
    0xff, 0xf9, 0x55, 0x55, 0x7f, 0x75, 0x55, 0x53, 0x15, 0x5d, 0xc5, 0x53, 0x00, 0x00, 0x4f, 0x30,
    0x00, 0x00, 0x00, 0x1f, 0x60, 0x00, 0xbf, 0xff, 0xff, 0xff, 0xff, 0xa0, 0x00, 0x6f, 0x10, 0x00,
    0xbc, 0x44, 0x7f, 0x64, 0x4c, 0xa0, 0x00, 0xcb, 0x00, 0x00, 0xbb, 0x00, 0x4f, 0x30, 0x0b, 0xa0,
    0x04, 0xff, 0xff, 0xd0, 0xbf, 0xff, 0xff, 0xff, 0xff, 0xa0, 0x0c, 0xfa, 0x49, 0xd0, 0xbc, 0x44,
    0x6f, 0x64, 0x4c, 0xa0, 0x7f, 0xe8, 0x07, 0xd0, 0xbb, 0x00, 0x4f, 0x30, 0x0b, 0xa0, 0x77, 0xc8,
    0x07, 0xd0, 0xbf, 0xff, 0xff, 0xff, 0xff, 0xa0, 0x00, 0xc8, 0x07, 0xd0, 0x34, 0x44, 0xae, 0x44,
    0x4c, 0xa0, 0x00, 0xc8, 0x07, 0xd0, 0x1b, 0x80, 0xcb, 0x00, 0x00, 0x00, 0x00, 0xcf, 0xff, 0xd0,
    0x07, 0xfd, 0xf6, 0x00, 0x00, 0x00, 0x00, 0xca, 0x44, 0x40, 0x00, 0x9f, 0xf9, 0x30, 0x00, 0x00,
    0x00, 0xc8, 0x00, 0x36, 0x9e, 0xfc, 0xae, 0xfe, 0xb9, 0x74, 0x00, 0x00, 0x01, 0xcc, 0xa6, 0x20,
    0x00, 0x47, 0xad, 0xe3, 0x00, 0x00, 0x00, 0x00, 0x07, 0x80, 0x00, 0x00, 0xa7, 0x00, 0x00, 0x00,
    0x00, 0x00, 0x08, 0xf5, 0x00, 0x04, 0xf9, 0x00, 0x6f, 0xff, 0xff, 0xf8, 0x00, 0xce, 0x20, 0x0c,
    0xd1, 0x00, 0x14, 0x4c, 0xb4, 0x42, 0x00, 0x3b, 0x10, 0x5f, 0x50, 0x00, 0x00, 0x0e, 0x70, 0x0f,
    0xff, 0xff, 0xff, 0xff, 0xff, 0xfb, 0x00, 0x3f, 0x30, 0x04, 0x4a, 0xe4, 0x44, 0x5f, 0x84, 0x43,
    0x00, 0x8d, 0x00, 0x00, 0x0d, 0x80, 0x00, 0x7e, 0x00, 0x00, 0x00, 0xc8, 0x00, 0x00, 0x4f, 0x20,
    0x00, 0xd8, 0x00, 0x00, 0x03, 0xff, 0xff, 0xa0, 0xba, 0x0b, 0x84, 0xf1, 0x1d, 0x40, 0x09, 0xf9,
    0x4b, 0xa4, 0xf3, 0x3f, 0x6a, 0x90, 0x7e, 0x10, 0x1e, 0xf7, 0x0a, 0xad, 0xe7, 0xbe, 0x5f, 0x97,
    0xe9, 0x00, 0x8d, 0xd7, 0x0a, 0xad, 0xdc, 0xf8, 0x5f, 0xff, 0xf3, 0x00, 0x76, 0xd7, 0x0a, 0xa0,
    0x07, 0xf1, 0x00, 0x09, 0xb0, 0x00, 0x00, 0xd7, 0x0a, 0xa0, 0x0e, 0x90, 0x00, 0x2f, 0x40, 0x00,
    0x00, 0xd7, 0x0a, 0xa0, 0x6f, 0x7a, 0x00, 0x8b, 0x4b, 0x00, 0x00, 0xd7, 0x0a, 0xa0, 0xc9, 0x4f,
    0x11, 0xe4, 0x2f, 0x40, 0x00, 0xdf, 0xff, 0xa5, 0xf2, 0x0e, 0x6a, 0xe7, 0x9f, 0x90, 0x00, 0xd9,
    0x33, 0x3d, 0xd7, 0x9e, 0xba, 0xdb, 0x9a, 0xe1, 0x00, 0xd7, 0x00, 0x0d, 0xda, 0x89, 0xf1, 0x00,
    0x02, 0xf5, 0x00, 0x00, 0x00, 0x00, 0x00, 0x01, 0xd3, 0x00, 0x00, 0xb6, 0x00, 0xdf, 0xff, 0xff,
    0xff, 0xff, 0xff, 0xff, 0xfe, 0x00, 0x00, 0x67, 0x77, 0x77, 0x77, 0x77, 0x77, 0x77, 0x77, 0x00,
    0x00, 0x00, 0x00, 0x00, 0x00, 0x00, 0x00, 0x00, 0x00, 0x00, 0x00, 0x00, 0x00, 0x00, 0x00, 0x00,
    0x00, 0x00, 0x00, 0x00, 0x00, 0x00, 0x00, 0x00, 0x00, 0x00, 0x00, 0x00, 0x00, 0x00, 0x00, 0x00,
    0x00, 0x00, 0x00, 0x00, 0x00, 0x00, 0x00, 0x00, 0xaf, 0xff, 0xff, 0xff, 0xff, 0xff, 0xff, 0xff,
    0xff, 0xfa, 0x57, 0x77, 0x77, 0x77, 0x7a, 0xfa, 0x77, 0x77, 0x77, 0x75, 0x00, 0x00, 0x00, 0x00,
    0x05, 0xf5, 0x00, 0x00, 0x00, 0x00, 0x00, 0x00, 0xb8, 0x00, 0x05, 0xf5, 0x00, 0x97, 0x00, 0x00,
    0x00, 0x08, 0xf8, 0x00, 0x05, 0xf5, 0x00, 0xbf, 0x40, 0x00, 0x00, 0x4f, 0xb0, 0x00, 0x05, 0xf5,
    0x00, 0x1d, 0xe2, 0x00, 0x03, 0xed, 0x10, 0x00, 0x05, 0xf5, 0x00, 0x03, 0xfb, 0x00, 0x2e, 0xe2,
    0x00, 0x00, 0x05, 0xf5, 0x00, 0x00, 0x7f, 0x80, 0x3c, 0x30, 0x00, 0x00, 0x05, 0xf5, 0x00, 0x00,
    0x0b, 0xf5, 0x00, 0x00, 0x00, 0x00, 0x09, 0xf4, 0x00, 0x00, 0x02, 0xc3, 0x00, 0x00, 0x08, 0xff,
    0xff, 0xe1, 0x00, 0x00, 0x00, 0x00, 0x00, 0x00, 0x03, 0xaa, 0xa8, 0x20, 0x00, 0x00, 0x00, 0x00,
    0x00, 0x3c, 0x20, 0x00, 0x00, 0x00, 0x9e, 0x00, 0x00, 0x00, 0x00, 0x2f, 0x90, 0x00, 0x00, 0x00,
    0x9e, 0x00, 0x00, 0x00, 0x00, 0x0a, 0xe1, 0x00, 0x00, 0x00, 0x9e, 0x00, 0x00, 0x00, 0x00, 0x04,
    0xb2, 0x00, 0x00, 0x00, 0x9e, 0x00, 0x00, 0x00, 0x7f, 0xff, 0xff, 0xd0, 0x00, 0x00, 0x9e, 0x00,
    0x00, 0x00, 0x36, 0x66, 0x7e, 0xc0, 0x00, 0x00, 0x9e, 0x00, 0x00, 0x00, 0x00, 0x00, 0x9f, 0x34,
    0xff, 0xff, 0xff, 0xff, 0xff, 0xe0, 0x00, 0x07, 0xf8, 0x02, 0x88, 0x88, 0xcf, 0x88, 0x88, 0x70,
    0x00, 0x6f, 0xc0, 0x00, 0x00, 0x00, 0x9e, 0x00, 0x00, 0x00, 0x08, 0xff, 0xaa, 0x70, 0x00, 0x00,
    0x9e, 0x00, 0x00, 0x00, 0x9f, 0x9d, 0xa8, 0xf7, 0x00, 0x00, 0x9e, 0x00, 0x00, 0x00, 0x57, 0x0d,
    0xa0, 0x97, 0x00, 0x00, 0x9e, 0x00, 0x00, 0x00, 0x00, 0x0d, 0xa0, 0x00, 0x00, 0x00, 0x9e, 0x00,
    0x00, 0x00, 0x00, 0x0d, 0xa0, 0x00, 0x00, 0x00, 0x9e, 0x00, 0x00, 0x00, 0x00, 0x0d, 0xa0, 0x00,
    0x00, 0x00, 0x9e, 0x00, 0x00, 0x00, 0x00, 0x0d, 0xa0, 0x00, 0x00, 0x00, 0x9e, 0x00, 0x00, 0x00,
    0x00, 0x0d, 0xa0, 0x2f, 0xff, 0xff, 0xff, 0xff, 0xff, 0xf8, 0x00, 0x0d, 0xa0, 0x18, 0x88, 0x88,
    0x88, 0x88, 0x88, 0x84, 0x00, 0x5c, 0x20, 0x00, 0x00, 0x00, 0x00, 0x00, 0x00, 0x00, 0x00, 0x3f,
    0xb0, 0x0c, 0xff, 0xff, 0xff, 0xff, 0xff, 0xf0, 0x00, 0x08, 0xa1, 0x03, 0x44, 0x44, 0x44, 0x44,
    0x44, 0x40, 0x00, 0x00, 0x00, 0x00, 0x00, 0x00, 0x00, 0x00, 0x00, 0x00, 0x7f, 0xff, 0xff, 0xc0,
    0xcf, 0xff, 0xff, 0xff, 0xfb, 0x00, 0x36, 0x66, 0x7f, 0xa0, 0xca, 0x33, 0x33, 0x33, 0xbb, 0x00,
    0x00, 0x00, 0x9e, 0x20, 0xc9, 0x00, 0x00, 0x00, 0xab, 0x00, 0x00, 0x07, 0xf6, 0x00, 0xcf, 0xff,
    0xff, 0xff, 0xfb, 0x00, 0x00, 0x7f, 0x91, 0x00, 0xca, 0x33, 0x33, 0x33, 0xbb, 0x00, 0x19, 0xff,
    0xcd, 0x10, 0x00, 0x00, 0x00, 0x00, 0x00, 0x00, 0x8f, 0x9f, 0x8e, 0x9a, 0xff, 0xff, 0xff, 0xff,
    0xff, 0xb0, 0x56, 0x0f, 0x76, 0x8a, 0xc3, 0x33, 0xcb, 0x33, 0x3b, 0xb0, 0x00, 0x0f, 0x70, 0x0a,
    0xb0, 0x00, 0xba, 0x00, 0x0a, 0xb0, 0x00, 0x0f, 0x70, 0x0a, 0xff, 0xff, 0xff, 0xff, 0xff, 0xb0,
    0x00, 0x0f, 0x70, 0x0a, 0xc3, 0x33, 0xcb, 0x33, 0x3b, 0xb0, 0x00, 0x0f, 0x70, 0x0a, 0xb0, 0x00,
    0xba, 0x00, 0x0a, 0xb0, 0x00, 0x0f, 0x70, 0x0a, 0xff, 0xff, 0xff, 0xff, 0xff, 0xb0, 0x00, 0x0f,
    0x70, 0x0a, 0xc3, 0x33, 0x33, 0x33, 0x3b, 0xb0, 0x00, 0x00, 0x00, 0x00, 0x4c, 0x30, 0x00, 0x00,
    0x00, 0x00, 0x00, 0x00, 0x00, 0x00, 0x3f, 0xc0, 0x00, 0x00, 0x00, 0x00, 0x6f, 0xff, 0xff, 0xff,
    0xff, 0xff, 0xff, 0xff, 0xff, 0xf6, 0x25, 0x55, 0x55, 0x55, 0x55, 0x55, 0x55, 0x55, 0x55, 0x52,
    0x00, 0x6f, 0x0a, 0xb6, 0x20, 0x01, 0x6c, 0x60, 0xf6, 0x00, 0x00, 0x6f, 0x01, 0x6a, 0xec, 0xaf,
    0xb5, 0x00, 0xf6, 0x00, 0x00, 0x6f, 0x02, 0x6a, 0xee, 0xbf, 0xc7, 0x20, 0xf6, 0x00, 0x00, 0x6f,
    0x1d, 0xb7, 0x30, 0x01, 0x6b, 0x90, 0xf6, 0x00, 0x00, 0x6f, 0x00, 0x00, 0x00, 0x00, 0x00, 0x00,
    0xf6, 0x00, 0x00, 0x6f, 0xff, 0xff, 0xff, 0xff, 0xff, 0xff, 0xf6, 0x00, 0x00, 0x24, 0x44, 0x44,
    0x5f, 0xb4, 0x44, 0x44, 0xf6, 0x00, 0x00, 0x00, 0x00, 0x00, 0x7f, 0x30, 0x00, 0x00, 0x00, 0x00,
    0x02, 0xff, 0xff, 0xff, 0xff, 0xff, 0xff, 0xff, 0xff, 0x20, 0x02, 0xf8, 0x44, 0x4c, 0xd5, 0x44,
    0x44, 0x44, 0x8f, 0x20, 0x02, 0xf4, 0x00, 0x6d, 0x21, 0x27, 0xa1, 0x00, 0x5f, 0x20, 0x02, 0xf4,
    0x07, 0xff, 0xff, 0xff, 0xfd, 0x30, 0x5f, 0x20, 0x02, 0xf4, 0x05, 0xb6, 0x43, 0x21, 0x17, 0x70,
    0x5f, 0x20, 0x02, 0xf4, 0x00, 0x00, 0x00, 0x00, 0x00, 0x10, 0x8f, 0x10, 0x02, 0xf4, 0x00, 0x00,
    0x00, 0x00, 0x01, 0xff, 0xfd, 0x00, 0x02, 0xf4, 0x00, 0x00, 0x00, 0x00, 0x00, 0x56, 0x61, 0x00,
    0x00, 0x1b, 0x60, 0x00, 0x00, 0x00, 0x4f, 0x40, 0x00, 0x00, 0x00, 0x0d, 0xd0, 0x00, 0x00, 0x00,
    0x4f, 0x40, 0x00, 0x00, 0x00, 0x06, 0xf5, 0x00, 0x00, 0x00, 0x4f, 0x40, 0x00, 0x00, 0x00, 0x00,
    0xc5, 0x00, 0x00, 0x00, 0x4f, 0x40, 0x00, 0x00, 0x7f, 0xff, 0xff, 0xff, 0x90, 0x00, 0x4f, 0xff,
    0xff, 0xfb, 0x26, 0x66, 0x66, 0x66, 0x30, 0x00, 0x4f, 0xa7, 0x77, 0x75, 0x00, 0x00, 0x00, 0x9b,
    0x00, 0x00, 0x4f, 0x40, 0x00, 0x00, 0x08, 0xa0, 0x00, 0xcc, 0x00, 0x00, 0x4f, 0x40, 0x00, 0x00,
    0x08, 0xe0, 0x00, 0xe8, 0x00, 0x00, 0x4f, 0x40, 0x00, 0x00, 0x05, 0xf2, 0x02, 0xf5, 0x00, 0x00,
    0x4f, 0x40, 0x00, 0x00, 0x02, 0xf5, 0x05, 0xf2, 0x0f, 0xff, 0xff, 0xff, 0xff, 0xa0, 0x00, 0xe8,
    0x08, 0xe0, 0x0f, 0xa6, 0x66, 0x66, 0x6e, 0xa0, 0x00, 0xbb, 0x0b, 0xb0, 0x0f, 0x80, 0x00, 0x00,
    0x0d, 0xa0, 0x00, 0x8e, 0x0e, 0x70, 0x0f, 0x80, 0x00, 0x00, 0x0d, 0xa0, 0x00, 0x5c, 0x3f, 0x40,
    0x0f, 0x80, 0x00, 0x00, 0x0d, 0xa0, 0x00, 0x00, 0x5f, 0x7b, 0x6f, 0x80, 0x00, 0x00, 0x0d, 0xa0,
    0x00, 0x37, 0xdf, 0xfb, 0x4f, 0x80, 0x00, 0x00, 0x0d, 0xa0, 0x6d, 0xff, 0xb6, 0x10, 0x0f, 0xff,
    0xff, 0xff, 0xff, 0xa0, 0x6b, 0x61, 0x00, 0x00, 0x0f, 0xa6, 0x66, 0x66, 0x6e, 0xa0, 0x00, 0x00,
    0x00, 0x00, 0x0f, 0x80, 0x00, 0x00, 0x0d, 0xa0, 0x00, 0x03, 0xf7, 0x00, 0x00, 0x00, 0xdd, 0x00,
    0x00, 0x00, 0x00, 0x0b, 0xe1, 0x00, 0x00, 0x05, 0xf6, 0x00, 0x00, 0x00, 0x00, 0x6f, 0xff, 0xff,
    0xff, 0x7d, 0xff, 0xff, 0xff, 0xf7, 0x03, 0xea, 0x4f, 0xb4, 0x33, 0xcf, 0x59, 0xf7, 0x33, 0x31,
    0x2d, 0xb0, 0x05, 0xc2, 0x01, 0xa7, 0x01, 0xa7, 0x00, 0x00, 0x6a, 0x10, 0x00, 0x00, 0x0d, 0x90,
    0x00, 0x00, 0x00, 0x00, 0x04, 0xff, 0xff, 0xff, 0xff, 0xff, 0xff, 0xff, 0xff, 0x40, 0x01, 0x44,
    0x44, 0x44, 0x4e, 0xb4, 0x44, 0x44, 0x44, 0x10, 0x00, 0x00, 0x00, 0x00, 0x0d, 0x90, 0x00, 0x00,
    0x00, 0x00, 0x00, 0x00, 0x00, 0x00, 0x0d, 0x90, 0x00, 0x00, 0x00, 0x00, 0x9f, 0xff, 0xff, 0xff,
    0xff, 0xff, 0xff, 0xff, 0xff, 0xfa, 0x35, 0x55, 0x55, 0x55, 0x55, 0x55, 0x55, 0x55, 0x55, 0x53,
    0x00, 0x00, 0x00, 0x00, 0x00, 0x00, 0x0b, 0xc0, 0x00, 0x00, 0x0e, 0xff, 0xff, 0xff, 0xff, 0xff,
    0xff, 0xff, 0xff, 0xf0, 0x04, 0x55, 0x5f, 0x85, 0x55, 0x55, 0x5c, 0xd5, 0x55, 0x50, 0x00, 0x00,
    0x1c, 0xe3, 0x00, 0x00, 0x0b, 0xc0, 0x00, 0x00, 0x00, 0x00, 0x01, 0xde, 0x20, 0x00, 0x0b, 0xc0,
    0x00, 0x00, 0x00, 0x00, 0x00, 0x2b, 0x19, 0x98, 0xaf, 0xa0, 0x00, 0x00, 0x00, 0x00, 0x00, 0x00,
    0x0c, 0xff, 0xfc, 0x20, 0x00, 0x00, 0x00, 0x03, 0xf7, 0x00, 0x00, 0x00, 0xbe, 0x10, 0x00, 0x00,
    0x00, 0x0c, 0xe1, 0x00, 0x00, 0x04, 0xf7, 0x00, 0x00, 0x00, 0x00, 0x6f, 0xff, 0xff, 0xff, 0x4c,
    0xff, 0xff, 0xff, 0xf7, 0x04, 0xfa, 0x49, 0xd4, 0x44, 0x7f, 0x66, 0xf5, 0x44, 0x42, 0x3e, 0xc1,
    0x04, 0xf7, 0x03, 0xfa, 0x01, 0xdb, 0x00, 0x00, 0x5b, 0x1a, 0x50, 0x87, 0x04, 0xc1, 0x00, 0x4a,
    0x10, 0x00, 0x00, 0x06, 0xf7, 0x0c, 0xff, 0xff, 0xff, 0xff, 0xff, 0x60, 0x00, 0x00, 0x78, 0x03,
    0x44, 0x44, 0x44, 0x44, 0x4f, 0x60, 0x03, 0xf3, 0x00, 0x00, 0x00, 0x00, 0x00, 0x00, 0x1f, 0x60,
    0x03, 0xf3, 0x01, 0xff, 0xff, 0xff, 0xff, 0x20, 0x1f, 0x60, 0x03, 0xf3, 0x01, 0xf6, 0x33, 0x33,
    0x5f, 0x20, 0x1f, 0x60, 0x03, 0xf3, 0x01, 0xf4, 0x00, 0x00, 0x3f, 0x20, 0x1f, 0x60, 0x03, 0xf3,
    0x01, 0xff, 0xff, 0xff, 0xff, 0x20, 0x1f, 0x60, 0x03, 0xf3, 0x01, 0xf6, 0x22, 0x22, 0x5f, 0x20,
    0x1f, 0x60, 0x03, 0xf3, 0x01, 0xf4, 0x00, 0x00, 0x3f, 0x20, 0x1f, 0x60, 0x03, 0xf3, 0x01, 0xff,
    0xff, 0xff, 0xff, 0x20, 0x1f, 0x60, 0x03, 0xf3, 0x01, 0xf6, 0x33, 0x33, 0x33, 0x00, 0x1f, 0x60,
    0x03, 0xf3, 0x00, 0x00, 0x00, 0x00, 0x00, 0x00, 0x3f, 0x40, 0x03, 0xf3, 0x00, 0x00, 0x00, 0x00,
    0x0a, 0xee, 0xfe, 0x10, 0x03, 0xf3, 0x00, 0x00, 0x00, 0x00, 0x04, 0x88, 0x72, 0x00, 0x00, 0x00,
    0x00, 0x00, 0x0b, 0xd0, 0x00, 0x00, 0x00, 0x00, 0x00, 0x5b, 0x10, 0x00, 0x0b, 0xd0, 0x00, 0x01,
    0xb5, 0x00, 0x00, 0x5f, 0xb1, 0x00, 0x0b, 0xd0, 0x00, 0x0a, 0xf8, 0x00, 0x00, 0x06, 0xfb, 0x10,
    0x0b, 0xd0, 0x00, 0x9f, 0x90, 0x00, 0x00, 0x00, 0x7f, 0xb0, 0x0b, 0xd0, 0x09, 0xfa, 0x00, 0x00,
    0x00, 0x00, 0x09, 0x70, 0x0b, 0xd0, 0x07, 0x90, 0x00, 0x00, 0x00, 0x00, 0x00, 0x00, 0x0b, 0xd0,
    0x00, 0x00, 0x00, 0x00, 0x7f, 0xff, 0xff, 0xff, 0xff, 0xff, 0xff, 0xff, 0xff, 0xf8, 0x37, 0x77,
    0x77, 0x79, 0xff, 0xff, 0xa7, 0x77, 0x77, 0x74, 0x00, 0x00, 0x00, 0x0b, 0xcb, 0xda, 0xd1, 0x00,
    0x00, 0x00, 0x00, 0x00, 0x00, 0x9f, 0x3b, 0xd1, 0xdb, 0x00, 0x00, 0x00, 0x00, 0x00, 0x09, 0xf5,
    0x0b, 0xd0, 0x3e, 0xb0, 0x00, 0x00, 0x00, 0x02, 0xbf, 0x60, 0x0b, 0xd0, 0x04, 0xfc, 0x20, 0x00,
    0x00, 0x5e, 0xe4, 0x00, 0x0b, 0xd0, 0x00, 0x3d, 0xe6, 0x00, 0x3c, 0xfb, 0x20, 0x00, 0x0b, 0xd0,
    0x00, 0x01, 0xbf, 0xc4, 0x3c, 0x50, 0x00, 0x00, 0x0b, 0xd0, 0x00, 0x00, 0x04, 0xc3, 0x00, 0x00,
    0x00, 0x00, 0x0b, 0xd0, 0x00, 0x00, 0x00, 0x00, 0x00, 0x00, 0x00, 0x00, 0x0b, 0xd0, 0x00, 0x00,
    0x00, 0x00, 0x00, 0x00, 0x00, 0x00, 0x0b, 0xd0, 0x00, 0x00, 0x00, 0x00, 0x00, 0x09, 0xb0, 0x00,
    0x00, 0x00, 0x3f, 0x40, 0x00, 0x00, 0x00, 0x09, 0xb0, 0x00, 0x00, 0x00, 0x3f, 0x40, 0x00, 0x00,
    0x4b, 0x09, 0xb0, 0xb6, 0xef, 0xff, 0xff, 0xff, 0xff, 0xf6, 0x2f, 0x39, 0xb4, 0xf2, 0x34, 0x44,
    0x5f, 0x64, 0x44, 0x41, 0x0c, 0x99, 0xb8, 0x80, 0x6f, 0xff, 0xff, 0xff, 0xff, 0xc0, 0x06, 0x99,
    0xb0, 0x00, 0x14, 0x44, 0x5f, 0x64, 0x44, 0x30, 0x00, 0x09, 0xb0, 0x00, 0x00, 0x00, 0x3f, 0x40,
    0x00, 0x00, 0x8f, 0xff, 0xff, 0xf4, 0x00, 0x00, 0x3f, 0x40, 0x00, 0x00, 0x24, 0x4e, 0xc4, 0x44,
    0xff, 0xff, 0xff, 0xff, 0xff, 0xfa, 0x00, 0x4f, 0xb1, 0x01, 0x8f, 0xff, 0xff, 0xff, 0xff, 0xb2,
    0x00, 0xae, 0xee, 0x20, 0x5f, 0x54, 0x44, 0x44, 0x4e, 0x80, 0x02, 0xea, 0xbb, 0xc1, 0x5f, 0x10,
    0x00, 0x00, 0x0e, 0x80, 0x0a, 0x99, 0xb1, 0xe9, 0x5f, 0x10, 0x00, 0x00, 0x0e, 0x80, 0x4f, 0x29,
    0xb0, 0x59, 0x5f, 0xff, 0xff, 0xff, 0xff, 0x80, 0xb9, 0x09, 0xb0, 0x00, 0x5f, 0xff, 0xff, 0xff,
    0xff, 0x80, 0x61, 0x09, 0xb0, 0x00, 0x5f, 0x43, 0x33, 0x33, 0x3e, 0x80, 0x00, 0x09, 0xb0, 0x00,
    0x5f, 0x10, 0x00, 0x00, 0x0e, 0x70, 0x00, 0x09, 0xb0, 0x00, 0x5f, 0x10, 0x17, 0x66, 0x9f, 0x60,
    0x00, 0x09, 0xb0, 0x00, 0x5f, 0x10, 0x0e, 0xff, 0xfb, 0x10, 0x00, 0x00, 0x00, 0x00, 0x00, 0x00,
    0x00, 0x00, 0x00, 0x00, 0x00, 0x11, 0x23, 0x34, 0x56, 0x78, 0x9a, 0xbd, 0xef, 0x20, 0x06, 0xff,
    0xff, 0xff, 0xff, 0xdc, 0xba, 0x98, 0x76, 0x10, 0x01, 0x54, 0x43, 0x26, 0xee, 0x20, 0x00, 0x00,
    0x00, 0x00, 0x00, 0x00, 0x03, 0xbf, 0x81, 0x00, 0x00, 0x5c, 0x50, 0x00, 0x00, 0x03, 0xaf, 0x92,
    0x00, 0x00, 0x3b, 0xfd, 0x40, 0x00, 0x00, 0xcf, 0xfb, 0x9a, 0xbc, 0xde, 0xff, 0x81, 0x00, 0x00,
    0x00, 0x9d, 0xcb, 0x98, 0x8d, 0xff, 0xa2, 0x00, 0x00, 0x00, 0x00, 0x00, 0x00, 0x04, 0xdf, 0xa3,
    0x07, 0xa1, 0x00, 0x00, 0x00, 0x00, 0x03, 0xbf, 0xa3, 0x00, 0x06, 0xfd, 0x40, 0x00, 0x00, 0x03,
    0xae, 0x93, 0x22, 0x34, 0x45, 0x9f, 0xf7, 0x00, 0x01, 0xdf, 0xff, 0xff, 0xff, 0xff, 0xff, 0xee,
    0xef, 0xa0, 0x00, 0xba, 0x86, 0x55, 0x49, 0xf1, 0x10, 0x00, 0x1a, 0x70, 0x00, 0x00, 0x5b, 0x20,
    0x08, 0xf0, 0x0a, 0x90, 0x00, 0x00, 0x00, 0x07, 0xfc, 0x20, 0x08, 0xf0, 0x04, 0xec, 0x30, 0x00,
    0x01, 0xaf, 0x90, 0x00, 0x08, 0xf0, 0x00, 0x2c, 0xe6, 0x00, 0x3d, 0xe6, 0x00, 0x00, 0x0b, 0xe0,
    0x00, 0x01, 0xaf, 0x91, 0x5c, 0x20, 0x01, 0xff, 0xff, 0xa0, 0x00, 0x00, 0x07, 0xa0, 0x00, 0x00,
    0x00, 0x67, 0x75, 0x00, 0x00, 0x00, 0x00, 0x00, 0x00, 0x00, 0x00, 0x00, 0x0c, 0xc0, 0x00, 0x00,
    0x00, 0x00, 0x07, 0xff, 0xff, 0xff, 0xff, 0xff, 0xff, 0xff, 0xff, 0x80, 0x02, 0x55, 0x55, 0x55,
    0x5d, 0xd5, 0x55, 0x55, 0x55, 0x30, 0x00, 0x00, 0x00, 0x00, 0x0c, 0xc0, 0x00, 0x00, 0x00, 0x00,
    0x0f, 0xff, 0xff, 0xff, 0xff, 0xff, 0xff, 0xff, 0xff, 0xf0, 0x0f, 0xa5, 0x55, 0x5a, 0xe9, 0x55,
    0x55, 0x55, 0x5a, 0xf0, 0x0f, 0x80, 0x37, 0xc7, 0x10, 0x03, 0xac, 0x20, 0x08, 0xf0, 0x0f, 0x80,
    0xdf, 0xff, 0xde, 0xef, 0xe7, 0x10, 0x08, 0xf0, 0x00, 0x00, 0x01, 0x13, 0xcf, 0xe7, 0x1a, 0x70,
    0x00, 0x00, 0x00, 0x00, 0x01, 0x9f, 0xe7, 0x10, 0x03, 0xca, 0x10, 0x00, 0x00, 0x03, 0x9e, 0xe9,
    0x57, 0x9b, 0xdf, 0xff, 0xc2, 0x00, 0x00, 0x1f, 0xff, 0xff, 0xdd, 0xf7, 0x53, 0x20, 0x7e, 0x30,
    0x00, 0x0a, 0xdf, 0x60, 0x07, 0xf0, 0x0b, 0x93, 0x0a, 0x20, 0x00, 0x3a, 0xfb, 0x20, 0x07, 0xf0,
    0x05, 0xcf, 0xb4, 0x00, 0x3b, 0xfd, 0x50, 0x00, 0x1b, 0xf0, 0x00, 0x04, 0xcf, 0xc4, 0x3c, 0x50,
    0x03, 0xff, 0xff, 0xa0, 0x00, 0x00, 0x05, 0xc2, 0x00, 0x00, 0x00, 0x87, 0x74, 0x00, 0x00, 0x00,
    0x00, 0x00, 0x00, 0x00, 0x07, 0xe0, 0x00, 0x00, 0x00, 0x00, 0x00, 0x00, 0x04, 0xf2, 0x07, 0xe0,
    0xaf, 0xff, 0xff, 0xff, 0xfa, 0x00, 0x04, 0xf2, 0x07, 0xe0, 0x29, 0xe4, 0x33, 0x38, 0xf6, 0x00,
    0x04, 0xf2, 0x07, 0xe0, 0x01, 0xdb, 0x11, 0x8f, 0x70, 0x00, 0x04, 0xf2, 0x07, 0xe0, 0x00, 0x1c,
    0xdd, 0xd4, 0x00, 0x00, 0x04, 0xf2, 0x07, 0xe0, 0x36, 0xae, 0xef, 0xd9, 0x53, 0x10, 0x04, 0xf2,
    0x07, 0xe0, 0xbe, 0x95, 0x02, 0x8d, 0xff, 0xf3, 0x00, 0x00, 0x00, 0x39, 0xe8, 0x00, 0x03, 0xc4,
    0x24, 0x50, 0x00, 0x04, 0x8c, 0xb6, 0x22, 0x23, 0x6d, 0x81, 0x00, 0x00, 0x00, 0x09, 0xff, 0xff,
    0xff, 0xfc, 0x52, 0xc6, 0x00, 0x00, 0x00, 0x00, 0x12, 0x47, 0xa7, 0x30, 0x01, 0x9f, 0xb1, 0x00,
    0x00, 0x47, 0xae, 0xc8, 0x57, 0x9b, 0xdf, 0xfe, 0xfd, 0x30, 0x00, 0x4f, 0xff, 0xfd, 0xbb, 0xf8,
    0x42, 0x10, 0x3c, 0x30, 0x00, 0x01, 0x22, 0x00, 0x03, 0xf4, 0x00, 0x00, 0x00, 0x00, 0x00, 0x00,
    0x2a, 0x60, 0x03, 0xf4, 0x09, 0x92, 0x00, 0x00, 0x00, 0x18, 0xfe, 0x60, 0x03, 0xf4, 0x08, 0xef,
    0xa3, 0x00, 0x09, 0xee, 0x81, 0x00, 0x07, 0xf2, 0x00, 0x18, 0xef, 0xa0, 0x09, 0x81, 0x00, 0x9f,
    0xff, 0xb0, 0x00, 0x00, 0x29, 0x70, 0x00, 0x00, 0x00, 0x47, 0x75, 0x10, 0x00, 0x00, 0x00, 0x00,
    0x00, 0x00, 0xc7, 0x00, 0x00, 0x5c, 0x30, 0x00, 0x00, 0x00, 0x00, 0x05, 0xf5, 0x00, 0x00, 0xbe,
    0x10, 0x00, 0x00, 0x00, 0x00, 0x0c, 0xc0, 0x00, 0x03, 0xf8, 0x00, 0x00, 0x00, 0x00, 0x00, 0x5f,
    0x40, 0x00, 0x0a, 0xff, 0xff, 0xff, 0xff, 0xe0, 0x01, 0xda, 0x00, 0xb7, 0x3f, 0xb7, 0x77, 0x77,
    0x7d, 0xd0, 0x08, 0xe2, 0x05, 0xf7, 0xbe, 0x10, 0x00, 0x00, 0x0c, 0xd0, 0x3f, 0x71, 0x1d, 0xc7,
    0xf7, 0x00, 0x00, 0x00, 0x0c, 0xc0, 0x7f, 0xff, 0xff, 0x36, 0xb0, 0x00, 0x00, 0x00, 0x0c, 0xc0,
    0x26, 0x57, 0xf8, 0x00, 0x00, 0x97, 0x00, 0x00, 0x0d, 0xb0, 0x00, 0x2d, 0xc0, 0x00, 0x00, 0xaf,
    0x50, 0x00, 0x0d, 0xb0, 0x02, 0xdf, 0x30, 0x02, 0x00, 0x1d, 0xe3, 0x00, 0x0e, 0xa0, 0x0d, 0xf8,
    0x59, 0xdd, 0x00, 0x03, 0xfd, 0x10, 0x0e, 0xa0, 0x0c, 0xdb, 0x98, 0x63, 0x00, 0x00, 0x79, 0x10,
    0x0f, 0x90, 0x00, 0x00, 0x00, 0x00, 0x00, 0x00, 0x00, 0x00, 0x1f, 0x80, 0x00, 0x00, 0x00, 0x01,
    0x10, 0x00, 0x00, 0x00, 0x2f, 0x80, 0x00, 0x02, 0x59, 0xcf, 0x40, 0x00, 0x00, 0x00, 0x3f, 0x60,
    0x5b, 0xef, 0xfc, 0x96, 0x10, 0x09, 0x52, 0x11, 0xaf, 0x20, 0x6c, 0x84, 0x10, 0x00, 0x00, 0x0d,
    0xff, 0xff, 0xd5, 0x00, 0x00, 0x00, 0x00, 0x00, 0x00, 0x01, 0x45, 0x41, 0x00, 0x00, 0x00, 0x03,
    0xc3, 0x00, 0x00, 0x4f, 0x50, 0xab, 0x51, 0x00, 0x00, 0x0a, 0xe1, 0x00, 0x00, 0x3f, 0x50, 0x16,
    0xc5, 0x00, 0x00, 0x3f, 0x60, 0x00, 0x00, 0x3f, 0x60, 0x00, 0x00, 0x00, 0x00, 0xcb, 0x00, 0x00,
    0x00, 0x2f, 0x73, 0x58, 0xac, 0xe0, 0x06, 0xf2, 0x08, 0xa6, 0x9b, 0xdf, 0xff, 0xfd, 0xb9, 0x71,
    0x2e, 0x71, 0x5f, 0xca, 0xdb, 0x9f, 0xa3, 0x10, 0x00, 0x00, 0x8f, 0xff, 0xff, 0x30, 0x00, 0x0e,
    0x90, 0x00, 0x00, 0x00, 0x26, 0x5a, 0xf8, 0x00, 0x00, 0x0d, 0xb4, 0x68, 0x9b, 0xd7, 0x00, 0x2e,
    0xd0, 0x07, 0x9b, 0xdf, 0xff, 0xfe, 0xca, 0x84, 0x00, 0xbf, 0x30, 0x0c, 0xdb, 0x9c, 0xf3, 0x10,
    0x00, 0x00, 0x07, 0xf7, 0x00, 0x20, 0x00, 0x06, 0xf2, 0x00, 0x4b, 0x20, 0x3f, 0xfb, 0xdf, 0xc0,
    0x00, 0x03, 0xf5, 0x03, 0xed, 0x20, 0x1e, 0xca, 0x86, 0x30, 0x00, 0x00, 0xe9, 0x6f, 0xc1, 0x00,
    0x00, 0x00, 0x00, 0x11, 0x00, 0x00, 0xaf, 0xfa, 0x10, 0x00, 0x00, 0x14, 0x8c, 0xf4, 0x00, 0x06,
    0xef, 0xa0, 0x00, 0xb6, 0x5c, 0xff, 0xeb, 0x71, 0x16, 0xdf, 0xab, 0xf5, 0x01, 0xf9, 0x6c, 0x84,
    0x00, 0x39, 0xef, 0xa3, 0x01, 0xcf, 0xab, 0xf4, 0x00, 0x00, 0x00, 0x5d, 0x71, 0x00, 0x00, 0x19,
    0xee, 0x80, 0x00, 0x03, 0xc3, 0x00, 0x00, 0x00, 0x6f, 0x20, 0x00, 0x00, 0x00, 0x09, 0xf1, 0x00,
    0x00, 0x00, 0x6f, 0x20, 0x00, 0x00, 0x00, 0x2f, 0x80, 0x00, 0x00, 0x00, 0x6f, 0x20, 0x00, 0x00,
    0x00, 0x9e, 0x10, 0x0c, 0xff, 0xff, 0xff, 0xff, 0xff, 0xf9, 0x02, 0xf8, 0x06, 0xa6, 0x66, 0x66,
    0xaf, 0x76, 0x66, 0x64, 0x0a, 0xe1, 0x0d, 0xc0, 0x00, 0x00, 0x6f, 0x20, 0x00, 0x00, 0x4f, 0x61,
    0x6f, 0x40, 0x00, 0x00, 0x6f, 0x20, 0x00, 0x00, 0x9f, 0xff, 0xfb, 0x03, 0xff, 0xff, 0xff, 0xff,
    0xff, 0xe0, 0x26, 0x5b, 0xf3, 0x01, 0x66, 0x66, 0x66, 0x66, 0x66, 0x60, 0x00, 0x3f, 0x80, 0x00,
    0x00, 0x00, 0x00, 0x00, 0x00, 0x00, 0x01, 0xde, 0x10, 0x10, 0x00, 0x00, 0x00, 0x00, 0x00, 0x00,
    0x1b, 0xf5, 0x39, 0xe0, 0xcf, 0xff, 0xff, 0xff, 0xff, 0x80, 0x3f, 0xfc, 0xb8, 0x50, 0xcd, 0x66,
    0x66, 0x66, 0x6f, 0x80, 0x06, 0x30, 0x00, 0x11, 0xcb, 0x00, 0x00, 0x00, 0x0f, 0x80, 0x00, 0x15,
    0x8c, 0xf4, 0xcb, 0x00, 0x00, 0x00, 0x0f, 0x80, 0x6c, 0xff, 0xea, 0x61, 0xcb, 0x00, 0x00, 0x00,
    0x0f, 0x80, 0x7c, 0x73, 0x00, 0x00, 0xcf, 0xff, 0xff, 0xff, 0xff, 0x80, 0x00, 0x00, 0x00, 0x00,
    0xcd, 0x66, 0x66, 0x66, 0x6f, 0x80, 0x00, 0x00, 0x00, 0x00, 0xcb, 0x00, 0x00, 0x00, 0x0f, 0x80,
    0x00, 0x04, 0xc3, 0x00, 0x00, 0x01, 0xeb, 0x00, 0x00, 0x00, 0x00, 0x0b, 0xe1, 0x00, 0x00, 0x08,
    0xde, 0x20, 0x00, 0x00, 0x00, 0x2f, 0x70, 0x00, 0x00, 0x3f, 0x39, 0xc0, 0x00, 0x00, 0x00, 0x9e,
    0x10, 0x00, 0x00, 0xca, 0x01, 0xda, 0x00, 0x00, 0x02, 0xf6, 0x07, 0xa1, 0x09, 0xe1, 0x00, 0x2e,
    0xa0, 0x00, 0x0a, 0xd0, 0x1e, 0xb0, 0x7f, 0x50, 0x00, 0x03, 0xeb, 0x10, 0x5f, 0x40, 0x7f, 0x26,
    0xf8, 0x00, 0x00, 0x00, 0x3e, 0xd4, 0x9f, 0xff, 0xf9, 0x7f, 0xa0, 0x00, 0x00, 0x00, 0x02, 0xb5,
    0x24, 0x3a, 0xe1, 0x4a, 0x6f, 0xff, 0xff, 0xff, 0xf2, 0x00, 0x00, 0x2f, 0x60, 0x00, 0x25, 0x55,
    0x55, 0x55, 0x51, 0x00, 0x00, 0xbc, 0x00, 0x00, 0x00, 0x00, 0x00, 0x00, 0x00, 0x00, 0x06, 0xf3,
    0x00, 0x01, 0xff, 0xff, 0xff, 0xff, 0xfc, 0x00, 0x2e, 0xeb, 0xce, 0x91, 0xf9, 0x55, 0x55, 0x55,
    0xcc, 0x00, 0x2e, 0xca, 0x86, 0x31, 0xf6, 0x00, 0x00, 0x00, 0xac, 0x00, 0x00, 0x00, 0x00, 0x21,
    0xf6, 0x00, 0x00, 0x00, 0xac, 0x00, 0x00, 0x14, 0x8d, 0xd1, 0xf6, 0x00, 0x00, 0x00, 0xac, 0x00,
    0x5b, 0xff, 0xc8, 0x31, 0xf6, 0x00, 0x00, 0x00, 0xac, 0x00, 0x5c, 0x72, 0x00, 0x01, 0xff, 0xff,
    0xff, 0xff, 0xfc, 0x00, 0x00, 0x00, 0x00, 0x01, 0xf9, 0x55, 0x55, 0x55, 0xcc, 0x00, 0x00, 0x00,
    0x00, 0x01, 0xf6, 0x00, 0x00, 0x00, 0xac, 0x00, 0x00, 0x08, 0xb1, 0x00, 0x00, 0x9a, 0x00, 0x00,
    0x00, 0x00, 0x00, 0x1e, 0xb0, 0x00, 0x01, 0xe8, 0x00, 0x00, 0x00, 0x00, 0x00, 0x7f, 0x30, 0x00,
    0x08, 0xff, 0xff, 0xff, 0xff, 0x40, 0x01, 0xda, 0x02, 0xc4, 0x2f, 0xe5, 0x55, 0x55, 0xdf, 0x20,
    0x08, 0xe2, 0x09, 0xe2, 0xbc, 0xe8, 0x00, 0x07, 0xf6, 0x00, 0x2f, 0x70, 0x3f, 0x77, 0xe2, 0x6f,
    0x60, 0x7f, 0x90, 0x00, 0x5f, 0xff, 0xfd, 0x08, 0x60, 0x09, 0xfb, 0xf9, 0x00, 0x00, 0x15, 0x47,
    0xf4, 0x00, 0x00, 0x04, 0xff, 0xe3, 0x00, 0x00, 0x00, 0x0d, 0x90, 0x00, 0x03, 0xbf, 0xc6, 0xdf,
    0xc6, 0x10, 0x00, 0x8d, 0x10, 0x17, 0xdf, 0xc5, 0x00, 0x18, 0xef, 0xf7, 0x04, 0xf4, 0x02, 0x3b,
    0xa4, 0x00, 0x00, 0x00, 0x16, 0xc3, 0x1e, 0xfd, 0xff, 0x90, 0x7f, 0xff, 0xff, 0xff, 0xff, 0x30,
    0x1e, 0xb9, 0x64, 0x10, 0x7f, 0x66, 0x66, 0x66, 0x9f, 0x30, 0x00, 0x00, 0x00, 0x11, 0x7f, 0x00,
    0x00, 0x00, 0x5f, 0x30, 0x00, 0x14, 0x8c, 0xf3, 0x7f, 0x00, 0x00, 0x00, 0x5f, 0x30, 0x4c, 0xff,
    0xeb, 0x61, 0x7f, 0x00, 0x00, 0x00, 0x5f, 0x30, 0x3d, 0x84, 0x00, 0x00, 0x7f, 0xff, 0xff, 0xff,
    0xff, 0x30, 0x00, 0x00, 0x00, 0x00, 0x7f, 0x66, 0x66, 0x66, 0x9f, 0x30, 0x00, 0x07, 0xb1, 0x00,
    0x00, 0x0e, 0x80, 0x00, 0x00, 0x00, 0x00, 0x0d, 0xc0, 0x00, 0x00, 0x0e, 0x80, 0x00, 0x0b, 0x50,
    0x00, 0x5f, 0x40, 0x00, 0x00, 0x0e, 0x80, 0x00, 0x7f, 0x40, 0x00, 0xcc, 0x00, 0x01, 0xff, 0xff,
    0xff, 0xfb, 0xea, 0x00, 0x04, 0xf4, 0x00, 0x00, 0x44, 0x4e, 0x94, 0x4d, 0xe2, 0x00, 0x0c, 0xb0,
    0x04, 0xc3, 0x00, 0x0e, 0x80, 0x6f, 0x50, 0x00, 0x6f, 0x30, 0x2e, 0xc0, 0x00, 0x0e, 0x83, 0xfa,
    0x00, 0x00, 0x9f, 0xff, 0xfe, 0x3f, 0xff, 0xff, 0xff, 0xff, 0xff, 0xf4, 0x25, 0x48, 0xf4, 0x04,
    0x44, 0x48, 0xfa, 0x44, 0x44, 0x41, 0x00, 0x3f, 0x60, 0x00, 0x01, 0x9e, 0x60, 0x00, 0x00, 0x00,
    0x03, 0xe7, 0x00, 0x00, 0x6e, 0xff, 0xff, 0xff, 0xfb, 0x00, 0x3e, 0xea, 0xcd, 0xbd, 0xff, 0x94,
    0x44, 0x44, 0xcb, 0x00, 0x2e, 0xca, 0x97, 0xcd, 0x3f, 0x70, 0x00, 0x00, 0xbb, 0x00, 0x00, 0x00,
    0x00, 0x11, 0x0f, 0xff, 0xff, 0xff, 0xfb, 0x00, 0x00, 0x02, 0x59, 0xc3, 0x0f, 0x94, 0x44, 0x44,
    0xcb, 0x00, 0x4a, 0xdf, 0xfd, 0x91, 0x0f, 0x70, 0x00, 0x00, 0xbb, 0x00, 0x3d, 0x95, 0x20, 0x00,
    0x0f, 0xff, 0xff, 0xff, 0xfb, 0x00, 0x00, 0x00, 0x00, 0x00, 0x0f, 0x94, 0x44, 0x44, 0xcb, 0x00,
    0x00, 0x0a, 0x90, 0x00, 0x00, 0x00, 0x9e, 0x00, 0x00, 0x00, 0x00, 0x2f, 0x80, 0x00, 0x00, 0x00,
    0x9e, 0x00, 0x00, 0x00, 0x00, 0x9e, 0x10, 0x03, 0xff, 0xff, 0xff, 0xff, 0xff, 0x80, 0x02, 0xf6,
    0x08, 0x91, 0x55, 0x55, 0xbe, 0x55, 0x55, 0x30, 0x0a, 0xc0, 0x1e, 0x90, 0x00, 0x00, 0x9e, 0x00,
    0x00, 0x00, 0x4f, 0x30, 0x8f, 0x2e, 0xff, 0xff, 0xff, 0xff, 0xff, 0xf7, 0x9f, 0xff, 0xf9, 0x05,
    0x55, 0x55, 0x55, 0x55, 0x58, 0xf6, 0x25, 0x4b, 0xe1, 0x00, 0x00, 0x00, 0x00, 0x00, 0x09, 0xf1,
    0x00, 0x2f, 0x70, 0x00, 0x2b, 0x20, 0x0b, 0xa0, 0x1e, 0xa0, 0x00, 0xbd, 0x00, 0x00, 0x09, 0xd1,
    0x0b, 0xa0, 0x6f, 0x40, 0x06, 0xf5, 0x00, 0x25, 0xb2, 0xbc, 0x0b, 0xa0, 0x6c, 0x00, 0x3f, 0xd8,
    0xbe, 0x80, 0x9e, 0x5b, 0x2c, 0x90, 0x00, 0x00, 0x3f, 0xea, 0x74, 0x10, 0x06, 0xa0, 0x0d, 0x80,
    0x00, 0x00, 0x02, 0x00, 0x00, 0x00, 0x00, 0x00, 0x1f, 0x60, 0x00, 0x00, 0x00, 0x00, 0x00, 0x0f,
    0xff, 0xff, 0xff, 0xff, 0xff, 0xf8, 0x00, 0x00, 0x01, 0x25, 0x55, 0x55, 0xef, 0xd5, 0x55, 0x52,
    0x49, 0xbd, 0xff, 0xa0, 0x00, 0x09, 0xe5, 0xcd, 0x30, 0x00, 0x5e, 0xca, 0x75, 0x20, 0x04, 0xce,
    0x40, 0x09, 0xf7, 0x00, 0x00, 0x00, 0x00, 0x27, 0xdf, 0xa2, 0x00, 0x00, 0x5e, 0xc2, 0x00, 0x00,
    0x00, 0x4d, 0x82, 0x00, 0x00, 0x00, 0x03, 0xc3, 0x05, 0xff, 0xff, 0xff, 0xff, 0xff, 0xff, 0xff,
    0xff, 0x40, 0x05, 0xf7, 0x66, 0x66, 0x66, 0x66, 0x66, 0x66, 0x7f, 0x40, 0x05, 0xf2, 0x00, 0x00,
    0x00, 0x00, 0x00, 0x00, 0x2f, 0x40, 0x05, 0xf7, 0xb0, 0x00, 0xb7, 0x00, 0x00, 0x4c, 0x4f, 0x40,
    0x05, 0xf4, 0xe8, 0x04, 0xf4, 0xb4, 0x00, 0xac, 0x2f, 0x40, 0x05, 0xf2, 0x7f, 0x4c, 0xc0, 0xad,
    0x02, 0xf5, 0x2f, 0x40, 0x05, 0xf2, 0x0c, 0xef, 0x40, 0x2e, 0x79, 0xd0, 0x2f, 0x40, 0x05, 0xf2,
    0x03, 0xfc, 0x00, 0x08, 0xee, 0x60, 0x2f, 0x40, 0x05, 0xf2, 0x04, 0xff, 0x20, 0x01, 0xee, 0x10,
    0x2f, 0x40, 0x05, 0xf2, 0x0b, 0xce, 0xb0, 0x03, 0xff, 0x40, 0x2f, 0x40, 0x05, 0xf2, 0x3f, 0x46,
    0xf6, 0x0c, 0xdc, 0xc0, 0x2f, 0x40, 0x05, 0xf2, 0xbc, 0x00, 0xa7, 0x7f, 0x34, 0xf6, 0x2f, 0x40,
    0x05, 0xf7, 0xf4, 0x00, 0x03, 0xf7, 0x00, 0xbe, 0x3f, 0x40, 0x05, 0xfc, 0xb0, 0x00, 0x05, 0xb0,
    0x00, 0x3b, 0x4f, 0x40, 0x05, 0xf2, 0x10, 0x00, 0x00, 0x00, 0x00, 0x00, 0x2f, 0x40, 0x05, 0xf2,
    0x00, 0x00, 0x00, 0x00, 0x00, 0x00, 0x6f, 0x40, 0x05, 0xf2, 0x00, 0x00, 0x00, 0x00, 0x2f, 0xff,
    0xfe, 0x10, 0x05, 0xf2, 0x00, 0x00, 0x00, 0x00, 0x07, 0x77, 0x51, 0x00, 0x00, 0xff, 0xff, 0xff,
    0xff, 0xff, 0xff, 0xff, 0xff, 0x00, 0x00, 0xf6, 0x11, 0x2f, 0x41, 0x14, 0xf2, 0x11, 0x6f, 0x00,
    0x00, 0xf5, 0x00, 0x1f, 0x30, 0x03, 0xf1, 0x00, 0x5f, 0x00, 0x00, 0xff, 0xff, 0xff, 0xff, 0xff,
    0xff, 0xff, 0xff, 0x00, 0x00, 0x01, 0x11, 0x11, 0x1d, 0xa1, 0x11, 0x11, 0x10, 0x00, 0x4f, 0xff,
    0xff, 0xff, 0xff, 0xff, 0xff, 0xff, 0xff, 0xf3, 0x01, 0x11, 0x11, 0x11, 0x1c, 0x91, 0x11, 0x11,
    0x11, 0x10, 0x00, 0x0c, 0xff, 0xff, 0xff, 0xff, 0xff, 0xff, 0xf0, 0x00, 0x00, 0x0c, 0x91, 0x11,
    0x11, 0x11, 0x11, 0x16, 0xf0, 0x00, 0x00, 0x0c, 0xff, 0xff, 0xff, 0xff, 0xff, 0xff, 0xf0, 0x00,
    0x00, 0x0c, 0x90, 0x00, 0x00, 0x00, 0x00, 0x06, 0xf0, 0x00, 0x00, 0x0c, 0xff, 0xff, 0xff, 0xff,
    0xff, 0xff, 0xf0, 0x00, 0x00, 0x0c, 0x90, 0x00, 0x00, 0x00, 0x00, 0x06, 0xf0, 0x00, 0x00, 0x0c,
    0xff, 0xff, 0xff, 0xff, 0xff, 0xff, 0xf0, 0x00, 0x12, 0x2c, 0xa2, 0x22, 0x22, 0x22, 0x22, 0x27,
    0xf2, 0x21, 0xbf, 0xff, 0xff, 0xff, 0xff, 0xff, 0xff, 0xff, 0xff, 0xfa, 0x00, 0x00, 0x00, 0x04,
    0xf4, 0x00, 0x00, 0x00, 0x00, 0x00, 0x00, 0x00, 0x00, 0x04, 0xf4, 0x00, 0x00, 0x00, 0x00, 0x00,
    0x00, 0x00, 0x00, 0x04, 0xf4, 0x00, 0x00, 0x00, 0x69, 0x00, 0x00, 0x3f, 0xff, 0xff, 0xff, 0xff,
    0xff, 0x24, 0xfc, 0x10, 0x00, 0x16, 0x66, 0x68, 0xf8, 0x66, 0x66, 0x4e, 0xd2, 0x00, 0x00, 0x00,
    0x00, 0x04, 0xf4, 0x00, 0x05, 0xee, 0x20, 0x00, 0x00, 0x00, 0x00, 0x04, 0xf4, 0x00, 0x7f, 0xe2,
    0x00, 0x00, 0x5f, 0xff, 0xff, 0xff, 0xff, 0xff, 0xff, 0xff, 0xff, 0xf6, 0x26, 0x66, 0x66, 0x66,
    0x6c, 0xff, 0x96, 0x66, 0x66, 0x63, 0x00, 0x00, 0x00, 0x04, 0xcf, 0xc3, 0x00, 0x00, 0x00, 0x00,
    0x00, 0x00, 0x05, 0xcf, 0xd6, 0x00, 0x00, 0x00, 0x00, 0x00, 0x00, 0x17, 0xdf, 0xe6, 0x00, 0x00,
    0x04, 0x9a, 0x00, 0x00, 0x4b, 0xff, 0xac, 0xd0, 0x00, 0x38, 0xdf, 0xea, 0x00, 0x00, 0x4d, 0x72,
    0x0a, 0xe6, 0xae, 0xfe, 0xa5, 0x10, 0x41, 0x00, 0x00, 0x00, 0x0a, 0xff, 0xc8, 0x40, 0x00, 0x00,
    0xcd, 0x00, 0x00, 0x00, 0x0a, 0xe1, 0x00, 0x00, 0x00, 0x00, 0xeb, 0x00, 0x00, 0x00, 0x09, 0xe2,
    0x00, 0x00, 0x00, 0x07, 0xf8, 0x00, 0x00, 0x00, 0x04, 0xff, 0xff, 0xff, 0xff, 0xff, 0xe2, 0x00,
    0x00, 0x00, 0x00, 0x36, 0x77, 0x77, 0x77, 0x75, 0x10, 0x00, 0x00, 0x00, 0x00, 0x00, 0x03, 0xc2,
    0x00, 0x01, 0xc5, 0x00, 0x8f, 0xff, 0xff, 0xff, 0xe1, 0xce, 0x30, 0x09, 0xf4, 0x00, 0x38, 0xf7,
    0x66, 0xfa, 0x50, 0x1c, 0x40, 0x2f, 0x80, 0x00, 0x04, 0xf3, 0x00, 0xf7, 0x00, 0x00, 0x00, 0xbd,
    0x00, 0x00, 0x04, 0xf3, 0x00, 0xf7, 0x5f, 0xff, 0xff, 0xff, 0xff, 0xc0, 0x04, 0xff, 0xff, 0xf7,
    0x27, 0x77, 0x9f, 0x97, 0x77, 0x50, 0x04, 0xf7, 0x55, 0xf7, 0x00, 0x00, 0x5f, 0x30, 0x00, 0x00,
    0x04, 0xf3, 0x00, 0xf7, 0x00, 0x00, 0x5f, 0x30, 0x00, 0x00, 0x04, 0xf3, 0x00, 0xf7, 0x00, 0x00,
    0x5f, 0x30, 0x00, 0x00, 0x04, 0xff, 0xff, 0xf7, 0xdf, 0xff, 0xff, 0xff, 0xff, 0xf7, 0x04, 0xf7,
    0x55, 0xf7, 0x67, 0x77, 0xbf, 0xb7, 0x77, 0x73, 0x04, 0xf3, 0x00, 0xf7, 0x00, 0x00, 0xcf, 0xc0,
    0x00, 0x00, 0x04, 0xf3, 0x00, 0xf7, 0x00, 0x02, 0xf9, 0xf5, 0x00, 0x00, 0x04, 0xf3, 0x36, 0xfd,
    0xd4, 0x09, 0xe1, 0xae, 0x10, 0x00, 0x6c, 0xff, 0xff, 0xfc, 0x82, 0x5f, 0x60, 0x2e, 0xb1, 0x00,
    0x7d, 0xa7, 0x41, 0xf7, 0x04, 0xfb, 0x00, 0x04, 0xfb, 0x10, 0x00, 0x00, 0x00, 0xf7, 0x8f, 0xb0,
    0x00, 0x00, 0x5f, 0xe5, 0x00, 0x00, 0x00, 0xf7, 0xa8, 0x00, 0x00, 0x00, 0x04, 0xc2, 0x00, 0x01,
    0xc7, 0x00, 0x00, 0x0a, 0xc0, 0x00, 0x00, 0x00, 0x00, 0x09, 0xf3, 0x00, 0x00, 0x0a, 0xc0, 0x00,
    0x2a, 0x80, 0x00, 0x4f, 0x60, 0x3c, 0x20, 0x0a, 0xc0, 0x29, 0xfd, 0x60, 0x02, 0xea, 0x00, 0x1e,
    0xd1, 0x0a, 0xda, 0xfe, 0x70, 0x00, 0x3d, 0xd2, 0x23, 0x49, 0xfa, 0x0a, 0xfd, 0x71, 0x00, 0x00,
    0x6f, 0xff, 0xff, 0xff, 0xef, 0x5a, 0xd0, 0x00, 0x01, 0xc4, 0x18, 0x65, 0x42, 0x10, 0x1c, 0x4a,
    0xd0, 0x00, 0x03, 0xf6, 0x00, 0x00, 0x00, 0x00, 0x00, 0x09, 0xf2, 0x00, 0x08, 0xf3, 0x08, 0xff,
    0xff, 0xff, 0xf6, 0x03, 0xef, 0xff, 0xff, 0xc0, 0x08, 0xf4, 0x44, 0x45, 0xf6, 0x00, 0x25, 0x55,
    0x53, 0x00, 0x08, 0xf0, 0x00, 0x02, 0xf6, 0x0b, 0xc0, 0x00, 0x04, 0xc1, 0x08, 0xff, 0xff, 0xff,
    0xf6, 0x0b, 0xc0, 0x00, 0x8f, 0xb2, 0x08, 0xf3, 0x33, 0x34, 0xf6, 0x0b, 0xc0, 0x5d, 0xe6, 0x00,
    0x08, 0xf0, 0x00, 0x02, 0xf6, 0x0b, 0xdb, 0xfb, 0x20, 0x00, 0x08, 0xff, 0xff, 0xff, 0xf6, 0x0b,
    0xfd, 0x40, 0x00, 0xc4, 0x08, 0xf3, 0x33, 0x34, 0xf6, 0x0b, 0xd0, 0x00, 0x01, 0xf7, 0x08, 0xf0,
    0x00, 0x02, 0xf6, 0x0b, 0xc0, 0x00, 0x03, 0xf5, 0x08, 0xf0, 0x01, 0x05, 0xf5, 0x0a, 0xe1, 0x00,
    0x07, 0xf2, 0x08, 0xf0, 0x0e, 0xff, 0xe2, 0x05, 0xff, 0xff, 0xff, 0xb0, 0x08, 0xf0, 0x05, 0x65,
    0x20, 0x00, 0x25, 0x55, 0x54, 0x00, 0x00, 0x01, 0xe4, 0x00, 0x00, 0x00, 0xa7, 0x00, 0x00, 0x00,
    0x00, 0x04, 0xe1, 0x00, 0x00, 0x00, 0x9e, 0x10, 0x00, 0x00, 0x06, 0xff, 0xff, 0xfb, 0x00, 0x00,
    0x2c, 0x30, 0x00, 0x00, 0x06, 0xe5, 0x55, 0xbb, 0x8f, 0xff, 0xff, 0xff, 0xff, 0xf2, 0x06, 0xe4,
    0xc0, 0x9b, 0x47, 0x77, 0x77, 0x77, 0x77, 0x71, 0x06, 0xe1, 0xf5, 0x9b, 0x00, 0x00, 0x00, 0x00,
    0x00, 0x00, 0x06, 0xe0, 0x97, 0x9b, 0x00, 0x00, 0x00, 0x00, 0x00, 0x00, 0x06, 0xe0, 0x00, 0x9b,
    0x00, 0xbf, 0xff, 0xff, 0x60, 0x00, 0x9f, 0xff, 0xff, 0xfb, 0x00, 0xbc, 0x66, 0x6f, 0x60, 0x00,
    0x39, 0xe5, 0x55, 0xbb, 0x00, 0xca, 0x00, 0x0f, 0x60, 0x00, 0x06, 0xe0, 0x00, 0x9b, 0x00, 0xc9,
    0x00, 0x0f, 0x60, 0x00, 0x07, 0xd4, 0xc0, 0x9b, 0x00, 0xd9, 0x00, 0x0f, 0x60, 0x00, 0x07, 0xd1,
    0xe6, 0x9b, 0x00, 0xe7, 0x00, 0x0f, 0x60, 0xa6, 0x09, 0xb0, 0x89, 0x9b, 0x02, 0xf6, 0x00, 0x0f,
    0x60, 0xda, 0x0b, 0x90, 0x00, 0x9b, 0x07, 0xf3, 0x00, 0x0f, 0x60, 0xe9, 0x1f, 0x50, 0x00, 0x9b,
    0x0d, 0xc0, 0x00, 0x0f, 0x82, 0xf8, 0x7f, 0x10, 0x11, 0xbb, 0x8f, 0x50, 0x00, 0x0d, 0xff, 0xf4,
    0x58, 0x00, 0xff, 0xf7, 0x59, 0x00, 0x00, 0x03, 0x88, 0x50, 0x00, 0x00, 0x34, 0x30, 0x00, 0x00,
    0x00, 0x00, 0x00, 0x00, 0x00, 0x00, 0x02, 0xf5, 0x00, 0x00, 0x4f, 0x40, 0x00, 0x00, 0x00, 0x00,
    0x02, 0xf5, 0x00, 0x00, 0x4f, 0x40, 0x00, 0x00, 0x8f, 0xff, 0xff, 0xff, 0xff, 0xff, 0xff, 0xff,
    0xff, 0xf9, 0x36, 0x66, 0x67, 0xf9, 0x66, 0x66, 0x8f, 0x86, 0x66, 0x63, 0x00, 0x00, 0x02, 0xf5,
    0x00, 0x00, 0x4f, 0x40, 0x00, 0x00, 0x00, 0x00, 0x00, 0x00, 0x00, 0x00, 0x00, 0x0a, 0x80, 0x00,
    0x04, 0xb2, 0x02, 0xc5, 0x00, 0x00, 0xad, 0x06, 0xed, 0x30, 0x02, 0xcd, 0x4d, 0xd2, 0x00, 0x00,
    0xac, 0x00, 0x2b, 0x20, 0x00, 0x1d, 0xfd, 0x20, 0x00, 0x00, 0xac, 0x00, 0x00, 0x00, 0x01, 0x8f,
    0xf7, 0x07, 0xff, 0xff, 0xff, 0xff, 0xff, 0xf5, 0x6d, 0xe6, 0xbd, 0x03, 0x66, 0x66, 0xef, 0x66,
    0x66, 0x62, 0x6a, 0x20, 0x6f, 0x40, 0x00, 0x00, 0xef, 0x30, 0x00, 0x00, 0x00, 0x00, 0xbf, 0x90,
    0x00, 0x03, 0xfe, 0x70, 0x00, 0x00, 0x00, 0x0a, 0xed, 0xc0, 0x00, 0x08, 0xc7, 0xd0, 0x00, 0x00,
    0x01, 0xbe, 0x49, 0xe0, 0x00, 0x1e, 0x72, 0xf4, 0x00, 0x00, 0x5e, 0xe4, 0x08, 0xe0, 0x00, 0x9d,
    0x10, 0xad, 0x00, 0x00, 0x5b, 0x10, 0x08, 0xe0, 0x05, 0xf5, 0x00, 0x2e, 0x90, 0x00, 0x00, 0x00,
    0x0b, 0xc0, 0x6f, 0x80, 0x00, 0x05, 0xf8, 0x00, 0x04, 0x87, 0xaf, 0x79, 0xf9, 0x00, 0x00, 0x00,
    0x7f, 0xb2, 0x04, 0xff, 0xd8, 0x1b, 0x50, 0x00, 0x00, 0x00, 0x05, 0xc2, 0x00, 0x00, 0x1b, 0x50,
    0x00, 0x00, 0x00, 0x00, 0x00, 0x00, 0x00, 0x00, 0x9f, 0x50, 0x00, 0x00, 0x00, 0x00, 0x00, 0x00,
    0x00, 0x05, 0xf9, 0x00, 0x7f, 0xff, 0xff, 0xff, 0xff, 0xa0, 0x00, 0x4e, 0xb0, 0x00, 0x37, 0x77,
    0x77, 0x77, 0x77, 0x50, 0x04, 0xec, 0x10, 0x00, 0x00, 0x00, 0x00, 0x00, 0x00, 0x00, 0x4f, 0xc1,
    0x07, 0x90, 0x00, 0x00, 0x00, 0x00, 0x00, 0x00, 0x2a, 0x10, 0x1e, 0xc0, 0x00, 0x00, 0x00, 0x00,
    0x00, 0x00, 0x00, 0x00, 0x9f, 0x30, 0x00, 0x00, 0x00, 0x00, 0x00, 0x00, 0x00, 0x04, 0xf8, 0x09,
    0xff, 0xff, 0xff, 0xff, 0xff, 0xfb, 0x00, 0x2e, 0xf1, 0x04, 0x77, 0x77, 0x77, 0xdf, 0x77, 0x75,
    0x00, 0xcf, 0xf1, 0x00, 0x00, 0x00, 0x00, 0xbe, 0x00, 0x00, 0x0b, 0xfd, 0xf1, 0x00, 0x00, 0x00,
    0x00, 0xbe, 0x00, 0x00, 0x8f, 0x68, 0xf1, 0x00, 0x00, 0x00, 0x00, 0xbe, 0x00, 0x00, 0x37, 0x08,
    0xf1, 0x00, 0x00, 0x00, 0x00, 0xbe, 0x00, 0x00, 0x00, 0x08, 0xf1, 0x00, 0x00, 0x00, 0x00, 0xbe,
    0x00, 0x00, 0x00, 0x08, 0xf1, 0x00, 0x00, 0x00, 0x00, 0xbe, 0x00, 0x00, 0x00, 0x08, 0xf1, 0x00,
    0x00, 0x00, 0x00, 0xce, 0x00, 0x00, 0x00, 0x08, 0xf1, 0x00, 0x01, 0xba, 0x9b, 0xfc, 0x00, 0x00,
    0x00, 0x08, 0xf1, 0x00, 0x00, 0xef, 0xff, 0xd4, 0x00, 0x00, 0x00, 0x00, 0x00, 0x00, 0x00, 0x00,
    0x00, 0x00, 0x00, 0x00, 0x00, 0x00, 0x00, 0x00, 0x3c, 0x30, 0x00, 0x00, 0x00, 0x00, 0x00, 0x00,
    0x00, 0x00, 0x2f, 0xc0, 0x00, 0x00, 0x00, 0x00, 0x00, 0x00, 0x00, 0x00, 0x09, 0xe2, 0x00, 0x00,
    0x00, 0x00, 0x7f, 0xff, 0xff, 0xff, 0xff, 0xff, 0xff, 0xff, 0xff, 0xf8, 0x37, 0x77, 0x77, 0x77,
    0x77, 0x77, 0x77, 0x77, 0x77, 0x74, 0x00, 0x00, 0x00, 0x00, 0x00, 0x00, 0x00, 0x00, 0x00, 0x00,
    0x00, 0x8f, 0xff, 0xff, 0xff, 0xff, 0xff, 0xff, 0xfa, 0x00, 0x00, 0x36, 0x66, 0x66, 0x66, 0x66,
    0x66, 0x66, 0x64, 0x00, 0x00, 0x00, 0x00, 0x00, 0x00, 0x00, 0x00, 0x00, 0x00, 0x00, 0x00, 0x8f,
    0xff, 0xff, 0xff, 0xff, 0xff, 0xff, 0xfa, 0x00, 0x00, 0x36, 0x66, 0x66, 0x66, 0x66, 0x66, 0x66,
    0x64, 0x00, 0x00, 0x00, 0x00, 0x00, 0x00, 0x00, 0x00, 0x00, 0x00, 0x00, 0x00, 0x3f, 0xff, 0xff,
    0xff, 0xff, 0xff, 0xff, 0xf2, 0x00, 0x00, 0x3f, 0x96, 0x66, 0x66, 0x66, 0x66, 0x6a, 0xf2, 0x00,
    0x00, 0x3f, 0x60, 0x00, 0x00, 0x00, 0x00, 0x06, 0xf2, 0x00, 0x00, 0x3f, 0x60, 0x00, 0x00, 0x00,
    0x00, 0x06, 0xf2, 0x00, 0x00, 0x3f, 0x60, 0x00, 0x00, 0x00, 0x00, 0x06, 0xf2, 0x00, 0x00, 0x3f,
    0xff, 0xff, 0xff, 0xff, 0xff, 0xff, 0xf2, 0x00, 0x00, 0x3f, 0x96, 0x66, 0x66, 0x66, 0x66, 0x6a,
    0xf2, 0x00, 0x00, 0x3f, 0x60, 0x00, 0x00, 0x00, 0x00, 0x06, 0xf2, 0x00, 0x05, 0xa0, 0x00, 0x00,
    0x00, 0x00, 0xbe, 0x00, 0x00, 0x00, 0x08, 0xf8, 0x00, 0x00, 0x00, 0x00, 0xbe, 0x00, 0x00, 0x00,
    0x00, 0xbf, 0x50, 0x00, 0x00, 0x00, 0xbe, 0x00, 0x00, 0x00, 0x00, 0x1e, 0xe2, 0x00, 0x00, 0x00,
    0xbe, 0x00, 0x00, 0x00, 0x00, 0x05, 0x90, 0x00, 0x00, 0x00, 0xbe, 0x00, 0x00, 0x00, 0x00, 0x00,
    0x00, 0x00, 0x00, 0x00, 0xbe, 0x00, 0x00, 0x00, 0x00, 0x00, 0x00, 0x00, 0x00, 0x00, 0xbe, 0x00,
    0x00, 0x00, 0xaf, 0xff, 0xa0, 0x7f, 0xff, 0xff, 0xff, 0xff, 0xff, 0xfa, 0x46, 0x6e, 0xa0, 0x36,
    0x66, 0x66, 0xde, 0x66, 0x66, 0x64, 0x00, 0x0e, 0xa0, 0x00, 0x00, 0x00, 0xbe, 0x00, 0x00, 0x00,
    0x00, 0x0e, 0xa0, 0x00, 0x00, 0x00, 0xbe, 0x00, 0x00, 0x00, 0x00, 0x0e, 0xa0, 0x00, 0x00, 0x00,
    0xbe, 0x00, 0x00, 0x00, 0x00, 0x0e, 0xa0, 0x00, 0x00, 0x00, 0xbe, 0x00, 0x00, 0x00, 0x00, 0x0e,
    0xa0, 0x00, 0x00, 0x00, 0xbe, 0x00, 0x00, 0x00, 0x00, 0x0e, 0xa0, 0x06, 0x50, 0x00, 0xbe, 0x00,
    0x00, 0x00, 0x00, 0x0e, 0xa2, 0xbf, 0x60, 0x00, 0xbe, 0x00, 0x00, 0x00, 0x00, 0x0e, 0xde, 0xd5,
    0x00, 0x00, 0xbe, 0x00, 0x00, 0x00, 0x00, 0x5f, 0xf9, 0x10, 0x00, 0x00, 0xbe, 0x00, 0x00, 0x00,
    0x00, 0x2c, 0x30, 0x00, 0x00, 0x00, 0xbe, 0x00, 0x00, 0x00, 0x00, 0x69, 0x00, 0x00, 0x00, 0x02,
    0xf6, 0x00, 0x00, 0x00, 0x00, 0x8f, 0x80, 0x00, 0x00, 0x03, 0xf6, 0x00, 0x00, 0x00, 0x00, 0x0b,
    0xf5, 0x00, 0x00, 0x03, 0xf6, 0x00, 0x00, 0x00, 0x00, 0x01, 0xdf, 0x30, 0x00, 0x03, 0xf5, 0x00,
    0x00, 0x00, 0x00, 0x00, 0x3a, 0x10, 0x00, 0x03, 0xf5, 0x00, 0x00, 0x00, 0x00, 0x00, 0x00, 0x00,
    0x00, 0x04, 0xf7, 0x00, 0x00, 0x00, 0xbf, 0xff, 0x60, 0x00, 0x00, 0x05, 0xf9, 0x00, 0x00, 0x00,
    0x46, 0x7f, 0x60, 0x00, 0x00, 0x07, 0xfc, 0x00, 0x00, 0x00, 0x00, 0x2f, 0x60, 0x00, 0x00, 0x09,
    0xff, 0x10, 0x00, 0x00, 0x00, 0x2f, 0x60, 0x00, 0x00, 0x0d, 0x9e, 0x50, 0x00, 0x00, 0x00, 0x2f,
    0x60, 0x00, 0x00, 0x3f, 0x5a, 0xa0, 0x00, 0x00, 0x00, 0x2f, 0x60, 0x09, 0x00, 0x9e, 0x15, 0xf2,
    0x00, 0x00, 0x00, 0x2f, 0x61, 0xbe, 0x12, 0xf7, 0x00, 0xda, 0x00, 0x00, 0x00, 0x2f, 0x9d, 0xe3,
    0x0b, 0xe1, 0x00, 0x6f, 0x40, 0x00, 0x00, 0x3f, 0xfd, 0x20, 0x8f, 0x40, 0x00, 0x0c, 0xe2, 0x00,
    0x00, 0x8f, 0xb1, 0x07, 0xf7, 0x00, 0x00, 0x02, 0xed, 0x30, 0x00, 0x2b, 0x11, 0xaf, 0x80, 0x00,
    0x00, 0x00, 0x4e, 0xe5, 0x00, 0x00, 0x01, 0xa6, 0x00, 0x00, 0x00, 0x00, 0x03, 0xc2, 0x00, 0x79,
    0x00, 0x00, 0x4f, 0xff, 0xff, 0xff, 0xb0, 0x00, 0x00, 0x9f, 0x90, 0x00, 0x4f, 0x97, 0x77, 0x7e,
    0xb0, 0x00, 0x00, 0x0a, 0xf8, 0x00, 0x5f, 0x30, 0x00, 0x0c, 0xb0, 0x00, 0x00, 0x01, 0xb4, 0x00,
    0x9f, 0x10, 0x00, 0x0c, 0xb0, 0x00, 0x00, 0x00, 0x00, 0x05, 0xfa, 0x00, 0x00, 0x0c, 0xe8, 0x75,
    0x8f, 0xff, 0x60, 0x9f, 0xd1, 0x00, 0x00, 0x05, 0xef, 0xfa, 0x36, 0x7f, 0x60, 0x7a, 0x10, 0x00,
    0x00, 0x00, 0x00, 0x00, 0x00, 0x1f, 0x60, 0x00, 0x00, 0x00, 0x00, 0x00, 0x00, 0x00, 0x00, 0x1f,
    0x60, 0x0f, 0xff, 0xff, 0xff, 0xff, 0xf9, 0x00, 0x00, 0x1f, 0x60, 0x05, 0xeb, 0x55, 0x55, 0x58,
    0xf8, 0x00, 0x00, 0x1f, 0x60, 0x00, 0x7e, 0x20, 0x00, 0x0c, 0xe1, 0x00, 0x00, 0x1f, 0x60, 0x00,
    0x1d, 0xb0, 0x00, 0x8f, 0x50, 0x00, 0x00, 0x1f, 0x60, 0x91, 0x04, 0xf9, 0x06, 0xf9, 0x00, 0x00,
    0x00, 0x1f, 0x7c, 0xf2, 0x00, 0x6f, 0xdf, 0xa0, 0x00, 0x00, 0x00, 0x3f, 0xfe, 0x40, 0x00, 0x7e,
    0xff, 0x50, 0x00, 0x00, 0x00, 0x8f, 0xc2, 0x03, 0x8e, 0xfb, 0x4b, 0xfd, 0x72, 0x00, 0x00, 0x3a,
    0x19, 0xdf, 0xfa, 0x40, 0x00, 0x4d, 0xff, 0xd6, 0x00, 0x00, 0x08, 0xc7, 0x20, 0x00, 0x00, 0x00,
    0x39, 0xd1, 0x00, 0x00, 0x00, 0x00, 0x00, 0x00, 0x0e, 0x94, 0xc2, 0x00, 0x06, 0xa1, 0x00, 0x00,
    0x00, 0x00, 0x0e, 0x92, 0xde, 0x40, 0x06, 0xfc, 0x10, 0x00, 0x00, 0x00, 0x0e, 0x90, 0x1b, 0x30,
    0x00, 0x5f, 0xc1, 0x00, 0x00, 0x00, 0x0d, 0x90, 0x00, 0x00, 0x00, 0x06, 0x80, 0xff, 0xff, 0xff,
    0xff, 0xff, 0xff, 0xf7, 0x00, 0x00, 0x00, 0x66, 0x66, 0x66, 0x6e, 0xc6, 0x66, 0x63, 0x00, 0x00,
    0x00, 0x00, 0x00, 0x00, 0x0c, 0xa0, 0x00, 0x00, 0xbf, 0xff, 0x00, 0x00, 0x00, 0x00, 0x0c, 0xb0,
    0x00, 0x00, 0x46, 0xaf, 0x00, 0x00, 0x00, 0x00, 0x0b, 0xc0, 0x00, 0x00, 0x00, 0x7f, 0x01, 0xff,
    0xff, 0xff, 0xaa, 0xd0, 0x00, 0x00, 0x00, 0x7f, 0x00, 0x66, 0x8f, 0x76, 0x48, 0xe0, 0x00, 0x00,
    0x00, 0x7f, 0x00, 0x00, 0x4f, 0x20, 0x07, 0xf1, 0x00, 0x00, 0x00, 0x7f, 0x00, 0x00, 0x4f, 0x20,
    0x05, 0xf3, 0x00, 0x00, 0x00, 0x7f, 0x02, 0x50, 0x4f, 0x20, 0x02, 0xf5, 0x00, 0x00, 0x00, 0x7f,
    0x2d, 0x80, 0x4f, 0x20, 0x00, 0xe8, 0x00, 0xa7, 0x00, 0x7f, 0xdd, 0x20, 0x4f, 0x20, 0x00, 0xbc,
    0x00, 0xc9, 0x00, 0x9f, 0xe2, 0x00, 0x4f, 0x89, 0xc5, 0x7f, 0x20, 0xe8, 0x00, 0xee, 0x33, 0xad,
    0xff, 0xfd, 0xa3, 0x1e, 0x91, 0xf5, 0x00, 0x75, 0x02, 0xda, 0x74, 0x10, 0x00, 0x07, 0xfc, 0xf2,
    0x00, 0x00, 0x00, 0x00, 0x00, 0x00, 0x00, 0x00, 0x8e, 0x90, 0x05, 0xb1, 0x00, 0x01, 0x23, 0x45,
    0x67, 0x9a, 0xce, 0x80, 0x06, 0xfd, 0x20, 0x6f, 0xff, 0xff, 0xfd, 0xa7, 0x53, 0x10, 0x00, 0x6f,
    0xd2, 0x16, 0x53, 0x21, 0xf8, 0x00, 0x00, 0x00, 0x00, 0x06, 0x90, 0x00, 0x00, 0x01, 0xf8, 0x00,
    0x00, 0x00, 0x00, 0x00, 0x00, 0x00, 0x00, 0x01, 0xf8, 0x00, 0x00, 0x00, 0x00, 0x00, 0x05, 0xff,
    0xff, 0xff, 0xff, 0xff, 0xff, 0xf9, 0xaf, 0xff, 0x42, 0x77, 0x77, 0x77, 0xfb, 0x77, 0x77, 0x74,
    0x46, 0x8f, 0x40, 0x00, 0x00, 0x01, 0xf8, 0x00, 0x00, 0x00, 0x00, 0x4f, 0x40, 0x00, 0x00, 0x01,
    0xf8, 0x00, 0x00, 0x00, 0x00, 0x4f, 0x40, 0x00, 0x00, 0x01, 0xf8, 0x00, 0x00, 0x00, 0x00, 0x4f,
    0x40, 0x06, 0xff, 0xff, 0xff, 0xff, 0xfe, 0x00, 0x00, 0x4f, 0x40, 0x06, 0xf7, 0x66, 0x66, 0x66,
    0xbe, 0x00, 0x00, 0x4f, 0x40, 0x06, 0xf2, 0x00, 0x00, 0x00, 0x9e, 0x00, 0x00, 0x4f, 0x40, 0x06,
    0xf2, 0x00, 0x00, 0x00, 0x9e, 0x00, 0x00, 0x4f, 0x42, 0x96, 0xf2, 0x00, 0x00, 0x00, 0x9e, 0x00,
    0x00, 0x5f, 0xae, 0xd6, 0xf2, 0x00, 0x00, 0x00, 0x9e, 0x00, 0x00, 0x9f, 0xe8, 0x16, 0xff, 0xff,
    0xff, 0xff, 0xfe, 0x00, 0x00, 0x6b, 0x20, 0x06, 0xf7, 0x66, 0x66, 0x66, 0xbe, 0x00, 0x05, 0xb1,
    0x00, 0x00, 0x00, 0x00, 0x00, 0x00, 0x00, 0x00, 0x06, 0xfd, 0x20, 0xcf, 0xff, 0xff, 0xff, 0xff,
    0xff, 0xc0, 0x00, 0x6f, 0xd2, 0x56, 0x67, 0xf9, 0x66, 0x66, 0x66, 0x50, 0x00, 0x06, 0x90, 0x00,
    0x05, 0xf2, 0x00, 0x00, 0x00, 0x00, 0x00, 0x00, 0x00, 0x6f, 0xff, 0xff, 0xff, 0xff, 0xf3, 0x00,
    0x00, 0x00, 0x00, 0x25, 0x5c, 0xd5, 0x55, 0x58, 0xf3, 0x00, 0x00, 0x00, 0x00, 0x00, 0x0c, 0xb0,
    0x00, 0x04, 0xf3, 0x00, 0xaf, 0xff, 0x00, 0x00, 0x0e, 0x90, 0x00, 0x04, 0xf3, 0x00, 0x46, 0xaf,
    0x04, 0xff, 0xff, 0xff, 0xff, 0xff, 0xff, 0xfa, 0x00, 0x7f, 0x02, 0x66, 0x66, 0x66, 0x66, 0x66,
    0x66, 0x64, 0x00, 0x7f, 0x00, 0x00, 0x00, 0x00, 0x00, 0x00, 0x00, 0x00, 0x00, 0x7f, 0x00, 0x00,
    0x00, 0x00, 0x00, 0x00, 0x00, 0x00, 0x00, 0x7f, 0x00, 0x09, 0xff, 0xff, 0xff, 0xff, 0xfd, 0x00,
    0x00, 0x7f, 0x00, 0x09, 0xe6, 0x66, 0x66, 0x66, 0xbd, 0x00, 0x00, 0x7f, 0x04, 0x79, 0xd0, 0x00,
    0x00, 0x00, 0x9d, 0x00, 0x00, 0x8f, 0x8f, 0x99, 0xd0, 0x00, 0x00, 0x00, 0x9d, 0x00, 0x00, 0xcf,
    0xd5, 0x09, 0xff, 0xff, 0xff, 0xff, 0xfd, 0x00, 0x00, 0xa8, 0x10, 0x09, 0xe6, 0x66, 0x66, 0x66,
    0xbd, 0x00, 0x00, 0x00, 0x00, 0x00, 0x00, 0x03, 0xf5, 0x00, 0x00, 0x00, 0x02, 0xc3, 0x00, 0x00,
    0x00, 0x03, 0xf5, 0x00, 0x00, 0x00, 0x03, 0xee, 0x20, 0xef, 0xff, 0xff, 0xff, 0xff, 0xff, 0xf5,
    0x00, 0x4f, 0xe2, 0x6f, 0xff, 0xff, 0xff, 0xff, 0xff, 0xf1, 0x00, 0x06, 0x90, 0x14, 0x44, 0x46,
    0xf8, 0x44, 0x44, 0x30, 0x00, 0x00, 0x00, 0x00, 0x00, 0x03, 0xf5, 0x00, 0x00, 0x00, 0x00, 0x00,
    0x00, 0x00, 0x00, 0x03, 0xf5, 0x00, 0x00, 0x00, 0x9f, 0xff, 0x48, 0xff, 0xff, 0xff, 0xff, 0xff,
    0xff, 0xfb, 0x46, 0x9f, 0x42, 0x4f, 0xff, 0xff, 0xff, 0xff, 0xff, 0x42, 0x00, 0x4f, 0x40, 0x0c,
    0xc4, 0x44, 0x44, 0x44, 0x9f, 0x10, 0x00, 0x4f, 0x40, 0x0c, 0xb0, 0x00, 0x00, 0x00, 0x7f, 0x10,
    0x00, 0x4f, 0x40, 0x0c, 0xb0, 0x00, 0x00, 0x00, 0x7f, 0x10, 0x00, 0x4f, 0x40, 0x0c, 0xff, 0xff,
    0xff, 0xff, 0xff, 0x10, 0x00, 0x4f, 0x40, 0x0c, 0xc3, 0x33, 0x33, 0x33, 0x9f, 0x10, 0x00, 0x4f,
    0x44, 0x6c, 0xff, 0xff, 0xff, 0xff, 0xff, 0x10, 0x00, 0x4f, 0x9f, 0x7c, 0xc3, 0x33, 0x33, 0x33,
    0x9f, 0x10, 0x00, 0x5f, 0xfa, 0x0c, 0xb0, 0x00, 0x00, 0x00, 0x7f, 0x10, 0x00, 0x9f, 0x80, 0x0c,
    0xb0, 0x00, 0x27, 0x66, 0xde, 0x00, 0x00, 0x78, 0x00, 0x0c, 0xb0, 0x00, 0x2f, 0xff, 0xd5, 0x00,
    0x00, 0x00, 0x00, 0x00, 0x00, 0x00, 0x00, 0x00, 0x00, 0x00, 0x00, 0x00, 0x00, 0x00, 0x00, 0x06,
    0xc2, 0x00, 0x00, 0x00, 0x0b, 0xff, 0xff, 0xff, 0xb0, 0x0a, 0xe0, 0x00, 0x00, 0x00, 0x0b, 0xc6,
    0x66, 0x6c, 0xb0, 0x1e, 0xa0, 0x00, 0x00, 0x00, 0x0b, 0xa0, 0x00, 0x0a, 0xb0, 0x5f, 0x50, 0x00,
    0x00, 0x00, 0x0b, 0xa0, 0xbb, 0x0a, 0xb0, 0xaf, 0xff, 0xff, 0xff, 0xf6, 0x0b, 0xa0, 0xbb, 0x0a,
    0xb2, 0xff, 0x66, 0x66, 0xfa, 0x63, 0x0b, 0xa0, 0xbb, 0x0a, 0xb9, 0xff, 0x20, 0x01, 0xf6, 0x00,
    0x0b, 0xa0, 0xbb, 0x0a, 0xce, 0xaf, 0x30, 0x03, 0xf5, 0x00, 0x0b, 0xa0, 0xbb, 0x0a, 0xb9, 0x1e,
    0x50, 0x04, 0xf3, 0x00, 0x0b, 0xa0, 0xba, 0x0a, 0xb0, 0x0c, 0x80, 0x07, 0xf1, 0x00, 0x0b, 0xa0,
    0xba, 0x0a, 0xb0, 0x09, 0xb0, 0x0a, 0xd0, 0x00, 0x0b, 0xa0, 0xc9, 0x0a, 0xb0, 0x06, 0xf1, 0x0e,
    0x90, 0x00, 0x0b, 0xa0, 0xd8, 0x0a, 0xb0, 0x02, 0xf5, 0x4f, 0x30, 0x00, 0x0b, 0xa1, 0xf6, 0x0a,
    0xb0, 0x00, 0xcb, 0xcc, 0x00, 0x00, 0x00, 0x04, 0xfe, 0x80, 0x00, 0x00, 0x5f, 0xf4, 0x00, 0x00,
    0x00, 0x09, 0xe4, 0xfa, 0x00, 0x00, 0x4f, 0xf3, 0x00, 0x00, 0x00, 0x3f, 0x70, 0x6f, 0xb0, 0x05,
    0xeb, 0xde, 0x30, 0x00, 0x02, 0xdd, 0x00, 0x08, 0x51, 0x9f, 0xa0, 0x2d, 0xf7, 0x00, 0x3d, 0xe2,
    0x00, 0x00, 0x6e, 0xe6, 0x00, 0x01, 0xaf, 0xd5, 0x3c, 0x20, 0x00, 0x00, 0x8a, 0x20, 0x00, 0x00,
    0x05, 0xc2, 0x08, 0xa2, 0x00, 0x00, 0x8c, 0x00, 0x00, 0x00, 0x00, 0x00, 0x02, 0xbe, 0x60, 0x00,
    0xdb, 0x00, 0x00, 0x00, 0x00, 0x00, 0x00, 0x07, 0xa0, 0x07, 0xff, 0xff, 0xff, 0xff, 0xff, 0xc0,
    0x00, 0x00, 0x00, 0x3e, 0xb4, 0x45, 0xfa, 0x44, 0x6f, 0xa0, 0x00, 0x00, 0x4a, 0x8c, 0x10, 0x05,
    0xf7, 0x00, 0x8f, 0x30, 0x00, 0x06, 0xfa, 0x10, 0x00, 0x3e, 0xef, 0x50, 0x8a, 0x00, 0x01, 0xaf,
    0x70, 0x00, 0x07, 0xed, 0x19, 0xfa, 0x20, 0x00, 0x3d, 0xe4, 0x00, 0x48, 0xee, 0x81, 0x00, 0x4d,
    0xfb, 0x72, 0x3c, 0x20, 0x00, 0xbb, 0x61, 0x00, 0x00, 0x00, 0x5a, 0xd1, 0x00, 0x00, 0x00, 0x00,
    0x00, 0x00, 0x00, 0x00, 0x00, 0x00, 0x00, 0x0c, 0xff, 0xff, 0xff, 0xff, 0xff, 0xff, 0xc0, 0x00,
    0x00, 0x0c, 0xd6, 0x66, 0x66, 0x66, 0x66, 0x6d, 0xc0, 0x00, 0x00, 0x0c, 0xb0, 0x00, 0x0c, 0xb0,
    0x00, 0x0b, 0xc0, 0x00, 0x00, 0x0c, 0xb0, 0x00, 0x0c, 0xa0, 0x00, 0x0b, 0xc0, 0x00, 0x00, 0x0c,
    0xb0, 0x00, 0x0e, 0x90, 0x00, 0x0b, 0xc0, 0x00, 0x00, 0x0c, 0xb0, 0x00, 0x6f, 0xd8, 0x30, 0x0b,
    0xc0, 0x00, 0x00, 0x00, 0x00, 0x18, 0xfd, 0x9e, 0xfe, 0x95, 0x00, 0x00, 0x01, 0x35, 0x8b, 0xff,
    0xb1, 0x00, 0x38, 0xcf, 0xea, 0x50, 0x1e, 0xff, 0xfc, 0x83, 0x00, 0x00, 0x00, 0x02, 0x7c, 0x70,
    0x04, 0x64, 0x10, 0x00, 0x00, 0x00, 0x00, 0x00, 0x00, 0x00, 0x05, 0xff, 0xff, 0xfa, 0x0a, 0xff,
    0xff, 0xff, 0xff, 0xf7, 0x05, 0xe2, 0x22, 0xba, 0x0a, 0xd6, 0x66, 0x66, 0x66, 0x63, 0x05, 0xe0,
    0x00, 0xaa, 0x0a, 0xc0, 0x00, 0x00, 0x00, 0x00, 0x05, 0xe0, 0x00, 0xaa, 0x0a, 0xc0, 0x00, 0x00,
    0x00, 0x00, 0x05, 0xff, 0xff, 0xfa, 0x0a, 0xc0, 0x00, 0x00, 0x00, 0x00, 0x05, 0xe2, 0x9c, 0x21,
    0x0a, 0xff, 0xff, 0xff, 0xff, 0x70, 0x01, 0x20, 0x8c, 0x00, 0x0a, 0xd6, 0x66, 0x66, 0x6f, 0x70,
    0x09, 0x80, 0x8c, 0x00, 0x0a, 0xc0, 0x00, 0x00, 0x0f, 0x70, 0x0a, 0x90, 0x8c, 0x00, 0x0a, 0xc0,
    0x00, 0x00, 0x0f, 0x70, 0x0a, 0x90, 0x8f, 0xff, 0x1a, 0xc0, 0x00, 0x00, 0x0f, 0x70, 0x0a, 0x90,
    0x8d, 0x44, 0x0a, 0xff, 0xff, 0xff, 0xff, 0x70, 0x0a, 0x90, 0x8c, 0x00, 0x0a, 0xd6, 0x66, 0x66,
    0x6f, 0x70, 0x0a, 0x90, 0x8c, 0x00, 0x0a, 0xc0, 0x00, 0x00, 0x00, 0x00, 0x0a, 0x91, 0x9e, 0xad,
    0x3a, 0xc0, 0x00, 0x00, 0x00, 0x00, 0x6d, 0xff, 0xfe, 0xb9, 0x2a, 0xc0, 0x00, 0x00, 0x00, 0x00,
    0x7c, 0x95, 0x20, 0x00, 0x0a, 0xff, 0xff, 0xff, 0xff, 0xfa, 0x00, 0x00, 0x00, 0x00, 0x04, 0x66,
    0x66, 0x66, 0x66, 0x64, 0x00, 0x00, 0x00, 0x00, 0x00, 0x09, 0x90, 0x00, 0x00, 0x00, 0x08, 0xff,
    0xff, 0xfd, 0x00, 0x2f, 0x70, 0x00, 0x00, 0x00, 0x08, 0xe5, 0x55, 0xad, 0x00, 0xaf, 0xff, 0xff,
    0xff, 0x60, 0x08, 0xd0, 0x00, 0x8d, 0x03, 0xfa, 0x55, 0x55, 0xaf, 0x30, 0x08, 0xd0, 0x00, 0x8d,
    0x0c, 0xfe, 0x10, 0x03, 0xf8, 0x00, 0x08, 0xff, 0xff, 0xfd, 0x8e, 0x3d, 0xb1, 0x2e, 0xc0, 0x00,
    0x08, 0xe5, 0xbd, 0x54, 0x86, 0x03, 0xeb, 0xec, 0x10, 0x00, 0x03, 0x40, 0x9c, 0x00, 0x00, 0x00,
    0x9f, 0xf6, 0x00, 0x00, 0x05, 0x80, 0x9c, 0x00, 0x00, 0x3c, 0xf9, 0xbf, 0xc5, 0x10, 0x08, 0xc0,
    0x9c, 0x00, 0x6c, 0xfb, 0x30, 0x06, 0xef, 0xf7, 0x08, 0xc0, 0x9f, 0xfc, 0x9a, 0x30, 0x00, 0x00,
    0x05, 0xb4, 0x08, 0xc0, 0x9d, 0x54, 0x08, 0xff, 0xff, 0xff, 0xff, 0x00, 0x08, 0xc0, 0x9c, 0x00,
    0x08, 0xf6, 0x66, 0x66, 0xaf, 0x00, 0x08, 0xc0, 0x9c, 0x00, 0x08, 0xe0, 0x00, 0x00, 0x7f, 0x00,
    0x08, 0xc0, 0x9c, 0x13, 0x18, 0xe0, 0x00, 0x00, 0x7f, 0x00, 0x5c, 0xec, 0xef, 0xff, 0x48, 0xe0,
    0x00, 0x00, 0x7f, 0x00, 0x6e, 0xca, 0x97, 0x64, 0x18, 0xff, 0xff, 0xff, 0xff, 0x00, 0x00, 0x00,
    0x00, 0x00, 0x08, 0xf6, 0x66, 0x66, 0xaf, 0x00, 0x00, 0x00, 0x0b, 0xb0, 0x00, 0x06, 0xf2, 0x3c,
    0x60, 0x00, 0x0c, 0xff, 0xff, 0xff, 0xff, 0x85, 0xf2, 0x1a, 0xfc, 0x30, 0x03, 0x44, 0x4c, 0xc4,
    0x44, 0x24, 0xf3, 0x00, 0x5c, 0x10, 0x00, 0x00, 0x0b, 0xb0, 0x00, 0x03, 0xf3, 0x00, 0x00, 0x00,
    0x9f, 0xff, 0xff, 0xff, 0xff, 0xff, 0xff, 0xff, 0xff, 0xfb, 0x35, 0x55, 0xbf, 0x55, 0x55, 0x56,
    0xf8, 0x55, 0x55, 0x54, 0x00, 0x00, 0xbd, 0x00, 0x00, 0x00, 0xf6, 0x00, 0x00, 0x00, 0x00, 0x01,
    0xf8, 0x00, 0x00, 0x00, 0xe7, 0x00, 0x5b, 0x10, 0x2f, 0xff, 0xff, 0xff, 0xff, 0xf1, 0xd9, 0x00,
    0xcc, 0x00, 0x04, 0x7f, 0x74, 0x44, 0x44, 0x40, 0xbb, 0x04, 0xf5, 0x00, 0x02, 0xe9, 0x03, 0xf3,
    0x00, 0x00, 0x8e, 0x0c, 0xc0, 0x00, 0x07, 0xff, 0xff, 0xff, 0xff, 0xe0, 0x6f, 0x7f, 0x40, 0x00,
    0x02, 0x44, 0x45, 0xf6, 0x44, 0x30, 0x2f, 0xfa, 0x00, 0x00, 0x00, 0x00, 0x03, 0xf3, 0x00, 0x00,
    0x0e, 0xe2, 0x00, 0x00, 0x01, 0x24, 0x58, 0xfa, 0xbd, 0xe0, 0x7f, 0xf2, 0x00, 0xa7, 0x3f, 0xff,
    0xed, 0xfa, 0x86, 0x45, 0xfb, 0xf9, 0x00, 0xe9, 0x05, 0x31, 0x03, 0xf3, 0x00, 0x5f, 0xb0, 0x9f,
    0x42, 0xf6, 0x00, 0x00, 0x03, 0xf3, 0x07, 0xfb, 0x10, 0x1d, 0xfe, 0xf2, 0x00, 0x00, 0x03, 0xf3,
    0x06, 0xa0, 0x00, 0x02, 0xbe, 0x80, 0x04, 0xb1, 0x00, 0x00, 0x00, 0x00, 0x00, 0x00, 0x00, 0x00,
    0x04, 0xf9, 0x00, 0x00, 0x02, 0x34, 0x56, 0x8a, 0xce, 0x70, 0x00, 0x8f, 0x50, 0x00, 0xdf, 0xff,
    0xff, 0xec, 0xb9, 0x50, 0x00, 0x1d, 0xe2, 0x00, 0xdc, 0x53, 0x21, 0x00, 0x00, 0x00, 0x00, 0x04,
    0xa1, 0x00, 0xda, 0x00, 0x00, 0x00, 0x00, 0x00, 0x00, 0x00, 0x00, 0x00, 0xda, 0x00, 0x00, 0x00,
    0x00, 0x00, 0x00, 0x00, 0x00, 0x00, 0xda, 0x00, 0x00, 0x00, 0x00, 0x00, 0x8f, 0xff, 0x40, 0x00,
    0xdf, 0xff, 0xff, 0xff, 0xff, 0xf8, 0x36, 0x8f, 0x40, 0x00, 0xec, 0x77, 0x77, 0xfc, 0x77, 0x73,
    0x00, 0x4f, 0x40, 0x00, 0xf8, 0x00, 0x00, 0xe9, 0x00, 0x00, 0x00, 0x4f, 0x40, 0x01, 0xf7, 0x00,
    0x00, 0xe9, 0x00, 0x00, 0x00, 0x4f, 0x40, 0x04, 0xf5, 0x00, 0x00, 0xe9, 0x00, 0x00, 0x00, 0x4f,
    0x40, 0x08, 0xf1, 0x00, 0x00, 0xe9, 0x00, 0x00, 0x00, 0x4f, 0x40, 0x0d, 0xc0, 0x00, 0x00, 0xe9,
    0x00, 0x00, 0x00, 0x4f, 0x40, 0x5f, 0x60, 0x00, 0x00, 0xe9, 0x00, 0x00, 0x00, 0x9f, 0x51, 0xed,
    0x10, 0x00, 0x00, 0xe9, 0x00, 0x00, 0x0a, 0xfc, 0xe6, 0x94, 0x00, 0x00, 0x00, 0xe9, 0x00, 0x00,
    0x7f, 0x70, 0xaf, 0xd9, 0x87, 0x77, 0x66, 0x67, 0x78, 0x85, 0x29, 0x00, 0x04, 0xad, 0xee, 0xef,
    0xff, 0xff, 0xff, 0xf4, 0x03, 0xc2, 0x00, 0x00, 0x11, 0x23, 0x45, 0x78, 0xad, 0xa0, 0x03, 0xfb,
    0x00, 0x0a, 0xff, 0xff, 0xff, 0xfe, 0xcb, 0x90, 0x00, 0x7f, 0x60, 0x0a, 0xd5, 0x43, 0x21, 0x00,
    0x00, 0x00, 0x00, 0x0d, 0xe2, 0x0a, 0xc0, 0x00, 0x00, 0x00, 0x00, 0x00, 0x00, 0x04, 0xa1, 0x0a,
    0xc0, 0x00, 0x00, 0x00, 0x00, 0x00, 0x00, 0x00, 0x00, 0x0a, 0xff, 0xff, 0xff, 0xff, 0xff, 0x40,
    0x9f, 0xff, 0x40, 0x0a, 0xd6, 0x66, 0x66, 0x66, 0xaf, 0x30, 0x47, 0x9f, 0x40, 0x0b, 0xb5, 0xa1,
    0x00, 0x01, 0xec, 0x00, 0x00, 0x4f, 0x40, 0x0c, 0xa5, 0xec, 0x20, 0x08, 0xf5, 0x00, 0x00, 0x4f,
    0x40, 0x1f, 0x80, 0x3e, 0xe3, 0x4f, 0xb0, 0x00, 0x00, 0x4f, 0x40, 0x4f, 0x40, 0x02, 0xdf, 0xed,
    0x10, 0x00, 0x00, 0x4f, 0x40, 0xae, 0x10, 0x00, 0x6f, 0xf9, 0x00, 0x00, 0x00, 0x4f, 0x42, 0xf9,
    0x00, 0x08, 0xfd, 0xbf, 0x90, 0x00, 0x00, 0x4f, 0x4b, 0xe2, 0x04, 0xcf, 0xb1, 0x0a, 0xfb, 0x10,
    0x01, 0xbf, 0x55, 0x62, 0xbf, 0xe6, 0x00, 0x00, 0xaf, 0xb0, 0x1c, 0xfb, 0xe3, 0x01, 0xb8, 0x10,
    0x00, 0x00, 0x09, 0x60, 0x9f, 0x50, 0xbf, 0xb8, 0x77, 0x66, 0x66, 0x67, 0x77, 0x85, 0x37, 0x00,
    0x06, 0xbd, 0xee, 0xff, 0xff, 0xff, 0xff, 0xf5, 0x00, 0x00, 0x00, 0x00, 0x00, 0x00, 0x00, 0x00,
    0x00, 0x00, 0x03, 0xb1, 0x00, 0x00, 0x00, 0xc9, 0x00, 0x00, 0x00, 0x00, 0x03, 0xfa, 0x00, 0x00,
    0x03, 0xf8, 0x00, 0x00, 0x00, 0x00, 0x00, 0x9f, 0x40, 0x00, 0x07, 0xf3, 0x00, 0x00, 0x00, 0x00,
    0x00, 0x1e, 0xd1, 0xff, 0xff, 0xff, 0xff, 0xff, 0xff, 0xf0, 0x00, 0x06, 0x90, 0x66, 0x9f, 0x96,
    0x66, 0x66, 0x66, 0x60, 0x00, 0x00, 0x00, 0x00, 0xbe, 0x10, 0xae, 0x00, 0x00, 0x00, 0x00, 0x00,
    0x00, 0x03, 0xf8, 0x00, 0xae, 0x00, 0x00, 0x00, 0x8f, 0xff, 0x30, 0x0a, 0xf2, 0x00, 0xae, 0x00,
    0x00, 0x00, 0x36, 0x9f, 0x30, 0x2f, 0xa0, 0x00, 0xae, 0x00, 0x00, 0x00, 0x00, 0x4f, 0x30, 0x5f,
    0xff, 0xff, 0xff, 0xff, 0xff, 0xe0, 0x00, 0x4f, 0x30, 0x26, 0x66, 0x66, 0xce, 0x66, 0x66, 0x50,
    0x00, 0x4f, 0x30, 0x00, 0x00, 0x00, 0xae, 0x00, 0x00, 0x00, 0x00, 0x4f, 0x30, 0x00, 0x00, 0x00,
    0xae, 0x00, 0x00, 0x00, 0x00, 0x4f, 0x33, 0xff, 0xff, 0xff, 0xff, 0xff, 0xff, 0xf7, 0x00, 0x4f,
    0x31, 0x66, 0x66, 0x66, 0xce, 0x66, 0x66, 0x63, 0x00, 0x9f, 0x50, 0x00, 0x00, 0x00, 0xae, 0x00,
    0x00, 0x00, 0x1b, 0xfc, 0xe5, 0x00, 0x00, 0x00, 0xae, 0x00, 0x00, 0x00, 0x8f, 0x60, 0xaf, 0xd9,
    0x87, 0x76, 0x67, 0x77, 0x88, 0x85, 0x28, 0x00, 0x05, 0xac, 0xee, 0xef, 0xff, 0xff, 0xee, 0xe4,
    0x06, 0xa0, 0x00, 0x01, 0xa5, 0x00, 0x00, 0x07, 0x91, 0x00, 0x07, 0xf7, 0x00, 0x00, 0xbe, 0x20,
    0x00, 0x2e, 0xd1, 0x00, 0x00, 0xbf, 0x30, 0x00, 0x2e, 0xc0, 0x00, 0xce, 0x30, 0x00, 0x00, 0x2e,
    0xd1, 0x00, 0x06, 0x90, 0x08, 0xf4, 0x00, 0x00, 0x00, 0x07, 0x91, 0x9f, 0xff, 0xff, 0xff, 0xff,
    0xff, 0xd0, 0x00, 0x00, 0x00, 0x46, 0x66, 0x6a, 0xf6, 0x66, 0x66, 0x50, 0x00, 0x00, 0x00, 0x00,
    0x00, 0x07, 0xf1, 0x00, 0x00, 0x00, 0x8f, 0xff, 0x30, 0x00, 0x00, 0x07, 0xf1, 0x00, 0x00, 0x00,
    0x36, 0x9f, 0x30, 0x00, 0x00, 0x07, 0xf0, 0x00, 0x00, 0x00, 0x00, 0x4f, 0x35, 0xff, 0xff, 0xff,
    0xff, 0xff, 0xff, 0xf5, 0x00, 0x4f, 0x32, 0x66, 0x66, 0x6c, 0xd6, 0x66, 0x66, 0x62, 0x00, 0x4f,
    0x30, 0x00, 0x00, 0x1e, 0xe5, 0x00, 0x00, 0x00, 0x00, 0x4f, 0x30, 0x00, 0x00, 0xaf, 0xcf, 0xb2,
    0x00, 0x00, 0x00, 0x4f, 0x30, 0x00, 0x2b, 0xf7, 0x05, 0xee, 0x70, 0x00, 0x00, 0x4f, 0x30, 0x39,
    0xfd, 0x50, 0x00, 0x19, 0xfc, 0x30, 0x00, 0x7f, 0x40, 0x8c, 0x61, 0x00, 0x00, 0x00, 0x4c, 0x30,
    0x07, 0xfe, 0xc1, 0x00, 0x00, 0x00, 0x00, 0x00, 0x00, 0x00, 0x7f, 0x82, 0xed, 0x62, 0x00, 0x00,
    0x00, 0x00, 0x00, 0x00, 0x39, 0x00, 0x2b, 0xff, 0xff, 0xff, 0xee, 0xef, 0xff, 0xf6, 0x00, 0x00,
    0x00, 0x25, 0x65, 0x43, 0x22, 0x11, 0x10, 0x00, 0x03, 0xc3, 0x00, 0x00, 0x00, 0x01, 0xf7, 0x00,
    0x00, 0x00, 0x02, 0xee, 0x20, 0x00, 0xc8, 0x01, 0xf7, 0x00, 0x00, 0x00, 0x00, 0x3f, 0xd1, 0x04,
    0xf5, 0x01, 0xf7, 0x00, 0x00, 0x00, 0x00, 0x06, 0xa1, 0x0b, 0xff, 0xff, 0xff, 0xff, 0xff, 0x90,
    0x00, 0x00, 0x00, 0x6f, 0x95, 0x56, 0xfa, 0x55, 0x55, 0x30, 0x00, 0x00, 0x00, 0x7b, 0x00, 0x01,
    0xf7, 0x00, 0x00, 0x00, 0x9f, 0xff, 0x40, 0x00, 0x00, 0x01, 0xf7, 0x00, 0x00, 0x00, 0x47, 0x9f,
    0x48, 0xff, 0xff, 0xff, 0xff, 0xff, 0xff, 0xf8, 0x00, 0x4f, 0x43, 0x55, 0x5c, 0xd5, 0x5b, 0xe5,
    0x55, 0x53, 0x00, 0x4f, 0x40, 0x00, 0x0c, 0xb0, 0x09, 0xe0, 0x01, 0xc3, 0x00, 0x4f, 0x40, 0x00,
    0x2f, 0x80, 0x09, 0xe0, 0x02, 0xf5, 0x00, 0x4f, 0x40, 0x03, 0xde, 0x20, 0x09, 0xe0, 0x04, 0xf3,
    0x00, 0x4f, 0x42, 0xaf, 0xe4, 0x00, 0x08, 0xf7, 0x5b, 0xe0, 0x00, 0x8f, 0x40, 0xb9, 0x20, 0x00,
    0x02, 0xcf, 0xfe, 0x50, 0x1a, 0xfb, 0xd4, 0x00, 0x00, 0x00, 0x00, 0x00, 0x00, 0x00, 0x9f, 0x50,
    0xaf, 0xc9, 0x88, 0x77, 0x78, 0x88, 0x89, 0x95, 0x37, 0x00, 0x05, 0xad, 0xee, 0xff, 0xff, 0xff,
    0xee, 0xe4, 0x03, 0xc2, 0x00, 0x00, 0x00, 0x00, 0x00, 0x00, 0x00, 0x00, 0x03, 0xfb, 0x00, 0x9f,
    0xff, 0xff, 0xff, 0xff, 0xff, 0x20, 0x00, 0x7f, 0x60, 0x24, 0x44, 0x44, 0x44, 0x6e, 0xfa, 0x10,
    0x00, 0x0d, 0xe2, 0x00, 0x29, 0x40, 0x18, 0xfa, 0x30, 0x00, 0x00, 0x04, 0xa1, 0x00, 0x27, 0xbd,
    0xed, 0x30, 0x00, 0x00, 0x00, 0x00, 0x00, 0x4f, 0xff, 0xff, 0xff, 0xff, 0xff, 0x40, 0x00, 0x00,
    0x00, 0x4f, 0x54, 0x46, 0xf6, 0x44, 0x5f, 0x40, 0x9f, 0xff, 0x40, 0x4f, 0x20, 0x03, 0xf3, 0x00,
    0x2f, 0x40, 0x47, 0x9f, 0x40, 0x4f, 0xff, 0xff, 0xff, 0xff, 0xff, 0x40, 0x00, 0x4f, 0x40, 0x4f,
    0x54, 0x46, 0xf6, 0x44, 0x5f, 0x40, 0x00, 0x4f, 0x40, 0x4f, 0x20, 0x03, 0xf3, 0x00, 0x2f, 0x40,
    0x00, 0x4f, 0x40, 0x4f, 0xff, 0xff, 0xff, 0xff, 0xff, 0x40, 0x00, 0x4f, 0x40, 0x4f, 0x54, 0x46,
    0xf6, 0x44, 0x5f, 0x40, 0x00, 0x4f, 0x40, 0x4f, 0x20, 0x03, 0xf4, 0x77, 0x9f, 0x30, 0x00, 0x9f,
    0x40, 0x4f, 0x20, 0x03, 0xf3, 0xef, 0xe9, 0x00, 0x1a, 0xfd, 0xd3, 0x00, 0x00, 0x00, 0x00, 0x00,
    0x00, 0x00, 0x9f, 0x71, 0xcf, 0xb9, 0x87, 0x77, 0x66, 0x77, 0x88, 0x85, 0x38, 0x00, 0x06, 0xac,
    0xde, 0xef, 0xff, 0xff, 0xff, 0xf5, 0x00, 0x00, 0x00, 0x00, 0x79, 0x00, 0x00, 0x1c, 0x50, 0x00,
    0x07, 0x90, 0x00, 0x00, 0x8f, 0x50, 0x00, 0x7f, 0x50, 0x00, 0x07, 0xf7, 0x00, 0x00, 0x0c, 0x80,
    0x02, 0xea, 0x00, 0x00, 0x00, 0xaf, 0x53, 0xff, 0xff, 0xff, 0xff, 0xff, 0xff, 0xf7, 0x00, 0x1b,
    0x41, 0x44, 0x44, 0x4d, 0xd4, 0x44, 0x44, 0x42, 0x00, 0x00, 0x00, 0x00, 0x00, 0x0e, 0x80, 0x00,
    0x00, 0x00, 0x00, 0x00, 0x00, 0x1f, 0xff, 0xff, 0xff, 0xff, 0xff, 0x10, 0x8f, 0xff, 0x30, 0x1f,
    0x73, 0x33, 0x33, 0x33, 0x8f, 0x10, 0x36, 0x9f, 0x30, 0x1f, 0x50, 0x00, 0x00, 0x00, 0x6f, 0x10,
    0x00, 0x4f, 0x30, 0x1f, 0xff, 0xff, 0xff, 0xff, 0xff, 0x10, 0x00, 0x4f, 0x30, 0x1f, 0x72, 0x22,
    0x22, 0x22, 0x7f, 0x10, 0x00, 0x4f, 0x30, 0x1f, 0x50, 0x00, 0x00, 0x00, 0x6f, 0x10, 0x00, 0x4f,
    0x30, 0x1f, 0xff, 0xff, 0xff, 0xff, 0xff, 0x10, 0x00, 0x4f, 0x30, 0x1f, 0x72, 0x22, 0x22, 0x22,
    0x7f, 0x10, 0x00, 0x4f, 0x30, 0x1f, 0x50, 0x00, 0x00, 0x00, 0x6f, 0x10, 0x00, 0x7f, 0x40, 0x1f,
    0xff, 0xff, 0xff, 0xff, 0xff, 0x10, 0x08, 0xfe, 0xe4, 0x1f, 0x73, 0x33, 0x33, 0x33, 0x8f, 0x10,
    0x7f, 0x81, 0xbf, 0xc9, 0x77, 0x76, 0x66, 0x77, 0x78, 0x85, 0x38, 0x00, 0x05, 0xad, 0xee, 0xef,
    0xff, 0xff, 0xfe, 0xe4, 0x00, 0x00, 0x0b, 0xf6, 0x00, 0x00, 0x00, 0x00, 0x00, 0x00, 0x00, 0x00,
    0x3f, 0xfe, 0x20, 0x00, 0xef, 0xff, 0xff, 0xf2, 0x00, 0x00, 0xcd, 0x4e, 0xc1, 0x00, 0xec, 0x66,
    0x6c, 0xf1, 0x00, 0x08, 0xf3, 0x05, 0xfa, 0x00, 0xe9, 0x00, 0x1e, 0xa0, 0x00, 0x5f, 0x80, 0x00,
    0x8f, 0x70, 0xe9, 0x00, 0x7f, 0x30, 0x04, 0xeb, 0x2b, 0x60, 0x0c, 0xf4, 0xe9, 0x00, 0xdb, 0x00,
    0x4e, 0xb1, 0x0b, 0xf5, 0x02, 0xb2, 0xe9, 0x06, 0xf5, 0x00, 0x4b, 0x10, 0x01, 0xc5, 0x00, 0x00,
    0xe9, 0x0c, 0xf1, 0x00, 0x00, 0x00, 0x00, 0x00, 0x00, 0x00, 0xe9, 0x02, 0xdd, 0x10, 0x08, 0xff,
    0xff, 0xff, 0xff, 0x70, 0xe9, 0x00, 0x3e, 0xa0, 0x03, 0x77, 0x77, 0x77, 0xbf, 0x50, 0xe9, 0x00,
    0x08, 0xf2, 0x00, 0x00, 0x00, 0x02, 0xeb, 0x00, 0xe9, 0x00, 0x03, 0xf6, 0x00, 0x2b, 0x30, 0x0b,
    0xe2, 0x00, 0xe9, 0x00, 0x03, 0xf7, 0x00, 0x2e, 0xe2, 0x7f, 0x60, 0x00, 0xe9, 0x00, 0x19, 0xf5,
    0x00, 0x03, 0xee, 0xfa, 0x00, 0x00, 0xe9, 0xdf, 0xff, 0xc0, 0x00, 0x00, 0x4f, 0xf2, 0x00, 0x00,
    0xe9, 0x6a, 0x96, 0x00, 0x00, 0x00, 0x05, 0xfc, 0x00, 0x00, 0xe9, 0x00, 0x00, 0x00, 0x00, 0x00,
    0x00, 0x77, 0x00, 0x00, 0xe9, 0x00, 0x00, 0x00, 0x00, 0x00, 0x2c, 0x50, 0x00, 0x00, 0x00, 0x00,
    0x00, 0x00, 0x00, 0x00, 0x0a, 0xc0, 0x00, 0x00, 0xcf, 0xff, 0xff, 0xf4, 0x3f, 0xff, 0xff, 0xff,
    0xff, 0xf4, 0xcd, 0x77, 0x7a, 0xf3, 0x15, 0x55, 0x55, 0x55, 0xec, 0x51, 0xcb, 0x00, 0x0c, 0xc0,
    0x00, 0x7a, 0x00, 0x02, 0xf8, 0x00, 0xcb, 0x00, 0x5f, 0x50, 0x00, 0x4f, 0x80, 0x09, 0xe1, 0x00,
    0xcb, 0x00, 0xdb, 0x00, 0x00, 0x08, 0x90, 0x2f, 0x70, 0x00, 0xcb, 0x06, 0xf3, 0x00, 0x9f, 0xff,
    0xff, 0xff, 0xff, 0xf9, 0xcb, 0x09, 0xf6, 0x00, 0x35, 0x55, 0x55, 0x55, 0x55, 0x53, 0xcb, 0x00,
    0x9f, 0x50, 0x00, 0x00, 0x00, 0x00, 0x00, 0x00, 0xcb, 0x00, 0x0b, 0xe1, 0x03, 0xff, 0xff, 0xff,
    0xff, 0x40, 0xcb, 0x00, 0x04, 0xf6, 0x03, 0xf7, 0x55, 0x55, 0x7f, 0x40, 0xcb, 0x00, 0x00, 0xe9,
    0x03, 0xf4, 0x00, 0x00, 0x3f, 0x40, 0xcb, 0x00, 0x00, 0xe9, 0x03, 0xf4, 0x00, 0x00, 0x3f, 0x40,
    0xcb, 0x00, 0x03, 0xf7, 0x03, 0xf4, 0x00, 0x00, 0x3f, 0x40, 0xcb, 0xbb, 0xbe, 0xf2, 0x03, 0xf4,
    0x00, 0x00, 0x3f, 0x40, 0xcb, 0x9d, 0xdb, 0x40, 0x03, 0xff, 0xff, 0xff, 0xff, 0x40, 0xcb, 0x00,
    0x00, 0x00, 0x03, 0xf8, 0x55, 0x55, 0x7f, 0x40, 0xcb, 0x00, 0x00, 0x00, 0x03, 0xf4, 0x00, 0x00,
    0x3f, 0x40, 0xcb, 0x00, 0x00, 0x00, 0x6f, 0xff, 0xff, 0xff, 0xff, 0xe5, 0xff, 0xff, 0xff, 0x80,
    0x24, 0x46, 0xf6, 0xac, 0x44, 0x42, 0x66, 0x66, 0x6e, 0x80, 0x00, 0x02, 0xf2, 0x8b, 0x00, 0x00,
    0x00, 0x00, 0x0d, 0x80, 0x00, 0x02, 0xf2, 0x8b, 0x00, 0x00, 0x00, 0x00, 0x0d, 0x80, 0x0c, 0xff,
    0xff, 0xff, 0xff, 0x80, 0x00, 0x00, 0x0d, 0x80, 0x0c, 0xa5, 0xf5, 0xac, 0x4c, 0x80, 0x00, 0x00,
    0x0d, 0x80, 0x0c, 0x82, 0xf2, 0x8b, 0x0c, 0x80, 0xff, 0xff, 0xff, 0x80, 0x0c, 0x84, 0xf0, 0x8b,
    0x0c, 0x80, 0xf9, 0x66, 0x6e, 0x80, 0x0c, 0x88, 0xc0, 0x8c, 0x0c, 0x80, 0xf6, 0x00, 0x05, 0x30,
    0x0c, 0x9e, 0x70, 0x5f, 0xff, 0x80, 0xf6, 0x00, 0x00, 0x00, 0x0c, 0xbd, 0x10, 0x02, 0x3c, 0x80,
    0xf6, 0x00, 0x00, 0x00, 0x0c, 0x81, 0x00, 0x00, 0x0c, 0x80, 0xf6, 0x00, 0x00, 0x00, 0x0c, 0xff,
    0xff, 0xff, 0xff, 0x80, 0xf6, 0x00, 0x00, 0xa5, 0x0c, 0x94, 0x44, 0x44, 0x4c, 0x80, 0xf6, 0x00,
    0x00, 0xe8, 0x0c, 0x80, 0x00, 0x00, 0x0c, 0x80, 0xf6, 0x00, 0x01, 0xf6, 0x0c, 0xff, 0xff, 0xff,
    0xff, 0x80, 0xeb, 0x10, 0x06, 0xf4, 0x0c, 0xa4, 0x44, 0x44, 0x4c, 0x80, 0x8f, 0xff, 0xff, 0xc0,
    0x0c, 0x80, 0x00, 0x00, 0x0c, 0x80, 0x04, 0x66, 0x65, 0x00, 0x7f, 0xff, 0xff, 0xff, 0xf4, 0xbf,
    0xff, 0xff, 0xff, 0xc0, 0x24, 0x4c, 0x9a, 0xb4, 0x41, 0xba, 0x33, 0x33, 0x39, 0xc0, 0x00, 0x0a,
    0x67, 0x90, 0x00, 0xbf, 0xff, 0xff, 0xff, 0xc0, 0x00, 0x0a, 0x67, 0x90, 0x00, 0xba, 0x22, 0x22,
    0x29, 0xc0, 0x0f, 0xff, 0xff, 0xff, 0xe0, 0xb9, 0x00, 0x00, 0x08, 0xc0, 0x0f, 0x7b, 0x99, 0xb7,
    0xe0, 0xbf, 0xff, 0xff, 0xff, 0xc0, 0x0f, 0x4a, 0x67, 0x95, 0xe0, 0x23, 0x33, 0x33, 0x39, 0xc0,
    0x0f, 0x4c, 0x57, 0x95, 0xe0, 0x7b, 0x04, 0xf2, 0x00, 0x00, 0x0f, 0x6f, 0x37, 0xa5, 0xe0, 0xbb,
    0x04, 0xf2, 0x00, 0x00, 0x0f, 0xed, 0x05, 0xff, 0xe1, 0xff, 0xff, 0xff, 0xff, 0xf0, 0x0f, 0x95,
    0x00, 0x27, 0xe7, 0xe4, 0x47, 0xf6, 0x44, 0x40, 0x0f, 0x40, 0x00, 0x05, 0xe8, 0x70, 0x04, 0xf2,
    0x00, 0x00, 0x0f, 0xff, 0xff, 0xff, 0xe0, 0xdf, 0xff, 0xff, 0xff, 0xd0, 0x0f, 0x63, 0x33, 0x37,
    0xe0, 0x33, 0x36, 0xf5, 0x33, 0x30, 0x0f, 0x40, 0x00, 0x05, 0xe0, 0x00, 0x04, 0xf2, 0x00, 0x00,
    0x0f, 0xff, 0xff, 0xff, 0xe0, 0x00, 0x04, 0xf2, 0x00, 0x00, 0x0f, 0x74, 0x44, 0x47, 0xea, 0xff,
    0xff, 0xff, 0xff, 0xfa, 0x0f, 0x40, 0x00, 0x05, 0xe2, 0x44, 0x44, 0x44, 0x44, 0x43, 0x00, 0x00,
    0x00, 0x00, 0x1e, 0xf3, 0x00, 0x00, 0x00, 0x00, 0x00, 0x00, 0x00, 0x00, 0xae, 0xea, 0x00, 0x00,
    0x00, 0x00, 0x00, 0x00, 0x00, 0x05, 0xf5, 0x4f, 0x60, 0x00, 0x00, 0x00, 0x00, 0x00, 0x00, 0x4f,
    0x60, 0x06, 0xe3, 0x00, 0x00, 0x00, 0x00, 0x00, 0x03, 0xe6, 0x00, 0x00, 0x6e, 0x30, 0x00, 0x00,
    0x00, 0x00, 0x5d, 0x40, 0x00, 0x00, 0x05, 0xd4, 0x00, 0x00, 0x00, 0x07, 0xc2, 0x00, 0x00, 0x00,
    0x00, 0x2c, 0x60, 0x00, 0x02, 0xba, 0xdf, 0xff, 0xff, 0xff, 0xff, 0xfd, 0xba, 0x20, 0x6e, 0xa0,
    0x56, 0x66, 0x6d, 0xd6, 0x66, 0x65, 0x1c, 0xf6, 0x49, 0x00, 0x00, 0x00, 0x0c, 0xc0, 0x00, 0x00,
    0x01, 0xa3, 0x00, 0x00, 0x00, 0x00, 0x0c, 0xc0, 0x00, 0x00, 0x00, 0x00, 0x00, 0xcf, 0xff, 0xff,
    0xff, 0xff, 0xff, 0xff, 0xfb, 0x00, 0x00, 0x56, 0x66, 0x66, 0x6d, 0xd6, 0x66, 0x66, 0x65, 0x00,
    0x00, 0x01, 0x50, 0x00, 0x0c, 0xc0, 0x00, 0x06, 0x10, 0x00, 0x00, 0x09, 0xf7, 0x00, 0x0c, 0xc0,
    0x00, 0x8f, 0x80, 0x00, 0x00, 0x00, 0xaf, 0x90, 0x0c, 0xc0, 0x09, 0xf8, 0x00, 0x00, 0x00, 0x00,
    0x0a, 0x60, 0x0c, 0xc0, 0x09, 0x80, 0x00, 0x00, 0x1f, 0xff, 0xff, 0xff, 0xff, 0xff, 0xff, 0xff,
    0xff, 0xf2, 0x07, 0x77, 0x77, 0x77, 0x77, 0x77, 0x77, 0x77, 0x77, 0x71, 0x00, 0x0c, 0x60, 0x00,
    0x00, 0x00, 0x3f, 0x40, 0x00, 0x00, 0x00, 0x4f, 0x50, 0x00, 0x00, 0x00, 0x3f, 0x40, 0x00, 0x00,
    0x00, 0xad, 0x00, 0x00, 0x00, 0x00, 0x3f, 0x40, 0x00, 0x00, 0x01, 0xef, 0xff, 0xf7, 0x00, 0x00,
    0x3f, 0x40, 0x00, 0x00, 0x08, 0xd5, 0x55, 0x52, 0xaf, 0xff, 0xff, 0xff, 0xff, 0xb0, 0x2f, 0x70,
    0x00, 0x00, 0xad, 0x66, 0x8f, 0x86, 0x6c, 0xb0, 0x9e, 0x10, 0x00, 0x00, 0xac, 0x00, 0x3f, 0x40,
    0x0a, 0xb0, 0x69, 0xff, 0xff, 0xf0, 0xac, 0x00, 0x3f, 0x40, 0x0a, 0xb0, 0x01, 0x5e, 0xb5, 0x50,
    0xac, 0x00, 0x3f, 0x40, 0x0a, 0xb0, 0x00, 0x0d, 0x80, 0x00, 0xac, 0x00, 0x3f, 0x40, 0x0a, 0xb0,
    0x00, 0x0d, 0x80, 0x00, 0xac, 0x00, 0x3f, 0x40, 0x0a, 0xb0, 0x8f, 0xff, 0xff, 0xf7, 0xaf, 0xff,
    0xff, 0xff, 0xff, 0xb0, 0x35, 0x5e, 0xb5, 0x52, 0xad, 0x66, 0x8f, 0x86, 0x6c, 0xb0, 0x00, 0x0d,
    0x80, 0x00, 0x00, 0x00, 0x3f, 0x40, 0x00, 0x00, 0x00, 0x0d, 0x80, 0x00, 0x00, 0x00, 0x3f, 0x40,
    0x00, 0x00, 0x00, 0x0d, 0x82, 0x93, 0x00, 0x00, 0x3f, 0x40, 0x00, 0x00, 0x00, 0x0e, 0xde, 0xe3,
    0x00, 0x00, 0x3f, 0x40, 0x00, 0x00, 0x00, 0x3f, 0xf9, 0x10, 0x00, 0x00, 0x3f, 0x40, 0x00, 0x00,
    0x00, 0x1b, 0x30, 0x00, 0x00, 0x00, 0x3f, 0x40, 0x00, 0x00, 0x00, 0x5d, 0x20, 0x07, 0xa0, 0x00,
    0x03, 0xd4, 0x00, 0x00, 0x00, 0x8f, 0x00, 0x07, 0xf1, 0x00, 0x07, 0xf2, 0x00, 0x00, 0x00, 0xcc,
    0x00, 0x03, 0xf5, 0x00, 0x0a, 0xd0, 0x00, 0x00, 0x01, 0xf8, 0x00, 0x00, 0xe9, 0x2f, 0xff, 0xff,
    0xff, 0xf4, 0x05, 0xff, 0xff, 0xc0, 0xad, 0x16, 0x8f, 0x76, 0x66, 0x62, 0x0b, 0xd6, 0x66, 0x40,
    0x6b, 0x10, 0x9e, 0x2f, 0x40, 0x00, 0x2f, 0x70, 0x00, 0x00, 0x00, 0x00, 0xe8, 0x2f, 0x40, 0x00,
    0x8e, 0xff, 0xff, 0x30, 0x00, 0x05, 0xf3, 0x2f, 0x40, 0x00, 0x35, 0x7f, 0x86, 0x5f, 0xfb, 0x0a,
    0xd0, 0x2f, 0x40, 0x00, 0x00, 0x2f, 0x40, 0x26, 0xcb, 0x0d, 0xff, 0xff, 0xff, 0xf0, 0x00, 0x2f,
    0x40, 0x00, 0xbb, 0x05, 0x66, 0x7f, 0x86, 0x50, 0xaf, 0xff, 0xff, 0xb0, 0xbb, 0x00, 0x00, 0x2f,
    0x40, 0x00, 0x46, 0x7f, 0x86, 0x40, 0xbb, 0x00, 0x00, 0x2f, 0x40, 0x00, 0x00, 0x2f, 0x40, 0x00,
    0xbb, 0x7f, 0xff, 0xff, 0xff, 0xf8, 0x00, 0x2f, 0x40, 0x60, 0xbb, 0x36, 0x66, 0x7f, 0x86, 0x63,
    0x00, 0x2f, 0x47, 0xb0, 0xbb, 0x00, 0x00, 0x2f, 0x40, 0x00, 0x00, 0x2f, 0x7d, 0x23, 0xff, 0x40,
    0x00, 0x2f, 0x40, 0x00, 0x00, 0x3f, 0xe4, 0x1d, 0xb8, 0xf7, 0x20, 0x00, 0x00, 0x00, 0x00, 0x7f,
    0x80, 0x9e, 0x20, 0x7e, 0xff, 0xee, 0xef, 0xf7, 0x00, 0x3c, 0x00, 0x47, 0x00, 0x01, 0x46, 0x77,
    0x77, 0x72, 0x00, 0x01, 0x00, 0x00, 0x00, 0x00, 0x00, 0x00, 0x00, 0x00, 0x00, 0x8a, 0x00, 0x00,
    0x00, 0x00, 0x08, 0xc0, 0x00, 0x00, 0x00, 0xd9, 0x00, 0x00, 0x00, 0x00, 0x08, 0xc0, 0x00, 0x00,
    0x02, 0xf4, 0x00, 0xaf, 0xff, 0x4f, 0xff, 0xff, 0xff, 0x30, 0x06, 0xff, 0xfe, 0x23, 0xad, 0x12,
    0x29, 0xd2, 0x3f, 0x30, 0x0c, 0xa4, 0x44, 0x02, 0xf6, 0x00, 0x08, 0xc0, 0x1f, 0x30, 0x3f, 0x30,
    0x00, 0x09, 0xd2, 0xff, 0xff, 0xff, 0xff, 0xf8, 0x9c, 0x00, 0x00, 0x2f, 0x50, 0x22, 0x29, 0xd2,
    0x3f, 0x51, 0x7d, 0xff, 0xf9, 0x9c, 0x00, 0x00, 0x08, 0xc0, 0x1f, 0x30, 0x02, 0xad, 0x43, 0xcf,
    0xfe, 0x3f, 0xff, 0xff, 0xff, 0x30, 0x00, 0x8c, 0x00, 0x33, 0x8d, 0x02, 0x29, 0xd2, 0x3f, 0x30,
    0x9f, 0xff, 0xff, 0x30, 0x7c, 0x00, 0x08, 0xc0, 0x02, 0x00, 0x34, 0xad, 0x46, 0xd1, 0x8a, 0x8f,
    0xff, 0xff, 0xff, 0x40, 0x00, 0x8c, 0x00, 0xd5, 0xb8, 0x12, 0x29, 0xd2, 0x22, 0x10, 0x00, 0x8c,
    0x00, 0x8b, 0xe5, 0x00, 0x08, 0xc0, 0x00, 0x00, 0x00, 0x8c, 0x06, 0x2f, 0xf1, 0xef, 0xff, 0xff,
    0xff, 0x70, 0x00, 0x8c, 0x6b, 0x0c, 0xe1, 0x22, 0x29, 0xd2, 0x22, 0x10, 0x00, 0x9e, 0xe3, 0x3f,
    0xdc, 0x10, 0x08, 0xc0, 0x00, 0x00, 0x01, 0xdf, 0x60, 0xbb, 0x1c, 0xe7, 0x20, 0x00, 0x00, 0x00,
    0x00, 0xa7, 0x08, 0xe2, 0x01, 0x8e, 0xff, 0xee, 0xee, 0xf8, 0x00, 0x00, 0x08, 0x50, 0x00, 0x01,
    0x35, 0x66, 0x66, 0x61, 0x00, 0x3c, 0x20, 0x00, 0x00, 0x00, 0x00, 0x00, 0x00, 0x00, 0x00, 0x3e,
    0xd2, 0x08, 0xff, 0xff, 0xff, 0xff, 0xff, 0xc0, 0x00, 0x04, 0xfd, 0x24, 0x77, 0x77, 0x77, 0x77,
    0x7d, 0xc0, 0x00, 0x00, 0x5a, 0x10, 0x00, 0x07, 0x50, 0x00, 0x0b, 0xc0, 0x0a, 0xc0, 0x00, 0x00,
    0x00, 0x0d, 0x90, 0x00, 0x0b, 0xc0, 0x0a, 0xc0, 0x00, 0x00, 0x00, 0x0d, 0x90, 0x00, 0x0b, 0xc0,
    0x0a, 0xc0, 0x9f, 0xff, 0xff, 0xff, 0xff, 0xff, 0x1b, 0xc0, 0x0a, 0xc0, 0x46, 0x66, 0x66, 0xbf,
    0xb6, 0x66, 0x0b, 0xc0, 0x0a, 0xc0, 0x00, 0x00, 0x03, 0xff, 0x90, 0x00, 0x0b, 0xc0, 0x0a, 0xc0,
    0x00, 0x00, 0x2e, 0x8d, 0x90, 0x00, 0x0b, 0xc0, 0x0a, 0xc0, 0x00, 0x02, 0xdb, 0x0d, 0x90, 0x00,
    0x0b, 0xc0, 0x0a, 0xc0, 0x00, 0x3d, 0xb1, 0x0d, 0x90, 0x00, 0x0b, 0xc0, 0x0a, 0xc0, 0x04, 0xeb,
    0x10, 0x0d, 0x90, 0x00, 0x0b, 0xc0, 0x0a, 0xc0, 0x7f, 0xa0, 0x00, 0x0d, 0x90, 0x00, 0x0b, 0xc0,
    0x0a, 0xc1, 0xb7, 0x00, 0x00, 0x2f, 0x80, 0x00, 0x0b, 0xc0, 0x0a, 0xc0, 0x00, 0x05, 0xff, 0xff,
    0x40, 0x00, 0x0b, 0xc0, 0x0a, 0xc0, 0x00, 0x02, 0x77, 0x63, 0x00, 0x00, 0x1e, 0xb0, 0x0a, 0xc0,
    0x00, 0x00, 0x00, 0x00, 0x3f, 0xed, 0xff, 0x60, 0x0a, 0xc0, 0x00, 0x00, 0x00, 0x00, 0x09, 0x99,
    0x95, 0x00, 0x00, 0x3b, 0x10, 0x00, 0x00, 0x00, 0x00, 0x00, 0x00, 0x00, 0x00, 0x4f, 0xc1, 0x08,
    0xff, 0xff, 0xff, 0xff, 0xff, 0xc0, 0x00, 0x06, 0xfc, 0x04, 0x77, 0x77, 0x77, 0x77, 0x7d, 0xc0,
    0x00, 0x00, 0x87, 0x00, 0x00, 0x00, 0x00, 0x00, 0x0b, 0xc0, 0x0a, 0xc0, 0x00, 0x00, 0x00, 0x00,
    0x00, 0x00, 0x0b, 0xc0, 0x0a, 0xc0, 0x03, 0xff, 0xff, 0xff, 0xff, 0x20, 0x0b, 0xc0, 0x0a, 0xc0,
    0x03, 0xf8, 0x66, 0x66, 0x9f, 0x20, 0x0b, 0xc0, 0x0a, 0xc0, 0x03, 0xf4, 0x00, 0x00, 0x4f, 0x20,
    0x0b, 0xc0, 0x0a, 0xc0, 0x03, 0xf4, 0x00, 0x00, 0x4f, 0x20, 0x0b, 0xc0, 0x0a, 0xc0, 0x03, 0xff,
    0xff, 0xff, 0xff, 0x20, 0x0b, 0xc0, 0x0a, 0xc0, 0x03, 0xf8, 0x66, 0x66, 0x9f, 0x20, 0x0b, 0xc0,
    0x0a, 0xc0, 0x03, 0xf4, 0x00, 0x00, 0x4f, 0x20, 0x0b, 0xc0, 0x0a, 0xc0, 0x03, 0xf4, 0x00, 0x00,
    0x4f, 0x20, 0x0b, 0xc0, 0x0a, 0xc0, 0x03, 0xff, 0xff, 0xff, 0xff, 0x20, 0x0b, 0xc0, 0x0a, 0xc0,
    0x03, 0xf8, 0x66, 0x66, 0x66, 0x10, 0x0b, 0xc0, 0x0a, 0xc0, 0x03, 0xf4, 0x00, 0x00, 0x00, 0x00,
    0x0b, 0xc0, 0x0a, 0xc0, 0x00, 0x00, 0x00, 0x00, 0x00, 0x00, 0x1e, 0xb0, 0x0a, 0xc0, 0x00, 0x00,
    0x00, 0x00, 0x3f, 0xed, 0xff, 0x70, 0x0a, 0xc0, 0x00, 0x00, 0x00, 0x00, 0x09, 0x99, 0x85, 0x00,
    0x00, 0x4c, 0x30, 0x00, 0x00, 0x00, 0x00, 0x00, 0x00, 0x00, 0x00, 0x2d, 0xe6, 0x08, 0xff, 0xff,
    0xff, 0xff, 0xff, 0xc0, 0x00, 0x01, 0xb6, 0x03, 0x66, 0x66, 0x66, 0x66, 0x6c, 0xc0, 0x0a, 0xc0,
    0x00, 0x00, 0x12, 0x34, 0x57, 0x88, 0x0a, 0xc0, 0x0a, 0xc0, 0x6a, 0x17, 0xff, 0xff, 0xfd, 0xc9,
    0x0a, 0xc0, 0x0a, 0xc0, 0x3e, 0xb2, 0x43, 0x2e, 0x70, 0x00, 0x0a, 0xc0, 0x0a, 0xc0, 0x04, 0xb1,
    0x00, 0x0e, 0x70, 0x00, 0x0a, 0xc0, 0x0a, 0xc8, 0x90, 0x00, 0x00, 0x0e, 0x70, 0x00, 0x0a, 0xc0,
    0x0a, 0xc5, 0xf9, 0x0f, 0xff, 0xff, 0xff, 0xff, 0x8a, 0xc0, 0x0a, 0xc0, 0x79, 0x04, 0x44, 0x4e,
    0x94, 0x44, 0x2a, 0xc0, 0x0a, 0xc0, 0x00, 0x00, 0x00, 0x0e, 0x70, 0x00, 0x0a, 0xc0, 0x0a, 0xc0,
    0x0b, 0x41, 0xff, 0xff, 0xff, 0xf7, 0x0a, 0xc0, 0x0a, 0xc0, 0x3f, 0x51, 0xf6, 0x33, 0x33, 0xe7,
    0x0a, 0xc0, 0x0a, 0xc0, 0x9e, 0x01, 0xf4, 0x00, 0x00, 0xd7, 0x0a, 0xc0, 0x0a, 0xc1, 0xe9, 0x01,
    0xf4, 0x00, 0x00, 0xd7, 0x0a, 0xc0, 0x0a, 0xc6, 0xf3, 0x01, 0xff, 0xff, 0xff, 0xf7, 0x0b, 0xc0,
    0x0a, 0xc6, 0xb0, 0x01, 0xf6, 0x33, 0x33, 0x31, 0x2e, 0xa0, 0x0a, 0xc0, 0x00, 0x00, 0x00, 0x00,
    0x00, 0xdf, 0xff, 0x50, 0x0a, 0xc0, 0x00, 0x00, 0x00, 0x00, 0x00, 0x57, 0x63, 0x00, 0x00, 0x00,
    0x00, 0x00, 0x00, 0x05, 0xf4, 0x00, 0x00, 0x00, 0x0a, 0xff, 0xff, 0xfb, 0x00, 0x05, 0xf4, 0x00,
    0x00, 0x00, 0x0a, 0xe6, 0x66, 0xfa, 0x00, 0x05, 0xf4, 0x00, 0x00, 0x00, 0x0a, 0xd0, 0x05, 0xf4,
    0x00, 0x05, 0xf4, 0x00, 0x00, 0x00, 0x0a, 0xd0, 0x0b, 0xe0, 0x00, 0x05, 0xf3, 0x00, 0x00, 0x00,
    0x0a, 0xd0, 0x1f, 0x80, 0x00, 0x06, 0xf5, 0x00, 0x00, 0x00, 0x0a, 0xd0, 0x7f, 0x20, 0x00, 0x07,
    0xf7, 0x00, 0x00, 0x00, 0x0a, 0xd0, 0x9e, 0x20, 0x00, 0x09, 0xfa, 0x00, 0x00, 0x00, 0x0a, 0xd0,
    0x1e, 0xb0, 0x00, 0x0c, 0xfe, 0x00, 0x00, 0x00, 0x0a, 0xd0, 0x06, 0xf4, 0x00, 0x1f, 0x8f, 0x40,
    0x00, 0x00, 0x0a, 0xd0, 0x01, 0xf9, 0x00, 0x6f, 0x2b, 0x90, 0x00, 0x00, 0x0a, 0xd0, 0x00, 0xdb,
    0x00, 0xdc, 0x07, 0xf1, 0x00, 0x00, 0x0a, 0xd0, 0x02, 0xeb, 0x06, 0xf4, 0x01, 0xe9, 0x00, 0x00,
    0x0a, 0xda, 0xff, 0xf5, 0x1e, 0xb0, 0x00, 0x7f, 0x40, 0x00, 0x0a, 0xd4, 0x98, 0x40, 0xce, 0x20,
    0x00, 0x1c, 0xe2, 0x00, 0x0a, 0xd0, 0x00, 0x1b, 0xf4, 0x00, 0x00, 0x02, 0xed, 0x20, 0x0a, 0xd0,
    0x02, 0xce, 0x50, 0x00, 0x00, 0x00, 0x4e, 0xe5, 0x0a, 0xd0, 0x02, 0xc3, 0x00, 0x00, 0x00, 0x00,
    0x03, 0xc2, 0x00, 0x00, 0x00, 0x00, 0x05, 0xd3, 0x00, 0x03, 0xf5, 0x00, 0x0b, 0xff, 0xff, 0xf0,
    0x0a, 0xe0, 0x00, 0x03, 0xf5, 0x00, 0x0b, 0xc6, 0x6c, 0xe0, 0x1e, 0x90, 0x00, 0x03, 0xf5, 0x00,
    0x0b, 0xb0, 0x0e, 0x90, 0x7f, 0x40, 0x00, 0x03, 0xf5, 0x00, 0x0b, 0xb0, 0x4f, 0x40, 0xdf, 0x4f,
    0xff, 0xff, 0xff, 0xfc, 0x0b, 0xb0, 0x8e, 0x06, 0xff, 0x37, 0x77, 0x79, 0xfa, 0x75, 0x0b, 0xb0,
    0xd9, 0x1e, 0xef, 0x20, 0x00, 0x03, 0xf5, 0x00, 0x0b, 0xb3, 0xf5, 0x7f, 0x7f, 0x27, 0x90, 0x03,
    0xf5, 0x00, 0x0b, 0xb1, 0xdc, 0x27, 0x5f, 0x26, 0xf2, 0x03, 0xf5, 0x00, 0x0b, 0xb0, 0x4f, 0x50,
    0x5f, 0x20, 0xea, 0x03, 0xf5, 0x00, 0x0b, 0xb0, 0x0c, 0xb0, 0x5f, 0x20, 0x8f, 0x23, 0xf5, 0x00,
    0x0b, 0xb0, 0x09, 0xe0, 0x5f, 0x20, 0x2c, 0x33, 0xf5, 0x00, 0x0b, 0xb0, 0x08, 0xf0, 0x5f, 0x20,
    0x00, 0x03, 0xf5, 0x00, 0x0b, 0xb0, 0x1c, 0xe0, 0x5f, 0x20, 0x00, 0x03, 0xf5, 0x00, 0x0b, 0xdf,
    0xff, 0x70, 0x5f, 0x20, 0x00, 0x03, 0xf5, 0x00, 0x0b, 0xb6, 0x63, 0x00, 0x5f, 0x20, 0x00, 0x03,
    0xf5, 0x00, 0x0b, 0xb0, 0x00, 0x00, 0x5f, 0x20, 0x00, 0x08, 0xf4, 0x00, 0x0b, 0xb0, 0x00, 0x00,
    0x5f, 0x21, 0xff, 0xff, 0xd0, 0x00, 0x0b, 0xb0, 0x00, 0x00, 0x5f, 0x20, 0x78, 0x86, 0x10, 0x00,
    0x00, 0x00, 0x00, 0x1c, 0x30, 0x00, 0x09, 0x90, 0x00, 0x00, 0x0c, 0xff, 0xff, 0x5d, 0x80, 0x00,
    0x0e, 0x70, 0x00, 0x00, 0x0c, 0xb6, 0x8f, 0x48, 0xd0, 0xcf, 0xff, 0xff, 0xff, 0xf5, 0x0c, 0x90,
    0x7e, 0x14, 0xf3, 0x44, 0xda, 0x44, 0x44, 0x41, 0x0c, 0x90, 0xba, 0x00, 0xc4, 0x03, 0xf2, 0x00,
    0x00, 0x00, 0x0c, 0x91, 0xf6, 0x00, 0x00, 0x0a, 0xff, 0xff, 0xff, 0x20, 0x0c, 0x95, 0xf1, 0x00,
    0x00, 0x4f, 0xd4, 0x44, 0x6f, 0x20, 0x0c, 0x98, 0xe1, 0xef, 0xf0, 0xdf, 0xd0, 0x00, 0x3f, 0x20,
    0x0c, 0x90, 0xca, 0x59, 0xf6, 0xe9, 0xff, 0xff, 0xff, 0x20, 0x0c, 0x90, 0x4f, 0x25, 0xf3, 0x67,
    0xd3, 0x33, 0x6f, 0x20, 0x0c, 0x90, 0x0e, 0x75, 0xf0, 0x07, 0xd0, 0x00, 0x3f, 0x20, 0x0c, 0x90,
    0x0d, 0x85, 0xf0, 0x07, 0xff, 0xff, 0xff, 0x20, 0x0c, 0x90, 0x2f, 0x75, 0xf0, 0x07, 0xd3, 0x33,
    0x6f, 0x20, 0x0c, 0xcf, 0xfe, 0x25, 0xf0, 0x07, 0xd0, 0x00, 0x3f, 0x20, 0x0c, 0x98, 0x83, 0x08,
    0xf0, 0x07, 0xd0, 0x00, 0x6f, 0x10, 0x0c, 0x90, 0x00, 0x3f, 0xe8, 0x07, 0xd0, 0xdf, 0xfc, 0x00,
    0x0c, 0x90, 0x00, 0xca, 0x5f, 0x95, 0x60, 0x46, 0x51, 0x00, 0x0c, 0x90, 0x07, 0xf2, 0x05, 0xef,
    0xff, 0xff, 0xff, 0xf5, 0x0c, 0x90, 0x05, 0x70, 0x00, 0x04, 0x67, 0x78, 0x88, 0x70, 0x00, 0x00,
    0x00, 0x00, 0x1a, 0x80, 0x00, 0x00, 0x00, 0x00, 0x00, 0x00, 0x00, 0x00, 0x0b, 0xe2, 0x00, 0x00,
    0x00, 0x00, 0x09, 0xff, 0xff, 0xff, 0xff, 0xff, 0xff, 0xff, 0xff, 0x90, 0x04, 0x66, 0x6e, 0xd6,
    0x66, 0x66, 0x6e, 0xf7, 0x66, 0x40, 0x00, 0x00, 0x0a, 0xf2, 0x00, 0x00, 0x2f, 0xd0, 0x00, 0x00,
    0x00, 0x00, 0x02, 0xf7, 0x00, 0x00, 0xaf, 0x30, 0x00, 0x00, 0x9f, 0xff, 0xff, 0xff, 0xff, 0xff,
    0xff, 0xff, 0xff, 0xf8, 0x46, 0x66, 0x66, 0x66, 0x66, 0x66, 0x66, 0x66, 0x66, 0x63, 0x00, 0x00,
    0x00, 0x00, 0x00, 0x00, 0x00, 0x00, 0x00, 0x00, 0x00, 0x3f, 0xff, 0xff, 0xff, 0xff, 0xff, 0xff,
    0xf0, 0x00, 0x00, 0x3f, 0x96, 0x66, 0x66, 0x66, 0x66, 0x6a, 0xf0, 0x00, 0x00, 0x3f, 0x50, 0x00,
    0x00, 0x00, 0x00, 0x07, 0xf0, 0x00, 0x00, 0x3f, 0xff, 0xff, 0xff, 0xff, 0xff, 0xff, 0xf0, 0x00,
    0x00, 0x3f, 0x85, 0x55, 0x55, 0x55, 0x55, 0x5a, 0xf0, 0x00, 0x00, 0x3f, 0x50, 0x00, 0x00, 0x00,
    0x00, 0x07, 0xf0, 0x00, 0x00, 0x3f, 0x50, 0x00, 0x00, 0x00, 0x00, 0x07, 0xf0, 0x00, 0x00, 0x3f,
    0xff, 0xff, 0xff, 0xff, 0xff, 0xff, 0xf0, 0x00, 0x00, 0x3f, 0x96, 0x66, 0x66, 0x66, 0x66, 0x6a,
    0xf0, 0x00, 0x5f, 0xff, 0xff, 0xff, 0xff, 0xff, 0xff, 0xff, 0xff, 0xf6, 0x27, 0x77, 0x77, 0x77,
    0x7f, 0xc7, 0x77, 0x77, 0x77, 0x73, 0x00, 0x00, 0x00, 0x00, 0x3f, 0x70, 0x00, 0x00, 0x00, 0x00,
    0x00, 0x00, 0x00, 0x00, 0x7f, 0x20, 0x00, 0x00, 0x00, 0x00, 0x00, 0x2f, 0xff, 0xff, 0xff, 0xff,
    0xff, 0xff, 0xf5, 0x00, 0x00, 0x2f, 0xb7, 0x77, 0x77, 0x77, 0x77, 0x79, 0xf5, 0x00, 0x00, 0x2f,
    0x70, 0x00, 0x00, 0x00, 0x00, 0x04, 0xf5, 0x00, 0x00, 0x2f, 0x70, 0x00, 0x0a, 0xe0, 0x00, 0x04,
    0xf5, 0x00, 0x00, 0x2f, 0x70, 0x00, 0x0a, 0xe0, 0x00, 0x04, 0xf5, 0x00, 0x00, 0x2f, 0x70, 0x00,
    0x0b, 0xd0, 0x00, 0x04, 0xf5, 0x00, 0x00, 0x2f, 0x70, 0x00, 0x0c, 0xc0, 0x00, 0x04, 0xf5, 0x00,
    0x00, 0x2f, 0x70, 0x00, 0x1f, 0x90, 0x00, 0x04, 0xf5, 0x00, 0x00, 0x2f, 0x70, 0x00, 0x7f, 0xb2,
    0x00, 0x04, 0xf5, 0x00, 0x00, 0x00, 0x00, 0x03, 0xee, 0xef, 0xa3, 0x00, 0x00, 0x00, 0x00, 0x00,
    0x00, 0x6e, 0xe3, 0x17, 0xdf, 0xb4, 0x00, 0x00, 0x00, 0x02, 0x7d, 0xfc, 0x20, 0x00, 0x06, 0xdf,
    0xb3, 0x00, 0x39, 0xcf, 0xfc, 0x50, 0x00, 0x00, 0x00, 0x06, 0xef, 0xa1, 0x2d, 0xb7, 0x20, 0x00,
    0x00, 0x00, 0x00, 0x00, 0x18, 0xb0, 0x00, 0x00, 0x09, 0x90, 0x00, 0x00, 0x09, 0x80, 0x00, 0x00,
    0x00, 0x00, 0x08, 0xf6, 0x00, 0x00, 0x4f, 0xa0, 0x00, 0x00, 0x00, 0x00, 0x00, 0xcb, 0x00, 0x01,
    0xdd, 0x10, 0x00, 0x00, 0x7f, 0xff, 0xff, 0xff, 0xff, 0xff, 0xff, 0xff, 0xff, 0xf8, 0x36, 0x66,
    0x66, 0x66, 0x8f, 0x96, 0x66, 0x66, 0x66, 0x63, 0x00, 0x00, 0x00, 0x00, 0x7f, 0x20, 0x00, 0x00,
    0x00, 0x00, 0x00, 0x3f, 0xff, 0xff, 0xff, 0xff, 0xff, 0xff, 0xf5, 0x00, 0x00, 0x3f, 0x85, 0x55,
    0x55, 0x55, 0x55, 0x57, 0xf5, 0x00, 0x00, 0x3f, 0x50, 0x00, 0x00, 0x00, 0x00, 0x03, 0xf5, 0x00,
    0x00, 0x3f, 0x50, 0x00, 0x00, 0x00, 0x00, 0x03, 0xf5, 0x00, 0x00, 0x3f, 0xff, 0xff, 0xff, 0xff,
    0xff, 0xff, 0xf5, 0x00, 0x00, 0x3f, 0x84, 0x44, 0x44, 0x44, 0x44, 0x46, 0xf5, 0x00, 0x00, 0x3f,
    0x50, 0x00, 0x00, 0x00, 0x00, 0x03, 0xf5, 0x00, 0x00, 0x3f, 0xff, 0xff, 0xff, 0xff, 0xff, 0xff,
    0xf5, 0x00, 0x00, 0x3f, 0x84, 0x44, 0x44, 0x44, 0x44, 0x46, 0xf5, 0x00, 0x00, 0x3f, 0x50, 0x00,
    0x00, 0x00, 0x00, 0x03, 0xf5, 0x00, 0x00, 0x3f, 0x50, 0x00, 0x00, 0x00, 0x00, 0x03, 0xf5, 0x00,
    0x00, 0x3f, 0xff, 0xff, 0xff, 0xff, 0xff, 0xff, 0xf5, 0x00, 0x00, 0x3f, 0x85, 0x55, 0x55, 0x55,
    0x55, 0x57, 0xf5, 0x00, 0x00, 0x3f, 0x50, 0x00, 0x00, 0x00, 0x00, 0x03, 0xf5, 0x00, 0x00, 0x00,
    0x00, 0x00, 0x00, 0x00, 0x07, 0xf0, 0x00, 0x00, 0x0b, 0xff, 0xff, 0xff, 0xfe, 0x00, 0x07, 0xf4,
    0xc2, 0x00, 0x0b, 0x81, 0x1f, 0x41, 0x5e, 0x00, 0x07, 0xf0, 0xae, 0x30, 0x0b, 0x9c, 0x0f, 0x3b,
    0x7e, 0x00, 0x07, 0xf0, 0x0a, 0x60, 0x0b, 0x7e, 0x3f, 0x4f, 0x5e, 0x00, 0x07, 0xe0, 0x00, 0x00,
    0x0b, 0x7a, 0x5f, 0x7a, 0x4e, 0x8f, 0xff, 0xff, 0xff, 0xf4, 0x0b, 0x70, 0x0f, 0x30, 0x4e, 0x25,
    0x5b, 0xf5, 0x55, 0x51, 0x0b, 0xff, 0xff, 0xff, 0xfe, 0x00, 0x0a, 0xf2, 0x00, 0x00, 0x0b, 0x81,
    0x1f, 0x41, 0x5e, 0x00, 0x0c, 0xf5, 0x00, 0x00, 0x00, 0x00, 0x0f, 0x30, 0x00, 0x00, 0x0e, 0xf9,
    0x00, 0x00, 0x0e, 0xff, 0xff, 0xff, 0xff, 0x00, 0x3f, 0x9d, 0x00, 0x00, 0x02, 0x23, 0x4f, 0x87,
    0x89, 0x30, 0x8e, 0x2f, 0x40, 0x00, 0x5f, 0xff, 0xff, 0xec, 0xba, 0x30, 0xda, 0x0c, 0xa0, 0x00,
    0x14, 0x32, 0x10, 0x00, 0xb3, 0x06, 0xf3, 0x06, 0xf3, 0x00, 0x07, 0x96, 0x90, 0x00, 0x8c, 0x1d,
    0xb0, 0x01, 0xdc, 0x00, 0x0d, 0x74, 0xe2, 0xd3, 0x1b, 0xbe, 0x20, 0x00, 0x5f, 0x90, 0x4f, 0x21,
    0xd3, 0x99, 0x08, 0xf6, 0x00, 0x00, 0x0b, 0xf7, 0x6a, 0x00, 0x00, 0x00, 0x07, 0x80, 0x00, 0x00,
    0x01, 0xb2, 0x00, 0x00, 0x00, 0x00, 0x00, 0x00, 0x00, 0x00, 0xcc, 0x00, 0x00, 0x00, 0x00, 0x00,
    0x00, 0x00, 0x00, 0x09, 0xe2, 0x00, 0x00, 0x00, 0x00, 0x00, 0x00, 0x00, 0x00, 0x3f, 0x80, 0x00,
    0x00, 0x00, 0x00, 0x00, 0x00, 0x00, 0x00, 0xae, 0x10, 0x00, 0x00, 0x00, 0x00, 0x00, 0x00, 0x00,
    0x02, 0xf9, 0x00, 0x00, 0x00, 0x00, 0x00, 0x00, 0x00, 0x00, 0x06, 0xf5, 0x00, 0x00, 0x00, 0x00,
    0x00, 0x00, 0x00, 0x00, 0x0a, 0xf1, 0x00, 0x00, 0x00, 0x00, 0x00, 0x00, 0x00, 0x00, 0x0c, 0xe0,
    0x00, 0x00, 0x00, 0x00, 0x00, 0x00, 0x00, 0x00, 0x0d, 0xc0, 0x00, 0x00, 0x00, 0x00, 0x00, 0x00,
    0x00, 0x00, 0x0e, 0xb0, 0x00, 0x00, 0x00, 0x00, 0x00, 0x00, 0x00, 0x00, 0x0d, 0xc0, 0x00, 0x00,
    0x00, 0x00, 0x00, 0x00, 0x00, 0x00, 0x0c, 0xd0, 0x00, 0x00, 0x00, 0x00, 0x00, 0x00, 0x00, 0x00,
    0x0a, 0xf1, 0x00, 0x00, 0x00, 0x00, 0x00, 0x00, 0x00, 0x00, 0x06, 0xf5, 0x00, 0x00, 0x00, 0x00,
    0x00, 0x00, 0x00, 0x00, 0x02, 0xf9, 0x00, 0x00, 0x00, 0x00, 0x00, 0x00, 0x00, 0x00, 0x00, 0xbe,
    0x10, 0x00, 0x00, 0x00, 0x00, 0x00, 0x00, 0x00, 0x00, 0x3f, 0x70, 0x00, 0x00, 0x00, 0x00, 0x00,
    0x00, 0x00, 0x00, 0x09, 0xe2, 0x00, 0x00, 0x00, 0x00, 0x00, 0x00, 0x00, 0x00, 0x00, 0xcc, 0x00,
    0x00, 0xcc, 0x00, 0x00, 0x00, 0x00, 0x00, 0x00, 0x00, 0x00, 0x00, 0x2e, 0x90, 0x00, 0x00, 0x00,
    0x00, 0x00, 0x00, 0x00, 0x00, 0x07, 0xf3, 0x00, 0x00, 0x00, 0x00, 0x00, 0x00, 0x00, 0x00, 0x01,
    0xea, 0x00, 0x00, 0x00, 0x00, 0x00, 0x00, 0x00, 0x00, 0x00, 0x9f, 0x20, 0x00, 0x00, 0x00, 0x00,
    0x00, 0x00, 0x00, 0x00, 0x5f, 0x60, 0x00, 0x00, 0x00, 0x00, 0x00, 0x00, 0x00, 0x00, 0x1f, 0xa0,
    0x00, 0x00, 0x00, 0x00, 0x00, 0x00, 0x00, 0x00, 0x0e, 0xc0, 0x00, 0x00, 0x00, 0x00, 0x00, 0x00,
    0x00, 0x00, 0x0c, 0xd0, 0x00, 0x00, 0x00, 0x00, 0x00, 0x00, 0x00, 0x00, 0x0b, 0xe0, 0x00, 0x00,
    0x00, 0x00, 0x00, 0x00, 0x00, 0x00, 0x0c, 0xd0, 0x00, 0x00, 0x00, 0x00, 0x00, 0x00, 0x00, 0x00,
    0x0e, 0xc0, 0x00, 0x00, 0x00, 0x00, 0x00, 0x00, 0x00, 0x00, 0x1f, 0x90, 0x00, 0x00, 0x00, 0x00,
    0x00, 0x00, 0x00, 0x00, 0x5f, 0x60, 0x00, 0x00, 0x00, 0x00, 0x00, 0x00, 0x00, 0x00, 0x9f, 0x20,
    0x00, 0x00, 0x00, 0x00, 0x00, 0x00, 0x00, 0x01, 0xea, 0x00, 0x00, 0x00, 0x00, 0x00, 0x00, 0x00,
    0x00, 0x08, 0xf3, 0x00, 0x00, 0x00, 0x00, 0x00, 0x00, 0x00, 0x00, 0x2e, 0x90, 0x00, 0x00, 0x00,
    0x00, 0x00, 0x00, 0x00, 0x00, 0xcc, 0x00, 0x00, 0x00, 0x00, 0x00, 0x00, 0x00, 0x00, 0x00, 0x00,
    0xdd, 0x00, 0x00, 0x00, 0x00, 0x00, 0x00, 0x00, 0x00, 0x02, 0xf8, 0x00, 0x00, 0x00, 0x00, 0x00,
    0x00, 0x00, 0x00, 0x05, 0xf4, 0x00, 0x00, 0x00, 0x00, 0x00, 0x00, 0x00, 0x00, 0x09, 0xe0, 0x00,
    0x00, 0x00, 0x00, 0x00, 0x00, 0x00, 0x00, 0x0c, 0x90, 0x00, 0x00, 0x00, 0x00, 0x00, 0x00, 0x00,
    0x00, 0x03, 0x10, 0x00, 0x00, 0x00, 0x00, 0x00, 0x00, 0x00, 0x00, 0x01, 0xcd, 0x10, 0x00, 0x00,
    0x00, 0x00, 0x00, 0x00, 0x00, 0x02, 0xff, 0x30, 0x00, 0x00, 0x00, 0x00, 0x00, 0x00, 0x00, 0x00,
    0x55, 0x00, 0x00, 0x00, 0x00, 0x00, 0x00, 0x00, 0x00, 0x00, 0x00, 0x00, 0x00, 0x00, 0x00, 0x00,
    0x00, 0x00, 0x00, 0x00, 0x00, 0x00, 0x00, 0x00, 0x00, 0x00, 0x00, 0x00, 0x00, 0x00, 0x00, 0x00,
    0x00, 0x00, 0x00, 0x00, 0x00, 0x00, 0x00, 0x00, 0x00, 0x00, 0x00, 0x00, 0x00, 0x00, 0x00, 0x00,
    0x00, 0x00, 0x00, 0x00, 0x00, 0x00, 0x00, 0x00, 0x00, 0x00, 0x00, 0x00, 0x55, 0x00, 0x00, 0x00,
    0x00, 0x00, 0x00, 0x00, 0x00, 0x02, 0xff, 0x30, 0x00, 0x00, 0x00, 0x00, 0x00, 0x00, 0x00, 0x01,
    0xcd, 0x10, 0x00, 0x00, 0x00, 0x00, 0x00, 0x00,
};

static const lv_font_fmt_txt_glyph_dsc_t glyph_dsc[] = {
    { .bitmap_index = 0, .adv_w = 0, .box_w = 0, .box_h = 0, .ofs_x = 0, .ofs_y = 0 },
    { .bitmap_index = 0, .adv_w = 96, .box_w = 6, .box_h = 0, .ofs_x = 0, .ofs_y = 0 },
    { .bitmap_index = 0, .adv_w = 96, .box_w = 6, .box_h = 15, .ofs_x = 0, .ofs_y = 0 },
    { .bitmap_index = 45, .adv_w = 144, .box_w = 9, .box_h = 15, .ofs_x = 0, .ofs_y = 0 },
    { .bitmap_index = 113, .adv_w = 208, .box_w = 13, .box_h = 15, .ofs_x = 0, .ofs_y = 0 },
    { .bitmap_index = 211, .adv_w = 192, .box_w = 12, .box_h = 19, .ofs_x = 0, .ofs_y = -2 },
    { .bitmap_index = 325, .adv_w = 288, .box_w = 18, .box_h = 15, .ofs_x = 0, .ofs_y = 0 },
    { .bitmap_index = 460, .adv_w = 272, .box_w = 17, .box_h = 15, .ofs_x = 0, .ofs_y = 0 },
    { .bitmap_index = 588, .adv_w = 80, .box_w = 5, .box_h = 15, .ofs_x = 0, .ofs_y = 0 },
    { .bitmap_index = 626, .adv_w = 112, .box_w = 7, .box_h = 19, .ofs_x = 0, .ofs_y = -4 },
    { .bitmap_index = 693, .adv_w = 112, .box_w = 7, .box_h = 19, .ofs_x = 0, .ofs_y = -4 },
    { .bitmap_index = 760, .adv_w = 144, .box_w = 9, .box_h = 15, .ofs_x = 0, .ofs_y = 0 },
    { .bitmap_index = 828, .adv_w = 240, .box_w = 15, .box_h = 11, .ofs_x = 0, .ofs_y = 0 },
    { .bitmap_index = 911, .adv_w = 80, .box_w = 5, .box_h = 5, .ofs_x = 0, .ofs_y = -3 },
    { .bitmap_index = 924, .adv_w = 144, .box_w = 9, .box_h = 7, .ofs_x = 0, .ofs_y = 0 },
    { .bitmap_index = 956, .adv_w = 80, .box_w = 5, .box_h = 3, .ofs_x = 0, .ofs_y = 0 },
    { .bitmap_index = 964, .adv_w = 144, .box_w = 10, .box_h = 18, .ofs_x = -1, .ofs_y = -3 },
    { .bitmap_index = 1054, .adv_w = 192, .box_w = 12, .box_h = 15, .ofs_x = 0, .ofs_y = 0 },
    { .bitmap_index = 1144, .adv_w = 192, .box_w = 12, .box_h = 15, .ofs_x = 0, .ofs_y = 0 },
    { .bitmap_index = 1234, .adv_w = 192, .box_w = 12, .box_h = 15, .ofs_x = 0, .ofs_y = 0 },
    { .bitmap_index = 1324, .adv_w = 192, .box_w = 12, .box_h = 15, .ofs_x = 0, .ofs_y = 0 },
    { .bitmap_index = 1414, .adv_w = 192, .box_w = 12, .box_h = 15, .ofs_x = 0, .ofs_y = 0 },
    { .bitmap_index = 1504, .adv_w = 192, .box_w = 12, .box_h = 15, .ofs_x = 0, .ofs_y = 0 },
    { .bitmap_index = 1594, .adv_w = 192, .box_w = 12, .box_h = 15, .ofs_x = 0, .ofs_y = 0 },
    { .bitmap_index = 1684, .adv_w = 192, .box_w = 12, .box_h = 15, .ofs_x = 0, .ofs_y = 0 },
    { .bitmap_index = 1774, .adv_w = 192, .box_w = 12, .box_h = 15, .ofs_x = 0, .ofs_y = 0 },
    { .bitmap_index = 1864, .adv_w = 192, .box_w = 12, .box_h = 15, .ofs_x = 0, .ofs_y = 0 },
    { .bitmap_index = 1954, .adv_w = 80, .box_w = 5, .box_h = 11, .ofs_x = 0, .ofs_y = 0 },
    { .bitmap_index = 1982, .adv_w = 80, .box_w = 5, .box_h = 14, .ofs_x = 0, .ofs_y = -3 },
    { .bitmap_index = 2017, .adv_w = 240, .box_w = 15, .box_h = 12, .ofs_x = 0, .ofs_y = 0 },
    { .bitmap_index = 2107, .adv_w = 240, .box_w = 15, .box_h = 9, .ofs_x = 0, .ofs_y = 0 },
    { .bitmap_index = 2175, .adv_w = 240, .box_w = 15, .box_h = 12, .ofs_x = 0, .ofs_y = 0 },
    { .bitmap_index = 2265, .adv_w = 160, .box_w = 10, .box_h = 15, .ofs_x = 0, .ofs_y = 0 },
    { .bitmap_index = 2340, .adv_w = 336, .box_w = 21, .box_h = 18, .ofs_x = 0, .ofs_y = -3 },
    { .bitmap_index = 2529, .adv_w = 224, .box_w = 14, .box_h = 15, .ofs_x = 0, .ofs_y = 0 },
    { .bitmap_index = 2634, .adv_w = 208, .box_w = 13, .box_h = 15, .ofs_x = 0, .ofs_y = 0 },
    { .bitmap_index = 2732, .adv_w = 208, .box_w = 13, .box_h = 15, .ofs_x = 0, .ofs_y = 0 },
    { .bitmap_index = 2830, .adv_w = 240, .box_w = 15, .box_h = 15, .ofs_x = 0, .ofs_y = 0 },
    { .bitmap_index = 2943, .adv_w = 176, .box_w = 11, .box_h = 15, .ofs_x = 0, .ofs_y = 0 },
    { .bitmap_index = 3026, .adv_w = 176, .box_w = 11, .box_h = 15, .ofs_x = 0, .ofs_y = 0 },
    { .bitmap_index = 3109, .adv_w = 240, .box_w = 15, .box_h = 15, .ofs_x = 0, .ofs_y = 0 },
    { .bitmap_index = 3222, .adv_w = 240, .box_w = 15, .box_h = 15, .ofs_x = 0, .ofs_y = 0 },
    { .bitmap_index = 3335, .adv_w = 96, .box_w = 6, .box_h = 15, .ofs_x = 0, .ofs_y = 0 },
    { .bitmap_index = 3380, .adv_w = 128, .box_w = 8, .box_h = 15, .ofs_x = 0, .ofs_y = 0 },
    { .bitmap_index = 3440, .adv_w = 208, .box_w = 13, .box_h = 15, .ofs_x = 0, .ofs_y = 0 },
    { .bitmap_index = 3538, .adv_w = 160, .box_w = 10, .box_h = 15, .ofs_x = 0, .ofs_y = 0 },
    { .bitmap_index = 3613, .adv_w = 320, .box_w = 20, .box_h = 15, .ofs_x = 0, .ofs_y = 0 },
    { .bitmap_index = 3763, .adv_w = 256, .box_w = 16, .box_h = 15, .ofs_x = 0, .ofs_y = 0 },
    { .bitmap_index = 3883, .adv_w = 256, .box_w = 16, .box_h = 15, .ofs_x = 0, .ofs_y = 0 },
    { .bitmap_index = 4003, .adv_w = 192, .box_w = 12, .box_h = 15, .ofs_x = 0, .ofs_y = 0 },
    { .bitmap_index = 4093, .adv_w = 256, .box_w = 17, .box_h = 17, .ofs_x = 0, .ofs_y = -2 },
    { .bitmap_index = 4238, .adv_w = 208, .box_w = 13, .box_h = 15, .ofs_x = 0, .ofs_y = 0 },
    { .bitmap_index = 4336, .adv_w = 192, .box_w = 12, .box_h = 15, .ofs_x = 0, .ofs_y = 0 },
    { .bitmap_index = 4426, .adv_w = 176, .box_w = 12, .box_h = 15, .ofs_x = 0, .ofs_y = 0 },
    { .bitmap_index = 4516, .adv_w = 240, .box_w = 15, .box_h = 15, .ofs_x = 0, .ofs_y = 0 },
    { .bitmap_index = 4629, .adv_w = 224, .box_w = 14, .box_h = 15, .ofs_x = 0, .ofs_y = 0 },
    { .bitmap_index = 4734, .adv_w = 320, .box_w = 21, .box_h = 15, .ofs_x = 0, .ofs_y = 0 },
    { .bitmap_index = 4892, .adv_w = 208, .box_w = 13, .box_h = 15, .ofs_x = 0, .ofs_y = 0 },
    { .bitmap_index = 4990, .adv_w = 192, .box_w = 12, .box_h = 15, .ofs_x = 0, .ofs_y = 0 },
    { .bitmap_index = 5080, .adv_w = 192, .box_w = 12, .box_h = 15, .ofs_x = 0, .ofs_y = 0 },
    { .bitmap_index = 5170, .adv_w = 112, .box_w = 7, .box_h = 18, .ofs_x = 0, .ofs_y = -3 },
    { .bitmap_index = 5233, .adv_w = 128, .box_w = 10, .box_h = 18, .ofs_x = -1, .ofs_y = -3 },
    { .bitmap_index = 5323, .adv_w = 112, .box_w = 7, .box_h = 18, .ofs_x = 0, .ofs_y = -3 },
    { .bitmap_index = 5386, .adv_w = 240, .box_w = 15, .box_h = 15, .ofs_x = 0, .ofs_y = 0 },
    { .bitmap_index = 5499, .adv_w = 144, .box_w = 9, .box_h = 5, .ofs_x = 0, .ofs_y = -5 },
    { .bitmap_index = 5522, .adv_w = 96, .box_w = 6, .box_h = 16, .ofs_x = 0, .ofs_y = 0 },
    { .bitmap_index = 5570, .adv_w = 176, .box_w = 11, .box_h = 11, .ofs_x = 0, .ofs_y = 0 },
    { .bitmap_index = 5631, .adv_w = 208, .box_w = 13, .box_h = 16, .ofs_x = 0, .ofs_y = 0 },
    { .bitmap_index = 5735, .adv_w = 160, .box_w = 10, .box_h = 11, .ofs_x = 0, .ofs_y = 0 },
    { .bitmap_index = 5790, .adv_w = 208, .box_w = 13, .box_h = 16, .ofs_x = 0, .ofs_y = 0 },
    { .bitmap_index = 5894, .adv_w = 176, .box_w = 11, .box_h = 11, .ofs_x = 0, .ofs_y = 0 },
    { .bitmap_index = 5955, .adv_w = 112, .box_w = 8, .box_h = 16, .ofs_x = 0, .ofs_y = 0 },
    { .bitmap_index = 6019, .adv_w = 208, .box_w = 13, .box_h = 16, .ofs_x = 0, .ofs_y = -5 },
    { .bitmap_index = 6123, .adv_w = 192, .box_w = 12, .box_h = 16, .ofs_x = 0, .ofs_y = 0 },
    { .bitmap_index = 6219, .adv_w = 80, .box_w = 5, .box_h = 16, .ofs_x = 0, .ofs_y = 0 },
    { .bitmap_index = 6259, .adv_w = 80, .box_w = 8, .box_h = 21, .ofs_x = -3, .ofs_y = -5 },
    { .bitmap_index = 6343, .adv_w = 176, .box_w = 11, .box_h = 16, .ofs_x = 0, .ofs_y = 0 },
    { .bitmap_index = 6431, .adv_w = 80, .box_w = 5, .box_h = 16, .ofs_x = 0, .ofs_y = 0 },
    { .bitmap_index = 6471, .adv_w = 304, .box_w = 19, .box_h = 11, .ofs_x = 0, .ofs_y = 0 },
    { .bitmap_index = 6576, .adv_w = 192, .box_w = 12, .box_h = 11, .ofs_x = 0, .ofs_y = 0 },
    { .bitmap_index = 6642, .adv_w = 208, .box_w = 13, .box_h = 11, .ofs_x = 0, .ofs_y = 0 },
    { .bitmap_index = 6714, .adv_w = 208, .box_w = 13, .box_h = 16, .ofs_x = 0, .ofs_y = -5 },
    { .bitmap_index = 6818, .adv_w = 208, .box_w = 13, .box_h = 16, .ofs_x = 0, .ofs_y = -5 },
    { .bitmap_index = 6922, .adv_w = 128, .box_w = 8, .box_h = 11, .ofs_x = 0, .ofs_y = 0 },
    { .bitmap_index = 6966, .adv_w = 144, .box_w = 9, .box_h = 11, .ofs_x = 0, .ofs_y = 0 },
    { .bitmap_index = 7016, .adv_w = 112, .box_w = 7, .box_h = 14, .ofs_x = 0, .ofs_y = 0 },
    { .bitmap_index = 7065, .adv_w = 192, .box_w = 12, .box_h = 11, .ofs_x = 0, .ofs_y = 0 },
    { .bitmap_index = 7131, .adv_w = 176, .box_w = 11, .box_h = 11, .ofs_x = 0, .ofs_y = 0 },
    { .bitmap_index = 7192, .adv_w = 256, .box_w = 16, .box_h = 11, .ofs_x = 0, .ofs_y = 0 },
    { .bitmap_index = 7280, .adv_w = 160, .box_w = 10, .box_h = 11, .ofs_x = 0, .ofs_y = 0 },
    { .bitmap_index = 7335, .adv_w = 176, .box_w = 11, .box_h = 16, .ofs_x = 0, .ofs_y = -5 },
    { .bitmap_index = 7423, .adv_w = 160, .box_w = 10, .box_h = 11, .ofs_x = 0, .ofs_y = 0 },
    { .bitmap_index = 7478, .adv_w = 112, .box_w = 7, .box_h = 18, .ofs_x = 0, .ofs_y = -3 },
    { .bitmap_index = 7541, .adv_w = 80, .box_w = 5, .box_h = 22, .ofs_x = 0, .ofs_y = -5 },
    { .bitmap_index = 7596, .adv_w = 112, .box_w = 7, .box_h = 18, .ofs_x = 0, .ofs_y = -3 },
    { .bitmap_index = 7659, .adv_w = 240, .box_w = 15, .box_h = 8, .ofs_x = 0, .ofs_y = 0 },
    { .bitmap_index = 7719, .adv_w = 304, .box_w = 19, .box_h = 16, .ofs_x = 0, .ofs_y = -1 },
    { .bitmap_index = 7871, .adv_w = 80, .box_w = 5, .box_h = 8, .ofs_x = 0, .ofs_y = 0 },
    { .bitmap_index = 7891, .adv_w = 224, .box_w = 14, .box_h = 15, .ofs_x = 0, .ofs_y = 0 },
    { .bitmap_index = 7996, .adv_w = 320, .box_w = 20, .box_h = 4, .ofs_x = 0, .ofs_y = -2 },
    { .bitmap_index = 8036, .adv_w = 320, .box_w = 20, .box_h = 8, .ofs_x = 0, .ofs_y = 0 },
    { .bitmap_index = 8116, .adv_w = 320, .box_w = 20, .box_h = 18, .ofs_x = 0, .ofs_y = -2 },
    { .bitmap_index = 8296, .adv_w = 320, .box_w = 20, .box_h = 17, .ofs_x = 0, .ofs_y = -2 },
    { .bitmap_index = 8466, .adv_w = 320, .box_w = 20, .box_h = 17, .ofs_x = 0, .ofs_y = -2 },
    { .bitmap_index = 8636, .adv_w = 320, .box_w = 20, .box_h = 18, .ofs_x = 0, .ofs_y = -2 },
    { .bitmap_index = 8816, .adv_w = 320, .box_w = 20, .box_h = 18, .ofs_x = 0, .ofs_y = -2 },
    { .bitmap_index = 8996, .adv_w = 320, .box_w = 20, .box_h = 19, .ofs_x = 0, .ofs_y = -2 },
    { .bitmap_index = 9186, .adv_w = 320, .box_w = 20, .box_h = 17, .ofs_x = 0, .ofs_y = -2 },
    { .bitmap_index = 9356, .adv_w = 320, .box_w = 20, .box_h = 18, .ofs_x = 0, .ofs_y = -2 },
    { .bitmap_index = 9536, .adv_w = 320, .box_w = 20, .box_h = 17, .ofs_x = 0, .ofs_y = -2 },
    { .bitmap_index = 9706, .adv_w = 320, .box_w = 20, .box_h = 19, .ofs_x = 0, .ofs_y = -3 },
    { .bitmap_index = 9896, .adv_w = 320, .box_w = 20, .box_h = 17, .ofs_x = 0, .ofs_y = -1 },
    { .bitmap_index = 10066, .adv_w = 320, .box_w = 20, .box_h = 18, .ofs_x = 0, .ofs_y = -2 },
    { .bitmap_index = 10246, .adv_w = 320, .box_w = 20, .box_h = 19, .ofs_x = 0, .ofs_y = -3 },
    { .bitmap_index = 10436, .adv_w = 320, .box_w = 20, .box_h = 18, .ofs_x = 0, .ofs_y = -2 },
    { .bitmap_index = 10616, .adv_w = 320, .box_w = 20, .box_h = 19, .ofs_x = 0, .ofs_y = -3 },
    { .bitmap_index = 10806, .adv_w = 320, .box_w = 20, .box_h = 19, .ofs_x = 0, .ofs_y = -3 },
    { .bitmap_index = 10996, .adv_w = 320, .box_w = 20, .box_h = 17, .ofs_x = 0, .ofs_y = -1 },
    { .bitmap_index = 11166, .adv_w = 320, .box_w = 20, .box_h = 17, .ofs_x = 0, .ofs_y = -2 },
    { .bitmap_index = 11336, .adv_w = 320, .box_w = 20, .box_h = 18, .ofs_x = 0, .ofs_y = -2 },
    { .bitmap_index = 11516, .adv_w = 320, .box_w = 20, .box_h = 20, .ofs_x = 0, .ofs_y = -3 },
    { .bitmap_index = 11716, .adv_w = 320, .box_w = 20, .box_h = 18, .ofs_x = 0, .ofs_y = -2 },
    { .bitmap_index = 11896, .adv_w = 320, .box_w = 20, .box_h = 19, .ofs_x = 0, .ofs_y = -2 },
    { .bitmap_index = 12086, .adv_w = 320, .box_w = 20, .box_h = 18, .ofs_x = 0, .ofs_y = -3 },
    { .bitmap_index = 12266, .adv_w = 320, .box_w = 20, .box_h = 18, .ofs_x = 0, .ofs_y = -2 },
    { .bitmap_index = 12446, .adv_w = 320, .box_w = 20, .box_h = 18, .ofs_x = 0, .ofs_y = -2 },
    { .bitmap_index = 12626, .adv_w = 320, .box_w = 20, .box_h = 17, .ofs_x = 0, .ofs_y = -2 },
    { .bitmap_index = 12796, .adv_w = 320, .box_w = 20, .box_h = 18, .ofs_x = 0, .ofs_y = -2 },
    { .bitmap_index = 12976, .adv_w = 320, .box_w = 20, .box_h = 17, .ofs_x = 0, .ofs_y = -2 },
    { .bitmap_index = 13146, .adv_w = 320, .box_w = 20, .box_h = 18, .ofs_x = 0, .ofs_y = -2 },
    { .bitmap_index = 13326, .adv_w = 320, .box_w = 20, .box_h = 18, .ofs_x = 0, .ofs_y = -2 },
    { .bitmap_index = 13506, .adv_w = 320, .box_w = 20, .box_h = 19, .ofs_x = 0, .ofs_y = -3 },
    { .bitmap_index = 13696, .adv_w = 320, .box_w = 20, .box_h = 19, .ofs_x = 0, .ofs_y = -3 },
    { .bitmap_index = 13886, .adv_w = 320, .box_w = 20, .box_h = 18, .ofs_x = 0, .ofs_y = -2 },
    { .bitmap_index = 14066, .adv_w = 320, .box_w = 20, .box_h = 19, .ofs_x = 0, .ofs_y = -3 },
    { .bitmap_index = 14256, .adv_w = 320, .box_w = 20, .box_h = 19, .ofs_x = 0, .ofs_y = -3 },
    { .bitmap_index = 14446, .adv_w = 320, .box_w = 20, .box_h = 18, .ofs_x = 0, .ofs_y = -2 },
    { .bitmap_index = 14626, .adv_w = 320, .box_w = 20, .box_h = 18, .ofs_x = 0, .ofs_y = -2 },
    { .bitmap_index = 14806, .adv_w = 320, .box_w = 20, .box_h = 18, .ofs_x = 0, .ofs_y = -2 },
    { .bitmap_index = 14986, .adv_w = 320, .box_w = 20, .box_h = 17, .ofs_x = 0, .ofs_y = -2 },
    { .bitmap_index = 15156, .adv_w = 320, .box_w = 20, .box_h = 18, .ofs_x = 0, .ofs_y = -2 },
    { .bitmap_index = 15336, .adv_w = 320, .box_w = 20, .box_h = 19, .ofs_x = 0, .ofs_y = -3 },
    { .bitmap_index = 15526, .adv_w = 320, .box_w = 20, .box_h = 18, .ofs_x = 0, .ofs_y = -2 },
    { .bitmap_index = 15706, .adv_w = 320, .box_w = 20, .box_h = 18, .ofs_x = 0, .ofs_y = -3 },
    { .bitmap_index = 15886, .adv_w = 320, .box_w = 20, .box_h = 17, .ofs_x = 0, .ofs_y = -2 },
    { .bitmap_index = 16056, .adv_w = 320, .box_w = 20, .box_h = 18, .ofs_x = 0, .ofs_y = -2 },
    { .bitmap_index = 16236, .adv_w = 320, .box_w = 20, .box_h = 18, .ofs_x = 0, .ofs_y = -3 },
    { .bitmap_index = 16416, .adv_w = 320, .box_w = 20, .box_h = 18, .ofs_x = 0, .ofs_y = -2 },
    { .bitmap_index = 16596, .adv_w = 320, .box_w = 20, .box_h = 18, .ofs_x = 0, .ofs_y = -2 },
    { .bitmap_index = 16776, .adv_w = 320, .box_w = 20, .box_h = 17, .ofs_x = 0, .ofs_y = -2 },
    { .bitmap_index = 16946, .adv_w = 320, .box_w = 20, .box_h = 17, .ofs_x = 0, .ofs_y = -2 },
    { .bitmap_index = 17116, .adv_w = 320, .box_w = 20, .box_h = 18, .ofs_x = 0, .ofs_y = -2 },
    { .bitmap_index = 17296, .adv_w = 320, .box_w = 20, .box_h = 19, .ofs_x = 0, .ofs_y = -3 },
    { .bitmap_index = 17486, .adv_w = 320, .box_w = 20, .box_h = 18, .ofs_x = 0, .ofs_y = -2 },
    { .bitmap_index = 17666, .adv_w = 320, .box_w = 20, .box_h = 17, .ofs_x = 0, .ofs_y = -2 },
    { .bitmap_index = 17836, .adv_w = 320, .box_w = 20, .box_h = 19, .ofs_x = 0, .ofs_y = -3 },
    { .bitmap_index = 18026, .adv_w = 320, .box_w = 20, .box_h = 18, .ofs_x = 0, .ofs_y = -2 },
    { .bitmap_index = 18206, .adv_w = 320, .box_w = 20, .box_h = 18, .ofs_x = 0, .ofs_y = -2 },
    { .bitmap_index = 18386, .adv_w = 320, .box_w = 20, .box_h = 19, .ofs_x = 0, .ofs_y = -3 },
    { .bitmap_index = 18576, .adv_w = 320, .box_w = 20, .box_h = 16, .ofs_x = 0, .ofs_y = -2 },
    { .bitmap_index = 18736, .adv_w = 320, .box_w = 20, .box_h = 18, .ofs_x = 0, .ofs_y = -2 },
    { .bitmap_index = 18916, .adv_w = 320, .box_w = 20, .box_h = 17, .ofs_x = 0, .ofs_y = -2 },
    { .bitmap_index = 19086, .adv_w = 320, .box_w = 20, .box_h = 18, .ofs_x = 0, .ofs_y = -2 },
    { .bitmap_index = 19266, .adv_w = 320, .box_w = 20, .box_h = 20, .ofs_x = 0, .ofs_y = -3 },
    { .bitmap_index = 19466, .adv_w = 320, .box_w = 20, .box_h = 18, .ofs_x = 0, .ofs_y = -2 },
    { .bitmap_index = 19646, .adv_w = 320, .box_w = 20, .box_h = 19, .ofs_x = 0, .ofs_y = -3 },
    { .bitmap_index = 19836, .adv_w = 320, .box_w = 20, .box_h = 19, .ofs_x = 0, .ofs_y = -3 },
    { .bitmap_index = 20026, .adv_w = 320, .box_w = 20, .box_h = 17, .ofs_x = 0, .ofs_y = -2 },
    { .bitmap_index = 20196, .adv_w = 320, .box_w = 20, .box_h = 18, .ofs_x = 0, .ofs_y = -2 },
    { .bitmap_index = 20376, .adv_w = 320, .box_w = 20, .box_h = 19, .ofs_x = 0, .ofs_y = -2 },
    { .bitmap_index = 20566, .adv_w = 320, .box_w = 20, .box_h = 18, .ofs_x = 0, .ofs_y = -2 },
    { .bitmap_index = 20746, .adv_w = 320, .box_w = 20, .box_h = 17, .ofs_x = 0, .ofs_y = -2 },
    { .bitmap_index = 20916, .adv_w = 320, .box_w = 20, .box_h = 19, .ofs_x = 0, .ofs_y = -3 },
    { .bitmap_index = 21106, .adv_w = 320, .box_w = 20, .box_h = 18, .ofs_x = 0, .ofs_y = -2 },
    { .bitmap_index = 21286, .adv_w = 320, .box_w = 20, .box_h = 19, .ofs_x = 0, .ofs_y = -2 },
    { .bitmap_index = 21476, .adv_w = 320, .box_w = 20, .box_h = 18, .ofs_x = 0, .ofs_y = -2 },
    { .bitmap_index = 21656, .adv_w = 320, .box_w = 20, .box_h = 19, .ofs_x = 0, .ofs_y = -2 },
    { .bitmap_index = 21846, .adv_w = 320, .box_w = 20, .box_h = 18, .ofs_x = 0, .ofs_y = -2 },
    { .bitmap_index = 22026, .adv_w = 320, .box_w = 20, .box_h = 19, .ofs_x = 0, .ofs_y = -2 },
    { .bitmap_index = 22216, .adv_w = 320, .box_w = 20, .box_h = 20, .ofs_x = 0, .ofs_y = -3 },
    { .bitmap_index = 22416, .adv_w = 320, .box_w = 20, .box_h = 17, .ofs_x = 0, .ofs_y = -2 },
    { .bitmap_index = 22586, .adv_w = 320, .box_w = 20, .box_h = 17, .ofs_x = 0, .ofs_y = -2 },
    { .bitmap_index = 22756, .adv_w = 320, .box_w = 20, .box_h = 18, .ofs_x = 0, .ofs_y = -2 },
    { .bitmap_index = 22936, .adv_w = 320, .box_w = 20, .box_h = 18, .ofs_x = 0, .ofs_y = -3 },
    { .bitmap_index = 23116, .adv_w = 320, .box_w = 20, .box_h = 18, .ofs_x = 0, .ofs_y = -2 },
    { .bitmap_index = 23296, .adv_w = 320, .box_w = 20, .box_h = 17, .ofs_x = 0, .ofs_y = -2 },
    { .bitmap_index = 23466, .adv_w = 320, .box_w = 20, .box_h = 17, .ofs_x = 0, .ofs_y = -2 },
    { .bitmap_index = 23636, .adv_w = 320, .box_w = 20, .box_h = 17, .ofs_x = 0, .ofs_y = -2 },
    { .bitmap_index = 23806, .adv_w = 320, .box_w = 20, .box_h = 20, .ofs_x = 0, .ofs_y = -3 },
    { .bitmap_index = 24006, .adv_w = 320, .box_w = 20, .box_h = 19, .ofs_x = 0, .ofs_y = -3 },
    { .bitmap_index = 24196, .adv_w = 320, .box_w = 20, .box_h = 19, .ofs_x = 0, .ofs_y = -3 },
    { .bitmap_index = 24386, .adv_w = 320, .box_w = 20, .box_h = 18, .ofs_x = 0, .ofs_y = -2 },
    { .bitmap_index = 24566, .adv_w = 320, .box_w = 20, .box_h = 18, .ofs_x = 0, .ofs_y = -2 },
    { .bitmap_index = 24746, .adv_w = 320, .box_w = 20, .box_h = 17, .ofs_x = 0, .ofs_y = -1 },
    { .bitmap_index = 24916, .adv_w = 320, .box_w = 20, .box_h = 17, .ofs_x = 0, .ofs_y = -2 },
    { .bitmap_index = 25086, .adv_w = 320, .box_w = 20, .box_h = 19, .ofs_x = 0, .ofs_y = -3 },
    { .bitmap_index = 25276, .adv_w = 320, .box_w = 20, .box_h = 18, .ofs_x = 0, .ofs_y = -2 },
    { .bitmap_index = 25456, .adv_w = 320, .box_w = 20, .box_h = 19, .ofs_x = 0, .ofs_y = -3 },
    { .bitmap_index = 25646, .adv_w = 320, .box_w = 20, .box_h = 19, .ofs_x = 0, .ofs_y = -3 },
    { .bitmap_index = 25836, .adv_w = 320, .box_w = 20, .box_h = 18, .ofs_x = 0, .ofs_y = -2 },
    { .bitmap_index = 26016, .adv_w = 320, .box_w = 20, .box_h = 18, .ofs_x = 0, .ofs_y = -2 },
    { .bitmap_index = 26196, .adv_w = 320, .box_w = 20, .box_h = 18, .ofs_x = 0, .ofs_y = -2 },
    { .bitmap_index = 26376, .adv_w = 320, .box_w = 20, .box_h = 18, .ofs_x = 0, .ofs_y = -2 },
    { .bitmap_index = 26556, .adv_w = 320, .box_w = 20, .box_h = 19, .ofs_x = 0, .ofs_y = -3 },
    { .bitmap_index = 26746, .adv_w = 320, .box_w = 20, .box_h = 18, .ofs_x = 0, .ofs_y = -2 },
    { .bitmap_index = 26926, .adv_w = 320, .box_w = 20, .box_h = 18, .ofs_x = 0, .ofs_y = -2 },
    { .bitmap_index = 27106, .adv_w = 320, .box_w = 20, .box_h = 18, .ofs_x = 0, .ofs_y = -2 },
    { .bitmap_index = 27286, .adv_w = 320, .box_w = 20, .box_h = 18, .ofs_x = 0, .ofs_y = -2 },
    { .bitmap_index = 27466, .adv_w = 320, .box_w = 20, .box_h = 18, .ofs_x = 0, .ofs_y = -2 },
    { .bitmap_index = 27646, .adv_w = 320, .box_w = 20, .box_h = 18, .ofs_x = 0, .ofs_y = -2 },
    { .bitmap_index = 27826, .adv_w = 320, .box_w = 20, .box_h = 18, .ofs_x = 0, .ofs_y = -2 },
    { .bitmap_index = 28006, .adv_w = 320, .box_w = 20, .box_h = 18, .ofs_x = 0, .ofs_y = -2 },
    { .bitmap_index = 28186, .adv_w = 320, .box_w = 20, .box_h = 19, .ofs_x = 0, .ofs_y = -3 },
    { .bitmap_index = 28376, .adv_w = 320, .box_w = 20, .box_h = 19, .ofs_x = 0, .ofs_y = -3 },
    { .bitmap_index = 28566, .adv_w = 320, .box_w = 20, .box_h = 19, .ofs_x = 0, .ofs_y = -3 },
    { .bitmap_index = 28756, .adv_w = 320, .box_w = 20, .box_h = 18, .ofs_x = 0, .ofs_y = -2 },
    { .bitmap_index = 28936, .adv_w = 320, .box_w = 20, .box_h = 19, .ofs_x = 0, .ofs_y = -3 },
    { .bitmap_index = 29126, .adv_w = 320, .box_w = 20, .box_h = 19, .ofs_x = 0, .ofs_y = -3 },
    { .bitmap_index = 29316, .adv_w = 320, .box_w = 20, .box_h = 19, .ofs_x = 0, .ofs_y = -3 },
    { .bitmap_index = 29506, .adv_w = 320, .box_w = 20, .box_h = 20, .ofs_x = 0, .ofs_y = -3 },
    { .bitmap_index = 29706, .adv_w = 320, .box_w = 20, .box_h = 18, .ofs_x = 0, .ofs_y = -1 },
    { .bitmap_index = 29886, .adv_w = 320, .box_w = 20, .box_h = 20, .ofs_x = 0, .ofs_y = -3 },
    { .bitmap_index = 30086, .adv_w = 320, .box_w = 20, .box_h = 18, .ofs_x = 0, .ofs_y = -1 },
    { .bitmap_index = 30266, .adv_w = 320, .box_w = 20, .box_h = 20, .ofs_x = 0, .ofs_y = -3 },
    { .bitmap_index = 30466, .adv_w = 320, .box_w = 20, .box_h = 18, .ofs_x = 0, .ofs_y = -3 },
    { .bitmap_index = 30646, .adv_w = 320, .box_w = 20, .box_h = 19, .ofs_x = 0, .ofs_y = -2 },
    { .bitmap_index = 30836, .adv_w = 320, .box_w = 20, .box_h = 17, .ofs_x = 0, .ofs_y = -2 },
    { .bitmap_index = 31006, .adv_w = 320, .box_w = 20, .box_h = 19, .ofs_x = 0, .ofs_y = -2 },
    { .bitmap_index = 31196, .adv_w = 320, .box_w = 20, .box_h = 19, .ofs_x = 0, .ofs_y = -2 },
    { .bitmap_index = 31386, .adv_w = 320, .box_w = 20, .box_h = 17, .ofs_x = 0, .ofs_y = -2 },
    { .bitmap_index = 31556, .adv_w = 320, .box_w = 20, .box_h = 17, .ofs_x = 0, .ofs_y = -2 },
    { .bitmap_index = 31726, .adv_w = 320, .box_w = 20, .box_h = 19, .ofs_x = 0, .ofs_y = -4 },
    { .bitmap_index = 31916, .adv_w = 320, .box_w = 20, .box_h = 19, .ofs_x = 0, .ofs_y = -3 },
    { .bitmap_index = 32106, .adv_w = 320, .box_w = 20, .box_h = 20, .ofs_x = 0, .ofs_y = -3 },
    { .bitmap_index = 32306, .adv_w = 320, .box_w = 20, .box_h = 20, .ofs_x = 0, .ofs_y = -3 },
    { .bitmap_index = 32506, .adv_w = 320, .box_w = 20, .box_h = 19, .ofs_x = 0, .ofs_y = -2 },
    { .bitmap_index = 32696, .adv_w = 320, .box_w = 20, .box_h = 19, .ofs_x = 0, .ofs_y = -3 },
    { .bitmap_index = 32886, .adv_w = 320, .box_w = 20, .box_h = 20, .ofs_x = 0, .ofs_y = -3 },
    { .bitmap_index = 33086, .adv_w = 320, .box_w = 20, .box_h = 19, .ofs_x = 0, .ofs_y = -2 },
    { .bitmap_index = 33276, .adv_w = 320, .box_w = 20, .box_h = 19, .ofs_x = 0, .ofs_y = -3 },
    { .bitmap_index = 33466, .adv_w = 320, .box_w = 20, .box_h = 17, .ofs_x = 0, .ofs_y = -2 },
    { .bitmap_index = 33636, .adv_w = 320, .box_w = 20, .box_h = 17, .ofs_x = 0, .ofs_y = -2 },
    { .bitmap_index = 33806, .adv_w = 320, .box_w = 20, .box_h = 20, .ofs_x = 0, .ofs_y = -3 },
    { .bitmap_index = 34006, .adv_w = 320, .box_w = 20, .box_h = 19, .ofs_x = 0, .ofs_y = -3 },
    { .bitmap_index = 34196, .adv_w = 320, .box_w = 20, .box_h = 20, .ofs_x = 0, .ofs_y = -3 },
    { .bitmap_index = 34396, .adv_w = 320, .box_w = 20, .box_h = 18, .ofs_x = 0, .ofs_y = -2 },
    { .bitmap_index = 34576, .adv_w = 320, .box_w = 20, .box_h = 19, .ofs_x = 0, .ofs_y = -3 },
    { .bitmap_index = 34766, .adv_w = 320, .box_w = 20, .box_h = 19, .ofs_x = 0, .ofs_y = -3 },
    { .bitmap_index = 34956, .adv_w = 320, .box_w = 20, .box_h = 18, .ofs_x = 0, .ofs_y = -2 },
    { .bitmap_index = 35136, .adv_w = 320, .box_w = 20, .box_h = 18, .ofs_x = 0, .ofs_y = -2 },
    { .bitmap_index = 35316, .adv_w = 320, .box_w = 20, .box_h = 18, .ofs_x = 0, .ofs_y = -2 },
    { .bitmap_index = 35496, .adv_w = 320, .box_w = 20, .box_h = 17, .ofs_x = 0, .ofs_y = -2 },
    { .bitmap_index = 35666, .adv_w = 320, .box_w = 20, .box_h = 18, .ofs_x = 0, .ofs_y = -3 },
    { .bitmap_index = 35846, .adv_w = 320, .box_w = 20, .box_h = 18, .ofs_x = 0, .ofs_y = -3 },
    { .bitmap_index = 36026, .adv_w = 320, .box_w = 20, .box_h = 18, .ofs_x = 0, .ofs_y = -2 },
    { .bitmap_index = 36206, .adv_w = 320, .box_w = 20, .box_h = 19, .ofs_x = 0, .ofs_y = -2 },
    { .bitmap_index = 36396, .adv_w = 320, .box_w = 20, .box_h = 18, .ofs_x = 0, .ofs_y = -3 },
    { .bitmap_index = 36576, .adv_w = 320, .box_w = 20, .box_h = 18, .ofs_x = 0, .ofs_y = -1 },
    { .bitmap_index = 36756, .adv_w = 320, .box_w = 20, .box_h = 18, .ofs_x = 0, .ofs_y = -2 },
    { .bitmap_index = 36936, .adv_w = 320, .box_w = 20, .box_h = 20, .ofs_x = 0, .ofs_y = -3 },
    { .bitmap_index = 37136, .adv_w = 320, .box_w = 20, .box_h = 18, .ofs_x = 0, .ofs_y = -2 },
    { .bitmap_index = 37316, .adv_w = 320, .box_w = 20, .box_h = 16, .ofs_x = 0, .ofs_y = -1 },
    { .bitmap_index = 37476, .adv_w = 320, .box_w = 20, .box_h = 20, .ofs_x = 0, .ofs_y = -3 },
    { .bitmap_index = 37676, .adv_w = 320, .box_w = 20, .box_h = 18, .ofs_x = 0, .ofs_y = -3 },
    { .bitmap_index = 37856, .adv_w = 320, .box_w = 20, .box_h = 18, .ofs_x = 0, .ofs_y = -2 },
    { .bitmap_index = 38036, .adv_w = 320, .box_w = 20, .box_h = 18, .ofs_x = 0, .ofs_y = -2 },
    { .bitmap_index = 38216, .adv_w = 320, .box_w = 20, .box_h = 20, .ofs_x = 0, .ofs_y = -3 },
    { .bitmap_index = 38416, .adv_w = 320, .box_w = 20, .box_h = 20, .ofs_x = 0, .ofs_y = -3 },
    { .bitmap_index = 38616, .adv_w = 320, .box_w = 20, .box_h = 19, .ofs_x = 0, .ofs_y = -2 },
    { .bitmap_index = 38806, .adv_w = 320, .box_w = 20, .box_h = 20, .ofs_x = 0, .ofs_y = -3 },
    { .bitmap_index = 39006, .adv_w = 320, .box_w = 20, .box_h = 19, .ofs_x = 0, .ofs_y = -3 },
    { .bitmap_index = 39196, .adv_w = 320, .box_w = 20, .box_h = 19, .ofs_x = 0, .ofs_y = -2 },
    { .bitmap_index = 39386, .adv_w = 320, .box_w = 20, .box_h = 19, .ofs_x = 0, .ofs_y = -2 },
    { .bitmap_index = 39576, .adv_w = 320, .box_w = 20, .box_h = 17, .ofs_x = 0, .ofs_y = -2 },
    { .bitmap_index = 39746, .adv_w = 320, .box_w = 20, .box_h = 19, .ofs_x = 0, .ofs_y = -3 },
    { .bitmap_index = 39936, .adv_w = 320, .box_w = 20, .box_h = 19, .ofs_x = 0, .ofs_y = -2 },
    { .bitmap_index = 40126, .adv_w = 320, .box_w = 20, .box_h = 18, .ofs_x = 0, .ofs_y = -1 },
    { .bitmap_index = 40306, .adv_w = 320, .box_w = 20, .box_h = 19, .ofs_x = 0, .ofs_y = -2 },
    { .bitmap_index = 40496, .adv_w = 320, .box_w = 20, .box_h = 20, .ofs_x = 0, .ofs_y = -3 },
    { .bitmap_index = 40696, .adv_w = 320, .box_w = 20, .box_h = 18, .ofs_x = 0, .ofs_y = -1 },
    { .bitmap_index = 40876, .adv_w = 320, .box_w = 20, .box_h = 18, .ofs_x = 0, .ofs_y = -1 },
    { .bitmap_index = 41056, .adv_w = 320, .box_w = 20, .box_h = 20, .ofs_x = 0, .ofs_y = -3 },
    { .bitmap_index = 41256, .adv_w = 320, .box_w = 20, .box_h = 18, .ofs_x = 0, .ofs_y = -3 },
    { .bitmap_index = 41436, .adv_w = 320, .box_w = 20, .box_h = 16, .ofs_x = 0, .ofs_y = -1 },
    { .bitmap_index = 41596, .adv_w = 320, .box_w = 20, .box_h = 19, .ofs_x = 0, .ofs_y = -2 },
    { .bitmap_index = 41786, .adv_w = 320, .box_w = 20, .box_h = 18, .ofs_x = 0, .ofs_y = -2 },
    { .bitmap_index = 41966, .adv_w = 320, .box_w = 20, .box_h = 20, .ofs_x = 0, .ofs_y = -3 },
    { .bitmap_index = 42166, .adv_w = 320, .box_w = 20, .box_h = 19, .ofs_x = 0, .ofs_y = -3 },
    { .bitmap_index = 42356, .adv_w = 320, .box_w = 20, .box_h = 20, .ofs_x = 0, .ofs_y = -3 },
    { .bitmap_index = 42556, .adv_w = 320, .box_w = 20, .box_h = 20, .ofs_x = 0, .ofs_y = -3 },
    { .bitmap_index = 42756, .adv_w = 320, .box_w = 20, .box_h = 20, .ofs_x = 0, .ofs_y = -3 },
    { .bitmap_index = 42956, .adv_w = 320, .box_w = 20, .box_h = 19, .ofs_x = 0, .ofs_y = -2 },
    { .bitmap_index = 43146, .adv_w = 320, .box_w = 20, .box_h = 18, .ofs_x = 0, .ofs_y = -2 },
    { .bitmap_index = 43326, .adv_w = 320, .box_w = 20, .box_h = 18, .ofs_x = 0, .ofs_y = -3 },
    { .bitmap_index = 43506, .adv_w = 320, .box_w = 20, .box_h = 20, .ofs_x = 0, .ofs_y = -3 },
    { .bitmap_index = 43706, .adv_w = 320, .box_w = 20, .box_h = 18, .ofs_x = 0, .ofs_y = -2 },
    { .bitmap_index = 43886, .adv_w = 320, .box_w = 20, .box_h = 18, .ofs_x = 0, .ofs_y = -2 },
    { .bitmap_index = 44066, .adv_w = 320, .box_w = 20, .box_h = 20, .ofs_x = 0, .ofs_y = -3 },
    { .bitmap_index = 44266, .adv_w = 320, .box_w = 20, .box_h = 20, .ofs_x = 0, .ofs_y = -3 },
    { .bitmap_index = 44466, .adv_w = 320, .box_w = 20, .box_h = 20, .ofs_x = 0, .ofs_y = -3 },
    { .bitmap_index = 44666, .adv_w = 320, .box_w = 20, .box_h = 17, .ofs_x = 0, .ofs_y = -2 },
    { .bitmap_index = 44836, .adv_w = 320, .box_w = 20, .box_h = 18, .ofs_x = 0, .ofs_y = -2 },
    { .bitmap_index = 45016, .adv_w = 320, .box_w = 20, .box_h = 19, .ofs_x = 0, .ofs_y = -3 },
    { .bitmap_index = 45206, .adv_w = 320, .box_w = 20, .box_h = 19, .ofs_x = 0, .ofs_y = -2 },
    { .bitmap_index = 45396, .adv_w = 320, .box_w = 20, .box_h = 19, .ofs_x = 0, .ofs_y = -3 },
    { .bitmap_index = 45586, .adv_w = 320, .box_w = 20, .box_h = 19, .ofs_x = 0, .ofs_y = -2 },
    { .bitmap_index = 45776, .adv_w = 320, .box_w = 20, .box_h = 20, .ofs_x = 0, .ofs_y = -3 },
    { .bitmap_index = 45976, .adv_w = 320, .box_w = 20, .box_h = 17, .ofs_x = 0, .ofs_y = -2 },
    { .bitmap_index = 46146, .adv_w = 320, .box_w = 20, .box_h = 18, .ofs_x = 0, .ofs_y = -2 },
    { .bitmap_index = 46326, .adv_w = 320, .box_w = 20, .box_h = 19, .ofs_x = 0, .ofs_y = -2 },
    { .bitmap_index = 46516, .adv_w = 320, .box_w = 20, .box_h = 18, .ofs_x = 0, .ofs_y = -2 },
    { .bitmap_index = 46696, .adv_w = 320, .box_w = 20, .box_h = 19, .ofs_x = 0, .ofs_y = -3 },
    { .bitmap_index = 46886, .adv_w = 320, .box_w = 20, .box_h = 18, .ofs_x = 0, .ofs_y = -3 },
    { .bitmap_index = 47066, .adv_w = 320, .box_w = 20, .box_h = 18, .ofs_x = 0, .ofs_y = -2 },
    { .bitmap_index = 47246, .adv_w = 320, .box_w = 20, .box_h = 19, .ofs_x = 0, .ofs_y = -2 },
    { .bitmap_index = 47436, .adv_w = 320, .box_w = 20, .box_h = 19, .ofs_x = 0, .ofs_y = -2 },
    { .bitmap_index = 47626, .adv_w = 320, .box_w = 20, .box_h = 21, .ofs_x = 0, .ofs_y = -4 },
    { .bitmap_index = 47836, .adv_w = 320, .box_w = 20, .box_h = 20, .ofs_x = 0, .ofs_y = -3 },
    { .bitmap_index = 48036, .adv_w = 320, .box_w = 20, .box_h = 19, .ofs_x = 0, .ofs_y = -3 },
    { .bitmap_index = 48226, .adv_w = 320, .box_w = 20, .box_h = 19, .ofs_x = 0, .ofs_y = -3 },
    { .bitmap_index = 48416, .adv_w = 320, .box_w = 20, .box_h = 19, .ofs_x = 0, .ofs_y = -3 },
    { .bitmap_index = 48606, .adv_w = 320, .box_w = 20, .box_h = 18, .ofs_x = 0, .ofs_y = -2 },
    { .bitmap_index = 48786, .adv_w = 320, .box_w = 20, .box_h = 19, .ofs_x = 0, .ofs_y = -3 },
    { .bitmap_index = 48976, .adv_w = 320, .box_w = 20, .box_h = 19, .ofs_x = 0, .ofs_y = -3 },
    { .bitmap_index = 49166, .adv_w = 320, .box_w = 20, .box_h = 18, .ofs_x = 0, .ofs_y = -2 },
    { .bitmap_index = 49346, .adv_w = 320, .box_w = 20, .box_h = 18, .ofs_x = 0, .ofs_y = -3 },
    { .bitmap_index = 49526, .adv_w = 320, .box_w = 20, .box_h = 20, .ofs_x = 0, .ofs_y = -3 },
    { .bitmap_index = 49726, .adv_w = 320, .box_w = 20, .box_h = 18, .ofs_x = 0, .ofs_y = -2 },
    { .bitmap_index = 49906, .adv_w = 320, .box_w = 20, .box_h = 19, .ofs_x = 0, .ofs_y = -4 },
    { .bitmap_index = 50096, .adv_w = 320, .box_w = 20, .box_h = 19, .ofs_x = 0, .ofs_y = -4 },
    { .bitmap_index = 50286, .adv_w = 320, .box_w = 20, .box_h = 6, .ofs_x = 0, .ofs_y = -4 },
    { .bitmap_index = 50346, .adv_w = 320, .box_w = 20, .box_h = 11, .ofs_x = 0, .ofs_y = 0 },
};

static const uint16_t unicode_list[] = {
    0, 14, 9660, 12120, 19799, 19809, 19810, 19812, 19813, 19825, 19841, 19844,
    19857, 19941, 19973, 19977, 19985, 20035, 20045, 20107, 20132, 20138, 20182, 20246,
    20280, 20630, 20668, 20675, 20680, 20682, 20707, 20765, 20817, 20818, 20829, 20830,
    20871, 20900, 20982, 20983, 20984, 20991, 20992, 21137, 21164, 21166, 21176, 21228,
    21282, 21288, 21293, 21294, 21314, 21318, 21326, 21349, 21382, 21459, 21951, 22069,
    22091, 22101, 22143, 22151, 22154, 22190, 22353, 22619, 22622, 22637, 22641, 22654,
    22664, 22730, 22818, 23207, 23216, 23263, 23264, 23281, 23284, 23285, 23291, 23309,
    23378, 23379, 23389, 23412, 23432, 23452, 23462, 23881, 23897, 23941, 23951, 23980,
    24061, 24068, 24151, 24172, 24182, 24234, 24284, 24346, 24408, 24444, 24446, 24604,
    24935, 24936, 24983, 25045, 25083, 25084, 25142, 25151, 25152, 25184, 25273, 25285,
    25340, 25383, 25604, 25749, 25759, 25799, 25822, 25872, 25911, 25933, 25974, 26053,
    26073, 26187, 26199, 26212, 26241, 26294, 26300, 26428, 26462, 26470, 26647, 27000,
    27322, 27496, 27545, 27692, 27711, 27976, 28135, 28200, 28267, 29120, 29197, 29533,
    29823, 29831, 29836, 30241, 30277, 30283, 30306, 30326, 30532, 30659, 30744, 30865,
    30869, 30950, 30994, 31280, 31392, 31447, 31690, 31765, 31826, 31865, 31870, 32253,
    32278, 32298, 32304, 32307, 32321, 32324, 32424, 32453, 32600, 32683, 32852, 33153,
    33550, 34723, 35159, 35576, 35579, 35605, 35628, 35636, 35652, 35662, 35964, 35995,
    36148, 36166, 36564, 36648, 36651, 36661, 36696, 36704, 36721, 36778, 36882, 36927,
    37028, 37097, 37160, 37878, 37973, 38021, 38212, 38219, 38251, 38262, 38299, 38374,
    38730, 38860, 39149, 40495, 65119, 65120, 65123, 65137,
};

static const lv_font_fmt_txt_cmap_t cmaps[] = {
    {
        .range_start = 32,
        .range_length = 95,
        .glyph_id_start = 1,
        .unicode_list = NULL,
        .glyph_id_ofs_list = NULL,
        .list_length = 0,
        .type = LV_FONT_FMT_TXT_CMAP_FORMAT0_TINY
    },
    {
        .range_start = 169,
        .range_length = 65138,
        .glyph_id_start = 96,
        .unicode_list = unicode_list,
        .glyph_id_ofs_list = NULL,
        .list_length = 236,
        .type = LV_FONT_FMT_TXT_CMAP_SPARSE_TINY
    }
};

#if LV_VERSION_CHECK(8, 0, 0)
static lv_font_fmt_txt_glyph_cache_t cache;
#endif

static const lv_font_fmt_txt_dsc_t font_dsc = {
    .glyph_bitmap = glyph_bitmap,
    .glyph_dsc = glyph_dsc,
    .cmaps = cmaps,
    .kern_dsc = NULL,
    .kern_scale = 0,
    .cmap_num = 2,
    .bpp = 4,
    .kern_classes = 0,
    .bitmap_format = 0,
#if LV_VERSION_CHECK(8, 0, 0)
    .cache = &cache
#endif
};

const lv_font_t font_easygo_20 = {
    .get_glyph_dsc = lv_font_get_glyph_dsc_fmt_txt,
    .get_glyph_bitmap = lv_font_get_bitmap_fmt_txt,
    .line_height = 28,
    .base_line = 6,
    .subpx = LV_FONT_SUBPX_NONE,
    .underline_position = -2,
    .underline_thickness = 1,
    .dsc = &font_dsc
};
