/*
 * Generated by 4.Software/UI/tools/build_lvgl_assets.py.
 * Font: Microsoft YaHei (regular), 16px, 4bpp.
 * Contains only glyphs used by the EasyGo simulator UI.
 */
#include "lvgl.h"

static LV_ATTRIBUTE_LARGE_CONST const uint8_t glyph_bitmap[] = {
    0x05, 0xf4, 0x00, 0x4f, 0x40, 0x04, 0xf3, 0x00, 0x4f, 0x30, 0x03, 0xf3, 0x00, 0x3f, 0x20, 0x03,
    0xf2, 0x00, 0x2f, 0x20, 0x00, 0x00, 0x00, 0x00, 0x00, 0x04, 0xe4, 0x00, 0x4e, 0x40, 0x05, 0xf6,
    0xf4, 0x00, 0x4f, 0x4f, 0x30, 0x03, 0xf2, 0xf3, 0x00, 0x2f, 0x0f, 0x20, 0x00, 0x00, 0x00, 0x00,
    0x00, 0x00, 0x00, 0x00, 0x00, 0x00, 0x00, 0x00, 0x00, 0x00, 0x00, 0x00, 0x00, 0x00, 0x00, 0x00,
    0x00, 0x00, 0x00, 0x00, 0x00, 0x00, 0x00, 0x00, 0x00, 0x01, 0xf1, 0x0d, 0x40, 0x00, 0x05, 0xc0,
    0x2f, 0x10, 0x00, 0x08, 0x90, 0x5c, 0x00, 0x1f, 0xff, 0xff, 0xff, 0xfb, 0x00, 0x0e, 0x30, 0xb6,
    0x00, 0x00, 0x2f, 0x00, 0xe3, 0x00, 0x00, 0x4d, 0x01, 0xf1, 0x00, 0x9f, 0xff, 0xff, 0xff, 0xf2,
    0x00, 0xb7, 0x07, 0xa0, 0x00, 0x00, 0xe3, 0x0b, 0x60, 0x00, 0x02, 0xe0, 0x0e, 0x30, 0x00, 0x00,
    0x00, 0x00, 0x00, 0x00, 0x00, 0x00, 0xa4, 0x00, 0x00, 0x03, 0xbf, 0xfc, 0x40, 0x02, 0xeb, 0xc8,
    0x98, 0x00, 0x8e, 0x0a, 0x40, 0x10, 0x09, 0xe0, 0xa4, 0x00, 0x00, 0x5f, 0x8a, 0x40, 0x00, 0x00,
    0x8f, 0xf7, 0x00, 0x00, 0x00, 0x3d, 0xfc, 0x20, 0x00, 0x00, 0xa7, 0xdd, 0x10, 0x00, 0x0a, 0x44,
    0xf4, 0x01, 0x00, 0xa4, 0x4f, 0x30, 0x9a, 0x6b, 0x9d, 0xc0, 0x04, 0xbe, 0xfd, 0x81, 0x00, 0x00,
    0x0a, 0x40, 0x00, 0x00, 0x00, 0xa4, 0x00, 0x00, 0x03, 0xbe, 0xd4, 0x00, 0x01, 0xe4, 0x00, 0x0d,
    0x71, 0x6e, 0x10, 0x0a, 0xa0, 0x00, 0x3e, 0x00, 0x0e, 0x40, 0x5e, 0x10, 0x00, 0x4e, 0x00, 0x0e,
    0x41, 0xd5, 0x00, 0x00, 0x1e, 0x71, 0x6d, 0x19, 0xb0, 0x00, 0x00, 0x04, 0xce, 0xc3, 0x4e, 0x20,
    0x00, 0x00, 0x00, 0x00, 0x01, 0xd6, 0x1a, 0xed, 0x70, 0x00, 0x00, 0x08, 0xb0, 0xaa, 0x13, 0xe4,
    0x00, 0x00, 0x3e, 0x20, 0xe3, 0x00, 0xa8, 0x00, 0x00, 0xc7, 0x00, 0xf3, 0x00, 0xa8, 0x00, 0x07,
    0xc0, 0x00, 0xba, 0x14, 0xe3, 0x00, 0x2e, 0x30, 0x00, 0x2b, 0xed, 0x50, 0x00, 0x06, 0xce, 0xd6,
    0x00, 0x00, 0x00, 0x00, 0x4f, 0x83, 0x7f, 0x50, 0x00, 0x00, 0x00, 0x9d, 0x00, 0x0d, 0x80, 0x00,
    0x00, 0x00, 0x7e, 0x10, 0x3f, 0x50, 0x2f, 0x50, 0x00, 0x1c, 0xd9, 0xe8, 0x00, 0x1f, 0x50, 0x00,
    0x2b, 0xff, 0xc2, 0x00, 0x3f, 0x30, 0x03, 0xea, 0x12, 0xbe, 0x40, 0x7e, 0x00, 0x0c, 0xc0, 0x00,
    0x09, 0xf4, 0xe7, 0x00, 0x0f, 0x80, 0x00, 0x00, 0xbf, 0xd1, 0x00, 0x0e, 0xc0, 0x00, 0x00, 0x9f,
    0xa0, 0x00, 0x07, 0xfb, 0x65, 0x7d, 0xe9, 0xfa, 0x78, 0x00, 0x5b, 0xef, 0xd8, 0x20, 0x6d, 0xe4,
    0x0a, 0xc0, 0x09, 0xb0, 0x09, 0xa0, 0x08, 0x90, 0x00, 0x00, 0x00, 0x00, 0x00, 0x00, 0x00, 0x00,
    0x00, 0x00, 0x00, 0x00, 0x00, 0x00, 0x00, 0x00, 0x00, 0x08, 0xc0, 0x00, 0x3f, 0x30, 0x00, 0xba,
    0x00, 0x02, 0xf4, 0x00, 0x06, 0xe0, 0x00, 0x09, 0xb0, 0x00, 0x0b, 0x90, 0x00, 0x0c, 0x90, 0x00,
    0x0b, 0x90, 0x00, 0x0a, 0xb0, 0x00, 0x06, 0xe0, 0x00, 0x02, 0xf3, 0x00, 0x00, 0xba, 0x00, 0x00,
    0x4f, 0x20, 0x00, 0x08, 0xc0, 0x7d, 0x10, 0x00, 0xc9, 0x00, 0x04, 0xf2, 0x00, 0x0d, 0x80, 0x00,
    0x9c, 0x00, 0x05, 0xf0, 0x00, 0x4f, 0x20, 0x03, 0xf2, 0x00, 0x4f, 0x20, 0x05, 0xf0, 0x00, 0x8c,
    0x00, 0x0d, 0x80, 0x04, 0xf2, 0x00, 0xb9, 0x00, 0x7d, 0x10, 0x00, 0x00, 0x0e, 0x40, 0x00, 0x00,
    0xd3, 0x00, 0x2d, 0x9d, 0x9c, 0x70, 0x27, 0xfb, 0x20, 0x01, 0xd4, 0xd5, 0x00, 0x59, 0x05, 0x90,
    0x00, 0x00, 0x00, 0x00, 0x00, 0x00, 0x00, 0x00, 0x00, 0x00, 0x00, 0x00, 0x00, 0x00, 0x00, 0x00,
    0x00, 0x00, 0x00, 0x00, 0x00, 0x00, 0x00, 0x0a, 0x80, 0x00, 0x00, 0x00, 0x00, 0x0a, 0x80, 0x00,
    0x00, 0x00, 0x00, 0x0a, 0x80, 0x00, 0x00, 0x00, 0xff, 0xff, 0xff, 0xfe, 0x00, 0x00, 0x33, 0x3b,
    0x93, 0x33, 0x00, 0x00, 0x00, 0x0a, 0x80, 0x00, 0x00, 0x00, 0x00, 0x0a, 0x80, 0x00, 0x00, 0x00,
    0x00, 0x0a, 0x80, 0x00, 0x00, 0x00, 0x00, 0x00, 0x00, 0x00, 0x00, 0x0c, 0x90, 0x1f, 0x40, 0x5e,
    0x00, 0x89, 0x00, 0x0c, 0xff, 0xfc, 0x00, 0x23, 0x33, 0x20, 0x00, 0x00, 0x00, 0x00, 0x00, 0x00,
    0x00, 0x00, 0x00, 0x00, 0x00, 0x0c, 0xb0, 0x0c, 0xb0, 0x00, 0x00, 0x00, 0xac, 0x00, 0x00, 0x01,
    0xf5, 0x00, 0x00, 0x07, 0xe0, 0x00, 0x00, 0x0d, 0x80, 0x00, 0x00, 0x5f, 0x20, 0x00, 0x00, 0xbb,
    0x00, 0x00, 0x02, 0xf4, 0x00, 0x00, 0x09, 0xd0, 0x00, 0x00, 0x1e, 0x70, 0x00, 0x00, 0x6f, 0x10,
    0x00, 0x00, 0xc9, 0x00, 0x00, 0x03, 0xf3, 0x00, 0x00, 0x0a, 0xc0, 0x00, 0x00, 0x1f, 0x60, 0x00,
    0x00, 0x00, 0x3b, 0xee, 0x91, 0x00, 0x2e, 0xb5, 0x7f, 0xb0, 0x0a, 0xd1, 0x00, 0x7f, 0x30, 0xe8,
    0x00, 0x02, 0xf7, 0x3f, 0x60, 0x00, 0x0e, 0x94, 0xf5, 0x00, 0x00, 0xda, 0x4f, 0x40, 0x00, 0x0d,
    0xa3, 0xf5, 0x00, 0x00, 0xe9, 0x1f, 0x80, 0x00, 0x2f, 0x60, 0xcd, 0x00, 0x07, 0xf2, 0x04, 0xfb,
    0x57, 0xf8, 0x00, 0x05, 0xcf, 0xd7, 0x00, 0x00, 0x00, 0x5e, 0x00, 0x00, 0x04, 0xbf, 0xf0, 0x00,
    0x05, 0xfb, 0xaf, 0x00, 0x00, 0x23, 0x08, 0xf0, 0x00, 0x00, 0x00, 0x8f, 0x00, 0x00, 0x00, 0x08,
    0xf0, 0x00, 0x00, 0x00, 0x8f, 0x00, 0x00, 0x00, 0x08, 0xf0, 0x00, 0x00, 0x00, 0x8f, 0x00, 0x00,
    0x00, 0x08, 0xf0, 0x00, 0x00, 0x00, 0x8f, 0x00, 0x00, 0x00, 0x08, 0xf0, 0x00, 0x00, 0x8d, 0xfd,
    0x81, 0x00, 0x8d, 0x75, 0x8f, 0xa0, 0x04, 0x10, 0x00, 0x8f, 0x10, 0x00, 0x00, 0x06, 0xf2, 0x00,
    0x00, 0x00, 0x9e, 0x00, 0x00, 0x00, 0x5f, 0x70, 0x00, 0x00, 0x8f, 0x80, 0x00, 0x02, 0xce, 0x50,
    0x00, 0x01, 0xdc, 0x20, 0x00, 0x00, 0xad, 0x10, 0x00, 0x00, 0x0f, 0xb5, 0x55, 0x55, 0x31, 0xff,
    0xff, 0xff, 0xf8, 0x02, 0x9d, 0xed, 0x60, 0x00, 0x6a, 0x65, 0xaf, 0x60, 0x01, 0x00, 0x00, 0xdb,
    0x00, 0x00, 0x00, 0x0d, 0xa0, 0x00, 0x00, 0x29, 0xe3, 0x00, 0x0a, 0xff, 0xd3, 0x00, 0x00, 0x34,
    0x6b, 0xf6, 0x00, 0x00, 0x00, 0x0a, 0xe1, 0x00, 0x00, 0x00, 0x6f, 0x30, 0x10, 0x00, 0x0a, 0xf1,
    0x0c, 0x85, 0x5a, 0xf7, 0x00, 0x7d, 0xee, 0xb5, 0x00, 0x00, 0x00, 0x09, 0xf4, 0x00, 0x00, 0x00,
    0x2f, 0xf4, 0x00, 0x00, 0x00, 0xbc, 0xf4, 0x00, 0x00, 0x06, 0xe4, 0xf4, 0x00, 0x00, 0x2e, 0x63,
    0xf4, 0x00, 0x00, 0xcb, 0x03, 0xf4, 0x00, 0x09, 0xe1, 0x03, 0xf4, 0x00, 0x6f, 0x40, 0x03, 0xf4,
    0x00, 0xdf, 0xff, 0xff, 0xff, 0xf1, 0x34, 0x44, 0x46, 0xf7, 0x40, 0x00, 0x00, 0x03, 0xf4, 0x00,
    0x00, 0x00, 0x03, 0xf4, 0x00, 0x01, 0xff, 0xff, 0xfa, 0x00, 0x2f, 0x85, 0x55, 0x30, 0x03, 0xf3,
    0x00, 0x00, 0x00, 0x4f, 0x20, 0x00, 0x00, 0x05, 0xf1, 0x00, 0x00, 0x00, 0x6f, 0xfe, 0xc7, 0x00,
    0x03, 0x55, 0x6b, 0xfa, 0x00, 0x00, 0x00, 0x0a, 0xf2, 0x00, 0x00, 0x00, 0x6f, 0x30, 0x10, 0x00,
    0x0a, 0xf1, 0x09, 0x95, 0x5a, 0xf7, 0x00, 0x7e, 0xfe, 0xb5, 0x00, 0x00, 0x04, 0xbe, 0xd7, 0x00,
    0x06, 0xfa, 0x56, 0xc0, 0x02, 0xf7, 0x00, 0x01, 0x00, 0x9d, 0x00, 0x00, 0x00, 0x0d, 0xa7, 0xdf,
    0xc3, 0x00, 0xfd, 0xc5, 0x6d, 0xe1, 0x1f, 0xd1, 0x00, 0x3f, 0x81, 0xf9, 0x00, 0x00, 0xea, 0x0e,
    0xa0, 0x00, 0x0e, 0xa0, 0x9e, 0x10, 0x03, 0xf6, 0x02, 0xec, 0x56, 0xec, 0x10, 0x03, 0xbe, 0xe9,
    0x10, 0x2f, 0xff, 0xff, 0xff, 0x81, 0x55, 0x55, 0x58, 0xf4, 0x00, 0x00, 0x00, 0xbb, 0x00, 0x00,
    0x00, 0x4f, 0x30, 0x00, 0x00, 0x0c, 0xa0, 0x00, 0x00, 0x04, 0xf4, 0x00, 0x00, 0x00, 0xac, 0x00,
    0x00, 0x00, 0x2f, 0x60, 0x00, 0x00, 0x07, 0xf1, 0x00, 0x00, 0x00, 0xcb, 0x00, 0x00, 0x00, 0x1f,
    0x80, 0x00, 0x00, 0x04, 0xf5, 0x00, 0x00, 0x00, 0x4c, 0xfd, 0x81, 0x00, 0x4f, 0xa5, 0x7e, 0xa0,
    0x0a, 0xd0, 0x00, 0x7f, 0x00, 0x9c, 0x00, 0x06, 0xf0, 0x03, 0xe7, 0x13, 0xd8, 0x00, 0x06, 0xff,
    0xfc, 0x00, 0x06, 0xf9, 0x57, 0xeb, 0x01, 0xe9, 0x00, 0x03, 0xf6, 0x3f, 0x50, 0x00, 0x0e, 0x91,
    0xf8, 0x00, 0x02, 0xf7, 0x09, 0xf8, 0x56, 0xdd, 0x10, 0x07, 0xdf, 0xe9, 0x20, 0x00, 0x6c, 0xfd,
    0x80, 0x00, 0x7f, 0x95, 0x8f, 0x90, 0x1e, 0xa0, 0x00, 0x7f, 0x23, 0xf6, 0x00, 0x02, 0xf6, 0x1f,
    0x80, 0x00, 0x3f, 0x80, 0xce, 0x51, 0x3c, 0xf8, 0x02, 0xcf, 0xff, 0x7f, 0x70, 0x00, 0x34, 0x22,
    0xf5, 0x00, 0x00, 0x00, 0x6f, 0x20, 0x10, 0x00, 0x1d, 0xa0, 0x08, 0x95, 0x6d, 0xd2, 0x00, 0x3c,
    0xee, 0x91, 0x00, 0x0c, 0xb0, 0x0c, 0xb0, 0x00, 0x00, 0x00, 0x00, 0x00, 0x00, 0x00, 0x00, 0x00,
    0x00, 0x0c, 0xb0, 0x0c, 0xb0, 0x0c, 0xb0, 0x0c, 0xb0, 0x00, 0x00, 0x00, 0x00, 0x00, 0x00, 0x00,
    0x00, 0x02, 0x20, 0x0d, 0x80, 0x1f, 0x40, 0x5e, 0x00, 0x89, 0x00, 0x00, 0x00, 0x00, 0x02, 0x88,
    0x00, 0x00, 0x00, 0x05, 0xbf, 0xc4, 0x00, 0x00, 0x27, 0xdd, 0x82, 0x00, 0x00, 0x00, 0xbf, 0xb1,
    0x00, 0x00, 0x00, 0x00, 0x28, 0xde, 0x93, 0x00, 0x00, 0x00, 0x00, 0x05, 0xbf, 0xc4, 0x00, 0x00,
    0x00, 0x00, 0x02, 0x88, 0x00, 0x00, 0x00, 0x00, 0x00, 0x00, 0x00, 0x00, 0xff, 0xff, 0xff, 0xfe,
    0x00, 0x00, 0x33, 0x33, 0x33, 0x33, 0x00, 0x00, 0x00, 0x00, 0x00, 0x00, 0x00, 0x00, 0xff, 0xff,
    0xff, 0xfe, 0x00, 0x00, 0x33, 0x33, 0x33, 0x33, 0x00, 0x00, 0x00, 0x00, 0x00, 0x00, 0x00, 0x00,
    0x00, 0x00, 0x00, 0x00, 0x00, 0x00, 0x97, 0x20, 0x00, 0x00, 0x00, 0x00, 0x5c, 0xfa, 0x40, 0x00,
    0x00, 0x00, 0x00, 0x39, 0xed, 0x71, 0x00, 0x00, 0x00, 0x00, 0x1b, 0xf9, 0x00, 0x00, 0x00, 0x3a,
    0xfd, 0x71, 0x00, 0x00, 0x5c, 0xfa, 0x40, 0x00, 0x00, 0x00, 0x98, 0x20, 0x00, 0x00, 0x00, 0x00,
    0x00, 0x00, 0x00, 0x00, 0x00, 0x08, 0xde, 0xe9, 0x10, 0x0d, 0x75, 0x8f, 0xa0, 0x01, 0x00, 0x0a,
    0xd0, 0x00, 0x00, 0x0c, 0xb0, 0x00, 0x00, 0x8e, 0x30, 0x00, 0x07, 0xe3, 0x00, 0x00, 0x2f, 0x50,
    0x00, 0x00, 0x6f, 0x00, 0x00, 0x00, 0x5f, 0x10, 0x00, 0x00, 0x00, 0x00, 0x00, 0x00, 0x3e, 0x50,
    0x00, 0x00, 0x4e, 0x50, 0x00, 0x00, 0x00, 0x06, 0xbe, 0xfe, 0xb6, 0x00, 0x00, 0x00, 0x00, 0x2c,
    0xc6, 0x21, 0x25, 0xcc, 0x20, 0x00, 0x00, 0x1d, 0x90, 0x00, 0x00, 0x00, 0xad, 0x10, 0x00, 0x09,
    0xb0, 0x06, 0xde, 0x8c, 0x30, 0xd8, 0x00, 0x02, 0xf3, 0x04, 0xe4, 0x1a, 0xf2, 0x06, 0xd0, 0x00,
    0x6d, 0x00, 0xc8, 0x00, 0x4f, 0x10, 0x3f, 0x10, 0x08, 0xb0, 0x1f, 0x30, 0x04, 0xf0, 0x02, 0xf2,
    0x00, 0x8a, 0x03, 0xf1, 0x00, 0x5e, 0x00, 0x4f, 0x00, 0x07, 0xc0, 0x2f, 0x20, 0x0a, 0xd0, 0x08,
    0xb0, 0x00, 0x4f, 0x10, 0xd9, 0x15, 0xbf, 0x34, 0xe4, 0x00, 0x00, 0xd8, 0x03, 0xdf, 0xb1, 0xaf,
    0xd5, 0x00, 0x00, 0x04, 0xf5, 0x00, 0x00, 0x00, 0x10, 0x00, 0x00, 0x00, 0x05, 0xea, 0x41, 0x02,
    0x6c, 0x00, 0x00, 0x00, 0x00, 0x02, 0x8d, 0xff, 0xea, 0x20, 0x00, 0x00, 0x00, 0x00, 0x00, 0x00,
    0x00, 0x00, 0x00, 0x00, 0x00, 0x00, 0x00, 0x6f, 0xa0, 0x00, 0x00, 0x00, 0x00, 0xcf, 0xf1, 0x00,
    0x00, 0x00, 0x02, 0xfa, 0xf6, 0x00, 0x00, 0x00, 0x08, 0xf1, 0xdc, 0x00, 0x00, 0x00, 0x0e, 0x90,
    0x7f, 0x30, 0x00, 0x00, 0x5f, 0x30, 0x1e, 0x90, 0x00, 0x00, 0xbc, 0x00, 0x09, 0xe0, 0x00, 0x01,
    0xff, 0xff, 0xff, 0xf5, 0x00, 0x07, 0xf6, 0x66, 0x66, 0xdb, 0x00, 0x0d, 0xb0, 0x00, 0x00, 0x8f,
    0x20, 0x4f, 0x60, 0x00, 0x00, 0x3f, 0x80, 0x9f, 0x10, 0x00, 0x00, 0x0c, 0xd0, 0x07, 0xff, 0xfe,
    0xc5, 0x00, 0x07, 0xf7, 0x67, 0xdf, 0x40, 0x07, 0xf2, 0x00, 0x2f, 0x80, 0x07, 0xf2, 0x00, 0x2f,
    0x70, 0x07, 0xf2, 0x02, 0xbd, 0x10, 0x07, 0xff, 0xff, 0xd4, 0x00, 0x07, 0xf7, 0x57, 0xbf, 0x60,
    0x07, 0xf2, 0x00, 0x0b, 0xf1, 0x07, 0xf2, 0x00, 0x07, 0xf3, 0x07, 0xf2, 0x00, 0x0b, 0xf1, 0x07,
    0xf7, 0x67, 0xbf, 0x80, 0x07, 0xff, 0xfe, 0xc5, 0x00, 0x00, 0x01, 0x8c, 0xee, 0xc7, 0x00, 0x04,
    0xee, 0xa7, 0x7a, 0xc0, 0x02, 0xec, 0x20, 0x00, 0x01, 0x00, 0xaf, 0x20, 0x00, 0x00, 0x00, 0x0f,
    0xa0, 0x00, 0x00, 0x00, 0x02, 0xf7, 0x00, 0x00, 0x00, 0x00, 0x3f, 0x70, 0x00, 0x00, 0x00, 0x01,
    0xf9, 0x00, 0x00, 0x00, 0x00, 0x0d, 0xe1, 0x00, 0x00, 0x00, 0x00, 0x5f, 0xb1, 0x00, 0x00, 0x10,
    0x00, 0x8f, 0xe8, 0x67, 0xac, 0x00, 0x00, 0x4a, 0xef, 0xeb, 0x50, 0x07, 0xff, 0xfe, 0xd9, 0x20,
    0x00, 0x07, 0xf7, 0x66, 0x9e, 0xf7, 0x00, 0x07, 0xf2, 0x00, 0x00, 0x9f, 0x60, 0x07, 0xf2, 0x00,
    0x00, 0x0c, 0xe0, 0x07, 0xf2, 0x00, 0x00, 0x06, 0xf4, 0x07, 0xf2, 0x00, 0x00, 0x04, 0xf6, 0x07,
    0xf2, 0x00, 0x00, 0x04, 0xf5, 0x07, 0xf2, 0x00, 0x00, 0x07, 0xf3, 0x07, 0xf2, 0x00, 0x00, 0x0d,
    0xd0, 0x07, 0xf2, 0x00, 0x01, 0xaf, 0x40, 0x07, 0xf7, 0x66, 0x9e, 0xf6, 0x00, 0x07, 0xff, 0xfe,
    0xc8, 0x20, 0x00, 0x07, 0xff, 0xff, 0xfc, 0x00, 0x7f, 0x76, 0x66, 0x50, 0x07, 0xf2, 0x00, 0x00,
    0x00, 0x7f, 0x20, 0x00, 0x00, 0x07, 0xf2, 0x00, 0x00, 0x00, 0x7f, 0xff, 0xff, 0x70, 0x07, 0xf7,
    0x66, 0x63, 0x00, 0x7f, 0x20, 0x00, 0x00, 0x07, 0xf2, 0x00, 0x00, 0x00, 0x7f, 0x20, 0x00, 0x00,
    0x07, 0xf7, 0x66, 0x66, 0x00, 0x7f, 0xff, 0xff, 0xf1, 0x07, 0xff, 0xff, 0xfc, 0x00, 0x7f, 0x76,
    0x66, 0x50, 0x07, 0xf2, 0x00, 0x00, 0x00, 0x7f, 0x20, 0x00, 0x00, 0x07, 0xf2, 0x00, 0x00, 0x00,
    0x7f, 0xff, 0xff, 0x70, 0x07, 0xf7, 0x66, 0x63, 0x00, 0x7f, 0x20, 0x00, 0x00, 0x07, 0xf2, 0x00,
    0x00, 0x00, 0x7f, 0x20, 0x00, 0x00, 0x07, 0xf2, 0x00, 0x00, 0x00, 0x7f, 0x20, 0x00, 0x00, 0x00,
    0x01, 0x8c, 0xef, 0xda, 0x30, 0x00, 0x3e, 0xfa, 0x77, 0x9d, 0x60, 0x02, 0xec, 0x20, 0x00, 0x00,
    0x10, 0x0a, 0xf2, 0x00, 0x00, 0x00, 0x00, 0x1f, 0xa0, 0x00, 0x00, 0x00, 0x00, 0x2f, 0x70, 0x00,
    0x00, 0x00, 0x00, 0x3f, 0x70, 0x00, 0x7f, 0xff, 0xb0, 0x1f, 0x90, 0x00, 0x36, 0x6e, 0xb0, 0x0c,
    0xe1, 0x00, 0x00, 0x0d, 0xb0, 0x05, 0xfa, 0x10, 0x00, 0x0d, 0xb0, 0x00, 0x7f, 0xd8, 0x67, 0xaf,
    0xb0, 0x00, 0x03, 0xae, 0xfe, 0xc8, 0x20, 0x07, 0xf2, 0x00, 0x00, 0x0b, 0xc0, 0x07, 0xf2, 0x00,
    0x00, 0x0b, 0xc0, 0x07, 0xf2, 0x00, 0x00, 0x0b, 0xc0, 0x07, 0xf2, 0x00, 0x00, 0x0b, 0xc0, 0x07,
    0xf2, 0x00, 0x00, 0x0b, 0xc0, 0x07, 0xff, 0xff, 0xff, 0xff, 0xc0, 0x07, 0xf7, 0x66, 0x66, 0x6d,
    0xc0, 0x07, 0xf2, 0x00, 0x00, 0x0b, 0xc0, 0x07, 0xf2, 0x00, 0x00, 0x0b, 0xc0, 0x07, 0xf2, 0x00,
    0x00, 0x0b, 0xc0, 0x07, 0xf2, 0x00, 0x00, 0x0b, 0xc0, 0x07, 0xf2, 0x00, 0x00, 0x0b, 0xc0, 0x07,
    0xf2, 0x00, 0x7f, 0x20, 0x07, 0xf2, 0x00, 0x7f, 0x20, 0x07, 0xf2, 0x00, 0x7f, 0x20, 0x07, 0xf2,
    0x00, 0x7f, 0x20, 0x07, 0xf2, 0x00, 0x7f, 0x20, 0x07, 0xf2, 0x00, 0x7f, 0x20, 0x00, 0x0a, 0xd0,
    0x00, 0x0a, 0xd0, 0x00, 0x0a, 0xd0, 0x00, 0x0a, 0xd0, 0x00, 0x0a, 0xd0, 0x00, 0x0a, 0xd0, 0x00,
    0x0a, 0xd0, 0x00, 0x0b, 0xd0, 0x00, 0x0c, 0xb0, 0x00, 0x1f, 0x80, 0x87, 0xcf, 0x20, 0xbf, 0xc4,
    0x00, 0x07, 0xf2, 0x00, 0x08, 0xf6, 0x00, 0x7f, 0x20, 0x06, 0xf7, 0x00, 0x07, 0xf2, 0x04, 0xf9,
    0x00, 0x00, 0x7f, 0x22, 0xeb, 0x00, 0x00, 0x07, 0xf3, 0xdc, 0x10, 0x00, 0x00, 0x7f, 0xce, 0x10,
    0x00, 0x00, 0x07, 0xf9, 0xf6, 0x00, 0x00, 0x00, 0x7f, 0x2a, 0xf4, 0x00, 0x00, 0x07, 0xf2, 0x1c,
    0xe3, 0x00, 0x00, 0x7f, 0x20, 0x2e, 0xd2, 0x00, 0x07, 0xf2, 0x00, 0x4f, 0xc1, 0x00, 0x7f, 0x20,
    0x00, 0x6f, 0xb0, 0x07, 0xf2, 0x00, 0x00, 0x07, 0xf2, 0x00, 0x00, 0x07, 0xf2, 0x00, 0x00, 0x07,
    0xf2, 0x00, 0x00, 0x07, 0xf2, 0x00, 0x00, 0x07, 0xf2, 0x00, 0x00, 0x07, 0xf2, 0x00, 0x00, 0x07,
    0xf2, 0x00, 0x00, 0x07, 0xf2, 0x00, 0x00, 0x07, 0xf2, 0x00, 0x00, 0x07, 0xf7, 0x66, 0x66, 0x07,
    0xff, 0xff, 0xfe, 0x07, 0xfd, 0x00, 0x00, 0x00, 0x03, 0xff, 0x10, 0x07, 0xff, 0x50, 0x00, 0x00,
    0x09, 0xff, 0x10, 0x07, 0xfc, 0xb0, 0x00, 0x00, 0x1e, 0xcf, 0x10, 0x07, 0xf7, 0xf2, 0x00, 0x00,
    0x7e, 0x8f, 0x10, 0x07, 0xf1, 0xe9, 0x00, 0x00, 0xd8, 0x7f, 0x10, 0x07, 0xf1, 0x7e, 0x10, 0x05,
    0xf2, 0x7f, 0x10, 0x07, 0xf1, 0x1f, 0x60, 0x0b, 0xa0, 0x7f, 0x10, 0x07, 0xf1, 0x09, 0xd0, 0x3f,
    0x30, 0x7f, 0x10, 0x07, 0xf1, 0x03, 0xf4, 0x9c, 0x00, 0x7f, 0x10, 0x07, 0xf1, 0x00, 0xba, 0xe5,
    0x00, 0x7f, 0x10, 0x07, 0xf1, 0x00, 0x4f, 0xd0, 0x00, 0x7f, 0x10, 0x07, 0xf1, 0x00, 0x0d, 0x70,
    0x00, 0x7f, 0x10, 0x07, 0xfc, 0x00, 0x00, 0x01, 0xf7, 0x00, 0x7f, 0xf7, 0x00, 0x00, 0x1f, 0x70,
    0x07, 0xfb, 0xf2, 0x00, 0x01, 0xf7, 0x00, 0x7f, 0x3e, 0xc0, 0x00, 0x1f, 0x70, 0x07, 0xf2, 0x5f,
    0x70, 0x01, 0xf7, 0x00, 0x7f, 0x20, 0xae, 0x20, 0x1f, 0x70, 0x07, 0xf2, 0x01, 0xeb, 0x01, 0xf7,
    0x00, 0x7f, 0x20, 0x06, 0xf6, 0x1f, 0x70, 0x07, 0xf2, 0x00, 0x0b, 0xe3, 0xf7, 0x00, 0x7f, 0x20,
    0x00, 0x2e, 0xbf, 0x70, 0x07, 0xf2, 0x00, 0x00, 0x6f, 0xf7, 0x00, 0x7f, 0x20, 0x00, 0x00, 0xbf,
    0x70, 0x00, 0x03, 0xad, 0xfe, 0xb4, 0x00, 0x00, 0x06, 0xfe, 0x86, 0x8d, 0xf8, 0x00, 0x04, 0xfb,
    0x10, 0x00, 0x09, 0xf5, 0x00, 0xbe, 0x10, 0x00, 0x00, 0x0d, 0xd0, 0x1f, 0x90, 0x00, 0x00, 0x00,
    0x8f, 0x23, 0xf7, 0x00, 0x00, 0x00, 0x06, 0xf4, 0x3f, 0x70, 0x00, 0x00, 0x00, 0x6f, 0x31, 0xf9,
    0x00, 0x00, 0x00, 0x08, 0xf1, 0x0c, 0xe1, 0x00, 0x00, 0x00, 0xdc, 0x00, 0x5f, 0xa0, 0x00, 0x00,
    0x9f, 0x50, 0x00, 0x7f, 0xd8, 0x68, 0xdf, 0x70, 0x00, 0x00, 0x4a, 0xef, 0xea, 0x40, 0x00, 0x07,
    0xff, 0xfe, 0xc6, 0x00, 0x07, 0xf7, 0x67, 0xcf, 0x80, 0x07, 0xf2, 0x00, 0x0c, 0xe0, 0x07, 0xf2,
    0x00, 0x08, 0xf1, 0x07, 0xf2, 0x00, 0x0b, 0xe0, 0x07, 0xf2, 0x02, 0x8f, 0x90, 0x07, 0xff, 0xff,
    0xf9, 0x00, 0x07, 0xf7, 0x65, 0x20, 0x00, 0x07, 0xf2, 0x00, 0x00, 0x00, 0x07, 0xf2, 0x00, 0x00,
    0x00, 0x07, 0xf2, 0x00, 0x00, 0x00, 0x07, 0xf2, 0x00, 0x00, 0x00, 0x00, 0x03, 0xad, 0xfe, 0xb4,
    0x00, 0x00, 0x00, 0x6f, 0xe8, 0x68, 0xdf, 0x80, 0x00, 0x04, 0xfb, 0x10, 0x00, 0x09, 0xf5, 0x00,
    0x0b, 0xe1, 0x00, 0x00, 0x00, 0xdd, 0x00, 0x1f, 0x90, 0x00, 0x00, 0x00, 0x8f, 0x20, 0x3f, 0x70,
    0x00, 0x00, 0x00, 0x6f, 0x40, 0x3f, 0x70, 0x00, 0x00, 0x00, 0x6f, 0x30, 0x1f, 0x90, 0x00, 0x00,
    0x00, 0x8f, 0x10, 0x0c, 0xe1, 0x00, 0x00, 0x00, 0xdc, 0x00, 0x05, 0xfa, 0x00, 0x00, 0x09, 0xf5,
    0x00, 0x00, 0x7f, 0xd8, 0x68, 0xdf, 0x70, 0x00, 0x00, 0x04, 0xae, 0xfe, 0xdf, 0x70, 0x00, 0x00,
    0x00, 0x00, 0x00, 0x1b, 0xf8, 0x00, 0x00, 0x00, 0x00, 0x00, 0x01, 0xbf, 0xa0, 0x07, 0xff, 0xfe,
    0xc6, 0x00, 0x00, 0x7f, 0x76, 0x7c, 0xf6, 0x00, 0x07, 0xf2, 0x00, 0x0d, 0xd0, 0x00, 0x7f, 0x20,
    0x00, 0xaf, 0x00, 0x07, 0xf2, 0x00, 0x0c, 0xd0, 0x00, 0x7f, 0x20, 0x19, 0xf5, 0x00, 0x07, 0xff,
    0xff, 0xc4, 0x00, 0x00, 0x7f, 0x76, 0xce, 0x40, 0x00, 0x07, 0xf2, 0x00, 0xce, 0x10, 0x00, 0x7f,
    0x20, 0x02, 0xeb, 0x00, 0x07, 0xf2, 0x00, 0x06, 0xf6, 0x00, 0x7f, 0x20, 0x00, 0x0b, 0xe2, 0x00,
    0x4b, 0xdf, 0xd9, 0x00, 0x6f, 0xc7, 0x79, 0xd0, 0x0d, 0xc0, 0x00, 0x01, 0x00, 0xeb, 0x00, 0x00,
    0x00, 0x0a, 0xf7, 0x00, 0x00, 0x00, 0x1b, 0xfd, 0x60, 0x00, 0x00, 0x05, 0xdf, 0xd3, 0x00, 0x00,
    0x00, 0x5e, 0xe1, 0x00, 0x00, 0x00, 0x5f, 0x50, 0x10, 0x00, 0x05, 0xf5, 0x0e, 0xa7, 0x68, 0xed,
    0x10, 0xad, 0xee, 0xd8, 0x10, 0xaf, 0xff, 0xff, 0xff, 0xd4, 0x66, 0x8f, 0x96, 0x65, 0x00, 0x03,
    0xf6, 0x00, 0x00, 0x00, 0x3f, 0x60, 0x00, 0x00, 0x03, 0xf6, 0x00, 0x00, 0x00, 0x3f, 0x60, 0x00,
    0x00, 0x03, 0xf6, 0x00, 0x00, 0x00, 0x3f, 0x60, 0x00, 0x00, 0x03, 0xf6, 0x00, 0x00, 0x00, 0x3f,
    0x60, 0x00, 0x00, 0x03, 0xf6, 0x00, 0x00, 0x00, 0x3f, 0x60, 0x00, 0x09, 0xf0, 0x00, 0x00, 0x0f,
    0x80, 0x09, 0xf0, 0x00, 0x00, 0x0f, 0x80, 0x09, 0xf0, 0x00, 0x00, 0x0f, 0x80, 0x09, 0xf0, 0x00,
    0x00, 0x0f, 0x80, 0x09, 0xf0, 0x00, 0x00, 0x0f, 0x80, 0x09, 0xf0, 0x00, 0x00, 0x0f, 0x80, 0x09,
    0xf0, 0x00, 0x00, 0x0f, 0x80, 0x08, 0xf1, 0x00, 0x00, 0x1f, 0x70, 0x07, 0xf3, 0x00, 0x00, 0x3f,
    0x60, 0x03, 0xfa, 0x00, 0x00, 0xaf, 0x20, 0x00, 0xaf, 0xb7, 0x7b, 0xf8, 0x00, 0x00, 0x07, 0xdf,
    0xec, 0x60, 0x00, 0xaf, 0x10, 0x00, 0x00, 0x2f, 0x75, 0xf6, 0x00, 0x00, 0x08, 0xf2, 0x0e, 0xb0,
    0x00, 0x00, 0xdb, 0x00, 0x9f, 0x10, 0x00, 0x3f, 0x60, 0x03, 0xf6, 0x00, 0x09, 0xe1, 0x00, 0x0d,
    0xc0, 0x00, 0xea, 0x00, 0x00, 0x8f, 0x20, 0x4f, 0x40, 0x00, 0x02, 0xf7, 0x0a, 0xd0, 0x00, 0x00,
    0x0c, 0xc1, 0xe8, 0x00, 0x00, 0x00, 0x6f, 0x7f, 0x20, 0x00, 0x00, 0x01, 0xfe, 0xc0, 0x00, 0x00,
    0x00, 0x0a, 0xf6, 0x00, 0x00, 0xaf, 0x10, 0x00, 0x09, 0xf3, 0x00, 0x00, 0xbe, 0x05, 0xf5, 0x00,
    0x00, 0xde, 0x70, 0x00, 0x0e, 0xa0, 0x1f, 0x90, 0x00, 0x3f, 0xab, 0x00, 0x04, 0xf6, 0x00, 0xbd,
    0x00, 0x07, 0xc6, 0xf0, 0x00, 0x7f, 0x10, 0x07, 0xf2, 0x00, 0xb8, 0x2f, 0x40, 0x0b, 0xc0, 0x00,
    0x3f, 0x60, 0x1f, 0x40, 0xd8, 0x00, 0xf8, 0x00, 0x00, 0xda, 0x05, 0xf0, 0x09, 0xc0, 0x4f, 0x40,
    0x00, 0x09, 0xe0, 0x9b, 0x00, 0x5f, 0x18, 0xe0, 0x00, 0x00, 0x5f, 0x3d, 0x70, 0x01, 0xf5, 0xca,
    0x00, 0x00, 0x01, 0xf9, 0xf3, 0x00, 0x0c, 0x9f, 0x60, 0x00, 0x00, 0x0b, 0xee, 0x00, 0x00, 0x8e,
    0xf2, 0x00, 0x00, 0x00, 0x6f, 0xa0, 0x00, 0x04, 0xfc, 0x00, 0x00, 0x3f, 0xb0, 0x00, 0x02, 0xeb,
    0x00, 0x8f, 0x40, 0x00, 0xae, 0x20, 0x01, 0xdd, 0x00, 0x4f, 0x70, 0x00, 0x04, 0xf7, 0x0d, 0xc0,
    0x00, 0x00, 0x0a, 0xe7, 0xf3, 0x00, 0x00, 0x00, 0x2e, 0xf8, 0x00, 0x00, 0x00, 0x02, 0xff, 0x90,
    0x00, 0x00, 0x00, 0xcd, 0x7f, 0x40, 0x00, 0x00, 0x7f, 0x40, 0xdd, 0x00, 0x00, 0x2f, 0xa0, 0x04,
    0xf8, 0x00, 0x0c, 0xe1, 0x00, 0x0b, 0xf2, 0x07, 0xf6, 0x00, 0x00, 0x2f, 0xc0, 0x9f, 0x20, 0x00,
    0x05, 0xf5, 0x2f, 0xa0, 0x00, 0x0d, 0xd0, 0x0a, 0xf2, 0x00, 0x5f, 0x60, 0x03, 0xf9, 0x00, 0xdd,
    0x00, 0x00, 0xbf, 0x25, 0xf6, 0x00, 0x00, 0x4f, 0x8c, 0xd0, 0x00, 0x00, 0x0c, 0xff, 0x70, 0x00,
    0x00, 0x05, 0xfe, 0x10, 0x00, 0x00, 0x00, 0xf9, 0x00, 0x00, 0x00, 0x00, 0xf9, 0x00, 0x00, 0x00,
    0x00, 0xf9, 0x00, 0x00, 0x00, 0x00, 0xf9, 0x00, 0x00, 0x2f, 0xff, 0xff, 0xff, 0xf7, 0x16, 0x66,
    0x66, 0x6f, 0xc0, 0x00, 0x00, 0x00, 0x8f, 0x30, 0x00, 0x00, 0x04, 0xf7, 0x00, 0x00, 0x00, 0x1d,
    0xc0, 0x00, 0x00, 0x00, 0x9e, 0x20, 0x00, 0x00, 0x04, 0xf6, 0x00, 0x00, 0x00, 0x1e, 0xb0, 0x00,
    0x00, 0x00, 0xae, 0x20, 0x00, 0x00, 0x05, 0xf5, 0x00, 0x00, 0x00, 0x2e, 0xd6, 0x66, 0x66, 0x62,
    0x9f, 0xff, 0xff, 0xff, 0xf6, 0x04, 0xff, 0xe0, 0x4f, 0x21, 0x04, 0xf1, 0x00, 0x4f, 0x10, 0x04,
    0xf1, 0x00, 0x4f, 0x10, 0x04, 0xf1, 0x00, 0x4f, 0x10, 0x04, 0xf1, 0x00, 0x4f, 0x10, 0x04, 0xf1,
    0x00, 0x4f, 0x10, 0x04, 0xf1, 0x00, 0x4f, 0x21, 0x04, 0xff, 0xe0, 0x1e, 0x70, 0x00, 0x00, 0x09,
    0xd0, 0x00, 0x00, 0x03, 0xf4, 0x00, 0x00, 0x00, 0xca, 0x00, 0x00, 0x00, 0x6f, 0x10, 0x00, 0x00,
    0x0e, 0x70, 0x00, 0x00, 0x08, 0xd0, 0x00, 0x00, 0x02, 0xf4, 0x00, 0x00, 0x00, 0xba, 0x00, 0x00,
    0x00, 0x5f, 0x10, 0x00, 0x00, 0x0e, 0x70, 0x00, 0x00, 0x08, 0xd0, 0x00, 0x00, 0x02, 0xf4, 0x00,
    0x00, 0x00, 0xba, 0x8f, 0xfa, 0x01, 0x1b, 0xa0, 0x00, 0xaa, 0x00, 0x0a, 0xa0, 0x00, 0xaa, 0x00,
    0x0a, 0xa0, 0x00, 0xaa, 0x00, 0x0a, 0xa0, 0x00, 0xaa, 0x00, 0x0a, 0xa0, 0x00, 0xaa, 0x00, 0x0a,
    0xa0, 0x00, 0xaa, 0x01, 0x1a, 0xa0, 0x8f, 0xfa, 0x00, 0x00, 0x00, 0x0c, 0x60, 0x00, 0x00, 0x00,
    0x00, 0x4f, 0xe1, 0x00, 0x00, 0x00, 0x00, 0xc8, 0xc8, 0x00, 0x00, 0x00, 0x04, 0xe1, 0x4e, 0x10,
    0x00, 0x00, 0x0c, 0x80, 0x0b, 0x90, 0x00, 0x00, 0x5e, 0x10, 0x03, 0xf3, 0x00, 0x00, 0xc8, 0x00,
    0x00, 0xab, 0x00, 0x00, 0x00, 0x00, 0x00, 0x00, 0x00, 0x00, 0x00, 0x00, 0x00, 0x00, 0x00, 0x00,
    0x00, 0x00, 0x00, 0x00, 0x00, 0x00, 0x00, 0x00, 0x00, 0x00, 0x00, 0x00, 0x00, 0x00, 0x00, 0x00,
    0x00, 0x00, 0x00, 0x00, 0x00, 0x00, 0x00, 0x00, 0x00, 0x00, 0x00, 0x00, 0x00, 0xff, 0xff, 0xff,
    0xf3, 0x1d, 0x80, 0x00, 0x3e, 0x30, 0x00, 0x7c, 0x00, 0x00, 0x00, 0x00, 0x00, 0x00, 0x00, 0x00,
    0x00, 0x00, 0x00, 0x00, 0x00, 0x00, 0x00, 0x00, 0x00, 0x00, 0x00, 0x00, 0x00, 0x00, 0x00, 0x00,
    0x00, 0x00, 0x03, 0xbe, 0xfd, 0x60, 0x00, 0x69, 0x54, 0xaf, 0x40, 0x00, 0x00, 0x00, 0xe8, 0x00,
    0x01, 0x47, 0x9e, 0xa0, 0x06, 0xea, 0x75, 0xda, 0x01, 0xf7, 0x00, 0x0e, 0xa0, 0x3f, 0x50, 0x03,
    0xfa, 0x01, 0xec, 0x56, 0xde, 0xa0, 0x04, 0xcf, 0xc4, 0xda, 0x00, 0x09, 0xe0, 0x00, 0x00, 0x00,
    0x09, 0xe0, 0x00, 0x00, 0x00, 0x09, 0xe0, 0x00, 0x00, 0x00, 0x09, 0xe0, 0x00, 0x00, 0x00, 0x09,
    0xe2, 0xae, 0xe9, 0x10, 0x09, 0xec, 0x85, 0x8f, 0xa0, 0x09, 0xf5, 0x00, 0x08, 0xf2, 0x09, 0xf0,
    0x00, 0x03, 0xf5, 0x09, 0xd0, 0x00, 0x02, 0xf6, 0x09, 0xe0, 0x00, 0x04, 0xf5, 0x09, 0xf4, 0x00,
    0x0a, 0xf1, 0x09, 0xed, 0x75, 0xaf, 0x70, 0x09, 0xe4, 0xcf, 0xd7, 0x00, 0x00, 0x2a, 0xef, 0xc3,
    0x03, 0xed, 0x65, 0x85, 0x0b, 0xe1, 0x00, 0x00, 0x1f, 0x80, 0x00, 0x00, 0x3f, 0x60, 0x00, 0x00,
    0x2f, 0x70, 0x00, 0x00, 0x0d, 0xd1, 0x00, 0x00, 0x05, 0xfc, 0x65, 0x85, 0x00, 0x4b, 0xee, 0xb2,
    0x00, 0x00, 0x00, 0x0a, 0xd0, 0x00, 0x00, 0x00, 0x0a, 0xd0, 0x00, 0x00, 0x00, 0x0a, 0xd0, 0x00,
    0x00, 0x00, 0x0a, 0xd0, 0x00, 0x4c, 0xfd, 0x6a, 0xd0, 0x04, 0xfc, 0x66, 0xcd, 0xd0, 0x0c, 0xd0,
    0x00, 0x1e, 0xd0, 0x1f, 0x80, 0x00, 0x0b, 0xd0, 0x3f, 0x60, 0x00, 0x0a, 0xd0, 0x1f, 0x70, 0x00,
    0x0b, 0xd0, 0x0e, 0xc0, 0x00, 0x2f, 0xd0, 0x06, 0xfb, 0x56, 0xde, 0xd0, 0x00, 0x7d, 0xfd, 0x5a,
    0xd0, 0x00, 0x3b, 0xfe, 0x91, 0x00, 0x4f, 0xb5, 0x6e, 0x90, 0x0c, 0xd0, 0x00, 0x6f, 0x21, 0xf7,
    0x00, 0x03, 0xf4, 0x3f, 0xff, 0xff, 0xff, 0x62, 0xf9, 0x44, 0x44, 0x41, 0x0d, 0xb0, 0x00, 0x01,
    0x00, 0x6f, 0xa5, 0x58, 0xb0, 0x00, 0x5c, 0xfe, 0xb4, 0x00, 0x00, 0x00, 0x00, 0x00, 0x2b, 0xec,
    0x00, 0xcd, 0x53, 0x01, 0xf7, 0x00, 0x01, 0xf7, 0x00, 0x8f, 0xff, 0xf7, 0x25, 0xf9, 0x42, 0x01,
    0xf7, 0x00, 0x01, 0xf7, 0x00, 0x01, 0xf7, 0x00, 0x01, 0xf7, 0x00, 0x01, 0xf7, 0x00, 0x01, 0xf7,
    0x00, 0x01, 0xf7, 0x00, 0x00, 0x4c, 0xfd, 0x7a, 0xd0, 0x04, 0xfc, 0x65, 0xce, 0xd0, 0x0c, 0xd0,
    0x00, 0x1e, 0xd0, 0x1f, 0x80, 0x00, 0x0b, 0xd0, 0x3f, 0x60, 0x00, 0x0a, 0xd0, 0x2f, 0x70, 0x00,
    0x0b, 0xd0, 0x0e, 0xc0, 0x00, 0x2f, 0xd0, 0x06, 0xfb, 0x56, 0xdd, 0xd0, 0x00, 0x7d, 0xfc, 0x4a,
    0xd0, 0x00, 0x00, 0x00, 0x0c, 0xb0, 0x01, 0x00, 0x00, 0x4f, 0x70, 0x09, 0xb6, 0x58, 0xed, 0x10,
    0x03, 0xbe, 0xfd, 0x91, 0x00, 0x09, 0xe0, 0x00, 0x00, 0x00, 0x09, 0xe0, 0x00, 0x00, 0x00, 0x09,
    0xe0, 0x00, 0x00, 0x00, 0x09, 0xe0, 0x00, 0x00, 0x00, 0x09, 0xe2, 0xbe, 0xd6, 0x00, 0x09, 0xec,
    0x75, 0xcf, 0x40, 0x09, 0xf5, 0x00, 0x2f, 0x80, 0x09, 0xf0, 0x00, 0x0e, 0xa0, 0x09, 0xe0, 0x00,
    0x0d, 0xa0, 0x09, 0xe0, 0x00, 0x0d, 0xa0, 0x09, 0xe0, 0x00, 0x0d, 0xa0, 0x09, 0xe0, 0x00, 0x0d,
    0xa0, 0x09, 0xe0, 0x00, 0x0d, 0xa0, 0x09, 0xd1, 0x08, 0xc0, 0x00, 0x00, 0x00, 0x00, 0x0a, 0xd0,
    0x0a, 0xd0, 0x0a, 0xd0, 0x0a, 0xd0, 0x0a, 0xd0, 0x0a, 0xd0, 0x0a, 0xd0, 0x0a, 0xd0, 0x0a, 0xd0,
    0x00, 0x09, 0xd1, 0x00, 0x08, 0xc1, 0x00, 0x00, 0x00, 0x00, 0x00, 0x00, 0x00, 0x09, 0xe0, 0x00,
    0x09, 0xe0, 0x00, 0x09, 0xe0, 0x00, 0x09, 0xe0, 0x00, 0x09, 0xe0, 0x00, 0x09, 0xe0, 0x00, 0x09,
    0xe0, 0x00, 0x09, 0xe0, 0x00, 0x09, 0xd0, 0x00, 0x0a, 0xc0, 0x00, 0x0d, 0x90, 0x86, 0xaf, 0x30,
    0x4e, 0xd5, 0x00, 0x09, 0xe0, 0x00, 0x00, 0x00, 0x9e, 0x00, 0x00, 0x00, 0x09, 0xe0, 0x00, 0x00,
    0x00, 0x9e, 0x00, 0x00, 0x00, 0x09, 0xe0, 0x01, 0xdd, 0x10, 0x9e, 0x01, 0xce, 0x20, 0x09, 0xe0,
    0xae, 0x30, 0x00, 0x9e, 0x8f, 0x40, 0x00, 0x09, 0xef, 0xb0, 0x00, 0x00, 0x9e, 0x5f, 0x80, 0x00,
    0x09, 0xe0, 0x7f, 0x70, 0x00, 0x9e, 0x00, 0xaf, 0x50, 0x09, 0xe0, 0x00, 0xcf, 0x40, 0x0a, 0xd0,
    0x0a, 0xd0, 0x0a, 0xd0, 0x0a, 0xd0, 0x0a, 0xd0, 0x0a, 0xd0, 0x0a, 0xd0, 0x0a, 0xd0, 0x0a, 0xd0,
    0x0a, 0xd0, 0x0a, 0xd0, 0x0a, 0xd0, 0x0a, 0xd0, 0x09, 0xe3, 0xcf, 0xc3, 0x1a, 0xee, 0x80, 0x00,
    0x9e, 0xc6, 0x6e, 0xeb, 0x95, 0xaf, 0x60, 0x09, 0xf4, 0x00, 0x6f, 0xb0, 0x00, 0xea, 0x00, 0x9f,
    0x00, 0x03, 0xf6, 0x00, 0x0b, 0xc0, 0x09, 0xe0, 0x00, 0x3f, 0x50, 0x00, 0xbc, 0x00, 0x9e, 0x00,
    0x03, 0xf5, 0x00, 0x0b, 0xc0, 0x09, 0xe0, 0x00, 0x3f, 0x50, 0x00, 0xbc, 0x00, 0x9e, 0x00, 0x03,
    0xf5, 0x00, 0x0b, 0xc0, 0x09, 0xe0, 0x00, 0x3f, 0x50, 0x00, 0xbc, 0x00, 0x09, 0xe2, 0xbe, 0xd6,
    0x00, 0x09, 0xec, 0x75, 0xcf, 0x30, 0x09, 0xf4, 0x00, 0x2f, 0x80, 0x09, 0xf0, 0x00, 0x0d, 0xa0,
    0x09, 0xe0, 0x00, 0x0d, 0xa0, 0x09, 0xe0, 0x00, 0x0d, 0xa0, 0x09, 0xe0, 0x00, 0x0d, 0xa0, 0x09,
    0xe0, 0x00, 0x0d, 0xa0, 0x09, 0xe0, 0x00, 0x0d, 0xa0, 0x00, 0x3a, 0xef, 0xc6, 0x00, 0x04, 0xfc,
    0x65, 0xaf, 0x80, 0x0c, 0xd1, 0x00, 0x0a, 0xf1, 0x1f, 0x80, 0x00, 0x04, 0xf5, 0x3f, 0x60, 0x00,
    0x03, 0xf6, 0x2f, 0x70, 0x00, 0x04, 0xf4, 0x0d, 0xd0, 0x00, 0x0a, 0xe1, 0x04, 0xfc, 0x65, 0xaf,
    0x60, 0x00, 0x4b, 0xee, 0xc5, 0x00, 0x09, 0xe2, 0xae, 0xe9, 0x10, 0x09, 0xec, 0x85, 0x8f, 0xa0,
    0x09, 0xf5, 0x00, 0x08, 0xf2, 0x09, 0xf0, 0x00, 0x03, 0xf5, 0x09, 0xd0, 0x00, 0x02, 0xf6, 0x09,
    0xe0, 0x00, 0x04, 0xf5, 0x09, 0xf4, 0x00, 0x0a, 0xf1, 0x09, 0xed, 0x75, 0xaf, 0x70, 0x09, 0xe4,
    0xcf, 0xd7, 0x00, 0x09, 0xe0, 0x00, 0x00, 0x00, 0x09, 0xe0, 0x00, 0x00, 0x00, 0x09, 0xe0, 0x00,
    0x00, 0x00, 0x09, 0xe0, 0x00, 0x00, 0x00, 0x00, 0x4c, 0xfd, 0x6a, 0xd0, 0x04, 0xfc, 0x56, 0xcd,
    0xd0, 0x0c, 0xd0, 0x00, 0x1e, 0xd0, 0x1f, 0x80, 0x00, 0x0b, 0xd0, 0x3f, 0x60, 0x00, 0x0a, 0xd0,
    0x1f, 0x70, 0x00, 0x0b, 0xd0, 0x0e, 0xc0, 0x00, 0x2f, 0xd0, 0x06, 0xfb, 0x56, 0xde, 0xd0, 0x00,
    0x7d, 0xfd, 0x6a, 0xd0, 0x00, 0x00, 0x00, 0x0a, 0xd0, 0x00, 0x00, 0x00, 0x0a, 0xd0, 0x00, 0x00,
    0x00, 0x0a, 0xd0, 0x00, 0x00, 0x00, 0x0a, 0xd0, 0x09, 0xe3, 0xdc, 0x09, 0xec, 0x8a, 0x09, 0xf6,
    0x00, 0x09, 0xf1, 0x00, 0x09, 0xe0, 0x00, 0x09, 0xe0, 0x00, 0x09, 0xe0, 0x00, 0x09, 0xe0, 0x00,
    0x09, 0xe0, 0x00, 0x01, 0x9e, 0xec, 0x30, 0xcd, 0x55, 0x84, 0x1f, 0x80, 0x00, 0x00, 0xde, 0x61,
    0x00, 0x02, 0xbf, 0xe7, 0x00, 0x00, 0x2a, 0xf7, 0x00, 0x00, 0x0d, 0xa2, 0xb5, 0x47, 0xf6, 0x1b,
    0xee, 0xc6, 0x00, 0x01, 0xa5, 0x00, 0x02, 0xf6, 0x00, 0x02, 0xf6, 0x00, 0xaf, 0xff, 0xf8, 0x36,
    0xf8, 0x42, 0x02, 0xf6, 0x00, 0x02, 0xf6, 0x00, 0x02, 0xf6, 0x00, 0x02, 0xf6, 0x00, 0x02, 0xf6,
    0x00, 0x00, 0xec, 0x56, 0x00, 0x5d, 0xd3, 0x0c, 0xb0, 0x00, 0x0f, 0x80, 0x0c, 0xb0, 0x00, 0x0f,
    0x80, 0x0c, 0xb0, 0x00, 0x0f, 0x80, 0x0c, 0xb0, 0x00, 0x0f, 0x80, 0x0c, 0xb0, 0x00, 0x0f, 0x80,
    0x0c, 0xb0, 0x00, 0x1f, 0x80, 0x0a, 0xe1, 0x00, 0x6f, 0x80, 0x05, 0xfb, 0x57, 0xcf, 0x80, 0x00,
    0x7d, 0xeb, 0x3f, 0x80, 0xbe, 0x00, 0x00, 0x7f, 0x25, 0xf4, 0x00, 0x0c, 0xb0, 0x1e, 0x90, 0x02,
    0xf6, 0x00, 0x9e, 0x00, 0x7e, 0x10, 0x04, 0xf4, 0x0c, 0x90, 0x00, 0x0d, 0x92, 0xf4, 0x00, 0x00,
    0x8d, 0x7d, 0x00, 0x00, 0x03, 0xfd, 0x70, 0x00, 0x00, 0x0c, 0xf2, 0x00, 0x00, 0xae, 0x00, 0x06,
    0xf4, 0x00, 0x3f, 0x46, 0xf2, 0x00, 0xaf, 0x80, 0x06, 0xf1, 0x1f, 0x60, 0x0e, 0xcb, 0x00, 0xab,
    0x00, 0xca, 0x03, 0xe5, 0xf1, 0x0d, 0x60, 0x08, 0xd0, 0x7a, 0x0e, 0x42, 0xf2, 0x00, 0x3f, 0x2b,
    0x60, 0xb8, 0x5d, 0x00, 0x00, 0xe6, 0xe1, 0x07, 0xc9, 0x90, 0x00, 0x0a, 0xcc, 0x00, 0x2f, 0xc4,
    0x00, 0x00, 0x5f, 0x70, 0x00, 0xdf, 0x10, 0x00, 0x5f, 0x60, 0x01, 0xe9, 0x0b, 0xd0, 0x09, 0xd1,
    0x02, 0xf7, 0x3f, 0x50, 0x00, 0x8e, 0xba, 0x00, 0x00, 0x1f, 0xf3, 0x00, 0x00, 0x7e, 0xda, 0x00,
    0x02, 0xf6, 0x5f, 0x40, 0x0c, 0xc0, 0x0c, 0xd1, 0x7f, 0x40, 0x03, 0xf8, 0xbe, 0x00, 0x00, 0x5f,
    0x35, 0xf5, 0x00, 0x0b, 0xc0, 0x0e, 0xa0, 0x01, 0xf7, 0x00, 0x8e, 0x00, 0x6f, 0x10, 0x02, 0xf5,
    0x0b, 0xa0, 0x00, 0x0c, 0xa2, 0xf4, 0x00, 0x00, 0x6e, 0x7d, 0x00, 0x00, 0x01, 0xee, 0x80, 0x00,
    0x00, 0x0a, 0xf2, 0x00, 0x00, 0x00, 0xcb, 0x00, 0x00, 0x00, 0x3f, 0x50, 0x00, 0x02, 0x5d, 0xc0,
    0x00, 0x00, 0x9f, 0xa1, 0x00, 0x00, 0x01, 0x00, 0x00, 0x00, 0x00, 0x4f, 0xff, 0xff, 0xf6, 0x14,
    0x44, 0x4e, 0xc0, 0x00, 0x00, 0x8e, 0x20, 0x00, 0x04, 0xf6, 0x00, 0x00, 0x1d, 0xb0, 0x00, 0x00,
    0xae, 0x10, 0x00, 0x05, 0xf5, 0x00, 0x00, 0x2e, 0xc4, 0x44, 0x42, 0xaf, 0xff, 0xff, 0xf7, 0x00,
    0x2b, 0xb0, 0x0a, 0xd3, 0x00, 0xd7, 0x00, 0x0d, 0x70, 0x00, 0xd7, 0x00, 0x0e, 0x60, 0x05, 0xf3,
    0x03, 0xf9, 0x00, 0x06, 0xf3, 0x00, 0x0e, 0x60, 0x00, 0xd7, 0x00, 0x0d, 0x70, 0x00, 0xd7, 0x00,
    0x0a, 0xc2, 0x00, 0x2b, 0xb0, 0x08, 0xd0, 0x08, 0xd0, 0x08, 0xd0, 0x08, 0xd0, 0x08, 0xd0, 0x08,
    0xd0, 0x08, 0xd0, 0x08, 0xd0, 0x08, 0xd0, 0x08, 0xd0, 0x08, 0xd0, 0x08, 0xd0, 0x08, 0xd0, 0x08,
    0xd0, 0x08, 0xd0, 0x08, 0xd0, 0x08, 0xd0, 0x6d, 0x50, 0x01, 0x9e, 0x10, 0x02, 0xf3, 0x00, 0x1f,
    0x40, 0x01, 0xf4, 0x00, 0x1f, 0x50, 0x00, 0xca, 0x10, 0x04, 0xf9, 0x00, 0xca, 0x10, 0x1f, 0x50,
    0x01, 0xf4, 0x00, 0x1f, 0x40, 0x02, 0xf3, 0x01, 0x8e, 0x10, 0x6d, 0x50, 0x00, 0x00, 0x6e, 0xeb,
    0x51, 0x5f, 0x10, 0x02, 0xf6, 0x49, 0xef, 0xf7, 0x00, 0x00, 0x00, 0x00, 0x02, 0x10, 0x00, 0x00,
    0x00, 0x00, 0x00, 0x00, 0x00, 0x00, 0x00, 0x00, 0x00, 0x00, 0x00, 0x00, 0x00, 0x00, 0x00, 0x00,
    0x00, 0x0c, 0xb0, 0x0c, 0xb0, 0x00, 0x00, 0x00, 0x00, 0x00, 0x00, 0x00, 0x00, 0x09, 0xff, 0xff,
    0xff, 0xfb, 0x00, 0x9b, 0x44, 0x44, 0x49, 0xb0, 0x09, 0xa0, 0x00, 0x00, 0x7b, 0x00, 0x9a, 0x00,
    0x00, 0x07, 0xb0, 0x09, 0xa0, 0x00, 0x00, 0x7b, 0x00, 0x9a, 0x00, 0x00, 0x07, 0xb0, 0x09, 0xa0,
    0x00, 0x00, 0x7b, 0x00, 0x9a, 0x00, 0x00, 0x07, 0xb0, 0x09, 0xa0, 0x00, 0x00, 0x7b, 0x00, 0x9a,
    0x00, 0x00, 0x07, 0xb0, 0x09, 0xb4, 0x44, 0x44, 0x9b, 0x00, 0x9f, 0xff, 0xff, 0xff, 0xb0, 0xbf,
    0xff, 0xff, 0xff, 0xff, 0xff, 0xff, 0xfc, 0x46, 0x66, 0x66, 0x66, 0x66, 0x66, 0x66, 0x64, 0x00,
    0x00, 0x00, 0x00, 0x00, 0x00, 0x00, 0x00, 0x00, 0x00, 0x00, 0x00, 0x00, 0x00, 0x00, 0x00, 0x00,
    0x00, 0x00, 0x00, 0x00, 0x00, 0x00, 0x00, 0x00, 0x00, 0x00, 0x00, 0x00, 0x00, 0x00, 0x00, 0x00,
    0x00, 0x00, 0x7e, 0x00, 0x00, 0x00, 0x00, 0x00, 0x00, 0x00, 0x7e, 0x00, 0x00, 0x00, 0x00, 0x00,
    0x00, 0x00, 0x7e, 0x00, 0x00, 0x00, 0x00, 0x00, 0x00, 0x00, 0x7e, 0x00, 0x00, 0x00, 0x00, 0x00,
    0x00, 0x00, 0x7f, 0xff, 0xff, 0xff, 0x60, 0x00, 0x00, 0x00, 0x7f, 0x44, 0x44, 0x44, 0x10, 0x00,
    0x00, 0x00, 0x7e, 0x00, 0x00, 0x00, 0x00, 0x00, 0x00, 0x00, 0x7e, 0x00, 0x00, 0x00, 0x00, 0x00,
    0x00, 0x00, 0x7e, 0x00, 0x00, 0x00, 0x00, 0x00, 0x00, 0x00, 0x7e, 0x00, 0x00, 0x00, 0x00, 0x00,
    0x00, 0x00, 0x7e, 0x00, 0x00, 0x00, 0x00, 0x00, 0x00, 0x00, 0x7e, 0x00, 0x00, 0x00, 0x00, 0x9f,
    0xff, 0xff, 0xff, 0xff, 0xff, 0xff, 0xf9, 0x24, 0x44, 0x44, 0x44, 0x44, 0x44, 0x44, 0x42, 0x9f,
    0xff, 0xff, 0xff, 0xff, 0xff, 0xff, 0xf9, 0x24, 0x44, 0x44, 0x9f, 0x44, 0x44, 0x44, 0x42, 0x00,
    0x00, 0x00, 0x6f, 0x00, 0x00, 0x00, 0x00, 0x00, 0x00, 0x00, 0x6f, 0x10, 0x00, 0x00, 0x00, 0x00,
    0x00, 0x00, 0x6f, 0xcb, 0x20, 0x00, 0x00, 0x00, 0x00, 0x00, 0x6f, 0x4d, 0xe5, 0x00, 0x00, 0x00,
    0x00, 0x00, 0x6f, 0x01, 0x9f, 0xa1, 0x00, 0x00, 0x00, 0x00, 0x6f, 0x00, 0x04, 0xed, 0x30, 0x00,
    0x00, 0x00, 0x6f, 0x00, 0x00, 0x2b, 0x40, 0x00, 0x00, 0x00, 0x6f, 0x00, 0x00, 0x00, 0x00, 0x00,
    0x00, 0x00, 0x6f, 0x00, 0x00, 0x00, 0x00, 0x00, 0x00, 0x00, 0x6f, 0x00, 0x00, 0x00, 0x00, 0x00,
    0x00, 0x00, 0x6f, 0x00, 0x00, 0x00, 0x00, 0x00, 0x00, 0x00, 0x6f, 0x00, 0x00, 0x00, 0x00, 0x00,
    0x00, 0x0a, 0x90, 0x0a, 0xa0, 0x00, 0x00, 0x00, 0x00, 0x0a, 0x90, 0x0a, 0xa0, 0x00, 0x00, 0x00,
    0x00, 0x0a, 0x90, 0x0a, 0xa0, 0x00, 0x00, 0x0b, 0x50, 0x0a, 0x90, 0x0a, 0xa0, 0x05, 0xb0, 0x0a,
    0xb0, 0x0a, 0x90, 0x0a, 0xa0, 0x0b, 0xb0, 0x05, 0xf2, 0x0a, 0x90, 0x0a, 0xa0, 0x1f, 0x50, 0x00,
    0xe8, 0x0a, 0x90, 0x0a, 0xa0, 0x7e, 0x00, 0x00, 0x9d, 0x0a, 0x90, 0x0a, 0xa0, 0xd7, 0x00, 0x00,
    0x3f, 0x4a, 0x90, 0x0a, 0xa5, 0xf1, 0x00, 0x00, 0x0b, 0x4a, 0x90, 0x0a, 0xa7, 0x80, 0x00, 0x00,
    0x00, 0x0a, 0x90, 0x0a, 0xa0, 0x00, 0x00, 0x00, 0x00, 0x0a, 0x90, 0x0a, 0xa0, 0x00, 0x00, 0x00,
    0x00, 0x0a, 0x90, 0x0a, 0xa0, 0x00, 0x00, 0xbf, 0xff, 0xff, 0xff, 0xff, 0xff, 0xff, 0xfb, 0x22,
    0x22, 0x22, 0x22, 0x22, 0x22, 0x22, 0x22, 0x00, 0x00, 0x00, 0x0d, 0xe0, 0x00, 0x00, 0x00, 0x00,
    0x00, 0x00, 0x8e, 0xe8, 0x00, 0x00, 0x00, 0x00, 0x00, 0x05, 0xf5, 0x5f, 0x30, 0x00, 0x00, 0x00,
    0x00, 0x4f, 0x80, 0x09, 0xe3, 0x00, 0x00, 0x00, 0x05, 0xf8, 0x00, 0x00, 0xae, 0x30, 0x00, 0x00,
    0x8f, 0x70, 0x0b, 0xb0, 0x09, 0xf7, 0x00, 0x3c, 0xe4, 0x00, 0x0b, 0xb0, 0x00, 0x6e, 0xd4, 0x6a,
    0x10, 0x00, 0x0b, 0xb0, 0x00, 0x02, 0xb5, 0x00, 0x00, 0x00, 0x0b, 0xb0, 0x00, 0x00, 0x00, 0x00,
    0x00, 0x00, 0x0b, 0xb0, 0x00, 0x00, 0x00, 0x00, 0x00, 0x00, 0x0b, 0xb0, 0x00, 0x00, 0x00, 0x00,
    0x00, 0x00, 0x0b, 0xb0, 0x00, 0x00, 0x00, 0x00, 0x00, 0x00, 0x0b, 0xb0, 0x00, 0x00, 0x00, 0x00,
    0x00, 0x00, 0x0b, 0xb0, 0x00, 0x00, 0x00, 0x00, 0x00, 0x00, 0x0b, 0xb0, 0x00, 0x00, 0x00, 0x00,
    0x00, 0x00, 0x0a, 0xa0, 0x00, 0x00, 0x00, 0x00, 0x00, 0x00, 0x0a, 0xa0, 0x00, 0x00, 0x00, 0x0a,
    0xff, 0xff, 0xff, 0xff, 0xff, 0xff, 0xb0, 0x0a, 0xa2, 0x22, 0x2b, 0xb2, 0x22, 0x29, 0xb0, 0x0a,
    0x90, 0x00, 0x0a, 0xa0, 0x00, 0x08, 0xb0, 0x0a, 0x90, 0x00, 0x0a, 0xa0, 0x00, 0x08, 0xb0, 0x0a,
    0x90, 0x00, 0x0a, 0xa0, 0x00, 0x08, 0xb0, 0x0a, 0xff, 0xff, 0xff, 0xff, 0xff, 0xff, 0xb0, 0x0a,
    0xa2, 0x22, 0x2b, 0xb2, 0x22, 0x29, 0xb0, 0x00, 0x00, 0x00, 0x0a, 0xa0, 0x00, 0x00, 0x00, 0x00,
    0x00, 0x00, 0x0a, 0xa0, 0x00, 0x00, 0x00, 0x00, 0x00, 0x00, 0x0a, 0xa0, 0x00, 0x00, 0x00, 0x00,
    0x00, 0x00, 0x0a, 0xa0, 0x00, 0x00, 0x00, 0x00, 0x00, 0x00, 0x0a, 0xa0, 0x00, 0x00, 0x00, 0x07,
    0xff, 0xff, 0xff, 0xff, 0xff, 0xff, 0x80, 0x02, 0x44, 0x44, 0x48, 0xe4, 0x44, 0x44, 0x20, 0x00,
    0x00, 0x00, 0x06, 0xd0, 0x00, 0x00, 0x00, 0x00, 0x00, 0x00, 0x06, 0xd0, 0x00, 0x00, 0x00, 0x00,
    0x00, 0x00, 0x06, 0xd0, 0x00, 0x00, 0x00, 0xaf, 0xff, 0xff, 0xff, 0xff, 0xff, 0xff, 0xfa, 0x24,
    0x44, 0x44, 0x48, 0xe4, 0x44, 0x44, 0x42, 0x00, 0x00, 0x00, 0x06, 0xd0, 0x00, 0x00, 0x00, 0x00,
    0x00, 0x00, 0x06, 0xd0, 0x00, 0x00, 0x00, 0x00, 0x00, 0x00, 0x06, 0xd0, 0x00, 0x00, 0x00, 0x00,
    0x00, 0x00, 0x06, 0xd0, 0x00, 0x00, 0x00, 0x00, 0x00, 0x00, 0x09, 0xd0, 0x00, 0x00, 0x00, 0x00,
    0x00, 0xef, 0xff, 0x90, 0x00, 0x00, 0x00, 0x00, 0x00, 0x55, 0x53, 0x00, 0x00, 0x00, 0x00, 0x00,
    0x00, 0x00, 0x0d, 0x30, 0x00, 0x00, 0x00, 0x00, 0x00, 0x00, 0x0b, 0x80, 0x00, 0x00, 0x00, 0x5f,
    0xff, 0xff, 0xff, 0xff, 0xff, 0xff, 0xf5, 0x01, 0x11, 0x11, 0x11, 0x11, 0x11, 0x11, 0x10, 0x00,
    0x0e, 0xff, 0xff, 0xff, 0xff, 0xd0, 0x00, 0x00, 0x0e, 0x10, 0x00, 0x00, 0x02, 0xd0, 0x00, 0x00,
    0x0e, 0xff, 0xff, 0xff, 0xff, 0xd0, 0x00, 0x00, 0x00, 0x00, 0x00, 0x00, 0x00, 0x00, 0x00, 0x2f,
    0xff, 0xff, 0xff, 0xff, 0xff, 0xff, 0xf2, 0x2f, 0x31, 0x11, 0x11, 0x11, 0x11, 0x13, 0xf2, 0x00,
    0x00, 0x7f, 0xff, 0xff, 0xf3, 0x00, 0x00, 0x00, 0x00, 0x99, 0x00, 0x01, 0xf3, 0x00, 0x68, 0x00,
    0x02, 0xe6, 0x00, 0x00, 0xf3, 0x00, 0x8a, 0x25, 0x9e, 0xb0, 0x00, 0x00, 0xe5, 0x01, 0xc7, 0x5d,
    0xa5, 0x00, 0x00, 0x00, 0x9f, 0xff, 0xd1, 0x00, 0x00, 0x00, 0x00, 0x00, 0x01, 0x21, 0x00, 0x00,
    0x00, 0x00, 0x0b, 0x50, 0x00, 0x00, 0x00, 0x00, 0x00, 0x00, 0x09, 0xd0, 0x00, 0x00, 0x00, 0x0d,
    0xff, 0xff, 0xff, 0xff, 0xff, 0xff, 0xd0, 0x02, 0x24, 0xd3, 0x22, 0x22, 0x4e, 0x42, 0x20, 0x00,
    0x00, 0xd8, 0x00, 0x00, 0xac, 0x00, 0x00, 0x00, 0x00, 0x5c, 0x00, 0x04, 0xf3, 0x00, 0x00, 0xaf,
    0xff, 0xff, 0xff, 0xff, 0xff, 0xff, 0xfa, 0x12, 0x22, 0x22, 0x27, 0xd2, 0x22, 0x22, 0x21, 0x00,
    0x00, 0x00, 0x06, 0xd0, 0x00, 0x00, 0x00, 0x0e, 0xff, 0xff, 0xff, 0xff, 0xff, 0xff, 0xd0, 0x02,
    0x2b, 0xb2, 0x27, 0xd2, 0x4e, 0x72, 0x20, 0x05, 0xdb, 0x20, 0x06, 0xd0, 0x04, 0xcc, 0x30, 0x2c,
    0x50, 0x21, 0x09, 0xc0, 0x00, 0x07, 0xb0, 0x00, 0x00, 0x8f, 0xff, 0x80, 0x00, 0x00, 0x00, 0x00,
    0x00, 0x02, 0x32, 0x00, 0x00, 0x00, 0x00, 0x00, 0x00, 0x00, 0x09, 0xc0, 0x00, 0x00, 0x00, 0x00,
    0x00, 0x00, 0x0a, 0xa0, 0x00, 0x00, 0x00, 0x00, 0x00, 0x00, 0x0c, 0x90, 0x00, 0x00, 0x00, 0x00,
    0x00, 0x00, 0x0e, 0x90, 0x00, 0x00, 0x00, 0x00, 0x00, 0x00, 0x2f, 0xd0, 0x00, 0x00, 0x00, 0x00,
    0x00, 0x00, 0x6f, 0xe2, 0x00, 0x00, 0x00, 0x00, 0x00, 0x00, 0xaa, 0xa8, 0x00, 0x00, 0x00, 0x00,
    0x00, 0x02, 0xf5, 0x5e, 0x00, 0x00, 0x00, 0x00, 0x00, 0x08, 0xe0, 0x0d, 0x60, 0x00, 0x00, 0x00,
    0x00, 0x2f, 0x60, 0x06, 0xe1, 0x00, 0x00, 0x00, 0x00, 0xcc, 0x00, 0x00, 0xca, 0x00, 0x00, 0x00,
    0x09, 0xe3, 0x00, 0x00, 0x3f, 0x80, 0x00, 0x00, 0x9f, 0x40, 0x00, 0x00, 0x06, 0xf9, 0x00, 0x2c,
    0xe4, 0x00, 0x00, 0x00, 0x00, 0x6f, 0xc4, 0x5b, 0x20, 0x00, 0x00, 0x00, 0x00, 0x04, 0xc3, 0x00,
    0x07, 0x80, 0xb4, 0x00, 0x00, 0x00, 0x00, 0x00, 0x0c, 0x70, 0x7e, 0x36, 0xff, 0xff, 0xe0, 0x00,
    0x3f, 0x20, 0x0a, 0x51, 0x33, 0x37, 0xe0, 0x00, 0x9a, 0x03, 0xf1, 0x00, 0x00, 0x05, 0xe0, 0x01,
    0xe8, 0x03, 0xf1, 0x00, 0x00, 0x05, 0xe0, 0x09, 0xf8, 0x03, 0xf1, 0x00, 0x00, 0x05, 0xe0, 0x3f,
    0xe8, 0x03, 0xf1, 0x00, 0x00, 0x05, 0xe0, 0xaa, 0xa8, 0x03, 0xf1, 0x00, 0x00, 0x05, 0xe0, 0x61,
    0xa8, 0x03, 0xf1, 0x00, 0x00, 0x05, 0xe0, 0x00, 0xa8, 0x03, 0xf1, 0x00, 0x00, 0x05, 0xe0, 0x00,
    0xa8, 0x03, 0xf1, 0x00, 0x00, 0x05, 0xe0, 0x00, 0xa8, 0x03, 0xf1, 0x00, 0x00, 0x05, 0xe0, 0x00,
    0xa8, 0x03, 0xf1, 0x00, 0x00, 0x05, 0xe0, 0x00, 0xa8, 0x03, 0xf1, 0x00, 0x00, 0x08, 0xd0, 0x00,
    0xa8, 0x03, 0xf1, 0x00, 0xcf, 0xff, 0x60, 0x00, 0x00, 0x00, 0x00, 0x00, 0x34, 0x31, 0x00, 0x00,
    0x03, 0xd1, 0x00, 0x07, 0xc0, 0x00, 0x00, 0x00, 0x08, 0xc0, 0x00, 0x07, 0xc0, 0x00, 0x00, 0x00,
    0x0d, 0x65, 0xb0, 0x07, 0xc0, 0x04, 0xb1, 0x00, 0x5e, 0x12, 0xea, 0x07, 0xc0, 0x4f, 0x90, 0x00,
    0xdc, 0x00, 0x3b, 0x17, 0xc0, 0x98, 0x00, 0x06, 0xfc, 0x00, 0x00, 0x07, 0xc0, 0x00, 0x00, 0x2e,
    0xdc, 0x0b, 0xff, 0xff, 0xff, 0xff, 0xf1, 0xac, 0x7c, 0x02, 0x33, 0x38, 0xd3, 0x33, 0x30, 0x62,
    0x7c, 0x00, 0x00, 0x07, 0xc0, 0x00, 0x00, 0x00, 0x7c, 0x00, 0x00, 0x07, 0xc0, 0x00, 0x00, 0x00,
    0x7c, 0x5f, 0xff, 0xff, 0xff, 0xff, 0xfb, 0x00, 0x7c, 0x13, 0x33, 0x38, 0xd3, 0x33, 0x32, 0x00,
    0x7c, 0x00, 0x00, 0x07, 0xc0, 0x00, 0x00, 0x00, 0x7c, 0x00, 0x00, 0x07, 0xc0, 0x00, 0x00, 0x00,
    0x7c, 0x00, 0x00, 0x07, 0xc0, 0x00, 0x00, 0x00, 0x7c, 0x00, 0x00, 0x07, 0xc0, 0x00, 0x00, 0x00,
    0x08, 0xa0, 0x00, 0x1b, 0x40, 0x00, 0x00, 0x00, 0x0d, 0x80, 0x00, 0x0b, 0xe1, 0x00, 0x00, 0x00,
    0x4f, 0x30, 0x00, 0x01, 0xc3, 0x00, 0x00, 0x00, 0xac, 0x3f, 0xff, 0xff, 0xff, 0xff, 0xf8, 0x02,
    0xf8, 0x02, 0x22, 0x22, 0x22, 0x22, 0x21, 0x09, 0xf8, 0x02, 0xd2, 0x00, 0x00, 0x0d, 0x50, 0x3f,
    0xe8, 0x00, 0xd7, 0x00, 0x00, 0x4f, 0x30, 0xab, 0xa8, 0x00, 0x8c, 0x00, 0x00, 0x8d, 0x00, 0x62,
    0xa8, 0x00, 0x3f, 0x20, 0x00, 0xd7, 0x00, 0x00, 0xa8, 0x00, 0x0d, 0x70, 0x03, 0xf2, 0x00, 0x00,
    0xa8, 0x00, 0x09, 0xc0, 0x08, 0xc0, 0x00, 0x00, 0xa8, 0x00, 0x04, 0xc1, 0x0d, 0x60, 0x00, 0x00,
    0xa8, 0x00, 0x00, 0x00, 0x4f, 0x10, 0x00, 0x00, 0xa8, 0x8f, 0xff, 0xff, 0xff, 0xff, 0xfc, 0x00,
    0xa8, 0x12, 0x22, 0x22, 0x22, 0x22, 0x22, 0x00, 0x09, 0x70, 0x00, 0x0c, 0x50, 0x00, 0x00, 0x00,
    0x1e, 0x30, 0x00, 0x0c, 0x50, 0x00, 0x00, 0x00, 0x6c, 0x00, 0x00, 0x0c, 0x50, 0x00, 0x00, 0x00,
    0xd6, 0x9f, 0xff, 0xff, 0xff, 0xff, 0xf5, 0x06, 0xf5, 0x12, 0x23, 0xfd, 0xd9, 0x22, 0x21, 0x1e,
    0xf5, 0x00, 0x07, 0xac, 0x8d, 0x00, 0x00, 0xab, 0xc5, 0x00, 0x0d, 0x5c, 0x5d, 0x40, 0x00, 0x71,
    0xc5, 0x00, 0x7c, 0x0c, 0x56, 0xc0, 0x00, 0x00, 0xc5, 0x02, 0xe4, 0x0c, 0x50, 0xe6, 0x00, 0x00,
    0xc5, 0x0c, 0x90, 0x0c, 0x50, 0x5f, 0x30, 0x00, 0xc5, 0xac, 0x2f, 0xff, 0xff, 0xa9, 0xe4, 0x00,
    0xc8, 0xb1, 0x02, 0x2c, 0x72, 0x10, 0x97, 0x00, 0xc5, 0x00, 0x00, 0x0c, 0x50, 0x00, 0x00, 0x00,
    0xc5, 0x00, 0x00, 0x0c, 0x50, 0x00, 0x00, 0x00, 0xc5, 0x00, 0x00, 0x0c, 0x50, 0x00, 0x00, 0x00,
    0x0b, 0x60, 0x00, 0x08, 0xa0, 0x00, 0x00, 0x00, 0x3f, 0xaf, 0xff, 0xff, 0xff, 0xff, 0xfa, 0x00,
    0xaa, 0x11, 0x11, 0x19, 0xa1, 0x11, 0x11, 0x03, 0xf4, 0x0c, 0xff, 0xff, 0xff, 0xff, 0xd0, 0x1d,
    0xf4, 0x0c, 0x71, 0x19, 0xa1, 0x16, 0xd0, 0x8d, 0xe4, 0x0c, 0x60, 0x09, 0x90, 0x05, 0xd0, 0x62,
    0xd4, 0x0c, 0xff, 0xff, 0xff, 0xff, 0xd0, 0x00, 0xd4, 0x01, 0x11, 0x1c, 0x71, 0x16, 0xd0, 0x00,
    0xd4, 0x01, 0xc3, 0x0e, 0x40, 0x00, 0x00, 0x00, 0xd4, 0x00, 0x9e, 0x8e, 0x10, 0x00, 0x00, 0x00,
    0xd4, 0x00, 0x0a, 0xfc, 0x10, 0x00, 0x00, 0x00, 0xd4, 0x04, 0x9f, 0xad, 0xfb, 0x74, 0x20, 0x00,
    0xd4, 0xac, 0x72, 0x00, 0x5a, 0xdf, 0xf7, 0x00, 0x00, 0x00, 0x00, 0x00, 0x00, 0x01, 0x30, 0x00,
    0x07, 0x90, 0x00, 0x00, 0x00, 0x00, 0x00, 0x00, 0x0c, 0x8c, 0xff, 0xff, 0xff, 0xff, 0xf8, 0x00,
    0x3f, 0x21, 0x11, 0x17, 0xb1, 0x11, 0x10, 0x00, 0x9b, 0x09, 0xff, 0xff, 0xff, 0xff, 0xd0, 0x01,
    0xe7, 0x09, 0x70, 0x07, 0xa0, 0x03, 0xd0, 0x09, 0xf7, 0x09, 0xff, 0xff, 0xff, 0xff, 0xd0, 0x3f,
    0xe7, 0x09, 0x70, 0x07, 0xa0, 0x03, 0xd0, 0xba, 0xa7, 0x09, 0x70, 0x07, 0xa0, 0x03, 0xd0, 0x71,
    0xa7, 0x09, 0xff, 0xff, 0xff, 0xff, 0xd0, 0x00, 0xa7, 0x00, 0x00, 0x0a, 0x70, 0x03, 0xd0, 0x00,
    0xa7, 0x02, 0xc4, 0x0e, 0x40, 0x00, 0x00, 0x00, 0xa7, 0x00, 0x7f, 0xdd, 0x00, 0x00, 0x00, 0x00,
    0xa7, 0x00, 0x08, 0xff, 0xc8, 0x53, 0x10, 0x00, 0xa7, 0x04, 0xbe, 0x53, 0x8b, 0xef, 0xf7, 0x00,
    0xa7, 0x9c, 0x71, 0x00, 0x00, 0x01, 0x30, 0x00, 0x00, 0xc9, 0x00, 0x0e, 0x70, 0x00, 0x00, 0x00,
    0x00, 0xc9, 0x00, 0x0e, 0x70, 0x00, 0x00, 0x00, 0x00, 0xc9, 0x00, 0x0e, 0x70, 0x00, 0x00, 0x00,
    0x00, 0xc9, 0x00, 0x0e, 0x70, 0x00, 0x00, 0x00, 0x00, 0xc9, 0x00, 0x0e, 0x70, 0x00, 0x00, 0x00,
    0x00, 0xc9, 0x00, 0x0e, 0x70, 0x00, 0x00, 0x00, 0x00, 0xc8, 0x00, 0x0e, 0x70, 0x00, 0x00, 0x00,
    0x00, 0xd7, 0x00, 0x0e, 0x70, 0x00, 0x00, 0x00, 0x00, 0xf5, 0x00, 0x0e, 0x70, 0x00, 0x00, 0x00,
    0x03, 0xf3, 0x00, 0x0e, 0x70, 0x00, 0x97, 0x00, 0x09, 0xd0, 0x00, 0x0e, 0x70, 0x00, 0xba, 0x00,
    0x3f, 0x60, 0x00, 0x0e, 0x70, 0x00, 0xc8, 0x02, 0xdb, 0x00, 0x00, 0x0d, 0xa1, 0x03, 0xf6, 0x3d,
    0xc1, 0x00, 0x00, 0x06, 0xff, 0xff, 0xc1, 0x5a, 0x10, 0x00, 0x00, 0x00, 0x13, 0x43, 0x00, 0x00,
    0x00, 0x0c, 0x50, 0x0a, 0x60, 0x00, 0x00, 0x00, 0x00, 0x7e, 0x10, 0x07, 0xe1, 0x00, 0x00, 0x00,
    0x03, 0xf6, 0x00, 0x01, 0xd9, 0x00, 0x00, 0x00, 0x2e, 0xa0, 0x00, 0x00, 0x3f, 0x70, 0x00, 0x02,
    0xdc, 0x10, 0x00, 0x00, 0x04, 0xf8, 0x00, 0x4e, 0xc1, 0x00, 0x00, 0x00, 0x00, 0x4e, 0xc3, 0x5b,
    0x10, 0x00, 0x7a, 0x00, 0x00, 0x02, 0xb5, 0x00, 0x00, 0x01, 0xe8, 0x00, 0x00, 0x00, 0x00, 0x00,
    0x00, 0x09, 0xc0, 0x05, 0xa0, 0x00, 0x00, 0x00, 0x00, 0x4e, 0x20, 0x02, 0xf5, 0x00, 0x00, 0x00,
    0x01, 0xd4, 0x00, 0x00, 0x7d, 0x10, 0x00, 0x00, 0x0a, 0x61, 0x12, 0x23, 0x4e, 0x90, 0x00, 0x01,
    0xaf, 0xff, 0xff, 0xfe, 0xdd, 0xf3, 0x00, 0x02, 0xc6, 0x43, 0x21, 0x00, 0x00, 0xab, 0x00, 0x00,
    0x00, 0x00, 0x00, 0x00, 0x00, 0x4a, 0x00, 0x00, 0x00, 0xa9, 0x00, 0x00, 0xaa, 0x00, 0x00, 0x00,
    0x00, 0xa9, 0x00, 0x00, 0xaa, 0x00, 0x00, 0x00, 0x00, 0xa9, 0x00, 0x00, 0xaa, 0x00, 0x00, 0x1f,
    0xff, 0xff, 0xff, 0xff, 0xff, 0xff, 0xf1, 0x03, 0x33, 0xba, 0x33, 0x33, 0xbb, 0x33, 0x30, 0x00,
    0x00, 0xa9, 0x00, 0x00, 0xaa, 0x00, 0x00, 0x00, 0x00, 0xa9, 0x00, 0x00, 0xaa, 0x00, 0x00, 0x00,
    0x00, 0xa9, 0x00, 0x00, 0xaa, 0x00, 0x00, 0xaf, 0xff, 0xff, 0xff, 0xff, 0xff, 0xff, 0xfa, 0x23,
    0x33, 0x33, 0x33, 0x33, 0x33, 0x33, 0x32, 0x00, 0x00, 0x3b, 0x10, 0x03, 0xb2, 0x00, 0x00, 0x00,
    0x06, 0xfd, 0x20, 0x03, 0xde, 0x50, 0x00, 0x01, 0xaf, 0xa1, 0x00, 0x00, 0x1a, 0xf9, 0x10, 0x4e,
    0xe6, 0x00, 0x00, 0x00, 0x00, 0x7f, 0xd2, 0x4b, 0x20, 0x00, 0x00, 0x00, 0x00, 0x04, 0xa0, 0x00,
    0x09, 0x70, 0x00, 0x00, 0x2c, 0x30, 0x00, 0x00, 0x04, 0xe9, 0x00, 0x00, 0xcc, 0x10, 0x00, 0x00,
    0x00, 0x4c, 0x20, 0x08, 0xd1, 0x00, 0x00, 0x07, 0xff, 0xff, 0xff, 0xff, 0xff, 0xff, 0x80, 0x01,
    0x33, 0x33, 0x3c, 0xa3, 0x33, 0x33, 0x10, 0x00, 0x00, 0x00, 0x0b, 0x90, 0x00, 0x00, 0x00, 0x00,
    0x00, 0x00, 0x0b, 0x90, 0x00, 0x00, 0x00, 0x5f, 0xff, 0xff, 0xff, 0xff, 0xff, 0xff, 0xf6, 0x13,
    0x33, 0x33, 0x4f, 0xe4, 0x33, 0x33, 0x31, 0x00, 0x00, 0x00, 0x8c, 0xa8, 0x00, 0x00, 0x00, 0x00,
    0x00, 0x03, 0xf4, 0x2e, 0x40, 0x00, 0x00, 0x00, 0x00, 0x3e, 0x80, 0x05, 0xe4, 0x00, 0x00, 0x00,
    0x06, 0xe7, 0x00, 0x00, 0x6f, 0x80, 0x00, 0x05, 0xdd, 0x40, 0x00, 0x00, 0x04, 0xdd, 0x82, 0x4d,
    0x60, 0x00, 0x00, 0x00, 0x00, 0x17, 0xd3, 0x00, 0x00, 0x00, 0x0b, 0xa0, 0x00, 0x00, 0x00, 0x02,
    0xf3, 0x00, 0x0b, 0xa0, 0x00, 0x4f, 0x10, 0x02, 0xf3, 0x00, 0x0b, 0xa0, 0x00, 0x4f, 0x10, 0x02,
    0xf3, 0x00, 0x0b, 0xa0, 0x00, 0x4f, 0x10, 0x02, 0xf3, 0x00, 0x0b, 0xa0, 0x00, 0x4f, 0x10, 0x02,
    0xf3, 0x00, 0x0b, 0xa0, 0x00, 0x4f, 0x10, 0x02, 0xff, 0xff, 0xff, 0xff, 0xff, 0xff, 0x10, 0x00,
    0x33, 0x33, 0x3c, 0xb3, 0x33, 0x6f, 0x10, 0x00, 0x00, 0x00, 0x0b, 0xa0, 0x00, 0x00, 0x00, 0x08,
    0xc0, 0x00, 0x0b, 0xa0, 0x00, 0x0c, 0x80, 0x08, 0xc0, 0x00, 0x0b, 0xa0, 0x00, 0x0c, 0x80, 0x08,
    0xc0, 0x00, 0x0b, 0xa0, 0x00, 0x0c, 0x80, 0x08, 0xc0, 0x00, 0x0b, 0xa0, 0x00, 0x0c, 0x80, 0x08,
    0xff, 0xff, 0xff, 0xff, 0xff, 0xff, 0x80, 0x01, 0x33, 0x33, 0x33, 0x33, 0x33, 0x3c, 0x80, 0x00,
    0x00, 0x0a, 0x60, 0x1c, 0x20, 0x00, 0x00, 0x00, 0x00, 0x5f, 0x30, 0x0b, 0xa0, 0x00, 0x00, 0x00,
    0x02, 0xe7, 0x00, 0x03, 0xf5, 0x00, 0x00, 0x00, 0x1d, 0xa0, 0x00, 0x00, 0x6f, 0x40, 0x00, 0x01,
    0xcc, 0x10, 0x00, 0x00, 0x07, 0xf6, 0x00, 0x2d, 0xc1, 0x00, 0x00, 0x00, 0x00, 0x6f, 0xb2, 0x79,
    0x00, 0x00, 0x00, 0x00, 0x00, 0x02, 0xb6, 0x00, 0xbf, 0xff, 0xff, 0xff, 0xff, 0x90, 0x00, 0x00,
    0x22, 0x2d, 0x82, 0x22, 0x2b, 0x80, 0x00, 0x00, 0x00, 0x0e, 0x50, 0x00, 0x0b, 0x80, 0x00, 0x00,
    0x00, 0x4f, 0x20, 0x00, 0x0c, 0x70, 0x00, 0x00, 0x00, 0xba, 0x00, 0x00, 0x0d, 0x60, 0x00, 0x00,
    0x08, 0xe2, 0x13, 0x10, 0x5f, 0x30, 0x00, 0x03, 0xbe, 0x30, 0x2f, 0xff, 0xe7, 0x00, 0x00, 0x2d,
    0x81, 0x00, 0x01, 0x21, 0x00, 0x00, 0x00, 0x00, 0x00, 0x89, 0x00, 0x00, 0x7a, 0x00, 0x00, 0x00,
    0x00, 0x2e, 0x50, 0x03, 0xe5, 0x00, 0x00, 0x9f, 0xff, 0xff, 0xff, 0xff, 0xff, 0xff, 0xfa, 0x11,
    0x11, 0x11, 0x11, 0x11, 0x11, 0x11, 0x11, 0x09, 0xff, 0xff, 0xff, 0x40, 0xd4, 0x0a, 0x80, 0x09,
    0x91, 0x11, 0x1e, 0x40, 0xd4, 0x0a, 0x80, 0x09, 0x90, 0x00, 0x0e, 0x40, 0xd4, 0x0a, 0x80, 0x09,
    0xff, 0xff, 0xff, 0x40, 0xd4, 0x0a, 0x80, 0x09, 0x91, 0x11, 0x1e, 0x40, 0xd4, 0x0a, 0x80, 0x09,
    0x90, 0x00, 0x0e, 0x40, 0xd4, 0x0a, 0x80, 0x09, 0xff, 0xff, 0xff, 0x40, 0xd4, 0x0a, 0x80, 0x09,
    0x91, 0x11, 0x1e, 0x40, 0x00, 0x0a, 0x80, 0x09, 0x90, 0x00, 0x1e, 0x40, 0x00, 0x1d, 0x80, 0x09,
    0x90, 0x4f, 0xfd, 0x10, 0x7f, 0xfe, 0x30, 0x00, 0x00, 0x02, 0x20, 0x00, 0x13, 0x31, 0x00, 0x00,
    0x4f, 0x00, 0x00, 0x00, 0x00, 0x00, 0x00, 0x00, 0x3f, 0x00, 0x00, 0x00, 0x00, 0x00, 0x00, 0x00,
    0x3f, 0x00, 0x00, 0x0d, 0xff, 0xff, 0xf1, 0x6f, 0xff, 0xff, 0xf9, 0x0d, 0x72, 0x24, 0xf1, 0x13,
    0x6f, 0x33, 0xb9, 0x0d, 0x60, 0x02, 0xf1, 0x00, 0x4e, 0x00, 0xa9, 0x0d, 0x60, 0x02, 0xf1, 0x00,
    0x5d, 0x00, 0xa8, 0x0d, 0x60, 0x02, 0xf1, 0x00, 0x6c, 0x00, 0xa8, 0x0d, 0x60, 0x02, 0xf1, 0x00,
    0x7b, 0x00, 0xb8, 0x0d, 0x60, 0x02, 0xf1, 0x00, 0xa8, 0x00, 0xb7, 0x0d, 0x60, 0x02, 0xf1, 0x00,
    0xe5, 0x00, 0xc7, 0x0d, 0x60, 0x02, 0xf1, 0x04, 0xe1, 0x00, 0xd6, 0x0d, 0x60, 0x02, 0xf1, 0x0b,
    0x90, 0x02, 0xf5, 0x0d, 0xff, 0xff, 0xf1, 0x6e, 0x2a, 0xff, 0xd1, 0x0d, 0x72, 0x24, 0xf1, 0x85,
    0x02, 0x44, 0x10, 0x00, 0x00, 0x00, 0x00, 0x00, 0x00, 0x89, 0x00, 0x00, 0x00, 0x00, 0x00, 0x00,
    0x03, 0xf6, 0x00, 0x00, 0x00, 0x00, 0x00, 0x00, 0x1d, 0xff, 0xff, 0xff, 0xff, 0xfa, 0x00, 0x00,
    0xbd, 0xd8, 0x10, 0x00, 0x1a, 0xe4, 0x00, 0x1b, 0xd2, 0x2d, 0xa2, 0x05, 0xdd, 0x30, 0x00, 0x3b,
    0x10, 0x01, 0xaf, 0xde, 0x70, 0x00, 0x00, 0x00, 0x00, 0x27, 0xee, 0xbf, 0xd9, 0x64, 0x21, 0x03,
    0x7b, 0xfb, 0x50, 0x02, 0x6a, 0xdf, 0xf9, 0x9c, 0x95, 0x10, 0xd5, 0x00, 0x00, 0x01, 0x31, 0x08,
    0xff, 0xff, 0xff, 0xff, 0xff, 0xf8, 0x00, 0x01, 0x22, 0x27, 0xe2, 0x22, 0x22, 0xc7, 0x00, 0x00,
    0x00, 0x1d, 0x70, 0x00, 0x00, 0xd6, 0x00, 0x00, 0x03, 0xdb, 0x00, 0x00, 0x04, 0xf3, 0x00, 0x03,
    0x9e, 0x80, 0x04, 0xff, 0xff, 0xb0, 0x00, 0x3d, 0x82, 0x00, 0x01, 0x44, 0x54, 0x00, 0x00, 0x00,
    0x00, 0x00, 0x00, 0x03, 0xf1, 0x00, 0x00, 0x0f, 0xff, 0xff, 0xf4, 0x03, 0xf1, 0x00, 0x00, 0x02,
    0x22, 0x22, 0x21, 0x03, 0xf1, 0x00, 0x00, 0x00, 0x00, 0x00, 0x08, 0xff, 0xff, 0xff, 0xf3, 0x00,
    0x00, 0x00, 0x02, 0x36, 0xf3, 0x33, 0xf3, 0xaf, 0xff, 0xff, 0xfe, 0x04, 0xe0, 0x01, 0xf3, 0x12,
    0x4f, 0x42, 0x22, 0x06, 0xd0, 0x02, 0xf2, 0x00, 0x7c, 0x00, 0x00, 0x07, 0xc0, 0x02, 0xf2, 0x00,
    0xc6, 0x1c, 0x10, 0x0a, 0xa0, 0x03, 0xf1, 0x04, 0xe1, 0x07, 0x70, 0x0e, 0x60, 0x03, 0xf1, 0x0a,
    0x90, 0x5c, 0xd0, 0x3f, 0x20, 0x04, 0xf0, 0x6f, 0x9c, 0xa5, 0xb4, 0xba, 0x00, 0x05, 0xe0, 0x6b,
    0x61, 0x00, 0x89, 0xf3, 0x00, 0x09, 0xd0, 0x00, 0x00, 0x00, 0x2e, 0x80, 0x6f, 0xff, 0x60, 0x00,
    0x00, 0x00, 0x5a, 0x00, 0x14, 0x42, 0x00, 0x07, 0xff, 0xff, 0xf1, 0x04, 0xf0, 0x00, 0x00, 0x07,
    0xb1, 0x12, 0xf1, 0x05, 0xe0, 0x00, 0x00, 0x07, 0xb0, 0x02, 0xf2, 0xff, 0xff, 0xff, 0xe0, 0x07,
    0xff, 0xff, 0xf1, 0x26, 0xe2, 0x27, 0xd0, 0x07, 0xb0, 0x02, 0xf1, 0x05, 0xd0, 0x06, 0xd0, 0x07,
    0xb0, 0x02, 0xf1, 0x06, 0xc0, 0x06, 0xc0, 0x07, 0xff, 0xff, 0xf1, 0x07, 0xb0, 0x07, 0xc0, 0x07,
    0xb0, 0x02, 0xf1, 0x08, 0xa0, 0x07, 0xb0, 0x07, 0xb0, 0x02, 0xf1, 0x0b, 0x70, 0x08, 0xb0, 0x07,
    0xb0, 0x02, 0xf3, 0x1e, 0x30, 0x08, 0xa0, 0x3a, 0xd9, 0xbd, 0xfe, 0x7d, 0x00, 0x09, 0x90, 0x9d,
    0xa8, 0x64, 0x25, 0xd5, 0x41, 0x1d, 0x80, 0x00, 0x00, 0x00, 0x1e, 0xa0, 0xbf, 0xfe, 0x20, 0x00,
    0x00, 0x00, 0x3b, 0x10, 0x13, 0x41, 0x00, 0x08, 0xff, 0xff, 0xff, 0xff, 0xff, 0xff, 0xe0, 0x08,
    0xd3, 0x33, 0x33, 0x33, 0x33, 0x33, 0x30, 0x08, 0xc0, 0x98, 0x00, 0x00, 0x05, 0xb1, 0x00, 0x08,
    0xc0, 0x4e, 0xa1, 0x00, 0x3e, 0x90, 0x00, 0x08, 0xc0, 0x03, 0xdc, 0x23, 0xea, 0x00, 0x00, 0x08,
    0xc0, 0x00, 0x2c, 0xee, 0xa0, 0x00, 0x00, 0x08, 0xc0, 0x00, 0x03, 0xff, 0x40, 0x00, 0x00, 0x08,
    0xc0, 0x00, 0x4e, 0xab, 0xf5, 0x00, 0x00, 0x08, 0xc0, 0x07, 0xf9, 0x00, 0xaf, 0x60, 0x00, 0x08,
    0xc1, 0xbf, 0x60, 0x00, 0x0a, 0xf7, 0x00, 0x08, 0xc3, 0xc3, 0x00, 0x00, 0x00, 0x96, 0x00, 0x08,
    0xc0, 0x00, 0x00, 0x00, 0x00, 0x00, 0x00, 0x08, 0xff, 0xff, 0xff, 0xff, 0xff, 0xff, 0xf3, 0x01,
    0x33, 0x33, 0x33, 0x33, 0x33, 0x33, 0x31, 0x00, 0x00, 0x00, 0x09, 0xb0, 0x00, 0x00, 0x00, 0x00,
    0x00, 0x00, 0x09, 0xb0, 0x00, 0x00, 0x00, 0x9f, 0xff, 0xff, 0xff, 0xff, 0xff, 0xff, 0xf8, 0x12,
    0x22, 0x22, 0x29, 0xb2, 0x22, 0x22, 0x21, 0x00, 0x00, 0x00, 0x09, 0xb0, 0x00, 0x00, 0x00, 0x09,
    0xff, 0xff, 0xff, 0xff, 0xff, 0xff, 0xa0, 0x09, 0xa1, 0x2d, 0x61, 0x15, 0xd3, 0x19, 0xa0, 0x09,
    0xa0, 0x06, 0xb0, 0x1d, 0x70, 0x08, 0xa0, 0x09, 0xa4, 0xff, 0xff, 0xff, 0xff, 0x58, 0xa0, 0x09,
    0xa0, 0x00, 0x09, 0xa0, 0x00, 0x08, 0xa0, 0x09, 0xa0, 0x00, 0x08, 0xa0, 0x00, 0x08, 0xa0, 0x09,
    0xab, 0xff, 0xff, 0xff, 0xff, 0xd8, 0xa0, 0x09, 0xa0, 0x00, 0x09, 0xa0, 0x00, 0x08, 0xa0, 0x09,
    0xa0, 0x00, 0x08, 0xa0, 0x00, 0x0a, 0xa0, 0x09, 0xa0, 0x00, 0x08, 0xa0, 0xdf, 0xff, 0x60, 0x00,
    0x00, 0x00, 0x00, 0x00, 0x34, 0x42, 0x00, 0x08, 0xff, 0xff, 0xff, 0xff, 0xff, 0xff, 0xf8, 0x08,
    0xb1, 0x11, 0x11, 0x11, 0x11, 0x11, 0x11, 0x08, 0xa0, 0xff, 0xff, 0xfe, 0x00, 0x00, 0x00, 0x08,
    0xa0, 0xf3, 0x22, 0x4e, 0x0a, 0x64, 0xd0, 0x08, 0xa0, 0xf1, 0x88, 0x2e, 0x0a, 0x64, 0xd0, 0x08,
    0xa0, 0xf1, 0x88, 0x2e, 0x0a, 0x64, 0xd0, 0x08, 0xa0, 0xf1, 0x88, 0x2e, 0x0a, 0x64, 0xd0, 0x08,
    0xa0, 0xf1, 0x97, 0x2e, 0x0a, 0x64, 0xd0, 0x09, 0x90, 0xf1, 0xa6, 0x2e, 0x0a, 0x64, 0xd0, 0x0a,
    0x80, 0x00, 0xc6, 0x00, 0x0a, 0x64, 0xd0, 0x0d, 0x50, 0x03, 0xee, 0x30, 0x0a, 0x64, 0xd0, 0x2f,
    0x20, 0x1c, 0x65, 0xd2, 0x0a, 0x64, 0xd0, 0x8c, 0x02, 0xc8, 0x00, 0x8c, 0x10, 0x06, 0xd0, 0x75,
    0x0b, 0x60, 0x00, 0x0a, 0x3c, 0xff, 0x80, 0x00, 0x00, 0x00, 0x00, 0x00, 0x01, 0x21, 0x00, 0x00,
    0x00, 0x0a, 0x90, 0x00, 0x00, 0x00, 0x00, 0x00, 0x00, 0x0c, 0x80, 0x00, 0x00, 0x00, 0x00, 0x4f,
    0xff, 0xff, 0xff, 0xff, 0xff, 0xff, 0xf8, 0x13, 0x33, 0x6f, 0x43, 0x33, 0x33, 0x33, 0x31, 0x00,
    0x00, 0x8c, 0x00, 0x00, 0x00, 0x00, 0x00, 0x00, 0x00, 0xcf, 0xff, 0xff, 0xff, 0xfc, 0x00, 0x00,
    0x02, 0xfa, 0xc2, 0x22, 0x22, 0xd9, 0x00, 0x00, 0x09, 0xc1, 0xe5, 0x00, 0x06, 0xe2, 0x00, 0x00,
    0x2e, 0x50, 0x5e, 0x40, 0x5f, 0x50, 0x00, 0x00, 0xac, 0x00, 0x07, 0xfb, 0xf6, 0x00, 0x00, 0x05,
    0xf3, 0x00, 0x16, 0xef, 0xd5, 0x00, 0x00, 0x4f, 0x62, 0x6a, 0xec, 0x62, 0x9e, 0xe9, 0x62, 0x87,
    0x0a, 0xc8, 0x30, 0x00, 0x01, 0x6a, 0xd3, 0x01, 0xd4, 0x00, 0xc7, 0x00, 0x97, 0x00, 0x00, 0x06,
    0xe1, 0x00, 0xf5, 0x00, 0x3d, 0xc2, 0x00, 0x0c, 0x90, 0x03, 0xf2, 0x00, 0x01, 0xb4, 0x00, 0x0f,
    0xff, 0xff, 0xff, 0xff, 0xff, 0xff, 0xf9, 0x02, 0x22, 0x2c, 0x92, 0x22, 0x22, 0x22, 0x21, 0x00,
    0x00, 0x1f, 0x40, 0x00, 0x00, 0x00, 0x00, 0x00, 0x00, 0x6f, 0xff, 0xff, 0xff, 0xfc, 0x00, 0x00,
    0x00, 0xda, 0xe2, 0x11, 0x11, 0xca, 0x00, 0x00, 0x05, 0xe1, 0xb6, 0x00, 0x03, 0xf3, 0x00, 0x00,
    0x0d, 0x70, 0x3e, 0x10, 0x1c, 0x90, 0x00, 0x00, 0x8d, 0x00, 0x08, 0xc1, 0xad, 0x10, 0x00, 0x04,
    0xf3, 0x00, 0x00, 0xbe, 0xe2, 0x00, 0x00, 0x3e, 0x70, 0x00, 0x3a, 0xe9, 0xda, 0x20, 0x00, 0x77,
    0x02, 0x6c, 0xe9, 0x20, 0x18, 0xeb, 0x62, 0x00, 0x0a, 0xb6, 0x10, 0x00, 0x00, 0x28, 0xd3, 0x00,
    0x00, 0x00, 0x00, 0x00, 0x00, 0x0c, 0x70, 0x0a, 0xff, 0xff, 0x60, 0x8b, 0x00, 0x0c, 0x70, 0x0a,
    0x92, 0x2d, 0x60, 0x8b, 0x00, 0x0c, 0x70, 0x0a, 0x80, 0x0c, 0x60, 0x8b, 0x00, 0x0c, 0x70, 0x0a,
    0x80, 0x0c, 0x60, 0x8b, 0x00, 0x0c, 0x70, 0x0a, 0x80, 0x0c, 0x60, 0x8b, 0x00, 0x0c, 0x70, 0x0a,
    0x80, 0x0c, 0x60, 0x8b, 0x00, 0x0c, 0x70, 0x0a, 0x80, 0x0c, 0x60, 0x8b, 0x00, 0x0c, 0x70, 0x0a,
    0x80, 0x0c, 0x60, 0x8b, 0x17, 0xef, 0x70, 0x0a, 0x80, 0x0c, 0x60, 0xae, 0xea, 0x4c, 0x70, 0x0a,
    0xff, 0xff, 0x60, 0xa8, 0x10, 0x0c, 0x70, 0x0a, 0x92, 0x2d, 0x60, 0x00, 0x00, 0x0c, 0x70, 0x0a,
    0x80, 0x00, 0x00, 0x00, 0x00, 0x0c, 0x70, 0x00, 0x00, 0x00, 0x00, 0x00, 0x00, 0x0c, 0x70, 0x00,
    0x00, 0x00, 0x00, 0x00, 0x00, 0x0c, 0x70, 0x00, 0x5f, 0xff, 0xff, 0xff, 0xff, 0xf4, 0x00, 0x00,
    0x5e, 0x22, 0x22, 0x22, 0x22, 0xe4, 0x00, 0x00, 0x5e, 0x00, 0x00, 0x00, 0x00, 0xe4, 0x00, 0x00,
    0x5f, 0xff, 0xff, 0xff, 0xff, 0xf4, 0x00, 0x00, 0x5e, 0x22, 0x22, 0x22, 0x22, 0xe4, 0x00, 0x00,
    0x00, 0x00, 0x00, 0x00, 0x00, 0x00, 0x00, 0xbf, 0xff, 0xff, 0xff, 0xff, 0xff, 0xff, 0xfb, 0x22,
    0x28, 0xc2, 0x22, 0x22, 0x22, 0x22, 0x22, 0x00, 0x0d, 0x70, 0x00, 0x00, 0x00, 0x00, 0x00, 0x00,
    0x0f, 0xff, 0xff, 0xff, 0xff, 0xf8, 0x00, 0x00, 0x02, 0x22, 0x22, 0x22, 0x22, 0xd6, 0x00, 0x00,
    0x00, 0x00, 0x00, 0x00, 0x03, 0xf3, 0x00, 0x00, 0x00, 0x00, 0xaf, 0xed, 0xdf, 0xa0, 0x00, 0x00,
    0x00, 0x00, 0x35, 0x56, 0x64, 0x00, 0x00, 0x00, 0x01, 0x22, 0x34, 0x67, 0x8a, 0xce, 0x50, 0x00,
    0xff, 0xff, 0xfe, 0xdc, 0xba, 0x87, 0x40, 0x00, 0xf6, 0x21, 0x00, 0x00, 0x00, 0x00, 0x00, 0x00,
    0xf4, 0x00, 0x00, 0x00, 0x00, 0x00, 0x00, 0x00, 0xff, 0xff, 0xff, 0xff, 0xff, 0xff, 0xfa, 0x00,
    0xf6, 0x33, 0x33, 0x33, 0x33, 0x33, 0x32, 0x00, 0xf4, 0x00, 0x00, 0x00, 0x00, 0x00, 0x00, 0x00,
    0xf4, 0x00, 0x00, 0x00, 0x00, 0x00, 0x00, 0x01, 0xf3, 0x4f, 0xff, 0xff, 0xff, 0xff, 0x30, 0x02,
    0xf2, 0x4f, 0x22, 0x22, 0x22, 0x2f, 0x30, 0x04, 0xe0, 0x4f, 0x00, 0x00, 0x00, 0x0f, 0x30, 0x09,
    0xa0, 0x4f, 0x00, 0x00, 0x00, 0x0f, 0x30, 0x1e, 0x50, 0x4f, 0x00, 0x00, 0x00, 0x0f, 0x30, 0x7d,
    0x00, 0x4f, 0xff, 0xff, 0xff, 0xff, 0x30, 0x84, 0x00, 0x4f, 0x22, 0x22, 0x22, 0x2f, 0x30, 0x00,
    0x00, 0x00, 0x0a, 0x50, 0x00, 0x00, 0x00, 0x00, 0x00, 0x00, 0x07, 0xd1, 0x00, 0x00, 0x00, 0x00,
    0xff, 0xff, 0xff, 0xff, 0xff, 0xff, 0xd0, 0x00, 0xf4, 0x11, 0x11, 0x11, 0x11, 0x17, 0xd0, 0x00,
    0xf3, 0x00, 0x00, 0x00, 0x00, 0x06, 0xd0, 0x00, 0xff, 0xff, 0xff, 0xff, 0xff, 0xff, 0xd0, 0x01,
    0xf4, 0x11, 0x11, 0x11, 0x11, 0x17, 0xd0, 0x01, 0xf2, 0x00, 0x00, 0x00, 0x00, 0x00, 0x00, 0x02,
    0xf2, 0x00, 0x00, 0x00, 0x00, 0x00, 0x00, 0x03, 0xf0, 0xaf, 0xff, 0xff, 0xff, 0xff, 0xa0, 0x06,
    0xc0, 0xa9, 0x11, 0x11, 0x11, 0x19, 0xa0, 0x09, 0xa0, 0xa8, 0x00, 0x00, 0x00, 0x08, 0xa0, 0x0e,
    0x50, 0xa8, 0x00, 0x00, 0x00, 0x08, 0xa0, 0x6d, 0x00, 0xaf, 0xff, 0xff, 0xff, 0xff, 0xa0, 0x85,
    0x00, 0xa9, 0x11, 0x11, 0x11, 0x19, 0xa0, 0x00, 0x00, 0x00, 0x12, 0x34, 0x57, 0xac, 0xe1, 0x00,
    0x00, 0x00, 0xdf, 0xfe, 0xfd, 0x97, 0x40, 0x0d, 0xff, 0xf4, 0x11, 0x00, 0xd5, 0x00, 0x00, 0x0d,
    0x62, 0xe4, 0x4b, 0x00, 0xd5, 0x05, 0xb0, 0x0d, 0x40, 0xe4, 0x1d, 0x80, 0xd5, 0x2e, 0x70, 0x0d,
    0x40, 0xe4, 0x05, 0xb0, 0xd5, 0x79, 0x00, 0x0d, 0x40, 0xe4, 0x00, 0x00, 0xd5, 0x00, 0x00, 0x0d,
    0x40, 0xe7, 0xff, 0xff, 0xff, 0xff, 0xfa, 0x0d, 0x40, 0xe4, 0x22, 0x22, 0xd6, 0x22, 0x21, 0x0d,
    0x40, 0xe4, 0x00, 0x00, 0xd5, 0x00, 0x00, 0x0d, 0xff, 0xf4, 0x00, 0x00, 0xd5, 0x00, 0x00, 0x0d,
    0x62, 0xe4, 0x00, 0x00, 0xd5, 0x00, 0x00, 0x0d, 0x40, 0xe4, 0x00, 0x01, 0xe5, 0x00, 0x00, 0x00,
    0x00, 0x00, 0x0e, 0xff, 0xe1, 0x00, 0x00, 0x00, 0x00, 0x00, 0x04, 0x43, 0x10, 0x00, 0x00, 0x0c,
    0xff, 0xff, 0xff, 0xff, 0xff, 0xff, 0xd0, 0x0c, 0x92, 0x22, 0x22, 0x22, 0x22, 0x28, 0xd0, 0x0c,
    0x80, 0x00, 0x00, 0x00, 0x00, 0x07, 0xd0, 0x0c, 0x80, 0x5f, 0xff, 0xff, 0xf5, 0x07, 0xd0, 0x0c,
    0x80, 0x5e, 0x11, 0x11, 0xe5, 0x07, 0xd0, 0x0c, 0x80, 0x5e, 0x00, 0x00, 0xd5, 0x07, 0xd0, 0x0c,
    0x80, 0x5e, 0x00, 0x00, 0xd5, 0x07, 0xd0, 0x0c, 0x80, 0x5e, 0x00, 0x00, 0xd5, 0x07, 0xd0, 0x0c,
    0x80, 0x5f, 0xff, 0xff, 0xf5, 0x07, 0xd0, 0x0c, 0x80, 0x5e, 0x11, 0x11, 0xe5, 0x07, 0xd0, 0x0c,
    0x80, 0x00, 0x00, 0x00, 0x00, 0x07, 0xd0, 0x0c, 0x80, 0x00, 0x00, 0x00, 0x00, 0x07, 0xd0, 0x0c,
    0xff, 0xff, 0xff, 0xff, 0xff, 0xff, 0xd0, 0x0c, 0x82, 0x22, 0x22, 0x22, 0x22, 0x28, 0xd0, 0x0c,
    0xff, 0xff, 0xff, 0xff, 0xff, 0xff, 0xd0, 0x0c, 0x62, 0x22, 0x22, 0x22, 0x22, 0x26, 0xd0, 0x0c,
    0x50, 0x00, 0x00, 0x00, 0x00, 0x05, 0xd0, 0x0c, 0x5a, 0xff, 0xff, 0xff, 0xff, 0x65, 0xd0, 0x0c,
    0x50, 0x00, 0x1f, 0x20, 0x00, 0x05, 0xd0, 0x0c, 0x54, 0xff, 0xff, 0xff, 0xfd, 0x05, 0xd0, 0x0c,
    0x50, 0x00, 0x1f, 0x20, 0x00, 0x05, 0xd0, 0x0c, 0x5f, 0xff, 0xff, 0xff, 0xff, 0x45, 0xd0, 0x0c,
    0x50, 0x00, 0x1f, 0x20, 0x0e, 0x35, 0xd0, 0x0c, 0x50, 0x00, 0x0f, 0x21, 0x2f, 0x25, 0xd0, 0x0c,
    0x50, 0x00, 0x0f, 0x5f, 0xfb, 0x05, 0xd0, 0x0c, 0x50, 0x00, 0x0f, 0x21, 0x10, 0x05, 0xd0, 0x0c,
    0xff, 0xff, 0xff, 0xff, 0xff, 0xff, 0xd0, 0x0c, 0x62, 0x22, 0x22, 0x22, 0x22, 0x26, 0xd0, 0x0e,
    0xff, 0xff, 0xff, 0xff, 0xff, 0xff, 0xd0, 0x0e, 0x52, 0x25, 0xe3, 0x22, 0x22, 0x26, 0xd0, 0x0e,
    0x40, 0x2e, 0xff, 0xff, 0xff, 0x35, 0xd0, 0x0e, 0x45, 0xed, 0x40, 0x01, 0xca, 0x05, 0xd0, 0x0e,
    0x4b, 0x43, 0xd4, 0x2c, 0x80, 0x05, 0xd0, 0x0e, 0x40, 0x00, 0x5f, 0xfb, 0x20, 0x05, 0xd0, 0x0e,
    0x41, 0x5a, 0xe8, 0x7d, 0xfb, 0x66, 0xd0, 0x0e, 0x7d, 0x95, 0x20, 0x00, 0x49, 0xd6, 0xd0, 0x0e,
    0x40, 0x04, 0xee, 0xb9, 0x40, 0x05, 0xd0, 0x0e, 0x40, 0x00, 0x02, 0x59, 0x50, 0x05, 0xd0, 0x0e,
    0x40, 0xdb, 0x73, 0x00, 0x00, 0x05, 0xd0, 0x0e, 0x40, 0x37, 0xae, 0xea, 0x62, 0x05, 0xd0, 0x0e,
    0xff, 0xff, 0xff, 0xff, 0xff, 0xff, 0xd0, 0x0e, 0x52, 0x22, 0x22, 0x22, 0x22, 0x26, 0xd0, 0x00,
    0x00, 0x04, 0xd1, 0x00, 0x00, 0x00, 0x00, 0x00, 0x00, 0x09, 0xc0, 0x00, 0x00, 0x00, 0x00, 0x6f,
    0xff, 0xff, 0xff, 0xff, 0xff, 0xff, 0xfa, 0x12, 0x22, 0x9e, 0x32, 0x22, 0x22, 0x22, 0x22, 0x00,
    0x01, 0xe7, 0x00, 0x09, 0xa0, 0x00, 0x00, 0x00, 0x07, 0xe1, 0x00, 0x09, 0xa0, 0x00, 0x00, 0x00,
    0x2e, 0x60, 0x00, 0x09, 0xa0, 0x00, 0x00, 0x00, 0xbe, 0x0a, 0xff, 0xff, 0xff, 0xff, 0xc0, 0x07,
    0xfe, 0x01, 0x22, 0x2a, 0xb2, 0x22, 0x10, 0x5f, 0x8e, 0x00, 0x00, 0x09, 0xa0, 0x00, 0x00, 0x76,
    0x4e, 0x00, 0x00, 0x09, 0xa0, 0x00, 0x00, 0x00, 0x4e, 0x00, 0x00, 0x09, 0xa0, 0x00, 0x00, 0x00,
    0x4e, 0x00, 0x00, 0x09, 0xa0, 0x00, 0x00, 0x00, 0x4e, 0x8f, 0xff, 0xff, 0xff, 0xff, 0xfa, 0x00,
    0x4e, 0x11, 0x11, 0x11, 0x11, 0x11, 0x11, 0x00, 0xa8, 0x00, 0x00, 0x01, 0xf2, 0x00, 0x00, 0x00,
    0xa8, 0x00, 0x00, 0x01, 0xf2, 0x00, 0x00, 0x00, 0xa8, 0x00, 0xa9, 0x01, 0xf2, 0x00, 0x10, 0x00,
    0xa8, 0x00, 0xa9, 0x01, 0xf5, 0x7c, 0xe0, 0xaf, 0xff, 0xf5, 0xa9, 0x49, 0xff, 0xff, 0xd0, 0x11,
    0xa8, 0x15, 0xcf, 0xff, 0xf8, 0x35, 0xd0, 0x00, 0xa8, 0x0d, 0xeb, 0x31, 0xf2, 0x06, 0xc0, 0x00,
    0xa8, 0x00, 0xa9, 0x01, 0xf3, 0x09, 0xb0, 0x00, 0xa8, 0x00, 0xa9, 0x01, 0xf9, 0xff, 0x60, 0x00,
    0xa8, 0x00, 0xa9, 0x01, 0xf3, 0x32, 0x6a, 0x00, 0xab, 0xa8, 0xa9, 0x01, 0xf2, 0x00, 0x8c, 0x4a,
    0xee, 0x93, 0xa9, 0x01, 0xf2, 0x00, 0xaa, 0x9a, 0x40, 0x00, 0x9c, 0x10, 0x00, 0x03, 0xe6, 0x00,
    0x00, 0x00, 0x3e, 0xff, 0xff, 0xff, 0xc1, 0x00, 0x00, 0x00, 0x01, 0x23, 0x33, 0x32, 0x00, 0x00,
    0x89, 0x00, 0x8b, 0x00, 0x00, 0x07, 0xc0, 0x00, 0x89, 0x00, 0x8b, 0x00, 0xf3, 0x07, 0xc0, 0x00,
    0x89, 0x00, 0x8b, 0x00, 0xf3, 0x07, 0xc0, 0x00, 0x89, 0x00, 0x8b, 0x00, 0xf3, 0x07, 0xc0, 0x8f,
    0xff, 0xf8, 0x8b, 0x00, 0xf3, 0x07, 0xc0, 0x12, 0x9a, 0x21, 0x8b, 0x00, 0xf3, 0x07, 0xc0, 0x00,
    0x89, 0x00, 0x8a, 0x00, 0xf3, 0x07, 0xc0, 0x00, 0x89, 0x00, 0x9a, 0x00, 0xf3, 0x07, 0xc0, 0x00,
    0x89, 0x01, 0xa8, 0x00, 0xf3, 0x07, 0xc0, 0x00, 0x9c, 0xcb, 0xc6, 0x00, 0xf3, 0x07, 0xc0, 0x5b,
    0xfc, 0x73, 0xf2, 0x00, 0xf3, 0x07, 0xc0, 0x99, 0x30, 0x0a, 0xb0, 0x00, 0xf3, 0x07, 0xc0, 0x00,
    0x00, 0x8e, 0x20, 0x00, 0xf3, 0x07, 0xc0, 0x00, 0x01, 0xb3, 0x00, 0x00, 0x00, 0x07, 0xc0, 0x00,
    0x00, 0x98, 0x00, 0x00, 0x00, 0x00, 0x00, 0x00, 0x04, 0xf5, 0x00, 0x00, 0x00, 0x00, 0x00, 0x00,
    0x2e, 0xff, 0xff, 0xff, 0xff, 0xf8, 0x00, 0x01, 0xcd, 0xe8, 0x10, 0x00, 0x2b, 0xd3, 0x00, 0x1c,
    0xd2, 0x3d, 0xb4, 0x18, 0xea, 0x10, 0x00, 0x4b, 0x10, 0x01, 0xbf, 0xee, 0x50, 0x00, 0x00, 0x02,
    0x47, 0xac, 0x82, 0x18, 0xdc, 0x85, 0x31, 0x9d, 0xa6, 0x20, 0x00, 0x00, 0x03, 0x8b, 0xe6, 0x00,
    0x8f, 0xee, 0xef, 0xfe, 0xee, 0xf8, 0x00, 0x00, 0x88, 0x00, 0x08, 0x80, 0x00, 0x88, 0x00, 0x00,
    0x8e, 0xdd, 0xde, 0xed, 0xdd, 0xe8, 0x00, 0x00, 0x88, 0x00, 0x08, 0x80, 0x00, 0x88, 0x00, 0x00,
    0x88, 0x00, 0x08, 0x80, 0x00, 0x88, 0x00, 0x00, 0x8f, 0xee, 0xee, 0xee, 0xee, 0xf8, 0x00, 0x00,
    0x88, 0x00, 0x00, 0x00, 0x00, 0x88, 0x00, 0x00, 0x00, 0x00, 0x8e, 0x20, 0x00, 0x00, 0x00, 0x00,
    0x00, 0x06, 0xf5, 0x00, 0x00, 0x00, 0x00, 0x00, 0x00, 0x7f, 0xff, 0xff, 0xff, 0xff, 0x40, 0x00,
    0x09, 0xe4, 0x11, 0x11, 0x17, 0xe8, 0x10, 0x02, 0xcc, 0x3b, 0x30, 0x03, 0xbd, 0x30, 0x00, 0x0a,
    0x80, 0x07, 0xe5, 0xbd, 0x60, 0x00, 0x00, 0x00, 0x00, 0x16, 0xed, 0x60, 0x00, 0x00, 0x00, 0x02,
    0x6a, 0xea, 0x40, 0x7d, 0x40, 0x00, 0x00, 0x3d, 0x95, 0x10, 0x3b, 0xff, 0xff, 0xff, 0xf1, 0x00,
    0x00, 0x29, 0xd6, 0x11, 0x11, 0x6e, 0x90, 0x00, 0x39, 0xe8, 0x4a, 0x00, 0x18, 0xe5, 0x00, 0x03,
    0xd7, 0x10, 0x1d, 0x86, 0xeb, 0x20, 0x00, 0x00, 0x00, 0x00, 0x3a, 0xfc, 0x40, 0x00, 0x00, 0x01,
    0x36, 0x9d, 0xd8, 0x30, 0x00, 0x00, 0x00, 0x0b, 0xc9, 0x63, 0x00, 0x00, 0x00, 0x00, 0x00, 0x00,
    0x00, 0x00, 0x0b, 0x90, 0x00, 0x00, 0x00, 0x00, 0x00, 0x00, 0x0b, 0x90, 0x00, 0x00, 0x00, 0x00,
    0x00, 0x00, 0x0b, 0x90, 0x00, 0x00, 0x00, 0x00, 0x00, 0x00, 0x0b, 0x90, 0x00, 0x00, 0x00, 0x8f,
    0xff, 0xff, 0xff, 0xff, 0xff, 0xff, 0xf8, 0x23, 0x33, 0x33, 0x3e, 0xb3, 0x33, 0x33, 0x32, 0x00,
    0x00, 0x00, 0x1f, 0xd0, 0x00, 0x00, 0x00, 0x00, 0x00, 0x00, 0x5e, 0xe2, 0x00, 0x00, 0x00, 0x00,
    0x00, 0x00, 0xba, 0x88, 0x00, 0x00, 0x00, 0x00, 0x00, 0x04, 0xf3, 0x2e, 0x20, 0x00, 0x00, 0x00,
    0x00, 0x1d, 0x90, 0x09, 0xb0, 0x00, 0x00, 0x00, 0x01, 0xcc, 0x10, 0x01, 0xda, 0x00, 0x00, 0x00,
    0x4d, 0xc1, 0x00, 0x00, 0x2d, 0xc2, 0x00, 0x29, 0xf9, 0x00, 0x00, 0x00, 0x02, 0xcf, 0x92, 0x5c,
    0x40, 0x00, 0x00, 0x00, 0x00, 0x06, 0xc4, 0x00, 0x00, 0x00, 0x06, 0xe0, 0x00, 0x00, 0x00, 0x00,
    0x09, 0x80, 0x06, 0xe0, 0x00, 0x00, 0x00, 0x00, 0x2f, 0x40, 0x06, 0xd0, 0x00, 0x00, 0x00, 0x00,
    0xbf, 0xff, 0xff, 0xff, 0xff, 0xff, 0xb0, 0x08, 0xe4, 0x33, 0x38, 0xd3, 0x33, 0x33, 0x20, 0x0b,
    0x40, 0x00, 0x07, 0xc0, 0x00, 0x00, 0x00, 0x00, 0x00, 0x00, 0x08, 0xc0, 0x00, 0x00, 0x00, 0x8f,
    0xff, 0xff, 0xff, 0xff, 0xff, 0xff, 0xf9, 0x13, 0x33, 0x33, 0x3e, 0xf4, 0x33, 0x33, 0x32, 0x00,
    0x00, 0x00, 0x6d, 0x88, 0x00, 0x00, 0x00, 0x00, 0x00, 0x02, 0xe4, 0x1e, 0x30, 0x00, 0x00, 0x00,
    0x00, 0x3d, 0x80, 0x04, 0xe3, 0x00, 0x00, 0x00, 0x07, 0xe7, 0x00, 0x00, 0x6e, 0x70, 0x00, 0x16,
    0xdd, 0x40, 0x00, 0x00, 0x03, 0xdd, 0x82, 0x5d, 0x60, 0x00, 0x00, 0x00, 0x00, 0x05, 0xc5, 0x00,
    0x00, 0x02, 0xe4, 0x00, 0x00, 0x00, 0x00, 0x00, 0x00, 0x06, 0xf1, 0x00, 0x00, 0x00, 0x00, 0x00,
    0x00, 0x0b, 0xb0, 0x00, 0x00, 0x00, 0x00, 0x00, 0x00, 0x1f, 0x60, 0x00, 0x00, 0x00, 0x00, 0x8f,
    0xff, 0xff, 0xff, 0xff, 0xff, 0xff, 0xf8, 0x12, 0x22, 0xca, 0x22, 0x22, 0x4f, 0x52, 0x21, 0x00,
    0x03, 0xf4, 0x00, 0x00, 0x5e, 0x00, 0x00, 0x00, 0x09, 0xd0, 0x00, 0x00, 0xaa, 0x00, 0x00, 0x00,
    0x1f, 0x60, 0x00, 0x02, 0xf5, 0x00, 0x00, 0x00, 0x3d, 0xc5, 0x00, 0x0b, 0xc0, 0x00, 0x00, 0x00,
    0x00, 0x5c, 0xd6, 0x8e, 0x30, 0x00, 0x00, 0x00, 0x00, 0x00, 0x6f, 0xfa, 0x10, 0x00, 0x00, 0x00,
    0x00, 0x39, 0xfa, 0x5b, 0xe8, 0x10, 0x00, 0x14, 0x8d, 0xe9, 0x30, 0x00, 0x4b, 0xe8, 0x10, 0x5d,
    0x95, 0x10, 0x00, 0x00, 0x00, 0x4c, 0x50, 0x01, 0xff, 0xff, 0xff, 0xff, 0xff, 0xff, 0x20, 0x00,
    0x33, 0x33, 0x33, 0x33, 0x3a, 0xf9, 0x10, 0x00, 0x00, 0x00, 0x00, 0x03, 0xca, 0x20, 0x00, 0x00,
    0x00, 0x00, 0x01, 0x9c, 0x30, 0x00, 0x00, 0x00, 0x00, 0x00, 0x06, 0xe0, 0x00, 0x00, 0x00, 0x00,
    0x00, 0x00, 0x06, 0xe0, 0x00, 0x00, 0x00, 0xaf, 0xff, 0xff, 0xff, 0xff, 0xff, 0xff, 0xfb, 0x23,
    0x33, 0x33, 0x38, 0xe3, 0x33, 0x33, 0x32, 0x00, 0x00, 0x00, 0x06, 0xe0, 0x00, 0x00, 0x00, 0x00,
    0x00, 0x00, 0x06, 0xe0, 0x00, 0x00, 0x00, 0x00, 0x00, 0x00, 0x06, 0xe0, 0x00, 0x00, 0x00, 0x00,
    0x00, 0x00, 0x09, 0xd0, 0x00, 0x00, 0x00, 0x00, 0x00, 0xdf, 0xff, 0x90, 0x00, 0x00, 0x00, 0x00,
    0x00, 0x34, 0x43, 0x00, 0x00, 0x00, 0x00, 0x8f, 0xff, 0xff, 0x40, 0x00, 0xa8, 0x00, 0x00, 0x12,
    0x22, 0x9e, 0x20, 0x00, 0xa8, 0x00, 0x00, 0x00, 0x04, 0xf7, 0x00, 0x00, 0xa8, 0x00, 0x00, 0x00,
    0x1e, 0xc0, 0x00, 0x00, 0xa8, 0x00, 0x00, 0x00, 0x6f, 0x21, 0x00, 0x00, 0xa8, 0x4b, 0x00, 0x00,
    0x6c, 0x5d, 0x15, 0xc0, 0xa8, 0x1f, 0x20, 0x01, 0x9f, 0xd5, 0x09, 0xa0, 0xa8, 0x0c, 0x70, 0x6e,
    0xdc, 0x00, 0x0d, 0x50, 0xa8, 0x07, 0xc0, 0x85, 0x6c, 0x00, 0x4e, 0x10, 0xa8, 0x03, 0xf2, 0x00,
    0x6c, 0x00, 0xba, 0x00, 0xa8, 0x00, 0xd7, 0x00, 0x6c, 0x01, 0xc3, 0x00, 0xa8, 0x00, 0x88, 0x00,
    0x6c, 0x00, 0x00, 0x00, 0xa8, 0x00, 0x00, 0x10, 0x8b, 0x00, 0x00, 0x01, 0xc8, 0x00, 0x00, 0xaf,
    0xf7, 0x00, 0x07, 0xff, 0xf4, 0x00, 0x00, 0x13, 0x20, 0x00, 0x01, 0x33, 0x10, 0x00, 0x00, 0x00,
    0x00, 0x00, 0x0b, 0x40, 0x00, 0x00, 0x00, 0x00, 0x00, 0x00, 0x0a, 0xc0, 0x00, 0x00, 0x00, 0x0c,
    0xff, 0xff, 0xff, 0xff, 0xff, 0xff, 0xd0, 0x0c, 0x82, 0x22, 0x22, 0x22, 0x22, 0x27, 0xd0, 0x0c,
    0x70, 0x00, 0x00, 0x00, 0xc8, 0x06, 0xd0, 0x00, 0x00, 0x00, 0x00, 0x00, 0xc8, 0x00, 0x00, 0x6f,
    0xff, 0xff, 0xff, 0xff, 0xff, 0xff, 0xf7, 0x12, 0x22, 0x22, 0x22, 0x22, 0xc9, 0x22, 0x21, 0x00,
    0x1c, 0x30, 0x00, 0x00, 0xc8, 0x00, 0x00, 0x00, 0x0a, 0xe4, 0x00, 0x00, 0xc8, 0x00, 0x00, 0x00,
    0x00, 0x9e, 0x40, 0x00, 0xc8, 0x00, 0x00, 0x00, 0x00, 0x0a, 0x50, 0x00, 0xc8, 0x00, 0x00, 0x00,
    0x00, 0x00, 0x00, 0x02, 0xe7, 0x00, 0x00, 0x00, 0x00, 0x00, 0x3f, 0xff, 0xd2, 0x00, 0x00, 0x00,
    0x00, 0x00, 0x04, 0x32, 0x00, 0x00, 0x00, 0x00, 0x00, 0x00, 0x1c, 0x50, 0x00, 0x00, 0x00, 0x00,
    0x00, 0x00, 0x07, 0xe2, 0x00, 0x00, 0x00, 0x0f, 0xff, 0xff, 0xff, 0xff, 0xff, 0xff, 0xf0, 0x0f,
    0x62, 0x22, 0x22, 0x22, 0x22, 0x25, 0xf0, 0x0f, 0x40, 0x00, 0xb7, 0x00, 0x00, 0x04, 0xf0, 0x00,
    0x00, 0x08, 0xd1, 0x00, 0x00, 0x00, 0x00, 0xbf, 0xff, 0xff, 0xff, 0xff, 0xff, 0xff, 0xfc, 0x22,
    0x23, 0xda, 0x22, 0x22, 0x4f, 0x62, 0x22, 0x00, 0x07, 0xe2, 0x00, 0x00, 0x8d, 0x00, 0x00, 0x00,
    0x0c, 0xe7, 0x10, 0x03, 0xf5, 0x00, 0x00, 0x00, 0x00, 0x5c, 0xe8, 0x4e, 0xa0, 0x00, 0x00, 0x00,
    0x00, 0x00, 0x5f, 0xfe, 0x20, 0x00, 0x00, 0x00, 0x00, 0x17, 0xed, 0x6b, 0xe8, 0x10, 0x00, 0x03,
    0x6a, 0xfd, 0x71, 0x00, 0x4b, 0xe8, 0x10, 0x0c, 0xc8, 0x30, 0x00, 0x00, 0x00, 0x4c, 0x40, 0x00,
    0x00, 0x00, 0x1c, 0x40, 0x00, 0x00, 0x00, 0x00, 0x00, 0x00, 0x09, 0xc0, 0x00, 0x00, 0x00, 0x1f,
    0xff, 0xff, 0xff, 0xff, 0xff, 0xff, 0xf1, 0x1f, 0x53, 0x33, 0x33, 0x33, 0x33, 0x35, 0xf1, 0x00,
    0x00, 0x00, 0x00, 0x00, 0x00, 0x00, 0x00, 0x0d, 0xff, 0xff, 0xff, 0xff, 0xff, 0xff, 0xc0, 0x02,
    0x22, 0x22, 0x2b, 0xa2, 0x22, 0x22, 0x20, 0x00, 0x00, 0x00, 0x0a, 0xa0, 0x00, 0x00, 0x00, 0x04,
    0xff, 0xff, 0xff, 0xff, 0xff, 0xff, 0x40, 0x01, 0x22, 0x22, 0x2b, 0xa2, 0x22, 0x22, 0x10, 0x00,
    0x00, 0x00, 0x0a, 0xa0, 0x00, 0x00, 0x00, 0x00, 0x00, 0x00, 0x0a, 0xa0, 0x3e, 0xa1, 0x00, 0x00,
    0x00, 0x00, 0x0a, 0xa0, 0x02, 0x40, 0x00, 0x9f, 0xff, 0xff, 0xff, 0xff, 0xff, 0xff, 0xf9, 0x23,
    0x33, 0x33, 0x33, 0x33, 0x33, 0x33, 0x32, 0x03, 0xff, 0xff, 0xff, 0xff, 0xff, 0xff, 0x00, 0x00,
    0x11, 0x11, 0x11, 0x11, 0x11, 0x4f, 0x00, 0x00, 0xbf, 0xff, 0xff, 0xff, 0xff, 0xff, 0x00, 0x00,
    0x11, 0x11, 0x11, 0x11, 0x11, 0x4f, 0x00, 0x00, 0x00, 0x00, 0x00, 0x00, 0x00, 0x3f, 0x00, 0x05,
    0xff, 0xff, 0xff, 0xff, 0xff, 0xff, 0x00, 0x00, 0x11, 0x11, 0x11, 0x11, 0x11, 0x4f, 0x00, 0x00,
    0x00, 0x00, 0x00, 0x00, 0x0b, 0x90, 0x00, 0xbf, 0xff, 0xff, 0xff, 0xff, 0xff, 0xff, 0xfc, 0x12,
    0x22, 0x22, 0x22, 0x22, 0x2b, 0x92, 0x21, 0x00, 0x06, 0xb4, 0x00, 0x00, 0x0b, 0x90, 0x00, 0x00,
    0x00, 0x4c, 0x40, 0x00, 0x1c, 0x80, 0x00, 0x00, 0x00, 0x00, 0x02, 0xff, 0xff, 0x50, 0x00, 0x00,
    0x00, 0x00, 0x00, 0x55, 0x42, 0x00, 0x00, 0x00, 0xef, 0xff, 0xff, 0xff, 0xff, 0xf4, 0x00, 0x00,
    0xe5, 0x11, 0x11, 0x11, 0x11, 0xe4, 0x00, 0x00, 0xe4, 0x00, 0x00, 0x00, 0x00, 0xe4, 0x00, 0x00,
    0xef, 0xff, 0xff, 0xff, 0xff, 0xf4, 0xa5, 0x00, 0xe5, 0x11, 0x11, 0x11, 0x11, 0xe4, 0xd6, 0x00,
    0xd7, 0x00, 0x00, 0x00, 0x00, 0x04, 0xf2, 0x00, 0x6f, 0xff, 0xff, 0xff, 0xff, 0xff, 0x80, 0x00,
    0x00, 0x11, 0x11, 0x11, 0x1e, 0x70, 0x00, 0xcf, 0xff, 0xff, 0xff, 0xff, 0xff, 0xff, 0xfc, 0x12,
    0x22, 0x22, 0x22, 0x22, 0x2d, 0x72, 0x21, 0x00, 0x07, 0xb3, 0x00, 0x00, 0x0d, 0x60, 0x00, 0x00,
    0x00, 0x5c, 0x30, 0x00, 0x2e, 0x60, 0x00, 0x00, 0x00, 0x00, 0x04, 0xff, 0xfe, 0x20, 0x00, 0x00,
    0x00, 0x00, 0x01, 0x54, 0x31, 0x00, 0x00, 0x00, 0x0f, 0x30, 0x00, 0x7a, 0x00, 0x00, 0x00, 0x00,
    0x0f, 0x30, 0x04, 0xf4, 0x00, 0x00, 0x00, 0x00, 0x0f, 0x30, 0x4e, 0xff, 0xff, 0xff, 0xf0, 0x6b,
    0x1f, 0x35, 0xe6, 0x41, 0x11, 0x5e, 0x80, 0x1c, 0x5f, 0x5c, 0x35, 0xe6, 0x4a, 0xd4, 0x00, 0x00,
    0x0f, 0x32, 0x45, 0xaf, 0xa5, 0x00, 0x00, 0x00, 0x0f, 0x3a, 0xc8, 0x51, 0x00, 0xb8, 0x00, 0x00,
    0x1f, 0x30, 0x00, 0x00, 0x00, 0xb8, 0x00, 0x00, 0xaf, 0x4f, 0xff, 0xff, 0xff, 0xff, 0xfc, 0x07,
    0xff, 0x31, 0x3c, 0x21, 0x11, 0xb8, 0x11, 0x6f, 0x5f, 0x30, 0x0c, 0x80, 0x00, 0xb8, 0x00, 0x85,
    0x0f, 0x30, 0x03, 0xf3, 0x00, 0xb8, 0x00, 0x00, 0x0f, 0x30, 0x00, 0x95, 0x00, 0xb8, 0x00, 0x00,
    0x0f, 0x30, 0x00, 0x01, 0x24, 0xe7, 0x00, 0x00, 0x0f, 0x30, 0x00, 0x0a, 0xff, 0xc1, 0x00, 0x01,
    0xff, 0xff, 0xff, 0xff, 0xff, 0xff, 0x40, 0x01, 0xf4, 0x11, 0x11, 0x11, 0x11, 0x1e, 0x40, 0x01,
    0xf2, 0x00, 0x00, 0x00, 0x00, 0x0e, 0x40, 0x01, 0xff, 0xff, 0xff, 0xff, 0xff, 0xff, 0x40, 0x01,
    0xf4, 0x11, 0x11, 0x11, 0x11, 0x1e, 0x40, 0x01, 0xf2, 0x00, 0x00, 0x8a, 0x00, 0x00, 0x00, 0x01,
    0xff, 0xff, 0xff, 0xff, 0xff, 0xff, 0xf7, 0x02, 0xf3, 0x11, 0x11, 0x9a, 0x11, 0x11, 0x11, 0x03,
    0xf1, 0x00, 0x00, 0x8a, 0x00, 0x00, 0x00, 0x05, 0xe0, 0xbf, 0xff, 0xff, 0xff, 0xfe, 0x00, 0x08,
    0xb0, 0xb7, 0x11, 0x11, 0x11, 0x4e, 0x00, 0x0d, 0x70, 0xb7, 0x00, 0x00, 0x00, 0x4e, 0x00, 0x6e,
    0x10, 0xbf, 0xff, 0xff, 0xff, 0xfe, 0x00, 0x77, 0x00, 0xb7, 0x11, 0x11, 0x11, 0x4e, 0x00, 0x00,
    0xff, 0xff, 0xff, 0xff, 0xff, 0xff, 0xe0, 0x00, 0xf3, 0x11, 0x11, 0x11, 0x11, 0x15, 0xe0, 0x00,
    0xf2, 0x00, 0x00, 0x00, 0x00, 0x04, 0xe0, 0x00, 0xff, 0xff, 0xff, 0xff, 0xff, 0xff, 0xe0, 0x00,
    0xf3, 0x12, 0xd6, 0x11, 0x1c, 0x71, 0x00, 0x00, 0xf2, 0x00, 0x5d, 0x10, 0x7d, 0x10, 0x00, 0x00,
    0xf6, 0xff, 0xff, 0xff, 0xff, 0xff, 0xc0, 0x01, 0xf2, 0x11, 0x99, 0x11, 0x1f, 0x41, 0x10, 0x03,
    0xf1, 0x00, 0x99, 0x00, 0x0f, 0x30, 0x00, 0x07, 0xff, 0xff, 0xff, 0xff, 0xff, 0xff, 0xfb, 0x0d,
    0xb1, 0x12, 0xe5, 0x11, 0x1f, 0x41, 0x11, 0x6f, 0x30, 0x1c, 0xa0, 0x00, 0x0f, 0x30, 0x00, 0x86,
    0x00, 0xb8, 0x00, 0x00, 0x0f, 0x30, 0x00, 0x00, 0x00, 0x00, 0x2c, 0x20, 0x00, 0x00, 0x00, 0x00,
    0x00, 0x00, 0x0e, 0x90, 0x00, 0x00, 0x00, 0x00, 0x00, 0x00, 0x07, 0xb0, 0x00, 0x00, 0x00, 0x8f,
    0xff, 0xff, 0xff, 0xff, 0xff, 0xff, 0xf9, 0x13, 0x33, 0x33, 0x3a, 0xa3, 0x33, 0x33, 0x32, 0x00,
    0x00, 0x00, 0x09, 0x90, 0x00, 0x00, 0x00, 0x03, 0xff, 0xff, 0xff, 0xff, 0xff, 0xff, 0x40, 0x03,
    0xf3, 0x22, 0x2a, 0xa2, 0x22, 0x2e, 0x40, 0x03, 0xf0, 0x00, 0x09, 0x90, 0x00, 0x0e, 0x40, 0x03,
    0xf0, 0x00, 0x09, 0x90, 0x00, 0x0e, 0x40, 0x03, 0xf0, 0x00, 0x09, 0x90, 0x00, 0x0e, 0x40, 0x03,
    0xf0, 0x00, 0x09, 0x90, 0x00, 0x0e, 0x40, 0x03, 0xf0, 0x00, 0x09, 0x90, 0x00, 0x2f, 0x40, 0x03,
    0xf0, 0x00, 0x09, 0x90, 0xef, 0xfd, 0x10, 0x00, 0x00, 0x00, 0x09, 0x90, 0x33, 0x30, 0x00, 0x00,
    0x00, 0x00, 0x09, 0x90, 0x00, 0x00, 0x00, 0x00, 0x4c, 0x40, 0x09, 0xa0, 0x02, 0xa8, 0x00, 0x00,
    0x04, 0xd2, 0x09, 0xa0, 0x2e, 0x71, 0x00, 0x2f, 0xff, 0xff, 0xff, 0xff, 0xff, 0xff, 0xf2, 0x2f,
    0x21, 0x11, 0x11, 0x11, 0x11, 0x12, 0xf2, 0x2f, 0x2d, 0xff, 0xff, 0xff, 0xff, 0xe1, 0xf2, 0x00,
    0x0d, 0x50, 0x00, 0x00, 0x04, 0xe0, 0x00, 0x00, 0x0d, 0x50, 0x00, 0x00, 0x04, 0xe0, 0x00, 0x00,
    0x0d, 0xff, 0xff, 0xff, 0xff, 0xe0, 0x00, 0x00, 0x0d, 0x50, 0x09, 0xa0, 0x04, 0xe0, 0x00, 0x00,
    0x00, 0x00, 0x09, 0xa0, 0x00, 0x00, 0x00, 0x03, 0xff, 0xff, 0xff, 0xff, 0xff, 0xff, 0x60, 0x03,
    0xf1, 0x00, 0x09, 0xa0, 0x00, 0x0d, 0x60, 0x03, 0xf0, 0x00, 0x09, 0xa0, 0x00, 0x1e, 0x50, 0x03,
    0xf0, 0x00, 0x09, 0xa0, 0x7f, 0xfd, 0x20, 0x00, 0x00, 0x00, 0x09, 0xa0, 0x12, 0x20, 0x00, 0x00,
    0x00, 0x0d, 0x40, 0x04, 0xd0, 0x00, 0x00, 0x6e, 0xee, 0xef, 0xee, 0xee, 0xfe, 0xee, 0xe6, 0x00,
    0x00, 0x0d, 0x40, 0x04, 0xd0, 0x00, 0x00, 0x00, 0x8e, 0xdd, 0xdd, 0xdd, 0xdd, 0xe8, 0x00, 0x00,
    0x88, 0x00, 0x00, 0x00, 0x00, 0x88, 0x00, 0x00, 0x8e, 0xdd, 0xdd, 0xdd, 0xdd, 0xe8, 0x00, 0x00,
    0x88, 0x00, 0x00, 0x00, 0x00, 0x88, 0x00, 0x00, 0x8e, 0xde, 0xfd, 0xdd, 0xdd, 0xe8, 0x00, 0x00,
    0x00, 0x0b, 0x90, 0x00, 0x00, 0x00, 0x00, 0x4e, 0xee, 0xfe, 0xee, 0xee, 0xef, 0xee, 0xe4, 0x02,
    0x8d, 0x60, 0x09, 0x70, 0x08, 0x91, 0x00, 0x7c, 0x8d, 0xed, 0xde, 0xed, 0xdd, 0xfa, 0x60, 0x00,
    0x0c, 0x40, 0x09, 0x70, 0x03, 0xe0, 0x88, 0x00, 0x0c, 0x40, 0x09, 0x76, 0xee, 0x90, 0x00, 0x00,
    0x00, 0x00, 0x09, 0x70, 0x00, 0x00, 0x00, 0x00, 0x00, 0x00, 0x03, 0xc1, 0x00, 0x00, 0x00, 0x00,
    0x00, 0x00, 0x01, 0xd8, 0x00, 0x00, 0x00, 0x02, 0xff, 0xff, 0xff, 0xff, 0xff, 0xff, 0xf8, 0x02,
    0xf2, 0x11, 0x11, 0x11, 0x11, 0x11, 0x11, 0x02, 0xf1, 0x04, 0xe0, 0x00, 0x0a, 0x80, 0x00, 0x02,
    0xfa, 0xff, 0xff, 0xff, 0xff, 0xff, 0xf6, 0x02, 0xf1, 0x04, 0xe0, 0x00, 0x0a, 0x80, 0x00, 0x03,
    0xf1, 0x04, 0xff, 0xff, 0xff, 0x80, 0x00, 0x04, 0xf0, 0x00, 0x00, 0x00, 0x00, 0x00, 0x00, 0x06,
    0xd2, 0xff, 0xff, 0xff, 0xff, 0xfa, 0x00, 0x09, 0xa0, 0x05, 0xd4, 0x00, 0x2a, 0xc2, 0x00, 0x0e,
    0x60, 0x00, 0x2b, 0xb9, 0xc6, 0x00, 0x00, 0x6e, 0x11, 0x36, 0xad, 0x98, 0xdb, 0x74, 0x20, 0x85,
    0x3e, 0xb7, 0x40, 0x00, 0x04, 0x8b, 0xe5, 0x0f, 0xff, 0xff, 0xff, 0xff, 0xff, 0xff, 0xf0, 0x04,
    0x44, 0xbb, 0x44, 0x44, 0x9d, 0x44, 0x40, 0x00, 0x00, 0x9a, 0x00, 0x00, 0x7c, 0x00, 0x00, 0x00,
    0x00, 0x9a, 0x00, 0x00, 0x7c, 0x00, 0x00, 0x00, 0x00, 0x9a, 0x00, 0x00, 0x7c, 0x00, 0x00, 0x00,
    0x00, 0x9a, 0x00, 0x00, 0x7c, 0x00, 0x00, 0xaf, 0xff, 0xff, 0xff, 0xff, 0xff, 0xff, 0xfa, 0x24,
    0x44, 0xbb, 0x44, 0x44, 0x9d, 0x44, 0x42, 0x00, 0x00, 0xb9, 0x00, 0x00, 0x7c, 0x00, 0x00, 0x00,
    0x00, 0xd6, 0x00, 0x00, 0x7c, 0x00, 0x00, 0x00, 0x04, 0xf2, 0x00, 0x00, 0x7c, 0x00, 0x00, 0x00,
    0x2d, 0x90, 0x00, 0x00, 0x7c, 0x00, 0x00, 0x06, 0xe9, 0x00, 0x00, 0x00, 0x7c, 0x00, 0x00, 0x3c,
    0x50, 0x00, 0x00, 0x00, 0x7c, 0x00, 0x00, 0x00, 0x00, 0x00, 0x00, 0x00, 0x00, 0x1f, 0x40, 0x0d,
    0xff, 0xff, 0xff, 0xf0, 0x00, 0x1f, 0x40, 0x02, 0x22, 0x22, 0x26, 0xf0, 0x00, 0x1f, 0x40, 0x00,
    0x00, 0x00, 0x04, 0xf0, 0x00, 0x1f, 0x40, 0x00, 0xff, 0xff, 0xff, 0xf0, 0x00, 0x1f, 0x40, 0x03,
    0xf3, 0x22, 0x26, 0xf0, 0x00, 0x1f, 0x40, 0x06, 0xe0, 0x00, 0x00, 0x00, 0x00, 0x1f, 0x40, 0x08,
    0xc0, 0x00, 0x00, 0x00, 0x00, 0x1f, 0x40, 0x0b, 0xff, 0xff, 0xff, 0xf2, 0x00, 0x1f, 0x40, 0x02,
    0x33, 0x33, 0x36, 0xf0, 0x00, 0x1f, 0x40, 0x00, 0x00, 0x00, 0x05, 0xe0, 0x00, 0x1f, 0x40, 0x00,
    0x00, 0x00, 0x07, 0xc0, 0x00, 0x1f, 0x40, 0x00, 0x00, 0x00, 0x2c, 0xa0, 0x00, 0x1f, 0x40, 0x00,
    0x5f, 0xff, 0xfe, 0x30, 0x00, 0x1f, 0x40, 0x00, 0x15, 0x55, 0x41, 0x00, 0x00, 0x1f, 0x40, 0x00,
    0x00, 0x00, 0x00, 0x00, 0x00, 0x05, 0x10, 0x00, 0x03, 0xb1, 0x00, 0x00, 0x4a, 0x10, 0x00, 0x00,
    0x01, 0xdb, 0x00, 0x01, 0xda, 0x00, 0x00, 0x00, 0x00, 0x3d, 0x10, 0x06, 0xd1, 0x00, 0x00, 0x0f,
    0xff, 0xff, 0xff, 0xff, 0xff, 0xff, 0x60, 0x02, 0x22, 0x22, 0x2b, 0xa2, 0x22, 0x2d, 0x60, 0x00,
    0x00, 0x00, 0x0a, 0x90, 0x00, 0x0d, 0x60, 0x04, 0xff, 0xff, 0xff, 0xff, 0xff, 0xff, 0x60, 0x07,
    0xc2, 0x22, 0x2b, 0xa2, 0x22, 0x2d, 0x60, 0x09, 0xa0, 0x00, 0x0a, 0x90, 0x00, 0x00, 0x00, 0x0b,
    0xff, 0xff, 0xff, 0xff, 0xff, 0xff, 0xf3, 0x02, 0x22, 0x29, 0xec, 0xa2, 0x22, 0x23, 0xf3, 0x00,
    0x00, 0x7e, 0x3a, 0x90, 0x00, 0x02, 0xf2, 0x00, 0x1a, 0xd3, 0x0a, 0x90, 0x00, 0x06, 0xf0, 0x06,
    0xea, 0x10, 0x0a, 0x90, 0x6f, 0xff, 0x90, 0x8b, 0x30, 0x00, 0x0a, 0x90, 0x13, 0x32, 0x00, 0x00,
    0x00, 0x00, 0x0a, 0xa0, 0x00, 0x00, 0x00, 0x00, 0xb4, 0x00, 0x0a, 0xa0, 0x00, 0x4b, 0x10, 0x00,
    0x7e, 0x40, 0x0a, 0xa0, 0x03, 0xea, 0x00, 0x00, 0x08, 0xe4, 0x0a, 0xa0, 0x4e, 0xa0, 0x00, 0x00,
    0x00, 0x96, 0x0a, 0xa0, 0x88, 0x00, 0x00, 0x00, 0x00, 0x00, 0x0a, 0xa0, 0x00, 0x00, 0x00, 0x0a,
    0xff, 0xff, 0xff, 0xff, 0xff, 0xff, 0x80, 0x01, 0x22, 0x22, 0x22, 0x22, 0x22, 0x2c, 0x80, 0x00,
    0x00, 0x00, 0x00, 0x00, 0x00, 0x0c, 0x80, 0x03, 0xff, 0xff, 0xff, 0xff, 0xff, 0xff, 0x80, 0x00,
    0x22, 0x22, 0x22, 0x22, 0x22, 0x2c, 0x80, 0x00, 0x00, 0x00, 0x00, 0x00, 0x00, 0x0c, 0x80, 0x00,
    0x00, 0x00, 0x00, 0x00, 0x00, 0x0c, 0x80, 0x2f, 0xff, 0xff, 0xff, 0xff, 0xff, 0xff, 0x80, 0x02,
    0x22, 0x22, 0x22, 0x22, 0x22, 0x2c, 0x80, 0x00, 0x00, 0x00, 0x2c, 0x10, 0x00, 0x00, 0x00, 0x00,
    0x00, 0x00, 0x0d, 0x90, 0x00, 0x00, 0x00, 0x00, 0x00, 0x00, 0x04, 0xf3, 0x00, 0x00, 0x00, 0x00,
    0x00, 0xb8, 0x00, 0xcb, 0x00, 0x00, 0x00, 0x00, 0x00, 0xb8, 0x00, 0x4b, 0x10, 0xb5, 0x00, 0x03,
    0xd1, 0xb8, 0x00, 0x00, 0x00, 0xad, 0x00, 0x07, 0xd0, 0xb8, 0x00, 0x00, 0x00, 0x2f, 0x60, 0x0b,
    0x90, 0xb8, 0x00, 0x00, 0x00, 0x0a, 0xd0, 0x1f, 0x50, 0xb8, 0x00, 0x00, 0x00, 0x03, 0xf6, 0x6e,
    0x10, 0xb8, 0x00, 0x00, 0x01, 0xc3, 0xa7, 0x79, 0x00, 0xb8, 0x00, 0x00, 0x02, 0xf3, 0x00, 0x00,
    0x00, 0xb9, 0x00, 0x00, 0x04, 0xf1, 0x00, 0x00, 0x00, 0xac, 0x10, 0x00, 0x1a, 0xc0, 0x00, 0x00,
    0x00, 0x4e, 0xff, 0xff, 0xfe, 0x40, 0x00, 0x00, 0x00, 0x01, 0x33, 0x33, 0x31, 0x00, 0x00, 0x00,
    0x00, 0x6c, 0x10, 0x00, 0x00, 0x00, 0x00, 0x00, 0x19, 0xff, 0xff, 0xff, 0xf7, 0x00, 0x00, 0x06,
    0xec, 0x30, 0x00, 0x2b, 0xa1, 0x00, 0x00, 0x4d, 0xbf, 0xff, 0xff, 0xff, 0xff, 0xff, 0x20, 0x00,
    0x00, 0x00, 0x00, 0x00, 0x00, 0x1f, 0x20, 0x00, 0x9f, 0xff, 0xff, 0xff, 0xff, 0xff, 0x20, 0x00,
    0x00, 0x00, 0x00, 0x00, 0x00, 0x1f, 0x20, 0x00, 0xff, 0xff, 0xff, 0xff, 0xff, 0xff, 0x20, 0x00,
    0x00, 0x00, 0x1d, 0x30, 0x00, 0x1f, 0x20, 0x06, 0xa0, 0xc7, 0x09, 0xd1, 0x00, 0x0b, 0x30, 0x0b,
    0x80, 0xc7, 0x00, 0xb3, 0x0a, 0x59, 0xc0, 0x2f, 0x30, 0xc7, 0x00, 0x00, 0x0d, 0x61, 0xe6, 0x5a,
    0x00, 0xaa, 0x00, 0x00, 0x4f, 0x20, 0x77, 0x00, 0x00, 0x4e, 0xff, 0xff, 0xf9, 0x00, 0x00, 0x00,
    0x00, 0x00, 0x11, 0x11, 0x10, 0x00, 0x00, 0x00, 0x8a, 0x00, 0x00, 0x00, 0xf3, 0x00, 0x00, 0x00,
    0x8a, 0x00, 0x0d, 0x40, 0xf3, 0x00, 0x00, 0x00, 0x8c, 0xa0, 0x4f, 0x10, 0xf3, 0x00, 0x00, 0x1d,
    0x8a, 0xc7, 0x9f, 0xff, 0xff, 0xff, 0xf5, 0x4c, 0x8a, 0x64, 0xe4, 0x12, 0xf4, 0x11, 0x10, 0x89,
    0x8a, 0x08, 0xc0, 0x00, 0xf3, 0x00, 0x00, 0x95, 0x8a, 0x08, 0x50, 0x00, 0xf3, 0x00, 0x00, 0x00,
    0x8a, 0x00, 0x00, 0x00, 0xf3, 0x00, 0x00, 0x00, 0x8a, 0x01, 0xff, 0xff, 0xff, 0xff, 0xf0, 0x00,
    0x8a, 0x00, 0x11, 0x12, 0xf4, 0x11, 0x10, 0x00, 0x8a, 0x00, 0x00, 0x00, 0xf3, 0x00, 0x00, 0x00,
    0x8a, 0x00, 0x00, 0x00, 0xf3, 0x00, 0x00, 0x00, 0x8a, 0x00, 0x00, 0x00, 0xf3, 0x00, 0x00, 0x00,
    0x8a, 0x1f, 0xff, 0xff, 0xff, 0xff, 0xfc, 0x00, 0x8a, 0x01, 0x11, 0x11, 0x11, 0x11, 0x11, 0x00,
    0xa7, 0x00, 0x00, 0x06, 0xc0, 0x00, 0x00, 0x00, 0xa7, 0x0c, 0xff, 0xff, 0xff, 0xff, 0xf7, 0x00,
    0xac, 0x50, 0x00, 0x06, 0xc0, 0x00, 0x00, 0x00, 0xac, 0xd6, 0xff, 0xff, 0xff, 0xff, 0xf0, 0x4a,
    0xa7, 0xa3, 0x00, 0x06, 0xc0, 0x00, 0x00, 0x69, 0xa7, 0x3f, 0xff, 0xff, 0xff, 0xff, 0xfc, 0x87,
    0xa7, 0x00, 0x00, 0x00, 0x00, 0x00, 0x00, 0x94, 0xa7, 0x03, 0xff, 0xff, 0xff, 0xff, 0x90, 0x00,
    0xa7, 0x03, 0xf0, 0x00, 0x00, 0x09, 0x90, 0x00, 0xa7, 0x03, 0xff, 0xff, 0xff, 0xff, 0x90, 0x00,
    0xa7, 0x03, 0xf0, 0x00, 0x00, 0x09, 0x90, 0x00, 0xa7, 0x03, 0xff, 0xff, 0xff, 0xff, 0x90, 0x00,
    0xa7, 0x03, 0xf0, 0x00, 0x00, 0x09, 0x90, 0x00, 0xa7, 0x03, 0xf0, 0x00, 0x00, 0x0b, 0x90, 0x00,
    0xa7, 0x03, 0xf0, 0x00, 0xbf, 0xff, 0x40, 0x00, 0x00, 0x00, 0x00, 0x00, 0x12, 0x21, 0x00, 0x25,
    0x68, 0x9b, 0xd5, 0x5e, 0x07, 0x90, 0x00, 0x3e, 0xdd, 0xe8, 0x62, 0x5f, 0x02, 0xcc, 0x20, 0x00,
    0x07, 0xd0, 0x00, 0x4f, 0x00, 0x1a, 0x60, 0x00, 0x07, 0xd0, 0x00, 0x3f, 0x10, 0x00, 0x00, 0xcf,
    0xff, 0xff, 0xff, 0xff, 0xff, 0xff, 0xfc, 0x22, 0x28, 0xd2, 0x22, 0x3f, 0x52, 0x22, 0x22, 0x00,
    0x07, 0xd0, 0x01, 0x0e, 0x50, 0x09, 0x70, 0x00, 0x07, 0xe8, 0xcf, 0x1c, 0x70, 0x7f, 0x40, 0x5a,
    0xdf, 0xfa, 0x62, 0x09, 0xa8, 0xf4, 0x00, 0x9b, 0x68, 0xd0, 0x00, 0x05, 0xfe, 0x30, 0x00, 0x00,
    0x07, 0xd0, 0x00, 0x3c, 0xf6, 0x00, 0x78, 0x00, 0x07, 0xd0, 0x29, 0xe7, 0x9d, 0x00, 0xa9, 0x00,
    0x08, 0xc1, 0xc8, 0x10, 0x1d, 0xa2, 0xd5, 0x2f, 0xff, 0x80, 0x00, 0x00, 0x03, 0xdf, 0xe1, 0x03,
    0x32, 0x00, 0x00, 0x00, 0x00, 0x04, 0x10, 0x00, 0x13, 0x59, 0xd3, 0x02, 0x35, 0x7a, 0xd4, 0x06,
    0xfe, 0xc9, 0x61, 0xaf, 0xec, 0xa8, 0x52, 0x06, 0xb0, 0x00, 0x00, 0xa7, 0x00, 0x00, 0x00, 0x06,
    0xb0, 0x00, 0x00, 0xa7, 0x00, 0x00, 0x00, 0x06, 0xff, 0xff, 0xc0, 0xa7, 0x00, 0x00, 0x00, 0x06,
    0xb0, 0x05, 0xc0, 0xa7, 0x00, 0x00, 0x00, 0x06, 0xb0, 0x04, 0xc0, 0xaf, 0xff, 0xff, 0xfc, 0x06,
    0xb0, 0x04, 0xc0, 0xa8, 0x11, 0xc6, 0x11, 0x07, 0xff, 0xff, 0xc0, 0xc6, 0x00, 0xc6, 0x00, 0x07,
    0x90, 0x05, 0xc0, 0xd5, 0x00, 0xc6, 0x00, 0x09, 0x70, 0x00, 0x02, 0xf3, 0x00, 0xc6, 0x00, 0x0b,
    0x50, 0x00, 0x06, 0xd0, 0x00, 0xc6, 0x00, 0x1e, 0x10, 0x00, 0x0d, 0x70, 0x00, 0xc6, 0x00, 0x6b,
    0x00, 0x00, 0x9d, 0x10, 0x00, 0xc6, 0x00, 0x84, 0x00, 0x00, 0xb3, 0x00, 0x00, 0xc6, 0x00, 0x00,
    0x0f, 0x30, 0x00, 0x5e, 0x0a, 0x81, 0x00, 0x00, 0x0f, 0x30, 0x00, 0x4f, 0x00, 0x6c, 0x10, 0x00,
    0x0f, 0x30, 0x00, 0x3f, 0x00, 0x00, 0x00, 0x8f, 0xff, 0xff, 0x93, 0x5f, 0x78, 0xac, 0xe6, 0x11,
    0x2f, 0x44, 0xfe, 0xef, 0xc9, 0x76, 0x41, 0x00, 0x0f, 0x31, 0x10, 0x0f, 0x30, 0x09, 0x60, 0x47,
    0x9f, 0xef, 0x70, 0x0e, 0x40, 0x5e, 0x30, 0x9c, 0xaf, 0x61, 0x00, 0x0c, 0x63, 0xe5, 0x00, 0x00,
    0x0f, 0x30, 0x00, 0x09, 0xbe, 0x60, 0x00, 0x00, 0x0f, 0x30, 0x00, 0x09, 0xf5, 0x00, 0x00, 0x00,
    0x0f, 0x30, 0x01, 0xbc, 0xe5, 0x00, 0x78, 0x00, 0x0f, 0x31, 0x7e, 0x80, 0x8c, 0x10, 0xa9, 0x00,
    0x2f, 0x26, 0xb3, 0x00, 0x1d, 0xa2, 0xd5, 0x4f, 0xfd, 0x00, 0x00, 0x00, 0x02, 0xdf, 0xe1, 0x03,
    0x31, 0x00, 0x00, 0x00, 0x00, 0x03, 0x10, 0x00, 0x7b, 0x00, 0x00, 0x05, 0xb1, 0x00, 0x00, 0x00,
    0x7b, 0x00, 0x00, 0x01, 0xc6, 0x00, 0x00, 0x00, 0x7b, 0x00, 0x7f, 0xff, 0xff, 0xff, 0xf0, 0x8f,
    0xff, 0xfb, 0x7c, 0x22, 0x22, 0x25, 0xf0, 0x11, 0x8b, 0x11, 0x7c, 0x00, 0x00, 0x04, 0xf0, 0x00,
    0x7b, 0x01, 0x7c, 0x00, 0x00, 0x04, 0xf0, 0x00, 0x7d, 0xbb, 0x7c, 0x00, 0x00, 0x04, 0xf0, 0x5b,
    0xfe, 0x61, 0x7f, 0xff, 0xff, 0xff, 0xf0, 0x98, 0x9b, 0x00, 0x8b, 0x22, 0x22, 0x25, 0xf0, 0x00,
    0x7b, 0x00, 0xa9, 0x00, 0x00, 0x00, 0x00, 0x00, 0x7b, 0x00, 0xd7, 0x00, 0x00, 0x00, 0x00, 0x00,
    0x7b, 0x02, 0xf3, 0x00, 0x00, 0x00, 0x00, 0x00, 0x9b, 0x08, 0xd0, 0x00, 0x00, 0x00, 0x00, 0x7f,
    0xf7, 0x2e, 0x60, 0x00, 0x00, 0x00, 0x00, 0x24, 0x20, 0x2a, 0x00, 0x00, 0x00, 0x00, 0x00, 0x00,
    0x7b, 0x00, 0x00, 0x00, 0x00, 0x00, 0x00, 0x00, 0x7b, 0x00, 0xcf, 0xff, 0xff, 0xff, 0xc0, 0x00,
    0x7b, 0x00, 0xc7, 0x11, 0x11, 0x18, 0xb0, 0x8f, 0xff, 0xf9, 0xc6, 0x01, 0x10, 0x1a, 0x90, 0x11,
    0x8b, 0x11, 0xc6, 0x06, 0xff, 0xfe, 0x30, 0x00, 0x7b, 0x01, 0xc6, 0x00, 0x22, 0x20, 0x00, 0x00,
    0x7d, 0xc8, 0xcf, 0xff, 0xff, 0xff, 0xe0, 0x5b, 0xfd, 0x61, 0xc7, 0x8a, 0x11, 0x19, 0xb0, 0x98,
    0x9b, 0x00, 0xc6, 0x2e, 0x10, 0x1e, 0x50, 0x00, 0x7b, 0x00, 0xc6, 0x0a, 0xa0, 0xac, 0x00, 0x00,
    0x7b, 0x00, 0xc6, 0x01, 0xec, 0xe2, 0x00, 0x00, 0x7b, 0x00, 0xc6, 0x01, 0xbf, 0xb1, 0x00, 0x10,
    0x9b, 0x00, 0xc6, 0x6e, 0xa3, 0xbe, 0x71, 0x7f, 0xf7, 0x00, 0xca, 0xc4, 0x00, 0x05, 0xc6, 0x14,
    0x30, 0x00, 0x00, 0x00, 0x00, 0x00, 0x00, 0x00, 0xa8, 0x00, 0x00, 0xa5, 0x00, 0x8a, 0x00, 0x00,
    0xa8, 0x00, 0xe4, 0x6e, 0x10, 0x8a, 0x00, 0x00, 0xa8, 0x00, 0xe4, 0x0c, 0x80, 0x8a, 0x00, 0x9f,
    0xff, 0xf5, 0xe4, 0x04, 0xa0, 0x99, 0x00, 0x01, 0xb8, 0x10, 0xe4, 0x00, 0x00, 0x99, 0x00, 0x00,
    0xa8, 0x01, 0xe4, 0x00, 0x00, 0xa8, 0x00, 0x00, 0xab, 0xd5, 0xe4, 0x00, 0x00, 0xb7, 0x00, 0x5b,
    0xfc, 0x40, 0xe4, 0x00, 0x00, 0xd5, 0x00, 0x97, 0xb8, 0x00, 0xe4, 0x29, 0x02, 0xf2, 0x00, 0x00,
    0xa8, 0x00, 0xe7, 0xe9, 0x07, 0xe0, 0x00, 0x00, 0xa8, 0x01, 0xfe, 0x50, 0x2e, 0xe9, 0x00, 0x00,
    0xa8, 0x02, 0xb2, 0x02, 0xda, 0x3f, 0x70, 0x10, 0xc7, 0x00, 0x00, 0x4e, 0x90, 0x06, 0xf4, 0x8f,
    0xf4, 0x00, 0x02, 0xc5, 0x00, 0x00, 0x96, 0x13, 0x20, 0x00, 0x00, 0x00, 0x00, 0x00, 0x00, 0x00,
    0x89, 0x00, 0x00, 0x0c, 0x51, 0xba, 0x60, 0x00, 0x89, 0x00, 0xc5, 0x1f, 0x20, 0x03, 0x50, 0x00,
    0x89, 0x03, 0xe1, 0x3e, 0x00, 0x00, 0x00, 0x8f, 0xff, 0xfb, 0xff, 0xff, 0xff, 0xff, 0xf9, 0x12,
    0x9a, 0x21, 0x22, 0xb9, 0x22, 0x22, 0x21, 0x00, 0x89, 0x00, 0x01, 0xf3, 0x00, 0x00, 0x00, 0x00,
    0x8c, 0xa7, 0x05, 0xff, 0xff, 0xff, 0xd0, 0x5b, 0xfe, 0x93, 0x0c, 0xda, 0x11, 0x1a, 0xa0, 0x99,
    0xb9, 0x00, 0x4e, 0x2e, 0x10, 0x2f, 0x30, 0x00, 0x89, 0x00, 0xd7, 0x09, 0xa1, 0xc8, 0x00, 0x00,
    0x89, 0x08, 0xc0, 0x01, 0xdd, 0xa0, 0x00, 0x00, 0x89, 0x6e, 0x20, 0x05, 0xdf, 0xa1, 0x00, 0x10,
    0xa9, 0xb4, 0x26, 0xcd, 0x52, 0xbe, 0x82, 0x7f, 0xf5, 0x01, 0xca, 0x40, 0x00, 0x05, 0xc7, 0x13,
    0x20, 0x00, 0x00, 0x00, 0x00, 0x00, 0x00, 0x00, 0x99, 0x00, 0x00, 0x00, 0x00, 0x00, 0x00, 0x00,
    0x99, 0x03, 0xff, 0xff, 0xff, 0xff, 0xb0, 0x00, 0x99, 0x00, 0x2e, 0x51, 0x11, 0x3e, 0x60, 0xaf,
    0xff, 0xf9, 0x04, 0xe4, 0x03, 0xd8, 0x00, 0x11, 0x99, 0x11, 0x00, 0x4e, 0xce, 0x60, 0x00, 0x00,
    0x99, 0x02, 0x69, 0xde, 0xbe, 0xc7, 0x31, 0x00, 0x99, 0x06, 0xd9, 0x51, 0x01, 0x6a, 0xd7, 0x00,
    0x9b, 0xa4, 0x00, 0x02, 0xf1, 0x00, 0x00, 0x5a, 0xed, 0x72, 0xff, 0xff, 0xff, 0xff, 0xf1, 0x98,
    0xa9, 0x00, 0x22, 0x24, 0xf3, 0x22, 0x20, 0x00, 0x99, 0x00, 0x00, 0x02, 0xf1, 0x00, 0x00, 0x00,
    0x99, 0x0f, 0xff, 0xff, 0xff, 0xff, 0xfc, 0x00, 0x99, 0x02, 0x22, 0x24, 0xf3, 0x22, 0x21, 0x10,
    0xb9, 0x00, 0x00, 0x02, 0xf1, 0x00, 0x00, 0x8f, 0xf4, 0x00, 0x00, 0x02, 0xf1, 0x00, 0x00, 0x12,
    0x10, 0x00, 0x00, 0x00, 0x00, 0x00, 0x00, 0x00, 0xc6, 0x00, 0x00, 0x00, 0x00, 0x00, 0x00, 0x00,
    0xc6, 0x00, 0x9f, 0xff, 0xff, 0xff, 0x30, 0x00, 0xc6, 0x00, 0x98, 0x00, 0x00, 0x0e, 0x30, 0xaf,
    0xff, 0xf6, 0x9f, 0xff, 0xff, 0xff, 0x30, 0x11, 0xc7, 0x10, 0x98, 0x00, 0x00, 0x0e, 0x30, 0x00,
    0xc6, 0x00, 0x9f, 0xff, 0xff, 0xff, 0x30, 0x00, 0xc7, 0x94, 0x98, 0x00, 0x00, 0x0e, 0x30, 0x01,
    0xdf, 0xa2, 0x00, 0x00, 0x00, 0x00, 0x00, 0x7e, 0xf7, 0x0e, 0xff, 0xff, 0xff, 0xff, 0xf9, 0x95,
    0xc6, 0x00, 0x00, 0x02, 0xf1, 0x00, 0x00, 0x00, 0xc6, 0x00, 0xa8, 0x02, 0xf1, 0x00, 0x00, 0x00,
    0xc6, 0x00, 0xd7, 0x02, 0xff, 0xff, 0xe0, 0x00, 0xc6, 0x05, 0xee, 0x42, 0xf1, 0x00, 0x00, 0x10,
    0xd6, 0x3e, 0x55, 0xea, 0xf2, 0x11, 0x21, 0xaf, 0xf3, 0x98, 0x00, 0x29, 0xde, 0xff, 0xf9, 0x23,
    0x10, 0x00, 0x00, 0x00, 0x00, 0x00, 0x00, 0x00, 0xb7, 0x00, 0x12, 0x35, 0x68, 0xac, 0xb0, 0x00,
    0xb7, 0x09, 0xfe, 0xee, 0xea, 0x8f, 0x50, 0x00, 0xb7, 0x00, 0xb5, 0x06, 0xb0, 0xbd, 0x10, 0xbf,
    0xff, 0xf1, 0x2c, 0x26, 0xb1, 0xb1, 0x00, 0x12, 0xb8, 0x2f, 0xff, 0xff, 0xff, 0xff, 0xf9, 0x00,
    0xb7, 0x00, 0x03, 0xd9, 0xbb, 0x80, 0x00, 0x00, 0xb8, 0x90, 0x3d, 0x36, 0xb0, 0x9d, 0x61, 0x01,
    0xde, 0x78, 0xb1, 0x06, 0xb0, 0x03, 0xb8, 0x7e, 0xe7, 0x7a, 0xff, 0xff, 0xff, 0xff, 0x90, 0x84,
    0xb7, 0x04, 0xd0, 0x06, 0xb0, 0x07, 0x90, 0x00, 0xb7, 0x04, 0xfe, 0xee, 0xfe, 0xee, 0x90, 0x00,
    0xb7, 0x04, 0xc0, 0x05, 0xb0, 0x07, 0x90, 0x00, 0xb7, 0x04, 0xc0, 0x05, 0xb0, 0x07, 0x90, 0x11,
    0xc6, 0x04, 0xff, 0xff, 0xff, 0xff, 0x90, 0xaf, 0xf3, 0x04, 0xc0, 0x00, 0x00, 0x07, 0x90, 0x23,
    0x10, 0x00, 0x00, 0x00, 0x00, 0x00, 0x00, 0x00, 0x00, 0x00, 0x1c, 0x40, 0x00, 0x00, 0x00, 0x00,
    0x00, 0x00, 0x0b, 0xc0, 0x00, 0x00, 0x00, 0x00, 0x00, 0x00, 0x04, 0xc1, 0x00, 0x00, 0x00, 0x8f,
    0xff, 0xff, 0xff, 0xff, 0xff, 0xff, 0xf7, 0x12, 0x28, 0xc2, 0x22, 0x22, 0x2d, 0x92, 0x21, 0x00,
    0x03, 0xf1, 0x00, 0x00, 0x1f, 0x40, 0x00, 0x00, 0x00, 0xd6, 0x00, 0x00, 0x6e, 0x00, 0x00, 0x00,
    0x00, 0x7d, 0x00, 0x00, 0xc8, 0x00, 0x00, 0x00, 0x00, 0x0d, 0x70, 0x07, 0xe1, 0x00, 0x00, 0x00,
    0x00, 0x04, 0xf5, 0x4e, 0x50, 0x00, 0x00, 0x00, 0x00, 0x00, 0x7f, 0xe7, 0x00, 0x00, 0x00, 0x00,
    0x00, 0x01, 0x8f, 0xfa, 0x20, 0x00, 0x00, 0x00, 0x01, 0x7e, 0xc3, 0x3d, 0xf9, 0x20, 0x00, 0x15,
    0xaf, 0xc5, 0x00, 0x00, 0x6c, 0xfc, 0x72, 0x4d, 0x83, 0x00, 0x00, 0x00, 0x00, 0x49, 0xc2, 0x00,
    0x00, 0x00, 0x1c, 0x40, 0x00, 0x00, 0x00, 0x00, 0x00, 0x00, 0x0b, 0xc0, 0x00, 0x00, 0x00, 0x00,
    0x00, 0x00, 0x04, 0xc1, 0x00, 0x00, 0x00, 0x8f, 0xff, 0xff, 0xff, 0xff, 0xff, 0xff, 0xf8, 0x13,
    0x33, 0x6f, 0x43, 0x33, 0x33, 0x33, 0x32, 0x00, 0x00, 0x5f, 0x00, 0x00, 0x00, 0x00, 0x00, 0x00,
    0x00, 0x5f, 0x00, 0x00, 0x00, 0x00, 0x00, 0x00, 0x00, 0x7f, 0xff, 0xff, 0xff, 0xf7, 0x00, 0x00,
    0x00, 0x9c, 0x33, 0x33, 0x33, 0xe6, 0x00, 0x00, 0x00, 0xc9, 0x00, 0x00, 0x00, 0xf5, 0x00, 0x00,
    0x02, 0xf6, 0x00, 0x00, 0x01, 0xf4, 0x00, 0x00, 0x08, 0xe1, 0x00, 0x00, 0x02, 0xf3, 0x00, 0x00,
    0x3f, 0x80, 0x00, 0x00, 0x04, 0xf1, 0x00, 0x01, 0xdc, 0x00, 0x05, 0x21, 0x1a, 0xe0, 0x00, 0x3d,
    0xc1, 0x00, 0x0e, 0xff, 0xff, 0x50, 0x00, 0x7a, 0x10, 0x00, 0x01, 0x24, 0x41, 0x00, 0x00, 0x3f,
    0xff, 0xff, 0xff, 0xff, 0xff, 0xff, 0xf3, 0x01, 0x11, 0x11, 0x17, 0xc1, 0x11, 0x11, 0x10, 0x00,
    0xef, 0xff, 0xff, 0xff, 0xff, 0xfe, 0x00, 0x00, 0xe4, 0x11, 0x17, 0xb1, 0x11, 0x4e, 0x00, 0x00,
    0xe4, 0x00, 0x07, 0xb0, 0x00, 0x4e, 0x00, 0x00, 0xef, 0xff, 0xff, 0xff, 0xff, 0xfe, 0x00, 0x00,
    0xe4, 0x11, 0x18, 0xa1, 0x11, 0x4e, 0x00, 0x00, 0xe4, 0x00, 0x09, 0x90, 0x00, 0x4e, 0x00, 0x00,
    0xef, 0xff, 0xff, 0xff, 0xff, 0xfe, 0x00, 0x00, 0x4b, 0x11, 0x2e, 0x41, 0x11, 0x4e, 0x00, 0x00,
    0x1c, 0xa1, 0x7d, 0x00, 0x00, 0x00, 0x00, 0x00, 0x01, 0xbd, 0xf5, 0x00, 0x00, 0x00, 0x00, 0x00,
    0x01, 0xaf, 0xef, 0xb8, 0x53, 0x21, 0x00, 0x03, 0x9e, 0xb2, 0x04, 0x8b, 0xdf, 0xff, 0xf8, 0x6d,
    0x82, 0x00, 0x00, 0x00, 0x00, 0x22, 0x31, 0x0a, 0xff, 0xfb, 0x0e, 0xff, 0xff, 0xff, 0xb0, 0x0a,
    0x70, 0x6b, 0x0e, 0x41, 0x11, 0x18, 0xa0, 0x0a, 0x70, 0x5b, 0x0e, 0x40, 0x31, 0x1c, 0x80, 0x0a,
    0x70, 0x5b, 0x0e, 0x40, 0xef, 0xfc, 0x10, 0x0a, 0xff, 0xfb, 0x0e, 0x40, 0x01, 0x10, 0x00, 0x0a,
    0x70, 0x5b, 0x0e, 0x40, 0x00, 0x00, 0x00, 0x0a, 0x70, 0x5b, 0x0e, 0xff, 0xff, 0xff, 0xc0, 0x0a,
    0x70, 0x5b, 0x0e, 0x4e, 0x40, 0x09, 0xa0, 0x0a, 0xff, 0xfb, 0x0e, 0x49, 0x90, 0x1e, 0x40, 0x0a,
    0x60, 0x5b, 0x0e, 0x43, 0xe2, 0x9c, 0x00, 0x0c, 0x60, 0x5b, 0x0e, 0x40, 0x9d, 0xf3, 0x00, 0x0e,
    0x30, 0x5b, 0x0e, 0x40, 0x6f, 0xc2, 0x00, 0x4e, 0x11, 0x7b, 0x0e, 0x48, 0xe5, 0xae, 0x71, 0x67,
    0x4f, 0xf6, 0x0e, 0xaa, 0x20, 0x04, 0xb7, 0x00, 0x00, 0x00, 0x00, 0x00, 0x00, 0x00, 0x00, 0x00,
    0x00, 0x00, 0x09, 0x90, 0x00, 0x00, 0x00, 0x00, 0x00, 0x00, 0x09, 0x90, 0x00, 0x00, 0x00, 0x09,
    0xff, 0xff, 0xff, 0xff, 0xff, 0xff, 0xa0, 0x01, 0x22, 0x22, 0x2a, 0xa2, 0x22, 0x22, 0x20, 0x00,
    0x00, 0x00, 0x09, 0x90, 0x00, 0x00, 0x00, 0x00, 0x00, 0x00, 0x09, 0x90, 0x00, 0x00, 0x00, 0x8f,
    0xff, 0xff, 0xff, 0xff, 0xff, 0xff, 0xf8, 0x12, 0x22, 0x22, 0x9f, 0xf8, 0x22, 0x22, 0x21, 0x00,
    0x00, 0x06, 0xba, 0xac, 0x40, 0x00, 0x00, 0x00, 0x00, 0x8c, 0x19, 0x92, 0xd6, 0x00, 0x00, 0x00,
    0x2b, 0xa1, 0x09, 0x90, 0x1c, 0xa1, 0x00, 0x18, 0xe6, 0x00, 0x09, 0x90, 0x00, 0x9e, 0x81, 0x6b,
    0x20, 0x00, 0x09, 0x90, 0x00, 0x03, 0xb6, 0x00, 0x00, 0x00, 0x09, 0x90, 0x00, 0x00, 0x00, 0x00,
    0x00, 0x00, 0x08, 0x80, 0x00, 0x00, 0x00, 0x00, 0x00, 0x00, 0x08, 0x80, 0x00, 0x00, 0x00, 0x4f,
    0xff, 0xff, 0xff, 0xff, 0xff, 0xff, 0xf5, 0x01, 0x11, 0x15, 0xdc, 0xcc, 0x41, 0x11, 0x10, 0x00,
    0x02, 0x9a, 0x18, 0x81, 0x99, 0x20, 0x00, 0x03, 0x9a, 0x30, 0x08, 0x80, 0x02, 0x89, 0x40, 0x6b,
    0x8f, 0xff, 0xff, 0xff, 0xff, 0xfc, 0xd6, 0x00, 0x6c, 0x11, 0x11, 0x11, 0x11, 0xc6, 0x00, 0x00,
    0x6f, 0xee, 0xee, 0xee, 0xee, 0xf6, 0x00, 0x00, 0x6d, 0x22, 0x22, 0x22, 0x22, 0xc6, 0x00, 0x00,
    0x6c, 0x00, 0x00, 0x00, 0x00, 0xc6, 0x00, 0x00, 0x6f, 0xff, 0xff, 0xff, 0xff, 0xf6, 0x00, 0x00,
    0x6c, 0x11, 0x11, 0x11, 0x11, 0xc6, 0x00, 0x00, 0x00, 0x00, 0x00, 0x00, 0x00, 0x00, 0x00, 0x9f,
    0xff, 0xff, 0xff, 0xff, 0xff, 0xff, 0xf9, 0x12, 0x22, 0x22, 0x22, 0x22, 0x22, 0x22, 0x21, 0x00,
    0x3e, 0x00, 0x08, 0x70, 0x00, 0x4b, 0x10, 0x00, 0x3e, 0x00, 0x04, 0xf5, 0x01, 0xda, 0x00, 0x00,
    0x3e, 0x00, 0x00, 0x88, 0x0a, 0xb0, 0x00, 0x9f, 0xff, 0xfb, 0xaf, 0xff, 0xff, 0xff, 0xf8, 0x01,
    0x6e, 0x10, 0x12, 0x22, 0x22, 0x22, 0x21, 0x00, 0xbe, 0x10, 0x00, 0x00, 0x00, 0x00, 0x00, 0x01,
    0xff, 0xd3, 0x00, 0x00, 0x00, 0x00, 0x00, 0x08, 0xbe, 0x7d, 0x10, 0x00, 0x00, 0x00, 0x00, 0x2f,
    0x5e, 0x0a, 0x5f, 0xff, 0xff, 0xff, 0xd0, 0x9a, 0x3e, 0x00, 0x02, 0x22, 0x22, 0x22, 0x20, 0x62,
    0x3e, 0x00, 0x00, 0x00, 0x00, 0x00, 0x00, 0x00, 0x3e, 0x00, 0x00, 0x00, 0x00, 0x00, 0x00, 0x00,
    0x3e, 0x00, 0x00, 0x00, 0x00, 0x00, 0x00, 0x00, 0x3e, 0x08, 0xff, 0xff, 0xff, 0xff, 0xfb, 0x00,
    0x3e, 0x01, 0x22, 0x22, 0x22, 0x22, 0x21, 0x00, 0x79, 0x00, 0x01, 0xf0, 0x03, 0xd0, 0x00, 0x00,
    0x79, 0x00, 0x01, 0xf0, 0x03, 0xd0, 0x00, 0x00, 0x79, 0x08, 0xff, 0xff, 0xff, 0xff, 0xf8, 0x00,
    0x79, 0x00, 0x01, 0xf0, 0x03, 0xd0, 0x00, 0xaf, 0xff, 0xfa, 0x01, 0xf0, 0x03, 0xd0, 0x00, 0x01,
    0xd9, 0x00, 0xbf, 0xff, 0xff, 0xff, 0x90, 0x04, 0xf9, 0x00, 0xb6, 0x00, 0x00, 0x08, 0x90, 0x0a,
    0xdc, 0xb1, 0xbe, 0xee, 0xee, 0xef, 0x90, 0x3e, 0x89, 0x68, 0xb6, 0x00, 0x00, 0x08, 0x90, 0xb9,
    0x79, 0x00, 0xbf, 0xff, 0xff, 0xff, 0x90, 0x71, 0x79, 0x00, 0x00, 0x04, 0xc0, 0x00, 0x00, 0x00,
    0x79, 0x0d, 0xff, 0xff, 0xff, 0xff, 0xf9, 0x00, 0x79, 0x00, 0x00, 0x4e, 0x9c, 0x20, 0x00, 0x00,
    0x79, 0x01, 0x5a, 0xd3, 0x05, 0xe8, 0x30, 0x00, 0x79, 0x2d, 0xa5, 0x00, 0x00, 0x17, 0xd6, 0x1f,
    0xff, 0xff, 0xff, 0xff, 0xff, 0xff, 0xf2, 0x03, 0x33, 0x33, 0x33, 0xe8, 0x33, 0x33, 0x30, 0x00,
    0x00, 0x00, 0x00, 0xe6, 0x00, 0x00, 0x00, 0x00, 0x4f, 0x20, 0x00, 0xe6, 0x00, 0x00, 0x00, 0x00,
    0x4f, 0x20, 0x00, 0xe6, 0x00, 0x00, 0x00, 0x00, 0x4f, 0x20, 0x00, 0xe6, 0x00, 0x00, 0x00, 0x00,
    0x4f, 0x20, 0x00, 0xef, 0xff, 0xff, 0x90, 0x00, 0x4f, 0x20, 0x00, 0xe8, 0x33, 0x33, 0x20, 0x00,
    0x4f, 0x20, 0x00, 0xe6, 0x00, 0x00, 0x00, 0x00, 0x4f, 0x20, 0x00, 0xe6, 0x00, 0x00, 0x00, 0x00,
    0x4f, 0x20, 0x00, 0xe6, 0x00, 0x00, 0x00, 0x00, 0x4f, 0x20, 0x00, 0xe6, 0x00, 0x00, 0x00, 0xcf,
    0xff, 0xff, 0xff, 0xff, 0xff, 0xff, 0xfc, 0x33, 0x33, 0x33, 0x33, 0x33, 0x33, 0x33, 0x33, 0x03,
    0xff, 0xff, 0xff, 0xff, 0xff, 0xff, 0x50, 0x03, 0xf2, 0x22, 0x22, 0x22, 0x22, 0x2e, 0x50, 0x03,
    0xf0, 0x00, 0x00, 0x00, 0x00, 0x0e, 0x50, 0x03, 0xff, 0xff, 0xff, 0xff, 0xff, 0xff, 0x50, 0x03,
    0xf2, 0x22, 0x22, 0xaa, 0x22, 0x2e, 0x50, 0x03, 0xf0, 0x00, 0x00, 0x7b, 0x00, 0x00, 0x00, 0x03,
    0xf0, 0x00, 0x00, 0x5e, 0x00, 0x00, 0x00, 0x03, 0xff, 0xff, 0xff, 0xff, 0xff, 0xff, 0xf8, 0x03,
    0xf2, 0x22, 0x22, 0x2d, 0x82, 0x22, 0x21, 0x03, 0xf0, 0x00, 0x10, 0x07, 0xd0, 0x00, 0x96, 0x03,
    0xf0, 0x29, 0xc0, 0x01, 0xe9, 0x00, 0xd6, 0x04, 0xfb, 0xe9, 0x30, 0x00, 0x4f, 0xa7, 0xf2, 0x05,
    0xc5, 0x00, 0x00, 0x00, 0x03, 0xce, 0x70, 0x00, 0x00, 0x00, 0x09, 0xb0, 0x5b, 0xa1, 0x00, 0x00,
    0x00, 0x00, 0x09, 0xb0, 0x00, 0x00, 0x00, 0x00, 0x00, 0x00, 0x09, 0xb0, 0x00, 0x00, 0x00, 0x7f,
    0xff, 0xff, 0xff, 0xff, 0xff, 0xff, 0xf8, 0x12, 0x22, 0x22, 0x29, 0xc2, 0x22, 0x22, 0x21, 0x00,
    0xa7, 0x00, 0x09, 0xe1, 0x00, 0x00, 0x00, 0x00, 0x5f, 0x90, 0x09, 0xf6, 0x00, 0x1c, 0x40, 0x00,
    0x04, 0xc2, 0x09, 0xfd, 0x02, 0xc5, 0x00, 0x00, 0x00, 0x02, 0xaf, 0xbc, 0x9c, 0x40, 0x00, 0x00,
    0x00, 0x7e, 0xbb, 0xb3, 0xf9, 0x00, 0x00, 0x00, 0x4c, 0xd5, 0x09, 0xb0, 0x5f, 0x80, 0x00, 0x2a,
    0xe7, 0x00, 0x09, 0xb0, 0x06, 0xf8, 0x00, 0x5a, 0x20, 0x00, 0x09, 0xb0, 0x00, 0x5e, 0xc3, 0x00,
    0x00, 0x11, 0x1c, 0xa0, 0x00, 0x02, 0xb5, 0x00, 0x00, 0x9f, 0xff, 0x60, 0x00, 0x00, 0x00, 0x00,
    0x00, 0x24, 0x42, 0x00, 0x00, 0x00, 0x00, 0x0b, 0x70, 0x00, 0x00, 0x00, 0x00, 0x00, 0x00, 0x04,
    0xdc, 0x2e, 0xff, 0xff, 0xff, 0xff, 0xf2, 0x00, 0x1b, 0x5e, 0x73, 0x33, 0x33, 0x34, 0xf2, 0x00,
    0x00, 0x0e, 0x55, 0xc1, 0x1c, 0x61, 0xf2, 0x6a, 0x20, 0x02, 0xad, 0x40, 0x03, 0xcc, 0x30, 0x1b,
    0xe6, 0x0b, 0x70, 0x09, 0x90, 0x07, 0xb0, 0x00, 0x79, 0x00, 0x00, 0x09, 0x90, 0x00, 0x00, 0x00,
    0x00, 0x5f, 0xff, 0xff, 0xff, 0xff, 0xf7, 0x00, 0x96, 0x12, 0x22, 0x6f, 0xf5, 0x22, 0x21, 0x00,
    0xe7, 0x00, 0x02, 0xba, 0xab, 0x10, 0x00, 0x03, 0xf3, 0x00, 0x2d, 0x39, 0x95, 0xc1, 0x00, 0x07,
    0xe0, 0x03, 0xe6, 0x09, 0x90, 0x9c, 0x20, 0x0c, 0x90, 0x8f, 0x70, 0x09, 0x90, 0x0b, 0xe5, 0x2f,
    0x50, 0xa6, 0x00, 0x09, 0x90, 0x00, 0xa4, 0x3c, 0x10, 0x00, 0x00, 0x09, 0x90, 0x00, 0x00, 0x0b,
    0x40, 0x00, 0x00, 0x00, 0x00, 0x00, 0x00, 0x04, 0xe6, 0x1f, 0xff, 0xff, 0xff, 0xff, 0xfb, 0x00,
    0x4b, 0x2f, 0x21, 0x13, 0xf3, 0x11, 0x11, 0x00, 0x00, 0x1f, 0x10, 0x07, 0xb0, 0x00, 0x00, 0x79,
    0x00, 0x1f, 0x1a, 0xff, 0xff, 0xff, 0x90, 0x1b, 0xc1, 0x1f, 0x1a, 0x70, 0x00, 0x08, 0x90, 0x00,
    0xa6, 0x2f, 0x1a, 0xff, 0xff, 0xff, 0x90, 0x00, 0x00, 0x2f, 0x0a, 0x70, 0x00, 0x08, 0x90, 0x01,
    0xc1, 0x3e, 0x0a, 0xff, 0xff, 0xff, 0x90, 0x04, 0xe0, 0x5d, 0x00, 0x00, 0xa7, 0x00, 0x00, 0x07,
    0xb0, 0x8a, 0x02, 0xc1, 0xa7, 0x59, 0x00, 0x0a, 0x80, 0xd7, 0x0a, 0xa0, 0xa7, 0x2e, 0x60, 0x0e,
    0x44, 0xf2, 0x7e, 0x10, 0xa7, 0x05, 0xf3, 0x3f, 0x2d, 0xa0, 0xb4, 0x00, 0xc6, 0x00, 0x95, 0x4c,
    0x1a, 0x10, 0x00, 0x9f, 0xd2, 0x00, 0x00, 0x00, 0x00, 0x00, 0x00, 0x00, 0x00, 0x00, 0x00, 0x0a,
    0x50, 0x00, 0x00, 0x00, 0x00, 0x00, 0x00, 0x03, 0xe7, 0x04, 0xff, 0xff, 0xff, 0xfa, 0x00, 0x00,
    0x2c, 0x14, 0xd0, 0x00, 0x00, 0x7a, 0x00, 0x00, 0x00, 0x04, 0xff, 0xff, 0x90, 0x7a, 0x00, 0x78,
    0x00, 0x04, 0xd0, 0x08, 0x90, 0x7a, 0x00, 0x1d, 0xa0, 0xbf, 0xff, 0xff, 0xff, 0xff, 0xf2, 0x01,
    0xb3, 0xb7, 0x00, 0x00, 0x00, 0x00, 0xf2, 0x00, 0x00, 0x05, 0xff, 0xff, 0xff, 0xfb, 0x00, 0x01,
    0xc3, 0x05, 0xd0, 0x00, 0x00, 0x7b, 0x00, 0x04, 0xf2, 0x05, 0xff, 0xff, 0xff, 0xfb, 0x00, 0x08,
    0xd0, 0x05, 0xd0, 0x00, 0x00, 0x7b, 0x00, 0x0d, 0x90, 0x05, 0xff, 0xff, 0xff, 0xfb, 0x00, 0x2f,
    0x50, 0x05, 0xd0, 0x00, 0x00, 0x9b, 0x00, 0x3d, 0x10, 0x05, 0xd0, 0x01, 0xff, 0xe5, 0x00, 0x00,
    0x00, 0x00, 0x00, 0x00, 0x11, 0x00, 0x00, 0x0a, 0x60, 0x00, 0x00, 0x2c, 0x40, 0x00, 0x00, 0x05,
    0xf9, 0x8f, 0xff, 0xff, 0xff, 0xff, 0xf2, 0x00, 0x4b, 0x99, 0x00, 0x00, 0x00, 0x00, 0xf2, 0x00,
    0x00, 0x89, 0x00, 0x00, 0x00, 0x00, 0xf2, 0x6a, 0x10, 0x00, 0xff, 0xff, 0xff, 0xf9, 0x00, 0x2d,
    0xd3, 0x00, 0x00, 0x0c, 0x50, 0x00, 0x00, 0x01, 0xb4, 0x0a, 0xff, 0xff, 0xff, 0xff, 0x30, 0x00,
    0x00, 0x0a, 0x60, 0x0c, 0x50, 0x0d, 0x30, 0x00, 0x00, 0x0a, 0xee, 0xef, 0xee, 0xef, 0x30, 0x00,
    0x86, 0x0a, 0x60, 0x0c, 0x50, 0x0d, 0x30, 0x00, 0xe6, 0x0a, 0xff, 0xff, 0xff, 0xff, 0x30, 0x03,
    0xf1, 0x0a, 0x60, 0x00, 0x00, 0x0d, 0x30, 0x09, 0xb0, 0x00, 0x19, 0x90, 0x2c, 0x60, 0x00, 0x0e,
    0x70, 0x18, 0xea, 0x20, 0x06, 0xdd, 0x60, 0x2c, 0x20, 0x6b, 0x30, 0x00, 0x00, 0x17, 0xb0, 0x00,
    0x0c, 0x60, 0x01, 0xd1, 0x00, 0x00, 0x00, 0x0d, 0x3c, 0x60, 0x07, 0xa0, 0x00, 0x00, 0x00, 0x1f,
    0x1c, 0x60, 0x1e, 0xff, 0xff, 0xff, 0xf2, 0x3f, 0xff, 0xfe, 0x7b, 0x2f, 0x38, 0xb3, 0xf2, 0x7b,
    0x1c, 0x62, 0xe3, 0x3e, 0x08, 0x82, 0xf1, 0xb7, 0x0c, 0x65, 0x90, 0x5c, 0x0b, 0x63, 0xf0, 0x93,
    0x0c, 0x60, 0x00, 0xa8, 0x0e, 0x33, 0xe0, 0x00, 0x0c, 0xcd, 0x00, 0xe3, 0x3e, 0x04, 0xe0, 0x5a,
    0xef, 0xc6, 0x07, 0xb0, 0x8a, 0x05, 0xd0, 0x9a, 0x6c, 0x60, 0x2e, 0x21, 0xe3, 0x06, 0xc0, 0x00,
    0x0c, 0x61, 0xd6, 0x0a, 0xa0, 0x07, 0xb0, 0x00, 0x0c, 0x66, 0x80, 0x8d, 0x10, 0x09, 0xa0, 0x00,
    0x0c, 0x60, 0x09, 0xd2, 0x00, 0x2d, 0x70, 0x00, 0x0c, 0x60, 0x5b, 0x10, 0xff, 0xfd, 0x10, 0x00,
    0x0c, 0x60, 0x00, 0x00, 0x33, 0x20, 0x00, 0x00, 0xef, 0xff, 0xff, 0xff, 0xff, 0xff, 0xc0, 0x00,
    0xe6, 0x22, 0x26, 0xf2, 0x22, 0x28, 0xc0, 0x00, 0xe5, 0x00, 0x04, 0xf0, 0x00, 0x07, 0xc0, 0x00,
    0xe5, 0x00, 0x04, 0xf0, 0x00, 0x07, 0xc0, 0x00, 0xef, 0xff, 0xff, 0xff, 0xff, 0xff, 0xc0, 0x00,
    0xe6, 0x22, 0x26, 0xf2, 0x22, 0x28, 0xc0, 0x00, 0xe4, 0x00, 0x04, 0xf0, 0x00, 0x07, 0xc0, 0x00,
    0xf4, 0x00, 0x04, 0xf0, 0x00, 0x07, 0xc0, 0x01, 0xff, 0xff, 0xff, 0xff, 0xff, 0xff, 0xc0, 0x03,
    0xf3, 0x22, 0x26, 0xf2, 0x22, 0x28, 0xc0, 0x06, 0xe0, 0x00, 0x04, 0xf0, 0x00, 0x07, 0xc0, 0x0b,
    0xa0, 0x00, 0x04, 0xf0, 0x00, 0x09, 0xc0, 0x4f, 0x30, 0x00, 0x04, 0xf0, 0x8f, 0xff, 0x80, 0x49,
    0x00, 0x00, 0x01, 0x40, 0x24, 0x43, 0x00, 0x07, 0xff, 0xff, 0xff, 0xff, 0xff, 0xff, 0x80, 0x07,
    0xc3, 0x33, 0x3a, 0xa3, 0x33, 0x3c, 0x80, 0x07, 0xb0, 0x00, 0x09, 0x90, 0x00, 0x0b, 0x80, 0x07,
    0xb0, 0x00, 0x09, 0x90, 0x00, 0x0b, 0x80, 0x07, 0xb0, 0x00, 0x09, 0x90, 0x00, 0x0b, 0x80, 0x07,
    0xb0, 0x00, 0x09, 0x90, 0x00, 0x0b, 0x80, 0x07, 0xff, 0xff, 0xff, 0xff, 0xff, 0xff, 0x80, 0x07,
    0xc3, 0x33, 0x3a, 0xa3, 0x33, 0x3c, 0x80, 0x07, 0xb0, 0x00, 0x09, 0x90, 0x00, 0x0b, 0x80, 0x07,
    0xb0, 0x00, 0x09, 0x90, 0x00, 0x0b, 0x80, 0x07, 0xb0, 0x00, 0x09, 0x90, 0x00, 0x0b, 0x80, 0x07,
    0xb0, 0x00, 0x09, 0x90, 0x00, 0x0b, 0x80, 0x07, 0xff, 0xff, 0xff, 0xff, 0xff, 0xff, 0x80, 0x07,
    0xc3, 0x33, 0x33, 0x33, 0x33, 0x3c, 0x80, 0x00, 0x00, 0x00, 0x3f, 0x10, 0x00, 0x00, 0x00, 0x00,
    0x00, 0x00, 0x3f, 0x10, 0x00, 0x00, 0x00, 0x0f, 0xff, 0xff, 0xff, 0xff, 0xff, 0xfd, 0x00, 0x0f,
    0x63, 0x33, 0x5f, 0x43, 0x33, 0x8d, 0x00, 0x0f, 0x50, 0x00, 0x3f, 0x10, 0x00, 0x7d, 0x00, 0x0f,
    0x50, 0x00, 0x3f, 0x10, 0x00, 0x7d, 0x00, 0x0f, 0xff, 0xff, 0xff, 0xff, 0xff, 0xfd, 0x00, 0x0f,
    0x62, 0x22, 0x5f, 0x32, 0x22, 0x7d, 0x00, 0x0f, 0x50, 0x00, 0x3f, 0x10, 0x00, 0x7d, 0x00, 0x0f,
    0x50, 0x00, 0x3f, 0x10, 0x00, 0x7d, 0x00, 0x0f, 0xff, 0xff, 0xff, 0xff, 0xff, 0xfd, 0x00, 0x0f,
    0x63, 0x33, 0x5f, 0x43, 0x33, 0x32, 0x96, 0x00, 0x00, 0x00, 0x3f, 0x30, 0x00, 0x02, 0xe7, 0x00,
    0x00, 0x00, 0x0c, 0xff, 0xff, 0xff, 0xd1, 0x00, 0x00, 0x00, 0x00, 0x23, 0x33, 0x32, 0x00, 0x00,
    0x08, 0x80, 0x00, 0x00, 0x08, 0x80, 0x00, 0x00, 0x03, 0xeb, 0x10, 0x00, 0x6f, 0x40, 0x00, 0x00,
    0x00, 0x3b, 0x10, 0x05, 0xf5, 0x00, 0x00, 0x5f, 0xff, 0xff, 0xff, 0xff, 0xff, 0xff, 0xf7, 0x01,
    0x11, 0x11, 0x11, 0x11, 0x11, 0x11, 0x11, 0x00, 0x01, 0x6c, 0x40, 0x03, 0xd7, 0x20, 0x00, 0x03,
    0x9e, 0xa3, 0x00, 0x00, 0x28, 0xeb, 0x50, 0x3d, 0x71, 0x00, 0x00, 0x00, 0x00, 0x16, 0xc3, 0x00,
    0x7f, 0xff, 0xff, 0xff, 0xff, 0xf8, 0x00, 0x00, 0x7a, 0x13, 0xe1, 0x1d, 0x41, 0xa8, 0x00, 0x00,
    0x7a, 0x02, 0xe0, 0x0d, 0x30, 0x98, 0x00, 0x00, 0x7a, 0x02, 0xe0, 0x0d, 0x30, 0x98, 0x00, 0x00,
    0x7a, 0x02, 0xe0, 0x0d, 0x30, 0x98, 0x00, 0xbf, 0xff, 0xff, 0xff, 0xff, 0xff, 0xff, 0xfa, 0x11,
    0x11, 0x11, 0x11, 0x11, 0x11, 0x11, 0x11, 0x00, 0x00, 0x00, 0x0b, 0x80, 0x00, 0x00, 0x00, 0x6f,
    0xff, 0xff, 0xff, 0xff, 0xff, 0xff, 0xf7, 0x11, 0x11, 0x11, 0x1c, 0x81, 0x11, 0x11, 0x11, 0x00,
    0x9f, 0xff, 0xff, 0xff, 0xff, 0xf8, 0x00, 0x00, 0x9a, 0x00, 0x00, 0x00, 0x00, 0xb8, 0x00, 0x00,
    0x99, 0x00, 0x00, 0x00, 0x00, 0xb8, 0x00, 0x00, 0x9f, 0xff, 0xff, 0xff, 0xff, 0xf8, 0x00, 0x00,
    0x99, 0x00, 0x00, 0x00, 0x00, 0xb8, 0x00, 0x00, 0x9f, 0xff, 0xff, 0xff, 0xff, 0xf8, 0x00, 0x00,
    0x99, 0x00, 0x00, 0x00, 0x00, 0xb8, 0x00, 0x00, 0x9f, 0xff, 0xff, 0xff, 0xff, 0xf8, 0x00, 0x00,
    0x99, 0x00, 0x00, 0x00, 0x00, 0xb8, 0x00, 0x11, 0x9a, 0x11, 0x11, 0x11, 0x11, 0xb8, 0x11, 0xbf,
    0xff, 0xff, 0xff, 0xff, 0xff, 0xff, 0xfb, 0x00, 0x11, 0x23, 0x45, 0x67, 0x8a, 0xcd, 0x70, 0x0a,
    0xfe, 0xdc, 0xcf, 0xa8, 0x65, 0x42, 0x10, 0x00, 0x00, 0x00, 0x6d, 0x00, 0x00, 0x00, 0x00, 0x08,
    0xff, 0xff, 0xff, 0xff, 0xff, 0xff, 0x80, 0x00, 0x00, 0x06, 0xd1, 0x00, 0x00, 0x00, 0x00, 0x8f,
    0xff, 0xff, 0xff, 0xff, 0xff, 0xff, 0xfa, 0x00, 0x01, 0xc8, 0x00, 0x00, 0x00, 0x00, 0x00, 0x00,
    0x0b, 0xff, 0xff, 0xff, 0xff, 0xfb, 0x00, 0x01, 0xae, 0xc0, 0x00, 0x00, 0x00, 0x6b, 0x00, 0x2c,
    0xb6, 0xff, 0xff, 0xff, 0xff, 0xfb, 0x00, 0x78, 0x05, 0xc0, 0x00, 0x00, 0x00, 0x6b, 0x00, 0x00,
    0x05, 0xff, 0xff, 0xff, 0xff, 0xfb, 0x00, 0x00, 0x05, 0xc0, 0x00, 0x00, 0x00, 0x6b, 0x00, 0x00,
    0x05, 0xff, 0xff, 0xff, 0xff, 0xfb, 0x00, 0x00, 0x05, 0xc0, 0x00, 0x00, 0x00, 0x6b, 0x00, 0x05,
    0xff, 0xff, 0xff, 0xff, 0xff, 0xff, 0x50, 0x01, 0x33, 0x33, 0x33, 0x33, 0x33, 0x33, 0x10, 0x00,
    0x00, 0x00, 0x00, 0x00, 0x00, 0x00, 0x00, 0x00, 0x00, 0x00, 0x00, 0x00, 0x00, 0x00, 0x00, 0xbf,
    0xff, 0xff, 0xff, 0xff, 0xff, 0xff, 0xfb, 0x23, 0x33, 0x33, 0x36, 0xf3, 0x33, 0x33, 0x32, 0x00,
    0x09, 0x70, 0x04, 0xf1, 0x09, 0x60, 0x00, 0x00, 0x3f, 0x50, 0x04, 0xf1, 0x06, 0xf3, 0x00, 0x00,
    0xca, 0x00, 0x04, 0xf1, 0x00, 0xac, 0x00, 0x07, 0xe2, 0x00, 0x04, 0xf1, 0x00, 0x1e, 0x80, 0x3f,
    0x60, 0x00, 0x04, 0xf1, 0x00, 0x05, 0xf4, 0x5a, 0x00, 0x00, 0x07, 0xf0, 0x00, 0x00, 0xa6, 0x00,
    0x00, 0x9f, 0xff, 0xb0, 0x00, 0x00, 0x00, 0x00, 0x00, 0x25, 0x54, 0x00, 0x00, 0x00, 0x00, 0x00,
    0xa4, 0x00, 0x00, 0x01, 0xf2, 0x00, 0x00, 0x00, 0xaa, 0x00, 0x00, 0x01, 0xf2, 0x00, 0x00, 0x00,
    0x5e, 0x10, 0x00, 0x01, 0xf2, 0x00, 0x00, 0x00, 0x1c, 0x20, 0x00, 0x01, 0xf2, 0x00, 0x00, 0x8f,
    0xff, 0xf8, 0x00, 0x01, 0xf2, 0x00, 0x00, 0x12, 0x25, 0xf4, 0xcf, 0xff, 0xff, 0xff, 0xf2, 0x00,
    0x2e, 0x80, 0x33, 0x34, 0xf5, 0x33, 0x30, 0x04, 0xec, 0x00, 0x00, 0x01, 0xf2, 0x00, 0x00, 0x7f,
    0xeb, 0xb7, 0x00, 0x01, 0xf2, 0x00, 0x00, 0x75, 0x8b, 0x3c, 0x20, 0x01, 0xf2, 0x00, 0x00, 0x00,
    0x8b, 0x00, 0x00, 0x01, 0xf2, 0x00, 0x00, 0x00, 0x8b, 0x00, 0x00, 0x01, 0xf2, 0x00, 0x00, 0x00,
    0x8b, 0x00, 0x00, 0x01, 0xf2, 0x00, 0x00, 0x00, 0x8b, 0x07, 0xff, 0xff, 0xff, 0xff, 0xf9, 0x00,
    0x8b, 0x02, 0x33, 0x33, 0x33, 0x33, 0x32, 0x00, 0x8b, 0x00, 0x00, 0x00, 0x00, 0x00, 0x00, 0x01,
    0xc3, 0x00, 0x00, 0x00, 0x00, 0x00, 0x00, 0x00, 0xab, 0x03, 0xff, 0xff, 0xff, 0xff, 0xf3, 0x00,
    0x3b, 0x10, 0x00, 0x00, 0x00, 0x00, 0x00, 0x00, 0x00, 0x00, 0x6f, 0xee, 0xee, 0xef, 0x30, 0x8f,
    0xff, 0xf7, 0x6b, 0x00, 0x00, 0x0e, 0x30, 0x12, 0x25, 0xf3, 0x04, 0xee, 0xee, 0xe1, 0x00, 0x00,
    0x2d, 0x80, 0x00, 0x00, 0x00, 0x00, 0x00, 0x03, 0xee, 0xd4, 0xff, 0xff, 0xff, 0xff, 0xf0, 0x7f,
    0xe8, 0x97, 0xf0, 0x03, 0xe0, 0x02, 0xf0, 0x75, 0x98, 0x02, 0xf0, 0x03, 0xe0, 0x02, 0xf0, 0x00,
    0x98, 0x02, 0xff, 0xff, 0xff, 0xff, 0xf0, 0x00, 0x98, 0x02, 0xf0, 0x03, 0xe0, 0x02, 0xf0, 0x00,
    0x98, 0x02, 0xf0, 0x03, 0xe0, 0x02, 0xf0, 0x00, 0x98, 0x02, 0xff, 0xff, 0xff, 0xff, 0xf0, 0x00,
    0x98, 0x02, 0xf0, 0x00, 0x00, 0x02, 0xf0, 0x00, 0x00, 0x00, 0x2c, 0x20, 0x00, 0x00, 0x00, 0x00,
    0x00, 0x00, 0x0d, 0x90, 0x00, 0x00, 0x00, 0x8f, 0xff, 0xff, 0xff, 0xff, 0xff, 0xff, 0xf8, 0x01,
    0x11, 0xb8, 0x21, 0x12, 0x98, 0x11, 0x10, 0x00, 0xe3, 0x4b, 0xe7, 0x5d, 0xb3, 0x3e, 0x00, 0x00,
    0xe3, 0x04, 0xaf, 0xee, 0x50, 0x3e, 0x00, 0x00, 0xe4, 0xca, 0x61, 0x04, 0xaa, 0x3e, 0x00, 0x00,
    0xe3, 0x00, 0x00, 0x00, 0x00, 0x3e, 0x00, 0x00, 0xef, 0xff, 0xff, 0xff, 0xff, 0xfe, 0x00, 0x00,
    0x00, 0x00, 0x2e, 0x50, 0x00, 0x00, 0x00, 0x08, 0xff, 0xff, 0xff, 0xff, 0xff, 0xff, 0x80, 0x08,
    0xa0, 0x05, 0xe2, 0x1b, 0x20, 0x0a, 0x80, 0x08, 0xa0, 0x5e, 0x51, 0x19, 0xb0, 0x0a, 0x80, 0x08,
    0xa0, 0x8f, 0xff, 0xed, 0xd6, 0x0a, 0x80, 0x08, 0xa0, 0x00, 0x00, 0x00, 0x2a, 0x0c, 0x70, 0x08,
    0xa0, 0x00, 0x00, 0x00, 0x0c, 0xff, 0x30, 0x00, 0x00, 0x00, 0x00, 0x00, 0x01, 0x21, 0x00, 0x00,
    0x2e, 0x30, 0x00, 0x04, 0xd1, 0x00, 0x00, 0x00, 0xcf, 0xff, 0xff, 0x4d, 0xff, 0xff, 0xf8, 0x1b,
    0x90, 0x78, 0x00, 0xb9, 0x1c, 0x30, 0x00, 0x78, 0x44, 0x2c, 0x23, 0xb1, 0x05, 0x90, 0x00, 0x00,
    0x3e, 0x34, 0xff, 0xff, 0xff, 0xff, 0xb0, 0x00, 0x06, 0x70, 0x00, 0x00, 0x00, 0x07, 0xb0, 0x09,
    0x90, 0x4f, 0xee, 0xee, 0xf5, 0x07, 0xb0, 0x09, 0x90, 0x4c, 0x00, 0x00, 0xc5, 0x07, 0xb0, 0x09,
    0x90, 0x4c, 0x00, 0x00, 0xc5, 0x07, 0xb0, 0x09, 0x90, 0x4f, 0xee, 0xee, 0xf5, 0x07, 0xb0, 0x09,
    0x90, 0x4c, 0x00, 0x00, 0xc5, 0x07, 0xb0, 0x09, 0x90, 0x4c, 0x00, 0x00, 0xc5, 0x07, 0xb0, 0x09,
    0x90, 0x4f, 0xee, 0xee, 0xe4, 0x07, 0xb0, 0x09, 0x90, 0x00, 0x00, 0x00, 0x00, 0x09, 0xa0, 0x09,
    0x90, 0x00, 0x00, 0x00, 0x5e, 0xef, 0x40, 0x00, 0x00, 0x00, 0x00, 0x00, 0x13, 0x31, 0x00, 0x00,
    0x00, 0x00, 0x08, 0xa0, 0x00, 0x00, 0x00, 0x01, 0xc3, 0x00, 0x08, 0xa0, 0x00, 0x3b, 0x20, 0x00,
    0x9e, 0x30, 0x08, 0xa0, 0x02, 0xeb, 0x00, 0x00, 0x0a, 0xe3, 0x08, 0xa0, 0x2d, 0xb1, 0x00, 0x00,
    0x00, 0xa5, 0x08, 0xa0, 0x4b, 0x10, 0x00, 0x00, 0x00, 0x00, 0x08, 0xa0, 0x00, 0x00, 0x00, 0x9f,
    0xff, 0xff, 0xff, 0xff, 0xff, 0xff, 0xf9, 0x23, 0x33, 0x33, 0xed, 0xde, 0x43, 0x33, 0x32, 0x00,
    0x00, 0x0a, 0xb8, 0xa8, 0xb0, 0x00, 0x00, 0x00, 0x00, 0xac, 0x18, 0xa0, 0xbb, 0x10, 0x00, 0x00,
    0x2c, 0xc1, 0x08, 0xa0, 0x1b, 0xc3, 0x00, 0x18, 0xe8, 0x00, 0x08, 0xa0, 0x00, 0x8e, 0x81, 0x6b,
    0x30, 0x00, 0x08, 0xa0, 0x00, 0x03, 0xb6, 0x00, 0x00, 0x00, 0x08, 0xa0, 0x00, 0x00, 0x00, 0x00,
    0x00, 0x00, 0x08, 0xa0, 0x00, 0x00, 0x00, 0x00, 0x11, 0x23, 0x45, 0x67, 0x89, 0xac, 0x60, 0x0b,
    0xff, 0xed, 0xdf, 0xba, 0x87, 0x65, 0x20, 0x01, 0x10, 0x04, 0xd9, 0x10, 0x00, 0x00, 0x00, 0x00,
    0x02, 0xa9, 0x20, 0x00, 0x00, 0x00, 0x00, 0x02, 0xaf, 0xbb, 0xcd, 0xef, 0xff, 0xe3, 0x00, 0x02,
    0xda, 0x86, 0x8d, 0xff, 0xfa, 0x40, 0x00, 0x00, 0x00, 0x5c, 0xff, 0xb6, 0x10, 0x00, 0x00, 0x03,
    0x9e, 0xeb, 0x73, 0x23, 0x6d, 0x50, 0x00, 0x04, 0xff, 0xff, 0xff, 0xfd, 0xcb, 0xbc, 0x50, 0x00,
    0x12, 0x21, 0x06, 0xc0, 0x00, 0x03, 0xb1, 0x00, 0x06, 0xb1, 0x06, 0xc0, 0x5b, 0x10, 0x00, 0x00,
    0x8e, 0x50, 0x06, 0xc0, 0x08, 0xe4, 0x00, 0x1b, 0xc2, 0x00, 0x09, 0xc0, 0x00, 0x5e, 0x70, 0x79,
    0x10, 0x3f, 0xff, 0x60, 0x00, 0x03, 0xc2, 0x00, 0x00, 0x02, 0x21, 0x00, 0x00, 0x00, 0x00, 0x00,
    0x00, 0x98, 0x00, 0x00, 0x00, 0x00, 0x00, 0x09, 0x80, 0x98, 0x5f, 0xff, 0xff, 0xff, 0x20, 0x09,
    0x80, 0x98, 0x04, 0xd2, 0x02, 0xb9, 0x00, 0x09, 0x80, 0x98, 0x00, 0x5e, 0x9e, 0x60, 0x00, 0x09,
    0x80, 0x98, 0x26, 0xae, 0xde, 0x84, 0x20, 0x00, 0x00, 0x98, 0x6d, 0x40, 0x08, 0xad, 0xf4, 0x00,
    0x15, 0x88, 0x62, 0x23, 0xac, 0x30, 0x10, 0x00, 0x4e, 0xed, 0xdd, 0xfc, 0x50, 0x00, 0x00, 0x00,
    0x00, 0x04, 0xaa, 0x40, 0x0a, 0x70, 0x00, 0x00, 0x27, 0xcb, 0x77, 0x9c, 0xed, 0xbc, 0x30, 0x01,
    0xde, 0xdb, 0x98, 0xf2, 0x00, 0x06, 0x90, 0x00, 0x04, 0xc4, 0x03, 0xf0, 0x6b, 0x50, 0x00, 0x05,
    0xbd, 0x60, 0x05, 0xf0, 0x17, 0xed, 0x60, 0x1c, 0x60, 0x0d, 0xff, 0x90, 0x00, 0x17, 0xb0, 0x00,
    0x00, 0x03, 0x31, 0x00, 0x00, 0x00, 0x00, 0x00, 0x0a, 0x60, 0x00, 0x8a, 0x00, 0x00, 0x00, 0x00,
    0x3f, 0x20, 0x00, 0xe8, 0x00, 0x00, 0x00, 0x00, 0xaa, 0x00, 0x05, 0xf3, 0x00, 0x00, 0x00, 0x03,
    0xf2, 0x1c, 0x2b, 0xff, 0xff, 0xff, 0xf2, 0x0b, 0x90, 0x7c, 0x4f, 0x63, 0x33, 0x35, 0xf1, 0x5e,
    0x11, 0xd3, 0xcb, 0x00, 0x00, 0x04, 0xf1, 0x8f, 0xff, 0x92, 0xc2, 0x00, 0x00, 0x04, 0xf0, 0x11,
    0x3d, 0x10, 0x00, 0xb4, 0x00, 0x04, 0xf0, 0x01, 0xd5, 0x00, 0x10, 0x7e, 0x30, 0x05, 0xe0, 0x1c,
    0xc7, 0xbe, 0x40, 0x0b, 0xd1, 0x05, 0xe0, 0x1e, 0xb8, 0x41, 0x00, 0x02, 0xc3, 0x06, 0xd0, 0x00,
    0x00, 0x00, 0x10, 0x00, 0x00, 0x07, 0xd0, 0x00, 0x03, 0x8d, 0x90, 0x00, 0x00, 0x08, 0xc0, 0x39,
    0xde, 0x94, 0x00, 0x14, 0x20, 0x2c, 0x90, 0x8a, 0x40, 0x00, 0x00, 0x2f, 0xff, 0xfc, 0x20, 0x00,
    0x00, 0x00, 0x00, 0x01, 0x22, 0x10, 0x00, 0x00, 0x2d, 0x20, 0x00, 0x08, 0xf1, 0x00, 0x00, 0x00,
    0x8b, 0x00, 0x00, 0x4f, 0xd9, 0x00, 0x00, 0x01, 0xe3, 0x00, 0x02, 0xe7, 0x2e, 0x70, 0x00, 0x09,
    0x80, 0xa6, 0x3e, 0x90, 0x03, 0xe7, 0x00, 0x4d, 0x15, 0xf8, 0xe9, 0x00, 0x00, 0x3d, 0xa1, 0xaf,
    0xef, 0x9a, 0x9f, 0xff, 0xff, 0xfc, 0xa7, 0x00, 0x8d, 0x10, 0x01, 0x11, 0x11, 0x11, 0x00, 0x03,
    0xf5, 0x00, 0x00, 0x00, 0x00, 0x00, 0x00, 0x2d, 0xa0, 0x00, 0xaf, 0xff, 0xff, 0xff, 0x40, 0x5f,
    0xdd, 0xe4, 0xa9, 0x11, 0x11, 0x1e, 0x40, 0x00, 0x00, 0x00, 0xa8, 0x00, 0x00, 0x0e, 0x40, 0x00,
    0x00, 0x11, 0xa8, 0x00, 0x00, 0x0e, 0x40, 0x26, 0x9c, 0xf7, 0xa8, 0x00, 0x00, 0x0e, 0x40, 0x7c,
    0x85, 0x10, 0xaf, 0xff, 0xff, 0xff, 0x40, 0x00, 0x00, 0x00, 0xa9, 0x11, 0x11, 0x1e, 0x40, 0x06,
    0xed, 0xde, 0xed, 0xde, 0xed, 0xde, 0x60, 0x06, 0xa0, 0x07, 0x80, 0x09, 0x70, 0x0a, 0x60, 0x06,
    0xed, 0xdd, 0xdd, 0xdd, 0xdd, 0xde, 0x60, 0x00, 0x00, 0x00, 0x0a, 0x70, 0x00, 0x00, 0x00, 0x5d,
    0xdd, 0xdd, 0xde, 0xed, 0xdd, 0xdd, 0xd5, 0x00, 0x00, 0x00, 0x0a, 0x70, 0x00, 0x00, 0x00, 0x00,
    0x7f, 0xff, 0xff, 0xff, 0xff, 0xf9, 0x00, 0x00, 0x7a, 0x00, 0x00, 0x00, 0x00, 0x89, 0x00, 0x00,
    0x7e, 0xcc, 0xcc, 0xcc, 0xcc, 0xe9, 0x00, 0x00, 0x7a, 0x00, 0x00, 0x00, 0x00, 0x89, 0x00, 0x00,
    0x7e, 0xcc, 0xcc, 0xcc, 0xcc, 0xe9, 0x00, 0x00, 0x7a, 0x00, 0x00, 0x00, 0x00, 0x89, 0x00, 0xae,
    0xef, 0xee, 0xee, 0xee, 0xee, 0xee, 0xea, 0x00, 0x00, 0x00, 0xc6, 0x00, 0x00, 0x00, 0x00, 0x00,
    0x00, 0x00, 0xc6, 0x00, 0x00, 0x00, 0x00, 0x00, 0xcf, 0xff, 0xff, 0xff, 0xf5, 0x2c, 0x40, 0x00,
    0x12, 0x22, 0xd7, 0x22, 0x24, 0xeb, 0x10, 0x00, 0x00, 0x00, 0xc6, 0x01, 0x9e, 0x60, 0x00, 0x7f,
    0xff, 0xff, 0xff, 0xff, 0xff, 0xff, 0xf8, 0x12, 0x22, 0x22, 0x3b, 0xf9, 0x22, 0x22, 0x21, 0x00,
    0x00, 0x06, 0xed, 0x40, 0x00, 0x00, 0x00, 0x00, 0x06, 0xde, 0x60, 0x00, 0x18, 0x90, 0x00, 0x17,
    0xdd, 0xd8, 0x00, 0x18, 0xec, 0x50, 0x00, 0x7b, 0x50, 0xb8, 0x5a, 0xfb, 0x40, 0x0a, 0x20, 0x00,
    0x00, 0xbf, 0xd7, 0x20, 0x00, 0x2f, 0x30, 0x00, 0x00, 0xaa, 0x00, 0x00, 0x00, 0x7f, 0x10, 0x00,
    0x00, 0x6f, 0xff, 0xff, 0xff, 0xf7, 0x00, 0x00, 0x00, 0x01, 0x22, 0x22, 0x22, 0x10, 0x00, 0x00,
    0x00, 0x00, 0x03, 0xb0, 0x00, 0x3b, 0x10, 0x9f, 0xff, 0xff, 0xf2, 0xc9, 0x00, 0xab, 0x00, 0x1a,
    0x91, 0x4e, 0x10, 0x3b, 0x12, 0xf3, 0x00, 0x09, 0x80, 0x3e, 0x00, 0x00, 0x09, 0xa0, 0x00, 0x09,
    0xff, 0xfe, 0x1f, 0xff, 0xff, 0xff, 0xf0, 0x09, 0x81, 0x4e, 0x02, 0x22, 0xd7, 0x22, 0x20, 0x09,
    0x80, 0x3e, 0x00, 0x00, 0xd5, 0x00, 0x00, 0x09, 0x80, 0x3e, 0x8f, 0xff, 0xff, 0xff, 0xf8, 0x09,
    0xff, 0xfe, 0x12, 0x23, 0xfb, 0x22, 0x21, 0x09, 0x81, 0x4e, 0x00, 0x05, 0xde, 0x10, 0x00, 0x09,
    0x80, 0x3e, 0x00, 0x0a, 0x7a, 0x70, 0x00, 0x3b, 0xc9, 0xbf, 0xe6, 0x3e, 0x12, 0xe2, 0x00, 0x9d,
    0xb9, 0x9f, 0x32, 0xd7, 0x00, 0x8d, 0x10, 0x00, 0x00, 0x3e, 0x2c, 0xa0, 0x00, 0x0b, 0xd3, 0x00,
    0x00, 0x3e, 0x69, 0x00, 0x00, 0x01, 0xa5, 0x00, 0x0c, 0x30, 0x00, 0x04, 0xa0, 0x00, 0x00, 0x00,
    0x0e, 0x10, 0x00, 0x01, 0xf3, 0x00, 0x00, 0x0b, 0xff, 0xff, 0x30, 0x00, 0x95, 0x00, 0x00, 0x0b,
    0x61, 0x1d, 0x7f, 0xff, 0xff, 0xff, 0xf4, 0x0b, 0x6c, 0x1d, 0x42, 0x22, 0x22, 0x22, 0x21, 0x0b,
    0x59, 0x6d, 0x30, 0x00, 0x00, 0x00, 0x00, 0x0b, 0x50, 0x0d, 0x30, 0xcf, 0xff, 0xf2, 0x00, 0xaf,
    0xff, 0xff, 0x30, 0xc6, 0x22, 0xf2, 0x00, 0x1b, 0x61, 0x1d, 0x30, 0xc5, 0x00, 0xf2, 0x00, 0x0b,
    0x6c, 0x0d, 0x30, 0xd4, 0x00, 0xf2, 0x00, 0x0c, 0x4c, 0x5d, 0x30, 0xe3, 0x00, 0xf2, 0x67, 0x0d,
    0x36, 0x7d, 0x32, 0xf1, 0x00, 0xf2, 0x7b, 0x1f, 0x10, 0x0d, 0x37, 0xc0, 0x00, 0xf2, 0x8a, 0x6b,
    0x01, 0x1e, 0x4e, 0x60, 0x00, 0xf3, 0xb9, 0x84, 0x0c, 0xfc, 0x4a, 0x00, 0x00, 0xcf, 0xf4, 0x00,
    0x00, 0x00, 0x00, 0x00, 0x00, 0x13, 0x20, 0x00, 0x02, 0xc2, 0x00, 0x00, 0x00, 0x00, 0x00, 0x00,
    0x1d, 0xb0, 0x3f, 0xff, 0xff, 0xff, 0xe0, 0x01, 0xbc, 0x10, 0x03, 0x33, 0x33, 0x33, 0x20, 0x2d,
    0xb1, 0x00, 0x00, 0x00, 0x00, 0x00, 0x00, 0x68, 0x00, 0x96, 0x00, 0x00, 0x00, 0x00, 0x00, 0x00,
    0x03, 0xf3, 0x00, 0x00, 0x00, 0x00, 0x00, 0x00, 0x1d, 0x91, 0xff, 0xff, 0xff, 0xff, 0xfc, 0x00,
    0x9f, 0x10, 0x33, 0x33, 0x3a, 0xc3, 0x32, 0x07, 0xff, 0x10, 0x00, 0x00, 0x08, 0xc0, 0x00, 0x7f,
    0x8f, 0x10, 0x00, 0x00, 0x08, 0xc0, 0x00, 0x65, 0x4f, 0x10, 0x00, 0x00, 0x08, 0xc0, 0x00, 0x00,
    0x4f, 0x10, 0x00, 0x00, 0x08, 0xc0, 0x00, 0x00, 0x4f, 0x10, 0x00, 0x00, 0x09, 0xc0, 0x00, 0x00,
    0x4f, 0x10, 0x00, 0x65, 0x5d, 0xb0, 0x00, 0x00, 0x4f, 0x10, 0x00, 0xef, 0xfd, 0x40, 0x00, 0x00,
    0x00, 0x00, 0x00, 0x00, 0x00, 0x00, 0x00, 0x00, 0x00, 0x00, 0x1c, 0x40, 0x00, 0x00, 0x00, 0x00,
    0x00, 0x00, 0x09, 0xc0, 0x00, 0x00, 0x00, 0x9f, 0xff, 0xff, 0xff, 0xff, 0xff, 0xff, 0xf9, 0x12,
    0x22, 0x22, 0x22, 0x22, 0x22, 0x22, 0x21, 0x00, 0xff, 0xff, 0xff, 0xff, 0xff, 0xff, 0x20, 0x00,
    0x22, 0x22, 0x22, 0x22, 0x22, 0x22, 0x00, 0x00, 0xff, 0xff, 0xff, 0xff, 0xff, 0xff, 0x20, 0x00,
    0x22, 0x22, 0x22, 0x22, 0x22, 0x22, 0x00, 0x00, 0xbf, 0xff, 0xff, 0xff, 0xff, 0xfb, 0x00, 0x00,
    0xb9, 0x22, 0x22, 0x22, 0x22, 0x9b, 0x00, 0x00, 0xb8, 0x00, 0x00, 0x00, 0x00, 0x8b, 0x00, 0x00,
    0xb8, 0x00, 0x00, 0x00, 0x00, 0x8b, 0x00, 0x00, 0xbf, 0xff, 0xff, 0xff, 0xff, 0xfb, 0x00, 0x00,
    0xb9, 0x22, 0x22, 0x22, 0x22, 0x9b, 0x00, 0x02, 0xc2, 0x00, 0x0f, 0xff, 0xff, 0xf5, 0x00, 0x01,
    0xbe, 0x30, 0x0f, 0x52, 0x22, 0xd5, 0x00, 0x00, 0x1b, 0x50, 0x5f, 0x10, 0x00, 0xd5, 0x00, 0x00,
    0x00, 0x06, 0xe8, 0x00, 0x00, 0xd9, 0x22, 0xaf, 0xf8, 0x1b, 0x70, 0x00, 0x00, 0x7f, 0xfb, 0x12,
    0xb8, 0x00, 0x00, 0x00, 0x00, 0x00, 0x00, 0x00, 0xa8, 0x06, 0xff, 0xff, 0xff, 0xff, 0x10, 0x00,
    0xa8, 0x00, 0x6d, 0x11, 0x11, 0x9d, 0x00, 0x00, 0xa8, 0x00, 0x0d, 0x70, 0x03, 0xf4, 0x00, 0x00,
    0xa8, 0x00, 0x04, 0xe5, 0x3e, 0x80, 0x00, 0x00, 0xa8, 0x68, 0x00, 0x5f, 0xe9, 0x00, 0x00, 0x01,
    0xdf, 0xe6, 0x05, 0xce, 0xec, 0x40, 0x00, 0x00, 0xb8, 0x59, 0xee, 0x81, 0x19, 0xfd, 0x94, 0x00,
    0x00, 0xab, 0x61, 0x00, 0x00, 0x27, 0xd4, 0x0a, 0x40, 0x00, 0x00, 0x00, 0x00, 0x00, 0x00, 0x09,
    0xe2, 0x1f, 0xff, 0xff, 0xff, 0xff, 0xf1, 0x00, 0xcc, 0x11, 0x13, 0xf2, 0x11, 0x11, 0x10, 0x00,
    0x2b, 0x10, 0x04, 0xe0, 0x00, 0x00, 0x00, 0x00, 0x00, 0x0b, 0xff, 0xff, 0xff, 0xfc, 0x00, 0x00,
    0x00, 0x01, 0x19, 0xa1, 0x11, 0x7c, 0x00, 0xbf, 0xf3, 0x00, 0x0b, 0x70, 0x00, 0x6c, 0x00, 0x12,
    0xf3, 0x7f, 0xff, 0xff, 0xff, 0xff, 0xfb, 0x00, 0xf3, 0x11, 0x11, 0x11, 0x11, 0x11, 0x11, 0x00,
    0xf3, 0x00, 0x00, 0x00, 0x00, 0x00, 0x00, 0x00, 0xf3, 0x01, 0xff, 0xff, 0xff, 0xff, 0x40, 0x00,
    0xf3, 0x01, 0xf3, 0x11, 0x11, 0x1d, 0x40, 0x00, 0xf3, 0x75, 0xf2, 0x00, 0x00, 0x0d, 0x40, 0x02,
    0xfd, 0xc3, 0xff, 0xff, 0xff, 0xff, 0x40, 0x04, 0xc5, 0x01, 0xf3, 0x11, 0x11, 0x1d, 0x40, 0x00,
    0x00, 0x00, 0x00, 0x0a, 0x60, 0x00, 0x00, 0x0f, 0xff, 0xff, 0xf0, 0x1f, 0x30, 0x00, 0x00, 0x0f,
    0x42, 0x24, 0xf0, 0x6e, 0x00, 0x00, 0x00, 0x0f, 0x28, 0x82, 0xf0, 0xbf, 0xff, 0xff, 0xf8, 0x0f,
    0x28, 0x82, 0xf3, 0xfa, 0x22, 0x5f, 0x21, 0x0f, 0x28, 0x82, 0xfa, 0xdb, 0x00, 0x5d, 0x00, 0x0f,
    0x28, 0x82, 0xf8, 0x4d, 0x00, 0x7b, 0x00, 0x0f, 0x29, 0x82, 0xf0, 0x0f, 0x10, 0xa8, 0x00, 0x0f,
    0x29, 0x72, 0xf0, 0x0b, 0x50, 0xe5, 0x00, 0x0f, 0x2b, 0x52, 0xf0, 0x07, 0xb5, 0xe0, 0x00, 0x00,
    0x0e, 0xd4, 0x00, 0x01, 0xed, 0x70, 0x00, 0x00, 0x4d, 0x5e, 0x30, 0x00, 0xcf, 0x20, 0x00, 0x01,
    0xc5, 0x0a, 0xe1, 0x1b, 0xda, 0xd3, 0x00, 0x1b, 0xa0, 0x01, 0x96, 0xea, 0x10, 0x9f, 0x92, 0x6a,
    0x00, 0x00, 0x5c, 0x40, 0x00, 0x04, 0xc6, 0x0b, 0x81, 0x00, 0x4b, 0x00, 0x00, 0x00, 0x00, 0x01,
    0x8b, 0x00, 0xbf, 0xff, 0xff, 0xff, 0xf0, 0x00, 0x00, 0x07, 0xc1, 0x07, 0xb0, 0x09, 0xb0, 0x00,
    0x05, 0xa9, 0x20, 0x1d, 0xe1, 0x0c, 0x30, 0x00, 0x7e, 0x40, 0x01, 0xbb, 0x8d, 0x30, 0x00, 0x1b,
    0xc2, 0x01, 0x7d, 0x91, 0x06, 0xe9, 0x40, 0x6a, 0x10, 0x2d, 0x92, 0x00, 0x00, 0x18, 0xd4, 0x00,
    0x7f, 0xff, 0xff, 0xff, 0xff, 0xf6, 0x00, 0x00, 0x7c, 0x11, 0x11, 0x11, 0x11, 0xc6, 0x00, 0x00,
    0x7c, 0x00, 0x09, 0x90, 0x00, 0xc6, 0x00, 0x00, 0x7c, 0x00, 0x0a, 0x80, 0x00, 0xc6, 0x00, 0x00,
    0x7c, 0x00, 0x0d, 0x91, 0x00, 0xc6, 0x00, 0x00, 0x00, 0x01, 0x9e, 0xce, 0xa4, 0x00, 0x00, 0x01,
    0x36, 0xae, 0xd3, 0x03, 0x8d, 0xe8, 0x20, 0x2f, 0xfd, 0x94, 0x00, 0x00, 0x00, 0x49, 0xc0, 0x02,
    0x10, 0x00, 0x00, 0x00, 0x00, 0x00, 0x00, 0x0a, 0xee, 0xef, 0x28, 0xff, 0xff, 0xff, 0xf8, 0x0a,
    0x50, 0x0e, 0x28, 0xb2, 0x22, 0x22, 0x21, 0x0a, 0x50, 0x0e, 0x28, 0xa0, 0x00, 0x00, 0x00, 0x0a,
    0x50, 0x0e, 0x28, 0xa0, 0x00, 0x00, 0x00, 0x0a, 0xee, 0xfe, 0x18, 0xff, 0xff, 0xff, 0xc0, 0x09,
    0x56, 0xa0, 0x08, 0xa1, 0x11, 0x17, 0xc0, 0x01, 0x06, 0xa0, 0x08, 0xa0, 0x00, 0x06, 0xc0, 0x0e,
    0x16, 0xff, 0x78, 0xa0, 0x00, 0x06, 0xc0, 0x0e, 0x16, 0xa0, 0x08, 0xff, 0xff, 0xff, 0xc0, 0x0e,
    0x16, 0xa0, 0x08, 0xa1, 0x11, 0x17, 0xc0, 0x0e, 0x16, 0xa0, 0x08, 0xa0, 0x00, 0x00, 0x00, 0x3e,
    0x8b, 0xed, 0x98, 0xa0, 0x00, 0x00, 0x00, 0x9d, 0xb8, 0x64, 0x28, 0xff, 0xff, 0xff, 0xfb, 0x00,
    0x00, 0x00, 0x01, 0x22, 0x22, 0x22, 0x21, 0x00, 0x00, 0x00, 0x00, 0x0c, 0x30, 0x00, 0x00, 0x0d,
    0xff, 0xff, 0x40, 0x6e, 0x10, 0x00, 0x00, 0x0d, 0x51, 0x1d, 0x40, 0xdf, 0xff, 0xff, 0xb0, 0x0d,
    0x40, 0x0d, 0x46, 0xf6, 0x11, 0x2e, 0x60, 0x0d, 0x40, 0x0d, 0x6e, 0x9e, 0x21, 0xba, 0x00, 0x0d,
    0xff, 0xff, 0x98, 0x08, 0xdc, 0xa0, 0x00, 0x0d, 0x58, 0xa1, 0x00, 0x05, 0xff, 0x81, 0x00, 0x01,
    0x07, 0x90, 0x05, 0xbd, 0x54, 0xce, 0xa5, 0x0b, 0x37, 0xff, 0x9c, 0x50, 0x00, 0x05, 0xb7, 0x0c,
    0x47, 0xa1, 0x06, 0xff, 0xff, 0xff, 0x60, 0x0c, 0x47, 0x90, 0x06, 0xc1, 0x11, 0x1c, 0x60, 0x0c,
    0x47, 0x91, 0x26, 0xc0, 0x00, 0x0c, 0x60, 0x3d, 0xac, 0xff, 0x96, 0xc0, 0x00, 0x0c, 0x60, 0x8c,
    0xa7, 0x41, 0x06, 0xff, 0xff, 0xff, 0x60, 0x00, 0x00, 0x00, 0x06, 0xc1, 0x11, 0x1c, 0x60, 0x00,
    0x00, 0xc5, 0x00, 0x0a, 0x82, 0xd8, 0x10, 0x1f, 0xff, 0xff, 0xff, 0x6a, 0x80, 0x3b, 0x70, 0x00,
    0x00, 0xc5, 0x00, 0x09, 0x90, 0x00, 0x00, 0xaf, 0xff, 0xff, 0xff, 0xff, 0xff, 0xff, 0xfc, 0x01,
    0x17, 0xb1, 0x11, 0x17, 0xb1, 0x11, 0x11, 0x00, 0x0c, 0x80, 0x00, 0x06, 0xc0, 0x0a, 0x40, 0x5f,
    0xff, 0xff, 0xff, 0xc4, 0xd0, 0x2f, 0x20, 0x00, 0xd6, 0x5c, 0x00, 0x02, 0xf1, 0x9a, 0x00, 0x07,
    0xc0, 0x5c, 0x00, 0x00, 0xe6, 0xf3, 0x00, 0x0c, 0xff, 0xff, 0xff, 0xb0, 0xce, 0x90, 0x00, 0x00,
    0x00, 0x5c, 0x00, 0x00, 0x9e, 0x10, 0x00, 0x01, 0x35, 0x9e, 0xac, 0xb3, 0xef, 0x30, 0x68, 0x5f,
    0xdb, 0xbd, 0x42, 0x2d, 0x8a, 0xa0, 0x99, 0x00, 0x00, 0x5c, 0x02, 0xda, 0x02, 0xf9, 0xe6, 0x00,
    0x00, 0x5c, 0x06, 0xa0, 0x00, 0x4d, 0xc1, 0x07, 0x70, 0x00, 0x12, 0x23, 0x47, 0x9c, 0xe1, 0x05,
    0xf3, 0x02, 0xff, 0xfe, 0xcb, 0x97, 0x51, 0x00, 0xac, 0x02, 0xf2, 0x00, 0x00, 0x00, 0x00, 0x00,
    0x2b, 0x12, 0xf1, 0x00, 0x00, 0x00, 0x00, 0x00, 0x00, 0x02, 0xff, 0xff, 0xff, 0xff, 0x90, 0xaf,
    0xf6, 0x02, 0xf2, 0x11, 0x11, 0x2d, 0x70, 0x22, 0xd6, 0x03, 0xe5, 0xa1, 0x00, 0x5e, 0x10, 0x00,
    0xc6, 0x04, 0xd1, 0xcc, 0x21, 0xd8, 0x00, 0x00, 0xc6, 0x07, 0xb0, 0x0a, 0xec, 0xc0, 0x00, 0x00,
    0xc6, 0x0a, 0x70, 0x01, 0xdf, 0x80, 0x00, 0x00, 0xc6, 0x1f, 0x20, 0x4e, 0xc7, 0xf8, 0x00, 0x00,
    0xd6, 0xab, 0x3b, 0xf8, 0x00, 0x5f, 0xa0, 0x09, 0xfa, 0x83, 0x8a, 0x20, 0x00, 0x04, 0xb0, 0x8e,
    0x3c, 0xb5, 0x32, 0x22, 0x22, 0x23, 0x32, 0x64, 0x01, 0x8d, 0xef, 0xff, 0xff, 0xff, 0xf7, 0x00,
    0x00, 0x00, 0x00, 0x00, 0x00, 0x00, 0x00, 0x0b, 0x40, 0x00, 0x68, 0x00, 0x00, 0xa7, 0x00, 0x08,
    0xe2, 0x00, 0x3f, 0x60, 0x05, 0xf4, 0x00, 0x00, 0xcc, 0x00, 0x07, 0x80, 0x3e, 0x50, 0x00, 0x00,
    0x28, 0x0e, 0xff, 0xff, 0xff, 0xff, 0xf1, 0x00, 0x00, 0x01, 0x11, 0x1c, 0x71, 0x11, 0x10, 0x9f,
    0xf6, 0x00, 0x00, 0x0c, 0x60, 0x00, 0x00, 0x12, 0xd6, 0x00, 0x00, 0x0c, 0x60, 0x00, 0x00, 0x00,
    0xd6, 0x7f, 0xff, 0xff, 0xff, 0xff, 0xf7, 0x00, 0xd6, 0x11, 0x11, 0x2f, 0x51, 0x11, 0x11, 0x00,
    0xd6, 0x00, 0x00, 0x7f, 0xd4, 0x00, 0x00, 0x00, 0xd6, 0x00, 0x04, 0xf6, 0x6e, 0x80, 0x00, 0x00,
    0xd6, 0x02, 0x9e, 0x60, 0x02, 0xcc, 0x30, 0x04, 0xcd, 0x1c, 0x92, 0x00, 0x00, 0x08, 0x90, 0x5d,
    0x1a, 0xc4, 0x10, 0x00, 0x00, 0x00, 0x00, 0x64, 0x00, 0x8e, 0xff, 0xff, 0xff, 0xff, 0xf8, 0x00,
    0x00, 0x00, 0x12, 0x11, 0x11, 0x00, 0x00, 0x07, 0x70, 0x00, 0x8a, 0x07, 0xc0, 0x00, 0x00, 0x05,
    0xf3, 0x01, 0xe7, 0x07, 0xc0, 0x00, 0x00, 0x00, 0xac, 0x08, 0xff, 0xff, 0xff, 0xff, 0xd0, 0x00,
    0x2b, 0x2b, 0x71, 0x17, 0xc1, 0x11, 0x10, 0x00, 0x00, 0x00, 0x00, 0x07, 0xc0, 0x00, 0x00, 0xaf,
    0xf6, 0x9f, 0xff, 0xff, 0xff, 0xff, 0xf9, 0x22, 0xd6, 0x11, 0x19, 0xa1, 0x5e, 0x11, 0x11, 0x00,
    0xc6, 0x00, 0x0b, 0x80, 0x4e, 0x00, 0x95, 0x00, 0xc6, 0x00, 0x3f, 0x40, 0x4e, 0x00, 0xb6, 0x00,
    0xc6, 0x17, 0xf9, 0x00, 0x4f, 0x22, 0xe4, 0x03, 0xe7, 0x2c, 0x60, 0x00, 0x1c, 0xff, 0xa0, 0x7e,
    0x3c, 0xa5, 0x43, 0x33, 0x33, 0x34, 0x43, 0x64, 0x01, 0x7c, 0xef, 0xff, 0xff, 0xfe, 0xe7, 0x1b,
    0x20, 0x00, 0x4b, 0x10, 0x02, 0xc2, 0x00, 0x0a, 0xb0, 0x00, 0x1c, 0x70, 0x0b, 0xa0, 0x00, 0x02,
    0xe6, 0x5f, 0xff, 0xff, 0xff, 0xff, 0xf9, 0x00, 0x77, 0x00, 0x00, 0x1f, 0x40, 0x00, 0x00, 0x00,
    0x00, 0x00, 0x00, 0x3f, 0x10, 0x00, 0x00, 0x00, 0x00, 0x07, 0xfe, 0xee, 0xee, 0xef, 0x70, 0x9f,
    0xf6, 0x07, 0xa0, 0x00, 0x00, 0x0b, 0x70, 0x12, 0xd6, 0x07, 0xfe, 0xee, 0xee, 0xef, 0x70, 0x00,
    0xc6, 0x07, 0xa0, 0x00, 0x00, 0x0b, 0x70, 0x00, 0xc6, 0x07, 0xfe, 0xee, 0xee, 0xef, 0x70, 0x00,
    0xc6, 0x07, 0xa0, 0x00, 0x00, 0x0b, 0x70, 0x00, 0xc6, 0x07, 0xfe, 0xee, 0xee, 0xef, 0x70, 0x03,
    0xe8, 0x07, 0xa0, 0x00, 0x00, 0x0b, 0x70, 0x5e, 0x6d, 0xb5, 0x32, 0x22, 0x22, 0x33, 0x33, 0x65,
    0x01, 0x8c, 0xee, 0xff, 0xff, 0xff, 0xe7, 0x00, 0x00, 0xce, 0x10, 0x00, 0x00, 0x00, 0x00, 0x00,
    0x06, 0xed, 0xb1, 0x05, 0xff, 0xff, 0xf4, 0x00, 0x2e, 0x52, 0xdb, 0x05, 0xe2, 0x25, 0xf2, 0x01,
    0xd8, 0x00, 0x2e, 0xa5, 0xd0, 0x0a, 0xa0, 0x2d, 0x91, 0xc5, 0x03, 0xb6, 0xd0, 0x2f, 0x30, 0x69,
    0x00, 0x5c, 0x10, 0x05, 0xd0, 0xab, 0x00, 0x00, 0x00, 0x00, 0x00, 0x05, 0xd0, 0x8d, 0x20, 0x0c,
    0xff, 0xff, 0xff, 0x55, 0xd0, 0x09, 0xc0, 0x02, 0x22, 0x22, 0x7f, 0x25, 0xd0, 0x01, 0xe5, 0x00,
    0x00, 0x00, 0xd9, 0x05, 0xd0, 0x00, 0xb8, 0x00, 0x95, 0x06, 0xe1, 0x05, 0xd0, 0x02, 0xe7, 0x00,
    0x6f, 0x5e, 0x60, 0x05, 0xdb, 0xff, 0xd1, 0x00, 0x08, 0xfc, 0x00, 0x05, 0xd2, 0x54, 0x00, 0x00,
    0x00, 0xad, 0x20, 0x05, 0xd0, 0x00, 0x00, 0x00, 0x00, 0x1b, 0x30, 0x05, 0xd0, 0x00, 0x00, 0x8f,
    0xff, 0xff, 0xf6, 0xce, 0xee, 0xee, 0xf1, 0x00, 0x58, 0x95, 0x00, 0xc4, 0x00, 0x00, 0xf1, 0x00,
    0x58, 0x94, 0x00, 0xce, 0xee, 0xee, 0xf1, 0x3f, 0xff, 0xff, 0xf2, 0xc4, 0x00, 0x00, 0xf1, 0x3c,
    0x58, 0x94, 0xd2, 0xbe, 0xee, 0xee, 0xf1, 0x3c, 0x67, 0x94, 0xd2, 0x00, 0x00, 0x00, 0xf1, 0x3c,
    0xa4, 0x95, 0xd2, 0xa6, 0x0f, 0x20, 0x00, 0x3e, 0xb0, 0x6e, 0xf4, 0xff, 0xff, 0xff, 0xf3, 0x3c,
    0x00, 0x00, 0xd9, 0x80, 0x0f, 0x20, 0x00, 0x3f, 0xff, 0xff, 0xf2, 0xdf, 0xff, 0xff, 0xf1, 0x3c,
    0x00, 0x00, 0xd2, 0x00, 0x0f, 0x20, 0x00, 0x3c, 0x00, 0x00, 0xd2, 0x00, 0x0f, 0x20, 0x00, 0x3f,
    0xff, 0xff, 0xfa, 0xff, 0xff, 0xff, 0xfb, 0x3c, 0x00, 0x00, 0xd2, 0x00, 0x00, 0x00, 0x00, 0x00,
    0x00, 0x00, 0x1d, 0xf1, 0x00, 0x00, 0x00, 0x00, 0x00, 0x00, 0xac, 0xbb, 0x00, 0x00, 0x00, 0x00,
    0x00, 0x0a, 0xb1, 0x0a, 0x90, 0x00, 0x00, 0x00, 0x01, 0xb9, 0x00, 0x00, 0x8a, 0x10, 0x00, 0x00,
    0x4c, 0x40, 0x00, 0x00, 0x04, 0xc4, 0x00, 0x2b, 0xab, 0xff, 0xff, 0xff, 0xff, 0xbc, 0xa3, 0x88,
    0x01, 0x22, 0x2a, 0xa2, 0x22, 0x11, 0x97, 0x00, 0x00, 0x00, 0x09, 0x90, 0x00, 0x00, 0x00, 0x03,
    0xff, 0xff, 0xff, 0xff, 0xff, 0xff, 0x30, 0x00, 0x22, 0x22, 0x2a, 0xa2, 0x22, 0x22, 0x00, 0x00,
    0x2a, 0x10, 0x09, 0x90, 0x01, 0xa2, 0x00, 0x00, 0x1c, 0xc2, 0x09, 0x90, 0x2d, 0xb1, 0x00, 0x00,
    0x01, 0xb4, 0x09, 0x90, 0x6a, 0x00, 0x00, 0x4f, 0xff, 0xff, 0xff, 0xff, 0xff, 0xff, 0xf4, 0x12,
    0x22, 0x22, 0x22, 0x22, 0x22, 0x22, 0x21, 0x00, 0x88, 0x00, 0x00, 0x00, 0xc6, 0x00, 0x00, 0x00,
    0xe3, 0x00, 0x00, 0x00, 0xc6, 0x00, 0x00, 0x06, 0xff, 0xff, 0x00, 0x00, 0xc6, 0x00, 0x00, 0x0d,
    0x31, 0x11, 0x5f, 0xff, 0xff, 0xff, 0xf0, 0x7a, 0x00, 0x00, 0x5c, 0x11, 0xc7, 0x14, 0xf0, 0x8b,
    0xff, 0xf9, 0x5c, 0x00, 0xc6, 0x02, 0xf0, 0x01, 0x8a, 0x11, 0x5c, 0x00, 0xc6, 0x02, 0xf0, 0x00,
    0x8a, 0x00, 0x5c, 0x00, 0xc6, 0x02, 0xf0, 0xaf, 0xff, 0xff, 0x5c, 0x00, 0xc6, 0x02, 0xf0, 0x11,
    0x8a, 0x11, 0x5f, 0xff, 0xff, 0xff, 0xf0, 0x00, 0x8a, 0x00, 0x5c, 0x11, 0xc7, 0x14, 0xf0, 0x00,
    0x8a, 0x00, 0x00, 0x00, 0xc6, 0x00, 0x00, 0x00, 0x8a, 0x59, 0x00, 0x00, 0xc6, 0x00, 0x00, 0x00,
    0xaf, 0xe6, 0x00, 0x00, 0xc6, 0x00, 0x00, 0x00, 0xa8, 0x10, 0x00, 0x00, 0xc6, 0x00, 0x00, 0x01,
    0xd1, 0x00, 0x00, 0x00, 0x3d, 0x00, 0x00, 0x06, 0xd0, 0x00, 0x00, 0x00, 0x3d, 0x00, 0x00, 0x0a,
    0x90, 0x0e, 0xff, 0x5e, 0xef, 0xee, 0x90, 0x2f, 0xff, 0xb0, 0x7a, 0x00, 0x3d, 0x07, 0x90, 0x8b,
    0x10, 0x02, 0xe3, 0xee, 0xef, 0xee, 0xe8, 0x9e, 0xff, 0x7c, 0x60, 0x00, 0x3d, 0x07, 0x90, 0x01,
    0xf1, 0x1f, 0xfe, 0x5e, 0xef, 0xee, 0x90, 0x00, 0xf1, 0x00, 0x2d, 0x00, 0x3d, 0x06, 0x80, 0xaf,
    0xff, 0xe0, 0x3b, 0x9e, 0xef, 0xee, 0x80, 0x01, 0xf1, 0x3b, 0x69, 0x00, 0x3d, 0x00, 0x00, 0x00,
    0xf1, 0x0d, 0xe5, 0xde, 0xef, 0xee, 0xb0, 0x00, 0xf5, 0x75, 0xf4, 0x00, 0x3d, 0x00, 0x00, 0x02,
    0xfe, 0x59, 0xde, 0x83, 0x4d, 0x00, 0x00, 0x04, 0xc2, 0x4e, 0x24, 0xbe, 0xfe, 0xee, 0xf9, 0x00,
    0x00, 0xa4, 0x00, 0x00, 0x12, 0x22, 0x20, 0x00, 0x00, 0x05, 0x90, 0x00, 0x4a, 0x00, 0x00, 0x0f,
    0xff, 0xf4, 0xe0, 0x00, 0x88, 0x00, 0x00, 0x0f, 0x35, 0xe0, 0xd4, 0xdf, 0xff, 0xff, 0xf7, 0x0f,
    0x18, 0x90, 0x96, 0x07, 0xa0, 0x00, 0x00, 0x0f, 0x1d, 0x40, 0x00, 0x3f, 0xff, 0xff, 0x70, 0x0f,
    0x4f, 0x3f, 0xf5, 0xef, 0x40, 0x09, 0x70, 0x0f, 0x2c, 0x61, 0xd6, 0x7c, 0xff, 0xff, 0x70, 0x0f,
    0x13, 0xe0, 0xd3, 0x0c, 0x40, 0x09, 0x70, 0x0f, 0x10, 0xd3, 0xd3, 0x0c, 0xff, 0xff, 0x70, 0x0f,
    0x11, 0xe3, 0xd3, 0x0c, 0x40, 0x09, 0x70, 0x0f, 0xcf, 0xc0, 0xd3, 0x0c, 0x40, 0x0b, 0x70, 0x0f,
    0x33, 0x01, 0xe3, 0x0c, 0x4a, 0xfe, 0x30, 0x0f, 0x10, 0x0a, 0xdd, 0x42, 0x11, 0x20, 0x00, 0x0f,
    0x10, 0x5d, 0x16, 0xdf, 0xff, 0xff, 0xf6, 0x0f, 0x10, 0x74, 0x00, 0x01, 0x23, 0x33, 0x31, 0x00,
    0x00, 0x00, 0x08, 0x90, 0x00, 0x00, 0x00, 0x0d, 0xff, 0xff, 0xff, 0xff, 0xff, 0xff, 0xd0, 0x02,
    0x22, 0xc7, 0x22, 0x22, 0x7c, 0x22, 0x20, 0x00, 0x00, 0x6d, 0x00, 0x01, 0xe8, 0x00, 0x00, 0xaf,
    0xff, 0xff, 0xff, 0xff, 0xff, 0xff, 0xf9, 0x12, 0x22, 0x22, 0x22, 0x22, 0x22, 0x22, 0x21, 0x00,
    0xbf, 0xff, 0xff, 0xff, 0xff, 0xf9, 0x00, 0x00, 0xb8, 0x22, 0x22, 0x22, 0x22, 0x99, 0x00, 0x00,
    0xb7, 0x00, 0x00, 0x00, 0x00, 0x89, 0x00, 0x00, 0xbf, 0xff, 0xff, 0xff, 0xff, 0xf9, 0x00, 0x00,
    0xb7, 0x11, 0x11, 0x11, 0x11, 0x99, 0x00, 0x00, 0xb7, 0x00, 0x00, 0x00, 0x00, 0x89, 0x00, 0x00,
    0xbf, 0xff, 0xff, 0xff, 0xff, 0xf9, 0x00, 0x00, 0xb8, 0x22, 0x22, 0x22, 0x22, 0x99, 0x00, 0x7f,
    0xff, 0xff, 0xff, 0xff, 0xff, 0xff, 0xf8, 0x12, 0x22, 0x22, 0x2e, 0x82, 0x22, 0x22, 0x21, 0x00,
    0x00, 0x00, 0x2f, 0x20, 0x00, 0x00, 0x00, 0x00, 0xaf, 0xff, 0xff, 0xff, 0xff, 0xfd, 0x00, 0x00,
    0xaa, 0x22, 0x22, 0x22, 0x22, 0x7d, 0x00, 0x00, 0xa9, 0x00, 0x08, 0xb0, 0x00, 0x6d, 0x00, 0x00,
    0xa9, 0x00, 0x08, 0xb0, 0x00, 0x6d, 0x00, 0x00, 0xa9, 0x00, 0x09, 0xa0, 0x00, 0x6d, 0x00, 0x00,
    0xa9, 0x00, 0x0a, 0x90, 0x00, 0x6d, 0x00, 0x00, 0xa9, 0x00, 0x0e, 0x60, 0x00, 0x6d, 0x00, 0x00,
    0xa9, 0x00, 0x6f, 0xe7, 0x10, 0x6d, 0x00, 0x00, 0x00, 0x03, 0xe7, 0x4d, 0xd6, 0x00, 0x00, 0x00,
    0x01, 0x8f, 0x80, 0x00, 0x6e, 0xc3, 0x00, 0x15, 0xae, 0xc4, 0x00, 0x00, 0x01, 0x9f, 0x81, 0x5d,
    0x93, 0x00, 0x00, 0x00, 0x00, 0x04, 0xc3, 0x00, 0x00, 0xa7, 0x00, 0x00, 0x7a, 0x00, 0x00, 0x00,
    0x00, 0x4e, 0x30, 0x03, 0xe5, 0x00, 0x00, 0x8f, 0xff, 0xff, 0xff, 0xff, 0xff, 0xff, 0xf9, 0x11,
    0x11, 0x11, 0x2f, 0x51, 0x11, 0x11, 0x11, 0x00, 0x00, 0x00, 0x2f, 0x10, 0x00, 0x00, 0x00, 0x00,
    0xbf, 0xff, 0xff, 0xff, 0xff, 0xfd, 0x00, 0x00, 0xb7, 0x11, 0x11, 0x11, 0x11, 0x6d, 0x00, 0x00,
    0xb7, 0x00, 0x00, 0x00, 0x00, 0x5d, 0x00, 0x00, 0xbf, 0xff, 0xff, 0xff, 0xff, 0xfd, 0x00, 0x00,
    0xb7, 0x00, 0x00, 0x00, 0x00, 0x5d, 0x00, 0x00, 0xbf, 0xff, 0xff, 0xff, 0xff, 0xfd, 0x00, 0x00,
    0xb7, 0x00, 0x00, 0x00, 0x00, 0x5d, 0x00, 0x00, 0xb7, 0x00, 0x00, 0x00, 0x00, 0x5d, 0x00, 0x00,
    0xbf, 0xff, 0xff, 0xff, 0xff, 0xfd, 0x00, 0x00, 0xb7, 0x11, 0x11, 0x11, 0x11, 0x6d, 0x00,
};

static const lv_font_fmt_txt_glyph_dsc_t glyph_dsc[] = {
    { .bitmap_index = 0, .adv_w = 0, .box_w = 0, .box_h = 0, .ofs_x = 0, .ofs_y = 0 },
    { .bitmap_index = 0, .adv_w = 80, .box_w = 5, .box_h = 0, .ofs_x = 0, .ofs_y = 0 },
    { .bitmap_index = 0, .adv_w = 80, .box_w = 5, .box_h = 12, .ofs_x = 0, .ofs_y = 0 },
    { .bitmap_index = 30, .adv_w = 112, .box_w = 7, .box_h = 12, .ofs_x = 0, .ofs_y = 0 },
    { .bitmap_index = 72, .adv_w = 160, .box_w = 10, .box_h = 12, .ofs_x = 0, .ofs_y = 0 },
    { .bitmap_index = 132, .adv_w = 144, .box_w = 9, .box_h = 15, .ofs_x = 0, .ofs_y = -2 },
    { .bitmap_index = 200, .adv_w = 224, .box_w = 14, .box_h = 12, .ofs_x = 0, .ofs_y = 0 },
    { .bitmap_index = 284, .adv_w = 224, .box_w = 14, .box_h = 12, .ofs_x = 0, .ofs_y = 0 },
    { .bitmap_index = 368, .adv_w = 64, .box_w = 4, .box_h = 12, .ofs_x = 0, .ofs_y = 0 },
    { .bitmap_index = 392, .adv_w = 80, .box_w = 6, .box_h = 15, .ofs_x = 0, .ofs_y = -3 },
    { .bitmap_index = 437, .adv_w = 80, .box_w = 5, .box_h = 15, .ofs_x = 0, .ofs_y = -3 },
    { .bitmap_index = 475, .adv_w = 112, .box_w = 7, .box_h = 12, .ofs_x = 0, .ofs_y = 0 },
    { .bitmap_index = 517, .adv_w = 192, .box_w = 12, .box_h = 9, .ofs_x = 0, .ofs_y = 0 },
    { .bitmap_index = 571, .adv_w = 64, .box_w = 4, .box_h = 4, .ofs_x = 0, .ofs_y = -2 },
    { .bitmap_index = 579, .adv_w = 112, .box_w = 7, .box_h = 5, .ofs_x = 0, .ofs_y = 0 },
    { .bitmap_index = 597, .adv_w = 64, .box_w = 4, .box_h = 2, .ofs_x = 0, .ofs_y = 0 },
    { .bitmap_index = 601, .adv_w = 112, .box_w = 8, .box_h = 14, .ofs_x = -1, .ofs_y = -2 },
    { .bitmap_index = 657, .adv_w = 144, .box_w = 9, .box_h = 12, .ofs_x = 0, .ofs_y = 0 },
    { .bitmap_index = 711, .adv_w = 144, .box_w = 9, .box_h = 12, .ofs_x = 0, .ofs_y = 0 },
    { .bitmap_index = 765, .adv_w = 144, .box_w = 9, .box_h = 12, .ofs_x = 0, .ofs_y = 0 },
    { .bitmap_index = 819, .adv_w = 144, .box_w = 9, .box_h = 12, .ofs_x = 0, .ofs_y = 0 },
    { .bitmap_index = 873, .adv_w = 144, .box_w = 10, .box_h = 12, .ofs_x = 0, .ofs_y = 0 },
    { .bitmap_index = 933, .adv_w = 144, .box_w = 9, .box_h = 12, .ofs_x = 0, .ofs_y = 0 },
    { .bitmap_index = 987, .adv_w = 144, .box_w = 9, .box_h = 12, .ofs_x = 0, .ofs_y = 0 },
    { .bitmap_index = 1041, .adv_w = 144, .box_w = 9, .box_h = 12, .ofs_x = 0, .ofs_y = 0 },
    { .bitmap_index = 1095, .adv_w = 144, .box_w = 9, .box_h = 12, .ofs_x = 0, .ofs_y = 0 },
    { .bitmap_index = 1149, .adv_w = 144, .box_w = 9, .box_h = 12, .ofs_x = 0, .ofs_y = 0 },
    { .bitmap_index = 1203, .adv_w = 64, .box_w = 4, .box_h = 9, .ofs_x = 0, .ofs_y = 0 },
    { .bitmap_index = 1221, .adv_w = 64, .box_w = 4, .box_h = 11, .ofs_x = 0, .ofs_y = -2 },
    { .bitmap_index = 1243, .adv_w = 192, .box_w = 12, .box_h = 8, .ofs_x = 0, .ofs_y = 0 },
    { .bitmap_index = 1291, .adv_w = 192, .box_w = 12, .box_h = 7, .ofs_x = 0, .ofs_y = 0 },
    { .bitmap_index = 1333, .adv_w = 192, .box_w = 12, .box_h = 8, .ofs_x = 0, .ofs_y = 0 },
    { .bitmap_index = 1381, .adv_w = 128, .box_w = 8, .box_h = 12, .ofs_x = 0, .ofs_y = 0 },
    { .bitmap_index = 1429, .adv_w = 272, .box_w = 17, .box_h = 15, .ofs_x = 0, .ofs_y = -3 },
    { .bitmap_index = 1557, .adv_w = 176, .box_w = 12, .box_h = 12, .ofs_x = 0, .ofs_y = 0 },
    { .bitmap_index = 1629, .adv_w = 160, .box_w = 10, .box_h = 12, .ofs_x = 0, .ofs_y = 0 },
    { .bitmap_index = 1689, .adv_w = 176, .box_w = 11, .box_h = 12, .ofs_x = 0, .ofs_y = 0 },
    { .bitmap_index = 1755, .adv_w = 192, .box_w = 12, .box_h = 12, .ofs_x = 0, .ofs_y = 0 },
    { .bitmap_index = 1827, .adv_w = 144, .box_w = 9, .box_h = 12, .ofs_x = 0, .ofs_y = 0 },
    { .bitmap_index = 1881, .adv_w = 144, .box_w = 9, .box_h = 12, .ofs_x = 0, .ofs_y = 0 },
    { .bitmap_index = 1935, .adv_w = 192, .box_w = 12, .box_h = 12, .ofs_x = 0, .ofs_y = 0 },
    { .bitmap_index = 2007, .adv_w = 192, .box_w = 12, .box_h = 12, .ofs_x = 0, .ofs_y = 0 },
    { .bitmap_index = 2079, .adv_w = 80, .box_w = 5, .box_h = 12, .ofs_x = 0, .ofs_y = 0 },
    { .bitmap_index = 2109, .adv_w = 96, .box_w = 6, .box_h = 12, .ofs_x = 0, .ofs_y = 0 },
    { .bitmap_index = 2145, .adv_w = 160, .box_w = 11, .box_h = 12, .ofs_x = 0, .ofs_y = 0 },
    { .bitmap_index = 2211, .adv_w = 128, .box_w = 8, .box_h = 12, .ofs_x = 0, .ofs_y = 0 },
    { .bitmap_index = 2259, .adv_w = 256, .box_w = 16, .box_h = 12, .ofs_x = 0, .ofs_y = 0 },
    { .bitmap_index = 2355, .adv_w = 208, .box_w = 13, .box_h = 12, .ofs_x = 0, .ofs_y = 0 },
    { .bitmap_index = 2433, .adv_w = 208, .box_w = 13, .box_h = 12, .ofs_x = 0, .ofs_y = 0 },
    { .bitmap_index = 2511, .adv_w = 160, .box_w = 10, .box_h = 12, .ofs_x = 0, .ofs_y = 0 },
    { .bitmap_index = 2571, .adv_w = 208, .box_w = 14, .box_h = 14, .ofs_x = 0, .ofs_y = -2 },
    { .bitmap_index = 2669, .adv_w = 160, .box_w = 11, .box_h = 12, .ofs_x = 0, .ofs_y = 0 },
    { .bitmap_index = 2735, .adv_w = 144, .box_w = 9, .box_h = 12, .ofs_x = 0, .ofs_y = 0 },
    { .bitmap_index = 2789, .adv_w = 144, .box_w = 9, .box_h = 12, .ofs_x = 0, .ofs_y = 0 },
    { .bitmap_index = 2843, .adv_w = 192, .box_w = 12, .box_h = 12, .ofs_x = 0, .ofs_y = 0 },
    { .bitmap_index = 2915, .adv_w = 176, .box_w = 11, .box_h = 12, .ofs_x = 0, .ofs_y = 0 },
    { .bitmap_index = 2981, .adv_w = 256, .box_w = 17, .box_h = 12, .ofs_x = 0, .ofs_y = 0 },
    { .bitmap_index = 3083, .adv_w = 160, .box_w = 11, .box_h = 12, .ofs_x = 0, .ofs_y = 0 },
    { .bitmap_index = 3149, .adv_w = 160, .box_w = 10, .box_h = 12, .ofs_x = 0, .ofs_y = 0 },
    { .bitmap_index = 3209, .adv_w = 160, .box_w = 10, .box_h = 12, .ofs_x = 0, .ofs_y = 0 },
    { .bitmap_index = 3269, .adv_w = 80, .box_w = 5, .box_h = 15, .ofs_x = 0, .ofs_y = -3 },
    { .bitmap_index = 3307, .adv_w = 112, .box_w = 8, .box_h = 14, .ofs_x = -1, .ofs_y = -2 },
    { .bitmap_index = 3363, .adv_w = 80, .box_w = 5, .box_h = 15, .ofs_x = 0, .ofs_y = -3 },
    { .bitmap_index = 3401, .adv_w = 192, .box_w = 12, .box_h = 12, .ofs_x = 0, .ofs_y = 0 },
    { .bitmap_index = 3473, .adv_w = 112, .box_w = 8, .box_h = 4, .ofs_x = 0, .ofs_y = -4 },
    { .bitmap_index = 3489, .adv_w = 80, .box_w = 5, .box_h = 13, .ofs_x = 0, .ofs_y = 0 },
    { .bitmap_index = 3522, .adv_w = 144, .box_w = 9, .box_h = 9, .ofs_x = 0, .ofs_y = 0 },
    { .bitmap_index = 3563, .adv_w = 160, .box_w = 10, .box_h = 13, .ofs_x = 0, .ofs_y = 0 },
    { .bitmap_index = 3628, .adv_w = 128, .box_w = 8, .box_h = 9, .ofs_x = 0, .ofs_y = 0 },
    { .bitmap_index = 3664, .adv_w = 160, .box_w = 10, .box_h = 13, .ofs_x = 0, .ofs_y = 0 },
    { .bitmap_index = 3729, .adv_w = 144, .box_w = 9, .box_h = 9, .ofs_x = 0, .ofs_y = 0 },
    { .bitmap_index = 3770, .adv_w = 96, .box_w = 6, .box_h = 14, .ofs_x = 0, .ofs_y = 0 },
    { .bitmap_index = 3812, .adv_w = 160, .box_w = 10, .box_h = 13, .ofs_x = 0, .ofs_y = -4 },
    { .bitmap_index = 3877, .adv_w = 160, .box_w = 10, .box_h = 13, .ofs_x = 0, .ofs_y = 0 },
    { .bitmap_index = 3942, .adv_w = 64, .box_w = 4, .box_h = 13, .ofs_x = 0, .ofs_y = 0 },
    { .bitmap_index = 3968, .adv_w = 64, .box_w = 6, .box_h = 17, .ofs_x = -2, .ofs_y = -4 },
    { .bitmap_index = 4019, .adv_w = 144, .box_w = 9, .box_h = 13, .ofs_x = 0, .ofs_y = 0 },
    { .bitmap_index = 4078, .adv_w = 64, .box_w = 4, .box_h = 13, .ofs_x = 0, .ofs_y = 0 },
    { .bitmap_index = 4104, .adv_w = 240, .box_w = 15, .box_h = 9, .ofs_x = 0, .ofs_y = 0 },
    { .bitmap_index = 4172, .adv_w = 160, .box_w = 10, .box_h = 9, .ofs_x = 0, .ofs_y = 0 },
    { .bitmap_index = 4217, .adv_w = 160, .box_w = 10, .box_h = 9, .ofs_x = 0, .ofs_y = 0 },
    { .bitmap_index = 4262, .adv_w = 160, .box_w = 10, .box_h = 13, .ofs_x = 0, .ofs_y = -4 },
    { .bitmap_index = 4327, .adv_w = 160, .box_w = 10, .box_h = 13, .ofs_x = 0, .ofs_y = -4 },
    { .bitmap_index = 4392, .adv_w = 96, .box_w = 6, .box_h = 9, .ofs_x = 0, .ofs_y = 0 },
    { .bitmap_index = 4419, .adv_w = 112, .box_w = 7, .box_h = 9, .ofs_x = 0, .ofs_y = 0 },
    { .bitmap_index = 4451, .adv_w = 96, .box_w = 6, .box_h = 12, .ofs_x = 0, .ofs_y = 0 },
    { .bitmap_index = 4487, .adv_w = 160, .box_w = 10, .box_h = 9, .ofs_x = 0, .ofs_y = 0 },
    { .bitmap_index = 4532, .adv_w = 128, .box_w = 9, .box_h = 9, .ofs_x = 0, .ofs_y = 0 },
    { .bitmap_index = 4573, .adv_w = 208, .box_w = 13, .box_h = 9, .ofs_x = 0, .ofs_y = 0 },
    { .bitmap_index = 4632, .adv_w = 128, .box_w = 8, .box_h = 9, .ofs_x = 0, .ofs_y = 0 },
    { .bitmap_index = 4668, .adv_w = 128, .box_w = 9, .box_h = 14, .ofs_x = 0, .ofs_y = -5 },
    { .bitmap_index = 4731, .adv_w = 128, .box_w = 8, .box_h = 9, .ofs_x = 0, .ofs_y = 0 },
    { .bitmap_index = 4767, .adv_w = 80, .box_w = 5, .box_h = 15, .ofs_x = 0, .ofs_y = -3 },
    { .bitmap_index = 4805, .adv_w = 64, .box_w = 4, .box_h = 17, .ofs_x = 0, .ofs_y = -4 },
    { .bitmap_index = 4839, .adv_w = 80, .box_w = 5, .box_h = 15, .ofs_x = 0, .ofs_y = -3 },
    { .bitmap_index = 4877, .adv_w = 192, .box_w = 12, .box_h = 6, .ofs_x = 0, .ofs_y = 0 },
    { .bitmap_index = 4913, .adv_w = 64, .box_w = 4, .box_h = 6, .ofs_x = 0, .ofs_y = 0 },
    { .bitmap_index = 4925, .adv_w = 176, .box_w = 11, .box_h = 12, .ofs_x = 0, .ofs_y = 0 },
    { .bitmap_index = 4991, .adv_w = 256, .box_w = 16, .box_h = 6, .ofs_x = 0, .ofs_y = 0 },
    { .bitmap_index = 5039, .adv_w = 256, .box_w = 16, .box_h = 14, .ofs_x = 0, .ofs_y = -2 },
    { .bitmap_index = 5151, .adv_w = 256, .box_w = 16, .box_h = 14, .ofs_x = 0, .ofs_y = -2 },
    { .bitmap_index = 5263, .adv_w = 256, .box_w = 16, .box_h = 15, .ofs_x = 0, .ofs_y = -2 },
    { .bitmap_index = 5383, .adv_w = 256, .box_w = 16, .box_h = 15, .ofs_x = 0, .ofs_y = -2 },
    { .bitmap_index = 5503, .adv_w = 256, .box_w = 16, .box_h = 14, .ofs_x = 0, .ofs_y = -2 },
    { .bitmap_index = 5615, .adv_w = 256, .box_w = 16, .box_h = 14, .ofs_x = 0, .ofs_y = -2 },
    { .bitmap_index = 5727, .adv_w = 256, .box_w = 16, .box_h = 16, .ofs_x = 0, .ofs_y = -3 },
    { .bitmap_index = 5855, .adv_w = 256, .box_w = 16, .box_h = 15, .ofs_x = 0, .ofs_y = -2 },
    { .bitmap_index = 5975, .adv_w = 256, .box_w = 16, .box_h = 15, .ofs_x = 0, .ofs_y = -2 },
    { .bitmap_index = 6095, .adv_w = 256, .box_w = 16, .box_h = 16, .ofs_x = 0, .ofs_y = -3 },
    { .bitmap_index = 6223, .adv_w = 256, .box_w = 16, .box_h = 16, .ofs_x = 0, .ofs_y = -3 },
    { .bitmap_index = 6351, .adv_w = 256, .box_w = 16, .box_h = 15, .ofs_x = 0, .ofs_y = -2 },
    { .bitmap_index = 6471, .adv_w = 256, .box_w = 16, .box_h = 15, .ofs_x = 0, .ofs_y = -2 },
    { .bitmap_index = 6591, .adv_w = 256, .box_w = 16, .box_h = 14, .ofs_x = 0, .ofs_y = -2 },
    { .bitmap_index = 6703, .adv_w = 256, .box_w = 16, .box_h = 15, .ofs_x = 0, .ofs_y = -2 },
    { .bitmap_index = 6823, .adv_w = 256, .box_w = 16, .box_h = 15, .ofs_x = 0, .ofs_y = -2 },
    { .bitmap_index = 6943, .adv_w = 256, .box_w = 16, .box_h = 15, .ofs_x = 0, .ofs_y = -3 },
    { .bitmap_index = 7063, .adv_w = 256, .box_w = 16, .box_h = 15, .ofs_x = 0, .ofs_y = -2 },
    { .bitmap_index = 7183, .adv_w = 256, .box_w = 16, .box_h = 15, .ofs_x = 0, .ofs_y = -2 },
    { .bitmap_index = 7303, .adv_w = 256, .box_w = 16, .box_h = 15, .ofs_x = 0, .ofs_y = -2 },
    { .bitmap_index = 7423, .adv_w = 256, .box_w = 16, .box_h = 15, .ofs_x = 0, .ofs_y = -2 },
    { .bitmap_index = 7543, .adv_w = 256, .box_w = 16, .box_h = 15, .ofs_x = 0, .ofs_y = -2 },
    { .bitmap_index = 7663, .adv_w = 256, .box_w = 16, .box_h = 15, .ofs_x = 0, .ofs_y = -2 },
    { .bitmap_index = 7783, .adv_w = 256, .box_w = 16, .box_h = 15, .ofs_x = 0, .ofs_y = -2 },
    { .bitmap_index = 7903, .adv_w = 256, .box_w = 16, .box_h = 15, .ofs_x = 0, .ofs_y = -2 },
    { .bitmap_index = 8023, .adv_w = 256, .box_w = 16, .box_h = 14, .ofs_x = 0, .ofs_y = -2 },
    { .bitmap_index = 8135, .adv_w = 256, .box_w = 16, .box_h = 14, .ofs_x = 0, .ofs_y = -2 },
    { .bitmap_index = 8247, .adv_w = 256, .box_w = 16, .box_h = 16, .ofs_x = 0, .ofs_y = -3 },
    { .bitmap_index = 8375, .adv_w = 256, .box_w = 16, .box_h = 15, .ofs_x = 0, .ofs_y = -2 },
    { .bitmap_index = 8495, .adv_w = 256, .box_w = 16, .box_h = 13, .ofs_x = 0, .ofs_y = -1 },
    { .bitmap_index = 8599, .adv_w = 256, .box_w = 16, .box_h = 15, .ofs_x = 0, .ofs_y = -2 },
    { .bitmap_index = 8719, .adv_w = 256, .box_w = 16, .box_h = 15, .ofs_x = 0, .ofs_y = -2 },
    { .bitmap_index = 8839, .adv_w = 256, .box_w = 16, .box_h = 14, .ofs_x = 0, .ofs_y = -2 },
    { .bitmap_index = 8951, .adv_w = 256, .box_w = 16, .box_h = 15, .ofs_x = 0, .ofs_y = -2 },
    { .bitmap_index = 9071, .adv_w = 256, .box_w = 16, .box_h = 15, .ofs_x = 0, .ofs_y = -2 },
    { .bitmap_index = 9191, .adv_w = 256, .box_w = 16, .box_h = 15, .ofs_x = 0, .ofs_y = -2 },
    { .bitmap_index = 9311, .adv_w = 256, .box_w = 16, .box_h = 14, .ofs_x = 0, .ofs_y = -2 },
    { .bitmap_index = 9423, .adv_w = 256, .box_w = 16, .box_h = 14, .ofs_x = 0, .ofs_y = -2 },
    { .bitmap_index = 9535, .adv_w = 256, .box_w = 16, .box_h = 14, .ofs_x = 0, .ofs_y = -2 },
    { .bitmap_index = 9647, .adv_w = 256, .box_w = 16, .box_h = 15, .ofs_x = 0, .ofs_y = -2 },
    { .bitmap_index = 9767, .adv_w = 256, .box_w = 16, .box_h = 15, .ofs_x = 0, .ofs_y = -2 },
    { .bitmap_index = 9887, .adv_w = 256, .box_w = 16, .box_h = 14, .ofs_x = 0, .ofs_y = -1 },
    { .bitmap_index = 9999, .adv_w = 256, .box_w = 16, .box_h = 15, .ofs_x = 0, .ofs_y = -2 },
    { .bitmap_index = 10119, .adv_w = 256, .box_w = 16, .box_h = 15, .ofs_x = 0, .ofs_y = -2 },
    { .bitmap_index = 10239, .adv_w = 256, .box_w = 16, .box_h = 15, .ofs_x = 0, .ofs_y = -2 },
    { .bitmap_index = 10359, .adv_w = 256, .box_w = 16, .box_h = 15, .ofs_x = 0, .ofs_y = -2 },
    { .bitmap_index = 10479, .adv_w = 256, .box_w = 16, .box_h = 15, .ofs_x = 0, .ofs_y = -2 },
    { .bitmap_index = 10599, .adv_w = 256, .box_w = 16, .box_h = 14, .ofs_x = 0, .ofs_y = -2 },
    { .bitmap_index = 10711, .adv_w = 256, .box_w = 16, .box_h = 15, .ofs_x = 0, .ofs_y = -2 },
    { .bitmap_index = 10831, .adv_w = 256, .box_w = 16, .box_h = 15, .ofs_x = 0, .ofs_y = -2 },
    { .bitmap_index = 10951, .adv_w = 256, .box_w = 16, .box_h = 15, .ofs_x = 0, .ofs_y = -2 },
    { .bitmap_index = 11071, .adv_w = 256, .box_w = 16, .box_h = 15, .ofs_x = 0, .ofs_y = -2 },
    { .bitmap_index = 11191, .adv_w = 256, .box_w = 16, .box_h = 14, .ofs_x = 0, .ofs_y = -2 },
    { .bitmap_index = 11303, .adv_w = 256, .box_w = 16, .box_h = 14, .ofs_x = 0, .ofs_y = -2 },
    { .bitmap_index = 11415, .adv_w = 256, .box_w = 16, .box_h = 15, .ofs_x = 0, .ofs_y = -2 },
    { .bitmap_index = 11535, .adv_w = 256, .box_w = 16, .box_h = 14, .ofs_x = 0, .ofs_y = -2 },
    { .bitmap_index = 11647, .adv_w = 256, .box_w = 16, .box_h = 13, .ofs_x = 0, .ofs_y = -1 },
    { .bitmap_index = 11751, .adv_w = 256, .box_w = 16, .box_h = 16, .ofs_x = 0, .ofs_y = -2 },
    { .bitmap_index = 11879, .adv_w = 256, .box_w = 16, .box_h = 15, .ofs_x = 0, .ofs_y = -2 },
    { .bitmap_index = 11999, .adv_w = 256, .box_w = 16, .box_h = 15, .ofs_x = 0, .ofs_y = -2 },
    { .bitmap_index = 12119, .adv_w = 256, .box_w = 16, .box_h = 14, .ofs_x = 0, .ofs_y = -1 },
    { .bitmap_index = 12231, .adv_w = 256, .box_w = 16, .box_h = 14, .ofs_x = 0, .ofs_y = -2 },
    { .bitmap_index = 12343, .adv_w = 256, .box_w = 16, .box_h = 16, .ofs_x = 0, .ofs_y = -3 },
    { .bitmap_index = 12471, .adv_w = 256, .box_w = 16, .box_h = 15, .ofs_x = 0, .ofs_y = -2 },
    { .bitmap_index = 12591, .adv_w = 256, .box_w = 16, .box_h = 15, .ofs_x = 0, .ofs_y = -2 },
    { .bitmap_index = 12711, .adv_w = 256, .box_w = 16, .box_h = 15, .ofs_x = 0, .ofs_y = -2 },
    { .bitmap_index = 12831, .adv_w = 256, .box_w = 16, .box_h = 15, .ofs_x = 0, .ofs_y = -2 },
    { .bitmap_index = 12951, .adv_w = 256, .box_w = 16, .box_h = 15, .ofs_x = 0, .ofs_y = -2 },
    { .bitmap_index = 13071, .adv_w = 256, .box_w = 16, .box_h = 16, .ofs_x = 0, .ofs_y = -3 },
    { .bitmap_index = 13199, .adv_w = 256, .box_w = 16, .box_h = 15, .ofs_x = 0, .ofs_y = -2 },
    { .bitmap_index = 13319, .adv_w = 256, .box_w = 16, .box_h = 15, .ofs_x = 0, .ofs_y = -2 },
    { .bitmap_index = 13439, .adv_w = 256, .box_w = 16, .box_h = 15, .ofs_x = 0, .ofs_y = -2 },
    { .bitmap_index = 13559, .adv_w = 256, .box_w = 16, .box_h = 15, .ofs_x = 0, .ofs_y = -2 },
    { .bitmap_index = 13679, .adv_w = 256, .box_w = 16, .box_h = 15, .ofs_x = 0, .ofs_y = -2 },
    { .bitmap_index = 13799, .adv_w = 256, .box_w = 16, .box_h = 15, .ofs_x = 0, .ofs_y = -2 },
    { .bitmap_index = 13919, .adv_w = 256, .box_w = 16, .box_h = 15, .ofs_x = 0, .ofs_y = -2 },
    { .bitmap_index = 14039, .adv_w = 256, .box_w = 16, .box_h = 16, .ofs_x = 0, .ofs_y = -3 },
    { .bitmap_index = 14167, .adv_w = 256, .box_w = 16, .box_h = 16, .ofs_x = 0, .ofs_y = -3 },
    { .bitmap_index = 14295, .adv_w = 256, .box_w = 16, .box_h = 16, .ofs_x = 0, .ofs_y = -3 },
    { .bitmap_index = 14423, .adv_w = 256, .box_w = 16, .box_h = 15, .ofs_x = 0, .ofs_y = -1 },
    { .bitmap_index = 14543, .adv_w = 256, .box_w = 16, .box_h = 16, .ofs_x = 0, .ofs_y = -2 },
    { .bitmap_index = 14671, .adv_w = 256, .box_w = 16, .box_h = 15, .ofs_x = 0, .ofs_y = -2 },
    { .bitmap_index = 14791, .adv_w = 256, .box_w = 16, .box_h = 15, .ofs_x = 0, .ofs_y = -3 },
    { .bitmap_index = 14911, .adv_w = 256, .box_w = 16, .box_h = 14, .ofs_x = 0, .ofs_y = -1 },
    { .bitmap_index = 15023, .adv_w = 256, .box_w = 16, .box_h = 16, .ofs_x = 0, .ofs_y = -2 },
    { .bitmap_index = 15151, .adv_w = 256, .box_w = 16, .box_h = 15, .ofs_x = 0, .ofs_y = -2 },
    { .bitmap_index = 15271, .adv_w = 256, .box_w = 16, .box_h = 15, .ofs_x = 0, .ofs_y = -2 },
    { .bitmap_index = 15391, .adv_w = 256, .box_w = 16, .box_h = 14, .ofs_x = 0, .ofs_y = -2 },
    { .bitmap_index = 15503, .adv_w = 256, .box_w = 16, .box_h = 13, .ofs_x = 0, .ofs_y = -1 },
    { .bitmap_index = 15607, .adv_w = 256, .box_w = 16, .box_h = 16, .ofs_x = 0, .ofs_y = -3 },
    { .bitmap_index = 15735, .adv_w = 256, .box_w = 16, .box_h = 15, .ofs_x = 0, .ofs_y = -2 },
    { .bitmap_index = 15855, .adv_w = 256, .box_w = 16, .box_h = 16, .ofs_x = 0, .ofs_y = -3 },
    { .bitmap_index = 15983, .adv_w = 256, .box_w = 16, .box_h = 15, .ofs_x = 0, .ofs_y = -2 },
    { .bitmap_index = 16103, .adv_w = 256, .box_w = 16, .box_h = 15, .ofs_x = 0, .ofs_y = -2 },
    { .bitmap_index = 16223, .adv_w = 256, .box_w = 16, .box_h = 15, .ofs_x = 0, .ofs_y = -2 },
    { .bitmap_index = 16343, .adv_w = 256, .box_w = 16, .box_h = 14, .ofs_x = 0, .ofs_y = -2 },
    { .bitmap_index = 16455, .adv_w = 256, .box_w = 16, .box_h = 14, .ofs_x = 0, .ofs_y = -2 },
    { .bitmap_index = 16567, .adv_w = 256, .box_w = 16, .box_h = 15, .ofs_x = 0, .ofs_y = -2 },
    { .bitmap_index = 16687, .adv_w = 256, .box_w = 16, .box_h = 15, .ofs_x = 0, .ofs_y = -2 },
    { .bitmap_index = 16807, .adv_w = 256, .box_w = 16, .box_h = 14, .ofs_x = 0, .ofs_y = -1 },
    { .bitmap_index = 16919, .adv_w = 256, .box_w = 16, .box_h = 15, .ofs_x = 0, .ofs_y = -2 },
    { .bitmap_index = 17039, .adv_w = 256, .box_w = 16, .box_h = 14, .ofs_x = 0, .ofs_y = -2 },
    { .bitmap_index = 17151, .adv_w = 256, .box_w = 16, .box_h = 16, .ofs_x = 0, .ofs_y = -3 },
    { .bitmap_index = 17279, .adv_w = 256, .box_w = 16, .box_h = 15, .ofs_x = 0, .ofs_y = -2 },
    { .bitmap_index = 17399, .adv_w = 256, .box_w = 16, .box_h = 17, .ofs_x = 0, .ofs_y = -3 },
    { .bitmap_index = 17535, .adv_w = 256, .box_w = 16, .box_h = 16, .ofs_x = 0, .ofs_y = -3 },
    { .bitmap_index = 17663, .adv_w = 256, .box_w = 16, .box_h = 15, .ofs_x = 0, .ofs_y = -2 },
    { .bitmap_index = 17783, .adv_w = 256, .box_w = 16, .box_h = 15, .ofs_x = 0, .ofs_y = -2 },
    { .bitmap_index = 17903, .adv_w = 256, .box_w = 16, .box_h = 15, .ofs_x = 0, .ofs_y = -2 },
    { .bitmap_index = 18023, .adv_w = 256, .box_w = 16, .box_h = 16, .ofs_x = 0, .ofs_y = -2 },
    { .bitmap_index = 18151, .adv_w = 256, .box_w = 16, .box_h = 15, .ofs_x = 0, .ofs_y = -2 },
    { .bitmap_index = 18271, .adv_w = 256, .box_w = 16, .box_h = 13, .ofs_x = 0, .ofs_y = -1 },
    { .bitmap_index = 18375, .adv_w = 256, .box_w = 16, .box_h = 15, .ofs_x = 0, .ofs_y = -2 },
    { .bitmap_index = 18495, .adv_w = 256, .box_w = 16, .box_h = 15, .ofs_x = 0, .ofs_y = -2 },
    { .bitmap_index = 18615, .adv_w = 256, .box_w = 16, .box_h = 16, .ofs_x = 0, .ofs_y = -3 },
    { .bitmap_index = 18743, .adv_w = 256, .box_w = 16, .box_h = 16, .ofs_x = 0, .ofs_y = -3 },
    { .bitmap_index = 18871, .adv_w = 256, .box_w = 16, .box_h = 14, .ofs_x = 0, .ofs_y = -1 },
    { .bitmap_index = 18983, .adv_w = 256, .box_w = 16, .box_h = 14, .ofs_x = 0, .ofs_y = -2 },
    { .bitmap_index = 19095, .adv_w = 256, .box_w = 16, .box_h = 15, .ofs_x = 0, .ofs_y = -1 },
    { .bitmap_index = 19215, .adv_w = 256, .box_w = 16, .box_h = 15, .ofs_x = 0, .ofs_y = -2 },
    { .bitmap_index = 19335, .adv_w = 256, .box_w = 16, .box_h = 16, .ofs_x = 0, .ofs_y = -3 },
    { .bitmap_index = 19463, .adv_w = 256, .box_w = 16, .box_h = 14, .ofs_x = 0, .ofs_y = -2 },
    { .bitmap_index = 19575, .adv_w = 256, .box_w = 16, .box_h = 15, .ofs_x = 0, .ofs_y = -2 },
    { .bitmap_index = 19695, .adv_w = 256, .box_w = 16, .box_h = 15, .ofs_x = 0, .ofs_y = -2 },
    { .bitmap_index = 19815, .adv_w = 256, .box_w = 16, .box_h = 16, .ofs_x = 0, .ofs_y = -3 },
    { .bitmap_index = 19943, .adv_w = 256, .box_w = 16, .box_h = 16, .ofs_x = 0, .ofs_y = -3 },
    { .bitmap_index = 20071, .adv_w = 256, .box_w = 16, .box_h = 13, .ofs_x = 0, .ofs_y = -1 },
    { .bitmap_index = 20175, .adv_w = 256, .box_w = 16, .box_h = 15, .ofs_x = 0, .ofs_y = -2 },
    { .bitmap_index = 20295, .adv_w = 256, .box_w = 16, .box_h = 15, .ofs_x = 0, .ofs_y = -2 },
    { .bitmap_index = 20415, .adv_w = 256, .box_w = 16, .box_h = 14, .ofs_x = 0, .ofs_y = -2 },
    { .bitmap_index = 20527, .adv_w = 256, .box_w = 16, .box_h = 15, .ofs_x = 0, .ofs_y = -2 },
    { .bitmap_index = 20647, .adv_w = 256, .box_w = 16, .box_h = 15, .ofs_x = 0, .ofs_y = -2 },
    { .bitmap_index = 20767, .adv_w = 256, .box_w = 16, .box_h = 15, .ofs_x = 0, .ofs_y = -2 },
    { .bitmap_index = 20887, .adv_w = 256, .box_w = 16, .box_h = 15, .ofs_x = 0, .ofs_y = -2 },
    { .bitmap_index = 21007, .adv_w = 256, .box_w = 16, .box_h = 14, .ofs_x = 0, .ofs_y = -1 },
    { .bitmap_index = 21119, .adv_w = 256, .box_w = 16, .box_h = 15, .ofs_x = 0, .ofs_y = -2 },
    { .bitmap_index = 21239, .adv_w = 256, .box_w = 16, .box_h = 15, .ofs_x = 0, .ofs_y = -1 },
};

static const uint16_t unicode_list[] = {
    0, 9646, 19785, 19795, 19796, 19811, 19827, 19830, 19927, 19959, 19963, 19971,
    20021, 20093, 20118, 20124, 20168, 20232, 20616, 20661, 20666, 20668, 20803, 20815,
    20886, 20969, 20970, 20977, 20978, 21123, 21152, 21214, 21268, 21274, 21300, 21312,
    21335, 21368, 21445, 22055, 22077, 22087, 22129, 22137, 22140, 22608, 22627, 22640,
    22650, 22716, 23193, 23202, 23249, 23250, 23270, 23364, 23365, 23375, 23438, 23448,
    23883, 23937, 23966, 24047, 24137, 24158, 24168, 24220, 24332, 24430, 24432, 24590,
    24922, 24969, 25031, 25069, 25070, 25128, 25137, 25138, 25369, 25590, 25808, 25858,
    26173, 26198, 26227, 26414, 26456, 26986, 27308, 27482, 27531, 27962, 28121, 28186,
    28253, 29106, 29809, 29817, 29822, 30227, 30269, 30292, 30851, 30855, 30936, 30980,
    31433, 31676, 31812, 31856, 32239, 32290, 32439, 32586, 32669, 33139, 34709, 35145,
    35591, 35638, 35950, 35981, 36134, 36152, 36550, 36637, 36682, 36690, 36764, 36868,
    37083, 37146, 37864, 38007, 38360, 38716, 38846, 39135,
};

static const lv_font_fmt_txt_cmap_t cmaps[] = {
    {
        .range_start = 32,
        .range_length = 95,
        .glyph_id_start = 1,
        .unicode_list = NULL,
        .glyph_id_ofs_list = NULL,
        .list_length = 0,
        .type = LV_FONT_FMT_TXT_CMAP_FORMAT0_TINY
    },
    {
        .range_start = 183,
        .range_length = 39136,
        .glyph_id_start = 96,
        .unicode_list = unicode_list,
        .glyph_id_ofs_list = NULL,
        .list_length = 140,
        .type = LV_FONT_FMT_TXT_CMAP_SPARSE_TINY
    }
};

#if LV_VERSION_CHECK(8, 0, 0)
static lv_font_fmt_txt_glyph_cache_t cache;
#endif

static const lv_font_fmt_txt_dsc_t font_dsc = {
    .glyph_bitmap = glyph_bitmap,
    .glyph_dsc = glyph_dsc,
    .cmaps = cmaps,
    .kern_dsc = NULL,
    .kern_scale = 0,
    .cmap_num = 2,
    .bpp = 4,
    .kern_classes = 0,
    .bitmap_format = 0,
#if LV_VERSION_CHECK(8, 0, 0)
    .cache = &cache
#endif
};

const lv_font_t font_easygo_16 = {
    .get_glyph_dsc = lv_font_get_glyph_dsc_fmt_txt,
    .get_glyph_bitmap = lv_font_get_bitmap_fmt_txt,
    .line_height = 22,
    .base_line = 5,
    .subpx = LV_FONT_SUBPX_NONE,
    .underline_position = -2,
    .underline_thickness = 1,
    .dsc = &font_dsc
};
